timestamp_objetivo,y_real_mw,y_pred_mw,error_mw,error_absoluto_mw
2026-09-13 11:00:00,429.27002,465.32422,36.0542,36.0542
2026-09-13 12:00:00,413.5,442.20325,28.703247,28.703247
2026-09-13 13:00:00,424.42004,440.27368,15.853638,15.853638
2026-09-13 14:00:00,394.81003,465.51358,70.70355,70.70355
2026-09-13 15:00:00,494.02002,503.90244,9.882416,9.882416
2026-09-13 16:00:00,533.33,578.0752,44.74518,44.74518
2026-09-13 17:00:00,580.42,647.5954,67.175415,67.175415
2026-09-13 18:00:00,671.75,722.5929,50.842896,50.842896
2026-09-13 19:00:00,697.47003,752.7761,55.30609,55.30609
2026-09-13 20:00:00,652.57,734.007,81.43701,81.43701
2026-09-13 21:00:00,646.13,698.75415,52.624146,52.624146
2026-09-13 22:00:00,602.34,663.2679,60.927856,60.927856
2026-09-13 23:00:00,535.95,635.35583,99.40582,99.40582
2026-09-14 00:00:00,686.8,609.8385,-76.96149,76.96149
2026-09-14 01:00:00,662.19,665.66327,3.4732666,3.4732666
2026-09-14 02:00:00,694.28,665.1712,-29.108826,29.108826
2026-09-14 03:00:00,643.43,671.8463,28.41632,28.41632
2026-09-14 04:00:00,664.42,673.14825,8.7282715,8.7282715
2026-09-14 05:00:00,689.81,682.5232,-7.286804,7.286804
2026-09-14 06:00:00,732.53,689.69196,-42.838074,42.838074
2026-09-14 07:00:00,693.17,696.10095,2.9309692,2.9309692
2026-09-14 08:00:00,693.76,665.7799,-27.980103,27.980103
2026-09-14 09:00:00,642.53,618.1362,-24.393799,24.393799
2026-09-14 10:00:00,626.0,584.16736,-41.83264,41.83264
2026-09-14 11:00:00,495.17,549.2379,54.0679,54.0679
2026-09-14 12:00:00,584.7,518.92645,-65.77356,65.77356
2026-09-14 13:00:00,499.31,533.5766,34.2666,34.2666
2026-09-14 14:00:00,526.56,558.9854,32.425415,32.425415
2026-09-14 15:00:00,644.75,602.6092,-42.14081,42.14081
2026-09-14 16:00:00,637.64,662.8438,25.203796,25.203796
2026-09-14 17:00:00,711.24,684.1775,-27.0625,27.0625
2026-09-14 18:00:00,796.94,752.4989,-44.4411,44.4411
2026-09-14 19:00:00,810.01,780.59436,-29.41565,29.41565
2026-09-14 20:00:00,807.07,774.7008,-32.3692,32.3692
2026-09-14 21:00:00,763.23,754.5124,-8.71759,8.71759
2026-09-14 22:00:00,687.19,724.77875,37.588745,37.588745
2026-09-14 23:00:00,689.83,689.7816,-0.04840088,0.04840088
2026-09-15 00:00:00,706.38,660.8965,-45.48352,45.48352
2026-09-15 01:00:00,675.19,659.1396,-16.050415,16.050415
2026-09-15 02:00:00,650.37,648.49493,-1.875061,1.875061
2026-09-15 03:00:00,653.42,654.1475,0.72753906,0.72753906
2026-09-15 04:00:00,666.66003,658.0557,-8.604309,8.604309
2026-09-15 05:00:00,658.86,670.074,11.213989,11.213989
2026-09-15 06:00:00,736.48,682.82825,-53.651733,53.651733
2026-09-15 07:00:00,702.85,695.09094,-7.759033,7.759033
2026-09-15 08:00:00,682.96,670.97253,-11.987488,11.987488
2026-09-15 09:00:00,717.38,627.9484,-89.43158,89.43158
2026-09-15 10:00:00,584.28,587.8039,3.5238647,3.5238647
2026-09-15 11:00:00,558.46,550.0284,-8.431641,8.431641
2026-09-15 12:00:00,558.84,516.57904,-42.260986,42.260986
2026-09-15 13:00:00,551.35004,527.46216,-23.887878,23.887878
2026-09-15 14:00:00,534.17004,542.6578,8.487732,8.487732
2026-09-15 15:00:00,574.59,588.34125,13.751221,13.751221
2026-09-15 16:00:00,636.37,627.5413,-8.828674,8.828674
2026-09-15 17:00:00,677.81,709.8463,32.036316,32.036316
2026-09-15 18:00:00,755.53,782.537,27.006958,27.006958
2026-09-15 19:00:00,811.0,814.0073,3.0073242,3.0073242
2026-09-15 20:00:00,759.87,807.5259,47.655884,47.655884
2026-09-15 21:00:00,701.77,770.8822,69.11218,69.11218
2026-09-15 22:00:00,704.87,729.74713,24.877136,24.877136
2026-09-15 23:00:00,713.89,694.40796,-19.482056,19.482056
2026-09-16 00:00:00,609.4,666.22,56.819946,56.819946
2026-09-16 01:00:00,658.97003,646.0087,-12.961304,12.961304
2026-09-16 02:00:00,665.98,638.7154,-27.264587,27.264587
2026-09-16 03:00:00,659.35004,647.74835,-11.601685,11.601685
2026-09-16 04:00:00,622.87,657.3804,34.510376,34.510376
2026-09-16 05:00:00,672.54,676.43634,3.8963623,3.8963623
2026-09-16 06:00:00,685.83,683.60706,-2.2229614,2.2229614
2026-09-16 07:00:00,766.63,696.71405,-69.915955,69.915955
2026-09-16 08:00:00,684.32,684.1221,-0.19793701,0.19793701
2026-09-16 09:00:00,651.24,643.86865,-7.371338,7.371338
2026-09-16 10:00:00,575.89,586.22644,10.336426,10.336426
2026-09-16 11:00:00,570.98,549.95605,-21.023926,21.023926
2026-09-16 12:00:00,540.06,521.8107,-18.249268,18.249268
2026-09-16 13:00:00,528.47003,535.73596,7.26593,7.26593
2026-09-16 14:00:00,571.31,566.01514,-5.294861,5.294861
2026-09-16 15:00:00,579.45,606.79254,27.34253,27.34253
2026-09-16 16:00:00,615.53,654.04065,38.51062,38.51062
2026-09-16 17:00:00,688.91003,733.94775,45.03772,45.03772
2026-09-16 18:00:00,768.55,791.8169,23.266907,23.266907
2026-09-16 19:00:00,797.58,823.7725,26.192505,26.192505
2026-09-16 20:00:00,724.76,802.6795,77.919495,77.919495
2026-09-16 21:00:00,733.33,763.33997,30.009949,30.009949
2026-09-16 22:00:00,674.6,722.21423,47.614258,47.614258
2026-09-16 23:00:00,635.79004,683.4141,47.624084,47.624084
2026-09-17 00:00:00,693.15,647.55786,-45.592163,45.592163
2026-09-17 01:00:00,654.9,639.9026,-14.997437,14.997437
2026-09-17 02:00:00,626.51,631.54553,5.0355225,5.0355225
2026-09-17 03:00:00,647.94,633.56036,-14.379639,14.379639
2026-09-17 04:00:00,645.89,647.32715,1.4371338,1.4371338
2026-09-17 05:00:00,659.03,664.52026,5.4902344,5.4902344
2026-09-17 06:00:00,706.79004,683.5163,-23.273743,23.273743
2026-09-17 07:00:00,724.83,699.0764,-25.753601,25.753601
2026-09-17 08:00:00,703.35,676.8335,-26.51648,26.51648
2026-09-17 09:00:00,629.03,633.7356,4.7055664,4.7055664
2026-09-17 10:00:00,573.23,592.59625,19.366272,19.366272
2026-09-17 11:00:00,520.92,551.40076,30.480774,30.480774
2026-09-17 12:00:00,539.92004,525.68555,-14.234497,14.234497
2026-09-17 13:00:00,555.76,527.9314,-27.828613,27.828613
2026-09-17 14:00:00,531.17004,563.0078,31.837769,31.837769
2026-09-17 15:00:00,586.4,606.09814,19.69812,19.69812
2026-09-17 16:00:00,651.64,657.4308,5.7907715,5.7907715
2026-09-17 17:00:00,706.38,739.65564,33.275635,33.275635
2026-09-17 18:00:00,751.01,812.173,61.162964,61.162964
2026-09-17 19:00:00,807.12,835.9027,28.782715,28.782715
2026-09-17 20:00:00,788.11,817.7905,29.680542,29.680542
2026-09-17 21:00:00,736.26,779.434,43.17401,43.17401
2026-09-17 22:00:00,722.63,731.9444,9.314392,9.314392
2026-09-17 23:00:00,700.32,690.6102,-9.709778,9.709778
2026-09-18 00:00:00,706.53,655.0527,-51.477356,51.477356
2026-09-18 01:00:00,656.60004,643.1312,-13.468811,13.468811
2026-09-18 02:00:00,659.63,635.92303,-23.70697,23.70697
2026-09-18 03:00:00,626.25,640.52893,14.278931,14.278931
2026-09-18 04:00:00,678.55,653.5092,-25.040771,25.040771
2026-09-18 05:00:00,674.16003,676.3661,2.2060547,2.2060547
2026-09-18 06:00:00,706.15,696.3881,-9.761902,9.761902
2026-09-18 07:00:00,663.23,714.1081,50.878113,50.878113
2026-09-18 08:00:00,651.91003,693.16815,41.258118,41.258118
2026-09-18 09:00:00,644.21,642.9767,-1.2333374,1.2333374
2026-09-18 10:00:00,546.97003,595.23035,48.260315,48.260315
2026-09-18 11:00:00,560.98,553.75775,-7.222229,7.222229
2026-09-18 12:00:00,548.62,533.2021,-15.417908,15.417908
2026-09-18 13:00:00,581.59,540.09985,-41.490173,41.490173
2026-09-18 14:00:00,532.77,572.1846,39.41455,39.41455
2026-09-18 15:00:00,600.92,608.953,8.03302,8.03302
2026-09-18 16:00:00,702.64,672.5794,-30.060608,30.060608
2026-09-18 17:00:00,678.0,749.1551,71.15509,71.15509
2026-09-18 18:00:00,781.1,815.22003,34.120056,34.120056
2026-09-18 19:00:00,784.83997,828.6327,43.792725,43.792725
2026-09-18 20:00:00,751.98,808.95483,56.974854,56.974854
2026-09-18 21:00:00,702.35,768.4763,66.12634,66.12634
2026-09-18 22:00:00,699.32,720.8845,21.564514,21.564514
2026-09-18 23:00:00,694.17,680.38763,-13.782349,13.782349
2026-09-19 00:00:00,547.13,647.67285,100.54285,100.54285
2026-09-19 01:00:00,528.76,576.23816,47.47815,47.47815
2026-09-19 02:00:00,564.46,541.25494,-23.205078,23.205078
2026-09-19 03:00:00,557.11,540.66986,-16.440125,16.440125
2026-09-19 04:00:00,618.64,541.6059,-77.03412,77.03412
2026-09-19 05:00:00,584.48,564.6733,-19.806702,19.806702
2026-09-19 06:00:00,610.79004,578.21564,-32.5744,32.5744
2026-09-19 07:00:00,587.93,596.1119,8.181885,8.181885
2026-09-19 08:00:00,601.21,572.2668,-28.943237,28.943237
2026-09-19 09:00:00,516.91003,535.3849,18.474854,18.474854
2026-09-19 10:00:00,478.33002,490.57547,12.245453,12.245453
2026-09-19 11:00:00,440.38,453.14825,12.7682495,12.7682495
2026-09-19 12:00:00,445.83002,430.63672,-15.193298,15.193298
2026-09-19 13:00:00,427.53003,431.9917,4.46167,4.46167
2026-09-19 14:00:00,441.91003,466.0283,24.118256,24.118256
2026-09-19 15:00:00,499.92,508.49158,8.571564,8.571564
2026-09-19 16:00:00,564.7,579.52826,14.828247,14.828247
2026-09-19 17:00:00,620.76,654.9521,34.192078,34.192078
2026-09-19 18:00:00,676.66003,719.2279,42.56787,42.56787
2026-09-19 19:00:00,684.12,758.2566,74.1366,74.1366
2026-09-19 20:00:00,677.02,738.89594,61.875916,61.875916
2026-09-19 21:00:00,646.84,699.3471,52.50708,52.50708
2026-09-19 22:00:00,613.44,658.4517,45.01172,45.01172
2026-09-19 23:00:00,565.11,625.5639,60.45392,60.45392
2026-09-20 00:00:00,550.80005,598.2205,47.42047,47.42047
2026-09-20 01:00:00,578.48,571.0672,-7.412781,7.412781
2026-09-20 02:00:00,564.12,554.9992,-9.120789,9.120789
2026-09-20 03:00:00,559.26,554.09436,-5.1656494,5.1656494
2026-09-20 04:00:00,548.60004,561.9209,13.320862,13.320862
2026-09-20 05:00:00,567.27,572.27856,5.008545,5.008545
2026-09-20 06:00:00,577.1,586.8768,9.776794,9.776794
2026-09-20 07:00:00,590.62,601.8744,11.254395,11.254395
2026-09-20 08:00:00,585.07,578.06476,-7.005249,7.005249
2026-09-20 09:00:00,538.36,538.4246,0.06463623,0.06463623
2026-09-20 10:00:00,443.95,490.16464,46.21463,46.21463
2026-09-20 11:00:00,478.78003,452.75433,-26.025696,26.025696
2026-09-20 12:00:00,407.89,437.42377,29.533752,29.533752
2026-09-20 13:00:00,377.52002,427.77625,50.256226,50.256226
2026-09-20 14:00:00,432.54004,450.961,18.42096,18.42096
2026-09-20 15:00:00,449.7,504.57346,54.873444,54.873444
2026-09-20 16:00:00,497.29004,560.8069,63.516846,63.516846
2026-09-20 17:00:00,603.19,621.9264,18.73639,18.73639
2026-09-20 18:00:00,688.43,718.00836,29.57837,29.57837
2026-09-20 19:00:00,663.67,757.80237,94.132385,94.132385
2026-09-20 20:00:00,599.11,732.8985,133.78851,133.78851
2026-09-20 21:00:00,609.16003,686.3623,77.20227,77.20227
2026-09-20 22:00:00,600.60004,648.9875,48.38745,48.38745
2026-09-20 23:00:00,540.27,619.04626,78.776245,78.776245
2026-09-21 00:00:00,651.89,593.9519,-57.93811,57.93811
2026-09-21 01:00:00,622.8,652.03546,29.235474,29.235474
2026-09-21 02:00:00,650.5,654.8598,4.3598022,4.3598022
2026-09-21 03:00:00,647.55,660.03784,12.487854,12.487854
2026-09-21 04:00:00,656.66003,667.8586,11.198547,11.198547
2026-09-21 05:00:00,666.5,674.1817,7.6817017,7.6817017
2026-09-21 06:00:00,677.14,682.42175,5.2817383,5.2817383
2026-09-21 07:00:00,729.22003,687.76855,-41.451477,41.451477
2026-09-21 08:00:00,674.63,661.7008,-12.929199,12.929199
2026-09-21 09:00:00,686.13,617.18243,-68.94757,68.94757
2026-09-21 10:00:00,615.23,575.5462,-39.683777,39.683777
2026-09-21 11:00:00,587.78,544.118,-43.66205,43.66205
2026-09-21 12:00:00,523.39,519.0405,-4.3494873,4.3494873
2026-09-21 13:00:00,522.78,529.5513,6.77124,6.77124
2026-09-21 14:00:00,525.62,550.3119,24.691895,24.691895
2026-09-21 15:00:00,591.77,582.26227,-9.507751,9.507751
2026-09-21 16:00:00,635.62,640.4367,4.8167114,4.8167114
2026-09-21 17:00:00,699.27,706.37274,7.102722,7.102722
2026-09-21 18:00:00,754.45,784.48193,30.031921,30.031921
2026-09-21 19:00:00,795.8,810.86487,15.06488,15.06488
2026-09-21 20:00:00,801.52,794.57733,-6.942688,6.942688
2026-09-21 21:00:00,733.35,763.9907,30.640747,30.640747
2026-09-21 22:00:00,693.1,726.76666,33.666687,33.666687
2026-09-21 23:00:00,638.19,692.2219,54.03192,54.03192
2026-09-22 00:00:00,643.73,657.2815,13.551514,13.551514
2026-09-22 01:00:00,666.83,649.3949,-17.43512,17.43512
2026-09-22 02:00:00,648.01,642.4408,-5.569214,5.569214
2026-09-22 03:00:00,602.39,642.5403,40.15027,40.15027
2026-09-22 04:00:00,653.38,648.6137,-4.7662964,4.7662964
2026-09-22 05:00:00,673.65,661.02075,-12.629272,12.629272
2026-09-22 06:00:00,704.39,678.24207,-26.14795,26.14795
2026-09-22 07:00:00,744.63,694.7584,-49.871582,49.871582
2026-09-22 08:00:00,720.69,679.94525,-40.74475,40.74475
2026-09-22 09:00:00,633.3,641.4014,8.10144,8.10144
2026-09-22 10:00:00,595.28,592.6743,-2.605713,2.605713
2026-09-22 11:00:00,546.29004,547.23303,0.94299316,0.94299316
2026-09-22 12:00:00,548.23,524.5091,-23.720886,23.720886
2026-09-22 13:00:00,528.9,524.7359,-4.1641235,4.1641235
2026-09-22 14:00:00,560.93,549.3997,-11.530273,11.530273
2026-09-22 15:00:00,572.68,599.0123,26.332336,26.332336
2026-09-22 16:00:00,599.63,658.9989,59.368896,59.368896
2026-09-22 17:00:00,683.39,718.696,35.30597,35.30597
2026-09-22 18:00:00,758.99,784.73083,25.740845,25.740845
2026-09-22 19:00:00,808.04004,813.9492,5.9091797,5.9091797
2026-09-22 20:00:00,771.8,798.9323,27.132324,27.132324
2026-09-22 21:00:00,728.81,764.1533,35.343323,35.343323
2026-09-22 22:00:00,735.28,725.5846,-9.695435,9.695435
2026-09-22 23:00:00,669.52,690.93195,21.411926,21.411926
2026-09-23 00:00:00,640.4,656.9053,16.505249,16.505249
2026-09-23 01:00:00,652.11,647.7193,-4.390686,4.390686
2026-09-23 02:00:00,650.39,635.3455,-15.044495,15.044495
2026-09-23 03:00:00,636.26,639.5691,3.309082,3.309082
2026-09-23 04:00:00,636.69,652.6936,16.003601,16.003601
2026-09-23 05:00:00,668.67,662.41644,-6.25354,6.25354
2026-09-23 06:00:00,670.94,686.0825,15.142517,15.142517
2026-09-23 07:00:00,694.89,688.1174,-6.772644,6.772644
2026-09-23 08:00:00,664.42,665.4658,1.0458374,1.0458374
2026-09-23 09:00:00,643.8,623.10846,-20.691528,20.691528
2026-09-23 10:00:00,599.75,579.6775,-20.07251,20.07251
2026-09-23 11:00:00,550.69,543.9208,-6.769226,6.769226
2026-09-23 12:00:00,524.97003,524.9774,0.007385254,0.007385254
2026-09-23 13:00:00,535.43,535.60693,0.17694092,0.17694092
2026-09-23 14:00:00,564.95,553.336,-11.614014,11.614014
2026-09-23 15:00:00,571.0,612.88513,41.88513,41.88513
2026-09-23 16:00:00,633.12,666.9046,33.784607,33.784607
2026-09-23 17:00:00,742.21,730.29846,-11.91156,11.91156
2026-09-23 18:00:00,746.13,801.7259,55.595886,55.595886
2026-09-23 19:00:00,782.17004,824.7799,42.609863,42.609863
2026-09-23 20:00:00,751.41003,807.2281,55.818054,55.818054
2026-09-23 21:00:00,723.06,767.8378,44.777832,44.777832
2026-09-23 22:00:00,686.65,726.8588,40.2088,40.2088
2026-09-23 23:00:00,673.14,687.5601,14.420105,14.420105
2026-09-24 00:00:00,666.96,657.5522,-9.407837,9.407837
2026-09-24 01:00:00,647.67,643.313,-4.3569946,4.3569946
2026-09-24 02:00:00,673.65,633.87683,-39.773193,39.773193
2026-09-24 03:00:00,648.4,641.3069,-7.0931396,7.0931396
2026-09-24 04:00:00,636.98,654.2086,17.228638,17.228638
2026-09-24 05:00:00,672.77,661.1103,-11.659729,11.659729
2026-09-24 06:00:00,672.44,674.3602,1.920227,1.920227
2026-09-24 07:00:00,695.35,682.3782,-12.971802,12.971802
2026-09-24 08:00:00,669.25,667.636,-1.6140137,1.6140137
2026-09-24 09:00:00,684.51,632.86316,-51.64685,51.64685
2026-09-24 10:00:00,610.88,592.26984,-18.610168,18.610168
2026-09-24 11:00:00,536.63,553.0755,16.445496,16.445496
2026-09-24 12:00:00,528.87,527.96967,-0.9003296,0.9003296
2026-09-24 13:00:00,547.83,533.93207,-13.897949,13.897949
2026-09-24 14:00:00,552.97003,558.37036,5.4003296,5.4003296
2026-09-24 15:00:00,568.28,593.3188,25.038757,25.038757
2026-09-24 16:00:00,561.0,655.07135,94.07135,94.07135
2026-09-24 17:00:00,679.66003,714.8765,35.21649,35.21649
2026-09-24 18:00:00,745.39,786.98834,41.598328,41.598328
2026-09-24 19:00:00,798.89,826.39325,27.503235,27.503235
2026-09-24 20:00:00,793.06,812.6119,19.55188,19.55188
2026-09-24 21:00:00,716.1,775.778,59.67804,59.67804
2026-09-24 22:00:00,713.41003,727.517,14.106995,14.106995
2026-09-24 23:00:00,651.33,684.3263,32.996277,32.996277
2026-09-25 00:00:00,662.63,645.83734,-16.792664,16.792664
2026-09-25 01:00:00,598.43,631.0316,32.601624,32.601624
2026-09-25 02:00:00,626.92,618.9589,-7.9610596,7.9610596
2026-09-25 03:00:00,626.99,624.85474,-2.135254,2.135254
2026-09-25 04:00:00,622.45,636.72833,14.27832,14.27832
2026-09-25 05:00:00,677.39,657.92993,-19.460083,19.460083
2026-09-25 06:00:00,658.51,680.3445,21.834473,21.834473
2026-09-25 07:00:00,689.23,695.7254,6.4954224,6.4954224
2026-09-25 08:00:00,682.14,676.8936,-5.246399,5.246399
2026-09-25 09:00:00,593.97003,636.0142,42.04419,42.04419
2026-09-25 10:00:00,563.59,589.3876,25.797546,25.797546
2026-09-25 11:00:00,566.32,547.07715,-19.242859,19.242859
2026-09-25 12:00:00,545.04004,527.0259,-18.01416,18.01416
2026-09-25 13:00:00,563.77,533.6749,-30.095093,30.095093
2026-09-25 14:00:00,573.11,563.323,-9.786987,9.786987
2026-09-25 15:00:00,562.28,607.47815,45.19812,45.19812
2026-09-25 16:00:00,637.08,666.91205,29.832031,29.832031
2026-09-25 17:00:00,732.0,743.6571,11.6571045,11.6571045
2026-09-25 18:00:00,784.24,799.08685,14.846863,14.846863
2026-09-25 19:00:00,761.14,823.5849,62.444885,62.444885
2026-09-25 20:00:00,781.64,808.68567,27.045654,27.045654
2026-09-25 21:00:00,710.75,770.24774,59.49774,59.49774
2026-09-25 22:00:00,688.83,720.50525,31.675232,31.675232
2026-09-25 23:00:00,680.58,676.3591,-4.2209473,4.2209473
2026-09-26 00:00:00,548.9,643.28827,94.388245,94.388245
2026-09-26 01:00:00,528.69,573.2127,44.522705,44.522705
2026-09-26 02:00:00,503.18,540.93567,37.755676,37.755676
2026-09-26 03:00:00,533.53,531.0873,-2.442749,2.442749
2026-09-26 04:00:00,546.98,541.4219,-5.5581055,5.5581055
2026-09-26 05:00:00,513.86,556.3768,42.516785,42.516785
2026-09-26 06:00:00,572.06,566.0162,-6.0438232,6.0438232
2026-09-26 07:00:00,581.44,588.8642,7.4241943,7.4241943
2026-09-26 08:00:00,566.85,562.372,-4.4779663,4.4779663
2026-09-26 09:00:00,513.29004,518.5274,5.2373657,5.2373657
2026-09-26 10:00:00,446.03003,474.7785,28.748474,28.748474
2026-09-26 11:00:00,416.18,440.03735,23.85736,23.85736
2026-09-26 12:00:00,414.76,424.02435,9.264343,9.264343
2026-09-26 13:00:00,405.47003,426.09583,20.625793,20.625793
2026-09-26 14:00:00,405.29,443.5916,38.301605,38.301605
2026-09-26 15:00:00,468.97003,490.13,21.159973,21.159973
2026-09-26 16:00:00,523.78,550.5325,26.752441,26.752441
2026-09-26 17:00:00,585.3,625.48895,40.188965,40.188965
2026-09-26 18:00:00,663.34,691.265,27.924988,27.924988
2026-09-26 19:00:00,689.37,735.8568,46.486816,46.486816
2026-09-26 20:00:00,692.81,719.6643,26.85431,26.85431
2026-09-26 21:00:00,548.13,682.30347,134.17346,134.17346
2026-09-26 22:00:00,567.42004,635.9248,68.50476,68.50476
2026-09-26 23:00:00,591.08,602.03345,10.95343,10.95343
2026-09-27 00:00:00,509.11002,587.8908,78.78079,78.78079
2026-09-27 01:00:00,567.55,557.3287,-10.221313,10.221313
2026-09-27 02:00:00,537.61,537.05316,-0.55682373,0.55682373
2026-09-27 03:00:00,543.85004,538.0042,-5.845825,5.845825
2026-09-27 04:00:00,532.02,551.488,19.467957,19.467957
2026-09-27 05:00:00,583.25,567.86426,-15.385742,15.385742
2026-09-27 06:00:00,595.32,580.98737,-14.332642,14.332642
2026-09-27 07:00:00,612.45,595.13354,-17.316467,17.316467
2026-09-27 08:00:00,537.88,582.87885,44.99884,44.99884
2026-09-27 09:00:00,517.60004,536.92786,19.32782,19.32782
2026-09-27 10:00:00,413.64,493.0199,79.37988,79.37988
2026-09-27 11:00:00,459.42,445.54034,-13.879669,13.879669
2026-09-27 12:00:00,443.88,427.45004,-16.429962,16.429962
2026-09-27 13:00:00,410.76,424.76154,14.001526,14.001526
2026-09-27 14:00:00,441.32,451.1491,9.829102,9.829102
2026-09-27 15:00:00,443.56,499.90326,56.34326,56.34326
2026-09-27 16:00:00,532.81,550.8694,18.059387,18.059387
2026-09-27 17:00:00,574.64,610.8533,36.213257,36.213257
2026-09-27 18:00:00,625.23,685.32245,60.09247,60.09247
2026-09-27 19:00:00,653.18,732.77136,79.59137,79.59137
2026-09-27 20:00:00,660.57,717.52716,56.957153,56.957153
2026-09-27 21:00:00,625.38,682.11804,56.738037,56.738037
2026-09-27 22:00:00,564.17004,644.49,80.31995,80.31995
2026-09-27 23:00:00,538.05005,613.3423,75.29224,75.29224
2026-09-28 00:00:00,606.0,594.14813,-11.851868,11.851868
2026-09-28 01:00:00,626.34,643.30536,16.965332,16.965332
2026-09-28 02:00:00,657.74,648.234,-9.505981,9.505981
2026-09-28 03:00:00,654.10004,652.3693,-1.7307129,1.7307129
2026-09-28 04:00:00,675.65,662.64496,-13.005066,13.005066
2026-09-28 05:00:00,613.22003,669.6124,56.392395,56.392395
2026-09-28 06:00:00,708.43,668.33984,-40.09015,40.09015
2026-09-28 07:00:00,663.13,684.58704,21.457031,21.457031
2026-09-28 08:00:00,684.47003,658.4119,-26.058105,26.058105
2026-09-28 09:00:00,640.08,623.0395,-17.040527,17.040527
2026-09-28 10:00:00,573.56,582.5552,8.995178,8.995178
2026-09-28 11:00:00,553.83,541.1283,-12.701721,12.701721
2026-09-28 12:00:00,564.39,516.1217,-48.26831,48.26831
2026-09-28 13:00:00,530.48004,521.1252,-9.354858,9.354858
2026-09-28 14:00:00,524.51,536.554,12.044006,12.044006
2026-09-28 15:00:00,567.81,583.9292,16.119202,16.119202
2026-09-28 16:00:00,607.5,633.081,25.580994,25.580994
2026-09-28 17:00:00,684.31,699.3411,15.031128,15.031128
2026-09-28 18:00:00,747.42,774.0646,26.644592,26.644592
2026-09-28 19:00:00,786.32,802.6244,16.304382,16.304382
2026-09-28 20:00:00,727.23,788.8565,61.626526,61.626526
2026-09-28 21:00:00,737.44,755.9397,18.499695,18.499695
2026-09-28 22:00:00,695.38,720.3314,24.951416,24.951416
2026-09-28 23:00:00,689.49,684.16785,-5.3221436,5.3221436
2026-09-29 00:00:00,634.61,656.0157,21.4057,21.4057
2026-09-29 01:00:00,658.52,648.126,-10.394043,10.394043
2026-09-29 02:00:00,618.73,638.6364,19.906433,19.906433
2026-09-29 03:00:00,624.38,638.3925,14.012512,14.012512
2026-09-29 04:00:00,657.15,644.74976,-12.400269,12.400269
2026-09-29 05:00:00,650.67,652.9027,2.232727,2.232727
2026-09-29 06:00:00,704.65,667.4527,-37.197327,37.197327
2026-09-29 07:00:00,658.27,684.10913,25.839111,25.839111
2026-09-29 08:00:00,682.13,663.21454,-18.915466,18.915466
2026-09-29 09:00:00,655.63,627.0076,-28.622375,28.622375
2026-09-29 10:00:00,596.39,582.9405,-13.449524,13.449524
2026-09-29 11:00:00,579.91003,548.8278,-31.082214,31.082214
2026-09-29 12:00:00,544.52,525.2535,-19.26654,19.26654
2026-09-29 13:00:00,510.78003,528.3183,17.538269,17.538269
2026-09-29 14:00:00,528.35004,551.5763,23.226257,23.226257
2026-09-29 15:00:00,593.63,598.44617,4.816162,4.816162
2026-09-29 16:00:00,637.15,646.4385,9.288452,9.288452
2026-09-29 17:00:00,685.89,709.7799,23.889893,23.889893
2026-09-29 18:00:00,759.85,776.04175,16.191772,16.191772
2026-09-29 19:00:00,748.26,799.2177,50.957703,50.957703
2026-09-29 20:00:00,750.25,783.83704,33.587036,33.587036
2026-09-29 21:00:00,752.91003,744.95575,-7.9542847,7.9542847
2026-09-29 22:00:00,689.79004,706.78644,16.996399,16.996399
2026-09-29 23:00:00,653.09,667.7166,14.626587,14.626587
2026-09-30 00:00:00,640.01,637.2264,-2.7836304,2.7836304
2026-09-30 01:00:00,633.97003,631.21075,-2.7592773,2.7592773
2026-09-30 02:00:00,638.37,624.4237,-13.946289,13.946289
2026-09-30 03:00:00,658.28,632.2227,-26.057312,26.057312
2026-09-30 04:00:00,651.48,647.33435,-4.14563,4.14563
2026-09-30 05:00:00,612.91003,670.1563,57.246277,57.246277
2026-09-30 06:00:00,728.05,683.79065,-44.25934,44.25934
2026-09-30 07:00:00,698.44,682.8672,-15.572815,15.572815
2026-09-30 08:00:00,669.8,665.9223,-3.8776855,3.8776855
2026-09-30 09:00:00,656.64,626.93774,-29.70227,29.70227
2026-09-30 10:00:00,636.93,587.21545,-49.71454,49.71454
2026-09-30 11:00:00,560.86,549.4409,-11.419067,11.419067
2026-09-30 12:00:00,521.25,531.07336,9.823364,9.823364
2026-09-30 13:00:00,521.35004,533.8984,12.54834,12.54834
2026-09-30 14:00:00,555.2,556.472,1.2719727,1.2719727
2026-09-30 15:00:00,554.64,603.95953,49.31952,49.31952
2026-09-30 16:00:00,632.24,666.6399,34.399902,34.399902
2026-09-30 17:00:00,667.14,726.5464,59.406372,59.406372
2026-09-30 18:00:00,797.95,784.921,-13.028992,13.028992
2026-09-30 19:00:00,742.83,810.8592,68.029175,68.029175
2026-09-30 20:00:00,753.71,781.9303,28.220276,28.220276
2026-09-30 21:00:00,740.66003,742.55505,1.8950195,1.8950195
2026-09-30 22:00:00,693.97003,706.1521,12.182068,12.182068
2026-09-30 23:00:00,666.35,672.92413,6.5741577,6.5741577
2026-10-01 00:00:00,632.05,645.21295,13.162964,13.162964
2026-10-01 01:00:00,654.15,627.2907,-26.859314,26.859314
2026-10-01 02:00:00,620.62,621.84753,1.2275391,1.2275391
2026-10-01 03:00:00,636.16003,626.9504,-9.209656,9.209656
2026-10-01 04:00:00,668.12,637.16327,-30.956726,30.956726
2026-10-01 05:00:00,655.96,660.2371,4.2770996,4.2770996
2026-10-01 06:00:00,715.24,675.7372,-39.502808,39.502808
2026-10-01 07:00:00,687.15,693.2714,6.121399,6.121399
2026-10-01 08:00:00,710.17,665.5885,-44.581482,44.581482
2026-10-01 09:00:00,686.37,620.7129,-65.657104,65.657104
2026-10-01 10:00:00,591.98,589.67584,-2.3041382,2.3041382
2026-10-01 11:00:00,580.07,547.6327,-32.437317,32.437317
2026-10-01 12:00:00,553.71,523.2606,-30.449402,30.449402
2026-10-01 13:00:00,512.53,538.4618,25.931763,25.931763
2026-10-01 14:00:00,585.21,564.85345,-20.356567,20.356567
2026-10-01 15:00:00,554.02,617.9996,63.979553,63.979553
2026-10-01 16:00:00,622.91003,669.3595,46.449463,46.449463
2026-10-01 17:00:00,698.95,732.5701,33.620117,33.620117
2026-10-01 18:00:00,770.03,796.61273,26.582703,26.582703
2026-10-01 19:00:00,767.95,814.2527,46.302673,46.302673
2026-10-01 20:00:00,751.29004,795.6371,44.347046,44.347046
2026-10-01 21:00:00,727.36,756.4437,29.08374,29.08374
2026-10-01 22:00:00,730.34,711.5169,-18.82312,18.82312
2026-10-01 23:00:00,677.08,675.2146,-1.8654175,1.8654175
2026-10-02 00:00:00,678.99,640.8087,-38.181274,38.181274
2026-10-02 01:00:00,629.73,623.34015,-6.3898315,6.3898315
2026-10-02 02:00:00,670.24,612.7221,-57.517883,57.517883
2026-10-02 03:00:00,632.13,622.8195,-9.310486,9.310486
2026-10-02 04:00:00,611.69,638.4969,26.806885,26.806885
2026-10-02 05:00:00,654.52,652.0312,-2.4888306,2.4888306
2026-10-02 06:00:00,679.63,678.7731,-0.8569336,0.8569336
2026-10-02 07:00:00,655.65,694.76044,39.110413,39.110413
2026-10-02 08:00:00,731.71,659.7188,-71.99121,71.99121
2026-10-02 09:00:00,596.96,629.919,32.958984,32.958984
2026-10-02 10:00:00,603.88,581.70917,-22.170837,22.170837
2026-10-02 11:00:00,540.05,549.1704,9.120422,9.120422
2026-10-02 12:00:00,552.87,527.85034,-25.019653,25.019653
2026-10-02 13:00:00,522.13,527.0812,4.951172,4.951172
2026-10-02 14:00:00,569.55,554.2556,-15.294373,15.294373
2026-10-02 15:00:00,596.98,606.87683,9.896851,9.896851
2026-10-02 16:00:00,623.0,667.0406,44.04059,44.04059
2026-10-02 17:00:00,703.29004,729.6799,26.389832,26.389832
2026-10-02 18:00:00,747.87,780.0319,32.161926,32.161926
2026-10-02 19:00:00,709.72003,811.1739,101.45386,101.45386
2026-10-02 20:00:00,736.33,793.57733,57.247314,57.247314
2026-10-02 21:00:00,760.93,751.3363,-9.593689,9.593689
2026-10-02 22:00:00,703.4,707.6315,4.2314453,4.2314453
2026-10-02 23:00:00,651.29004,666.2519,14.961853,14.961853
2026-10-03 00:00:00,535.09,631.0658,95.97577,95.97577
2026-10-03 01:00:00,543.71,561.90704,18.197021,18.197021
2026-10-03 02:00:00,543.93,534.39813,-9.53186,9.53186
2026-10-03 03:00:00,577.23,531.5771,-45.652893,45.652893
2026-10-03 04:00:00,551.78,546.69073,-5.0892944,5.0892944
2026-10-03 05:00:00,578.44,561.6433,-16.796692,16.796692
2026-10-03 06:00:00,597.59,579.3631,-18.226929,18.226929
2026-10-03 07:00:00,570.84,595.51636,24.67633,24.67633
2026-10-03 08:00:00,585.55,567.56885,-17.98114,17.98114
2026-10-03 09:00:00,530.38,525.7289,-4.651123,4.651123
2026-10-03 10:00:00,470.38,483.29883,12.918823,12.918823
2026-10-03 11:00:00,472.78003,451.52795,-21.252075,21.252075
2026-10-03 12:00:00,454.91003,437.5903,-17.319733,17.319733
2026-10-03 13:00:00,412.44,435.1841,22.74411,22.74411
2026-10-03 14:00:00,479.30002,453.81244,-25.48758,25.48758
2026-10-03 15:00:00,493.76,512.7496,18.989563,18.989563
2026-10-03 16:00:00,551.98,567.56335,15.583374,15.583374
2026-10-03 17:00:00,592.38,640.9238,48.543823,48.543823
2026-10-03 18:00:00,603.56,701.71545,98.15546,98.15546
2026-10-03 19:00:00,634.04004,727.2352,93.19519,93.19519
2026-10-03 20:00:00,650.16003,704.3986,54.238586,54.238586
2026-10-03 21:00:00,588.07,666.3879,78.31787,78.31787
2026-10-03 22:00:00,576.55,629.60315,53.05316,53.05316
2026-10-03 23:00:00,560.92004,598.63995,37.71991,37.71991
2026-10-04 00:00:00,512.17004,574.4335,62.263428,62.263428
2026-10-04 01:00:00,543.54004,550.6742,7.1341553,7.1341553
2026-10-04 02:00:00,539.08,535.3049,-3.7751465,3.7751465
2026-10-04 03:00:00,506.86002,538.5574,31.697357,31.697357
2026-10-04 04:00:00,541.58,546.88715,5.307129,5.307129
2026-10-04 05:00:00,590.95,563.34845,-27.601562,27.601562
2026-10-04 06:00:00,580.13,583.40704,3.2770386,3.2770386
2026-10-04 07:00:00,543.46,592.6486,49.1886,49.1886
2026-10-04 08:00:00,538.96,562.5115,23.551453,23.551453
2026-10-04 09:00:00,550.04004,529.54333,-20.496704,20.496704
2026-10-04 10:00:00,447.58002,490.67053,43.090515,43.090515
2026-10-04 11:00:00,476.07,452.18646,-23.883545,23.883545
2026-10-04 12:00:00,406.13,438.76715,32.637146,32.637146
2026-10-04 13:00:00,412.52002,432.22388,19.703857,19.703857
2026-10-04 14:00:00,439.55002,459.60004,20.050018,20.050018
2026-10-04 15:00:00,475.76,504.498,28.737976,28.737976
2026-10-04 16:00:00,539.64,562.7306,23.090576,23.090576
2026-10-04 17:00:00,587.59,634.9313,47.341248,47.341248
2026-10-04 18:00:00,664.76,698.46344,33.70343,33.70343
2026-10-04 19:00:00,665.87,723.97107,58.101074,58.101074
2026-10-04 20:00:00,623.86,702.17194,78.31195,78.31195
2026-10-04 21:00:00,603.53,661.7312,58.20117,58.20117
2026-10-04 22:00:00,579.79004,621.3887,41.598633,41.598633
2026-10-04 23:00:00,525.14,593.2108,68.0708,68.0708
2026-10-05 00:00:00,616.78,575.2172,-41.562805,41.562805
2026-10-05 01:00:00,670.52,633.3479,-37.17212,37.17212
2026-10-05 02:00:00,618.39,595.6643,-22.725708,22.725708
2026-10-05 03:00:00,632.45,607.0692,-25.380798,25.380798
2026-10-05 04:00:00,643.57,622.77124,-20.798767,20.798767
2026-10-05 05:00:00,675.61,636.4532,-39.1568,39.1568
2026-10-05 06:00:00,696.39,653.43945,-42.95056,42.95056
2026-10-05 07:00:00,663.53,660.85486,-2.675171,2.675171
2026-10-05 08:00:00,696.04,631.9167,-64.12329,64.12329
2026-10-05 09:00:00,635.81,603.0273,-32.782715,32.782715
2026-10-05 10:00:00,579.08,565.78357,-13.296448,13.296448
2026-10-05 11:00:00,607.46,538.1068,-69.35321,69.35321
2026-10-05 12:00:00,528.4,514.9399,-13.460144,13.460144
2026-10-05 13:00:00,541.9,519.76807,-22.131958,22.131958
2026-10-05 14:00:00,532.29004,535.1959,2.9058838,2.9058838
2026-10-05 15:00:00,590.7,579.4294,-11.27063,11.27063
2026-10-05 16:00:00,592.15,634.3872,42.237183,42.237183
2026-10-05 17:00:00,683.74,693.9197,10.1796875,10.1796875
2026-10-05 18:00:00,728.5,753.55133,25.05133,25.05133
2026-10-05 19:00:00,759.98,782.1568,22.176819,22.176819
2026-10-05 20:00:00,741.18,773.061,31.880981,31.880981
2026-10-05 21:00:00,737.93,743.81866,5.888672,5.888672
2026-10-05 22:00:00,672.93,712.23755,39.307556,39.307556
2026-10-05 23:00:00,649.84,676.0543,26.214294,26.214294
2026-10-06 00:00:00,639.01,647.66455,8.654541,8.654541
2026-10-06 01:00:00,666.02,635.509,-30.511047,30.511047
2026-10-06 02:00:00,680.03,640.28644,-39.74359,39.74359
2026-10-06 03:00:00,622.67,637.6083,14.938293,14.938293
2026-10-06 04:00:00,632.38,645.2337,12.853699,12.853699
2026-10-06 05:00:00,667.56,660.79517,-6.7648315,6.7648315
2026-10-06 06:00:00,698.33,672.78735,-25.542664,25.542664
2026-10-06 07:00:00,726.55,683.22986,-43.32013,43.32013
2026-10-06 08:00:00,694.5,667.3802,-27.119812,27.119812
2026-10-06 09:00:00,660.79,632.85376,-27.936218,27.936218
2026-10-06 10:00:00,609.56,586.7331,-22.826904,22.826904
2026-10-06 11:00:00,545.61,543.91675,-1.6932373,1.6932373
2026-10-06 12:00:00,543.15,523.45435,-19.695679,19.695679
2026-10-06 13:00:00,519.51,520.54333,1.0333252,1.0333252
2026-10-06 14:00:00,132.90002,537.2848,404.38477,404.38477
2026-10-06 15:00:00,616.68,553.9482,-62.73181,62.73181
2026-10-06 16:00:00,1181.62,621.8956,-559.72437,559.72437
2026-10-06 17:00:00,707.77,711.732,3.961975,3.961975
2026-10-06 18:00:00,728.92,766.9772,38.05719,38.05719
2026-10-06 19:00:00,749.74,796.8075,47.067505,47.067505
2026-10-06 20:00:00,770.92,788.341,17.42102,17.42102
2026-10-06 21:00:00,701.31,751.86194,50.55194,50.55194
2026-10-06 22:00:00,730.69,711.68646,-19.00354,19.00354
2026-10-06 23:00:00,661.71,678.8898,17.179749,17.179749
2026-10-07 00:00:00,680.31,649.0157,-31.294312,31.294312
2026-10-07 01:00:00,597.86,638.8731,41.013123,41.013123
2026-10-07 02:00:00,629.73,624.0433,-5.6867065,5.6867065
2026-10-07 03:00:00,676.18,628.34265,-47.83734,47.83734
2026-10-07 04:00:00,644.14,642.9042,-1.2358398,1.2358398
2026-10-07 05:00:00,661.2,652.15955,-9.040466,9.040466
2026-10-07 06:00:00,689.03,668.1359,-20.894104,20.894104
2026-10-07 07:00:00,666.55,681.7109,15.160889,15.160889
2026-10-07 08:00:00,667.76,659.6876,-8.072388,8.072388
2026-10-07 09:00:00,662.13,618.7205,-43.409485,43.409485
2026-10-07 10:00:00,537.18,574.56134,37.381348,37.381348
2026-10-07 11:00:00,562.64,533.5282,-29.111816,29.111816
2026-10-07 12:00:00,549.71,516.2136,-33.4964,33.4964
2026-10-07 13:00:00,515.67004,524.8935,9.22345,9.22345
2026-10-07 14:00:00,570.31,542.66113,-27.648865,27.648865
2026-10-07 15:00:00,585.03,602.19086,17.160828,17.160828
2026-10-07 16:00:00,638.41003,659.8356,21.425537,21.425537
2026-10-07 17:00:00,691.72003,720.44824,28.72821,28.72821
2026-10-07 18:00:00,737.06,781.4504,44.39038,44.39038
2026-10-07 19:00:00,760.19,804.7272,44.53717,44.53717
2026-10-07 20:00:00,741.53,780.61285,39.082825,39.082825
2026-10-07 21:00:00,734.37,741.91046,7.5404663,7.5404663
2026-10-07 22:00:00,716.74,706.1768,-10.563171,10.563171
2026-10-07 23:00:00,669.05,671.9622,2.9122314,2.9122314
2026-10-08 00:00:00,619.33,639.41534,20.085327,20.085327
2026-10-08 01:00:00,582.97003,623.94684,40.976807,40.976807
2026-10-08 02:00:00,642.34,615.77106,-26.56897,26.56897
2026-10-08 03:00:00,654.63,619.89545,-34.73456,34.73456
2026-10-08 04:00:00,624.0,639.6767,15.676697,15.676697
2026-10-08 05:00:00,662.64,656.5436,-6.0964355,6.0964355
2026-10-08 06:00:00,659.0,666.7975,7.7974854,7.7974854
2026-10-08 07:00:00,705.35,686.34985,-19.000122,19.000122
2026-10-08 08:00:00,637.99,665.49225,27.502258,27.502258
2026-10-08 09:00:00,646.88,626.7272,-20.152832,20.152832
2026-10-08 10:00:00,582.79004,579.32056,-3.4694824,3.4694824
2026-10-08 11:00:00,557.51,543.88885,-13.621155,13.621155
2026-10-08 12:00:00,545.82,519.4357,-26.384277,26.384277
2026-10-08 13:00:00,563.22003,538.519,-24.70105,24.70105
2026-10-08 14:00:00,574.29004,567.8866,-6.4034424,6.4034424
2026-10-08 15:00:00,566.79004,603.6246,36.834534,36.834534
2026-10-08 16:00:00,674.15,663.9349,-10.215149,10.215149
2026-10-08 17:00:00,688.39,727.4878,39.09778,39.09778
2026-10-08 18:00:00,708.26,779.1582,70.89819,70.89819
2026-10-08 19:00:00,748.09,797.44995,49.359924,49.359924
2026-10-08 20:00:00,720.64,782.0834,61.44336,61.44336
2026-10-08 21:00:00,693.72003,742.9316,49.211548,49.211548
2026-10-08 22:00:00,676.97003,699.8752,22.905151,22.905151
2026-10-08 23:00:00,641.96,662.28815,20.328125,20.328125
2026-10-09 00:00:00,637.45,627.942,-9.507996,9.507996
2026-10-09 01:00:00,623.10004,614.34125,-8.758789,8.758789
2026-10-09 02:00:00,677.44,610.24817,-67.19183,67.19183
2026-10-09 03:00:00,639.11,624.7149,-14.395081,14.395081
2026-10-09 04:00:00,608.85004,646.31366,37.463623,37.463623
2026-10-09 05:00:00,675.91003,649.55023,-26.359802,26.359802
2026-10-09 06:00:00,694.26,671.2166,-23.043396,23.043396
2026-10-09 07:00:00,661.29,689.52466,28.23468,28.23468
2026-10-09 08:00:00,667.65,668.56067,0.91064453,0.91064453
2026-10-09 09:00:00,619.18,629.7351,10.555115,10.555115
2026-10-09 10:00:00,596.38,583.438,-12.942017,12.942017
2026-10-09 11:00:00,526.08,546.645,20.565002,20.565002
2026-10-09 12:00:00,551.26,515.963,-35.296997,35.296997
2026-10-09 13:00:00,541.63,519.9769,-21.653076,21.653076
2026-10-09 14:00:00,573.60004,525.7179,-47.88214,47.88214
2026-10-09 15:00:00,554.04004,584.73224,30.6922,30.6922
2026-10-09 16:00:00,630.55,631.62177,1.0717773,1.0717773
2026-10-09 17:00:00,699.27,713.8242,14.554199,14.554199
2026-10-09 18:00:00,749.85,781.8773,32.027344,32.027344
2026-10-09 19:00:00,777.52,813.0513,35.53125,35.53125
2026-10-09 20:00:00,758.77,796.21655,37.446533,37.446533
2026-10-09 21:00:00,716.81,755.9391,39.12909,39.12909
2026-10-09 22:00:00,711.71,709.1549,-2.5551147,2.5551147
2026-10-09 23:00:00,682.89,667.9174,-14.972595,14.972595
2026-10-10 00:00:00,549.32,636.1463,86.826294,86.826294
2026-10-10 01:00:00,512.84,564.9765,52.136475,52.136475
2026-10-10 02:00:00,483.66003,531.52344,47.863403,47.863403
2026-10-10 03:00:00,519.85004,525.0678,5.2177734,5.2177734
2026-10-10 04:00:00,523.47003,529.477,6.006958,6.006958
2026-10-10 05:00:00,592.73,545.98535,-46.74463,46.74463
2026-10-10 06:00:00,530.54004,569.61487,39.07483,39.07483
2026-10-10 07:00:00,634.49,578.946,-55.544006,55.544006
2026-10-10 08:00:00,580.49,569.2065,-11.283508,11.283508
2026-10-10 09:00:00,563.15,527.2009,-35.949097,35.949097
2026-10-10 10:00:00,535.41003,491.60464,-43.80539,43.80539
2026-10-10 11:00:00,453.56,457.52454,3.9645386,3.9645386
2026-10-10 12:00:00,431.18002,423.43384,-7.7461853,7.7461853
2026-10-10 13:00:00,424.73,418.1596,-6.570404,6.570404
2026-10-10 14:00:00,443.43002,438.44672,-4.983307,4.983307
2026-10-10 15:00:00,461.22003,490.89307,29.673035,29.673035
2026-10-10 16:00:00,523.07,548.1624,25.092407,25.092407
2026-10-10 17:00:00,579.41003,622.78217,43.37213,43.37213
2026-10-10 18:00:00,624.52,676.78094,52.260925,52.260925
2026-10-10 19:00:00,667.0,713.8471,46.847107,46.847107
2026-10-10 20:00:00,614.03,699.0807,85.05066,85.05066
2026-10-10 21:00:00,606.37,656.43146,50.061462,50.061462
2026-10-10 22:00:00,584.94,618.1026,33.162598,33.162598
2026-10-10 23:00:00,503.54004,588.9694,85.42938,85.42938
2026-10-11 00:00:00,476.41003,562.218,85.80798,85.80798
2026-10-11 01:00:00,531.27,536.7264,5.45636,5.45636
2026-10-11 02:00:00,486.89,527.86084,40.970825,40.970825
2026-10-11 03:00:00,527.75,524.62646,-3.1235352,3.1235352
2026-10-11 04:00:00,523.05,538.2777,15.227722,15.227722
2026-10-11 05:00:00,561.35004,551.6965,-9.653564,9.653564
2026-10-11 06:00:00,586.4,569.609,-16.791016,16.791016
2026-10-11 07:00:00,550.59,585.9672,35.377197,35.377197
2026-10-11 08:00:00,594.24,558.04504,-36.194946,36.194946
2026-10-11 09:00:00,551.84,523.76,-28.080017,28.080017
2026-10-11 10:00:00,491.11002,493.65082,2.540802,2.540802
2026-10-11 11:00:00,485.57,453.73056,-31.839447,31.839447
2026-10-11 12:00:00,435.18002,437.406,2.2259827,2.2259827
2026-10-11 13:00:00,417.17,430.38043,13.210419,13.210419
2026-10-11 14:00:00,450.76,454.90952,4.1495056,4.1495056
2026-10-11 15:00:00,483.55002,504.60114,21.051117,21.051117
2026-10-11 16:00:00,524.29004,552.6769,28.38684,28.38684
2026-10-11 17:00:00,599.83,611.49884,11.668823,11.668823
2026-10-11 18:00:00,642.42,680.26013,37.84015,37.84015
2026-10-11 19:00:00,597.26,720.6653,123.40527,123.40527
2026-10-11 20:00:00,668.82,698.7731,29.953064,29.953064
2026-10-11 21:00:00,610.47003,664.8786,54.40857,54.40857
2026-10-11 22:00:00,592.67,625.37756,32.70758,32.70758
2026-10-11 23:00:00,548.12,599.0704,50.95038,50.95038
2026-10-12 00:00:00,597.55,581.27985,-16.270142,16.270142
2026-10-12 01:00:00,590.54004,625.02356,34.48352,34.48352
2026-10-12 02:00:00,612.77,630.08203,17.312012,17.312012
2026-10-12 03:00:00,636.07,640.2229,4.152893,4.152893
2026-10-12 04:00:00,620.83,649.96326,29.13324,29.13324
2026-10-12 05:00:00,681.8,653.4945,-28.305481,28.305481
2026-10-12 06:00:00,675.39,670.0426,-5.347412,5.347412
2026-10-12 07:00:00,720.85,683.0659,-37.784058,37.784058
2026-10-12 08:00:00,683.37,661.4268,-21.943176,21.943176
2026-10-12 09:00:00,649.0,620.265,-28.734985,28.734985
2026-10-12 10:00:00,574.97003,578.9624,3.9923706,3.9923706
2026-10-12 11:00:00,537.36,539.3086,1.9486084,1.9486084
2026-10-12 12:00:00,510.01,512.1319,2.1218872,2.1218872
2026-10-12 13:00:00,510.19,514.3561,4.1660767,4.1660767
2026-10-12 14:00:00,536.2,537.50793,1.3079224,1.3079224
2026-10-12 15:00:00,606.52,581.0737,-25.44629,25.44629
2026-10-12 16:00:00,675.05,631.57416,-43.47583,43.47583
2026-10-12 17:00:00,656.21,695.89746,39.68744,39.68744
2026-10-12 18:00:00,740.83,748.8176,7.98761,7.98761
2026-10-12 19:00:00,754.17,764.7049,10.534912,10.534912
2026-10-12 20:00:00,739.87,756.5479,16.677917,16.677917
2026-10-12 21:00:00,692.88,726.82526,33.94525,33.94525
2026-10-12 22:00:00,699.67,694.5052,-5.164795,5.164795
2026-10-12 23:00:00,658.08,665.814,7.734009,7.734009
2026-10-13 00:00:00,643.52,640.7012,-2.8188477,2.8188477
2026-10-13 01:00:00,628.97003,631.69586,2.72583,2.72583
2026-10-13 02:00:00,584.51,624.6991,40.189087,40.189087
2026-10-13 03:00:00,617.42,639.47845,22.058472,22.058472
2026-10-13 04:00:00,655.14,633.03937,-22.100647,22.100647
2026-10-13 05:00:00,663.14,650.64197,-12.498047,12.498047
2026-10-13 06:00:00,688.84,666.98083,-21.859192,21.859192
2026-10-13 07:00:00,712.94,670.0504,-42.889587,42.889587
2026-10-13 08:00:00,660.25,647.4494,-12.800598,12.800598
2026-10-13 09:00:00,654.31,618.684,-35.625977,35.625977
2026-10-13 10:00:00,656.61,578.03345,-78.57654,78.57654
2026-10-13 11:00:00,584.54004,550.909,-33.631042,33.631042
2026-10-13 12:00:00,554.96,529.8823,-25.077698,25.077698
2026-10-13 13:00:00,551.81,530.74396,-21.06604,21.06604
2026-10-13 14:00:00,572.71,556.43176,-16.27826,16.27826
2026-10-13 15:00:00,588.52,591.369,2.848999,2.848999
2026-10-13 16:00:00,634.23,648.3099,14.079895,14.079895
2026-10-13 17:00:00,716.49,698.9888,-17.50122,17.50122
2026-10-13 18:00:00,685.03,756.0886,71.05859,71.05859
2026-10-13 19:00:00,714.58,779.7055,65.12549,65.12549
2026-10-13 20:00:00,711.31,761.80585,50.49585,50.49585
2026-10-13 21:00:00,700.85,725.89594,25.04596,25.04596
2026-10-13 22:00:00,688.91003,686.8214,-2.088623,2.088623
2026-10-13 23:00:00,686.55,654.88574,-31.664246,31.664246
2026-10-14 00:00:00,605.95,628.7705,22.820496,22.820496
2026-10-14 01:00:00,664.06,618.80054,-45.25946,45.25946
2026-10-14 02:00:00,616.41003,616.36945,-0.04058838,0.04058838
2026-10-14 03:00:00,648.19,626.1039,-22.08612,22.08612
2026-10-14 04:00:00,636.22003,637.1808,0.9607544,0.9607544
2026-10-14 05:00:00,628.64,648.7139,20.073914,20.073914
2026-10-14 06:00:00,709.96,666.82245,-43.137573,43.137573
2026-10-14 07:00:00,673.31,687.0575,13.747498,13.747498
2026-10-14 08:00:00,637.69,660.3505,22.660522,22.660522
2026-10-14 09:00:00,649.48,619.62134,-29.858643,29.858643
2026-10-14 10:00:00,619.19,576.654,-42.53601,42.53601
2026-10-14 11:00:00,596.7,545.19476,-51.50525,51.50525
2026-10-14 12:00:00,559.61,527.06537,-32.544617,32.544617
2026-10-14 13:00:00,551.01,523.1182,-27.891785,27.891785
2026-10-14 14:00:00,526.58,549.10486,22.524841,22.524841
2026-10-14 15:00:00,536.12,593.78284,57.66284,57.66284
2026-10-14 16:00:00,591.46,646.3199,54.859863,54.859863
2026-10-14 17:00:00,707.2,706.0099,-1.1901245,1.1901245
2026-10-14 18:00:00,747.53,727.9514,-19.578613,19.578613
2026-10-14 19:00:00,750.47,784.9956,34.525635,34.525635
2026-10-14 20:00:00,763.18,782.1048,18.924805,18.924805
2026-10-14 21:00:00,728.96,752.67017,23.710144,23.710144
2026-10-14 22:00:00,679.83,711.22174,31.391724,31.391724
2026-10-14 23:00:00,669.92,669.6553,-0.26470947,0.26470947
2026-10-15 00:00:00,601.44,637.1164,35.67639,35.67639
2026-10-15 01:00:00,687.51,621.88403,-65.62598,65.62598
2026-10-15 02:00:00,581.99,615.3506,33.360596,33.360596
2026-10-15 03:00:00,617.87,614.8803,-2.989685,2.989685
2026-10-15 04:00:00,619.19,630.517,11.327026,11.327026
2026-10-15 05:00:00,650.01,653.64166,3.6316528,3.6316528
2026-10-15 06:00:00,680.61,670.2331,-10.376892,10.376892
2026-10-15 07:00:00,728.28,683.3136,-44.96643,44.96643
2026-10-15 08:00:00,692.59,671.5492,-21.040833,21.040833
2026-10-15 09:00:00,646.22003,633.44464,-12.775391,12.775391
2026-10-15 10:00:00,617.08,584.44574,-32.634277,32.634277
2026-10-15 11:00:00,542.35004,540.1245,-2.225525,2.225525
2026-10-15 12:00:00,545.57,514.9354,-30.634583,30.634583
2026-10-15 13:00:00,526.53,522.82184,-3.708191,3.708191
2026-10-15 14:00:00,513.88,550.5422,36.66217,36.66217
2026-10-15 15:00:00,564.21,597.61694,33.40692,33.40692
2026-10-15 16:00:00,617.23,649.0605,31.830505,31.830505
2026-10-15 17:00:00,736.75,709.7089,-27.041077,27.041077
2026-10-15 18:00:00,735.41003,787.09094,51.68091,51.68091
2026-10-15 19:00:00,747.32,809.3023,61.9823,61.9823
2026-10-15 20:00:00,727.39,782.00854,54.61853,54.61853
2026-10-15 21:00:00,673.69,741.0678,67.37781,67.37781
2026-10-15 22:00:00,660.06,696.0686,36.008606,36.008606
2026-10-15 23:00:00,638.0,657.0275,19.027527,19.027527
2026-10-16 00:00:00,652.34,623.3314,-29.008606,29.008606
2026-10-16 01:00:00,624.88,612.0305,-12.849487,12.849487
2026-10-16 02:00:00,628.05,605.2042,-22.845764,22.845764
2026-10-16 03:00:00,654.88,612.2785,-42.6015,42.6015
2026-10-16 04:00:00,657.48,630.18604,-27.293945,27.293945
2026-10-16 05:00:00,670.22003,649.5018,-20.718262,20.718262
2026-10-16 06:00:00,715.37,670.3573,-45.012695,45.012695
2026-10-16 07:00:00,676.05,689.2787,13.228699,13.228699
2026-10-16 08:00:00,622.46,667.46106,45.001038,45.001038
2026-10-16 09:00:00,655.03,623.42114,-31.608887,31.608887
2026-10-16 10:00:00,584.51,580.7573,-3.7526855,3.7526855
2026-10-16 11:00:00,581.61,542.9978,-38.612183,38.612183
2026-10-16 12:00:00,536.44,523.29285,-13.147156,13.147156
2026-10-16 13:00:00,605.74,529.05676,-76.68323,76.68323
2026-10-16 14:00:00,574.15,560.54767,-13.602356,13.602356
2026-10-16 15:00:00,589.67,595.8358,6.1658325,6.1658325
2026-10-16 16:00:00,657.19,652.11053,-5.079468,5.079468
2026-10-16 17:00:00,661.83,723.15735,61.32733,61.32733
2026-10-16 18:00:00,724.09,786.541,62.45099,62.45099
2026-10-16 19:00:00,730.09,803.9784,73.88837,73.88837
2026-10-16 20:00:00,734.72003,778.958,44.237976,44.237976
2026-10-16 21:00:00,674.72003,736.44037,61.720337,61.720337
2026-10-16 22:00:00,649.27,690.2642,40.9942,40.9942
2026-10-16 23:00:00,639.36,648.92725,9.567261,9.567261
2026-10-17 00:00:00,471.98,616.03955,144.05954,144.05954
2026-10-17 01:00:00,505.83002,548.15155,42.321533,42.321533
2026-10-17 02:00:00,484.45,522.5092,38.059204,38.059204
2026-10-17 03:00:00,508.98,512.45154,3.471527,3.471527
2026-10-17 04:00:00,489.40002,524.59894,35.198914,35.198914
2026-10-17 05:00:00,579.31,534.6842,-44.625793,44.625793
2026-10-17 06:00:00,603.66003,556.1365,-47.52356,47.52356
2026-10-17 07:00:00,565.42004,575.77344,10.353394,10.353394
2026-10-17 08:00:00,584.51,557.2924,-27.21759,27.21759
2026-10-17 09:00:00,561.75,527.9824,-33.76758,33.76758
2026-10-17 10:00:00,505.69,488.46085,-17.229156,17.229156
2026-10-17 11:00:00,427.89,454.3507,26.460693,26.460693
2026-10-17 12:00:00,398.48,435.52005,37.04004,37.04004
2026-10-17 13:00:00,461.74002,430.24704,-31.492981,31.492981
2026-10-17 14:00:00,411.17004,453.41553,42.245483,42.245483
2026-10-17 15:00:00,483.48004,494.7674,11.2873535,11.2873535
2026-10-17 16:00:00,502.79,558.1336,55.343597,55.343597
2026-10-17 17:00:00,554.92,620.28143,65.36145,65.36145
2026-10-17 18:00:00,616.41003,677.4818,61.071777,61.071777
2026-10-17 19:00:00,652.79,710.5526,57.762634,57.762634
2026-10-17 20:00:00,630.04004,695.0818,65.04175,65.04175
2026-10-17 21:00:00,569.3,657.95184,88.651855,88.651855
2026-10-17 22:00:00,564.54004,621.4354,56.895386,56.895386
2026-10-17 23:00:00,523.09,591.22296,68.132935,68.132935
2026-10-18 00:00:00,511.78,570.6235,58.843475,58.843475
2026-10-18 01:00:00,524.66003,542.61005,17.950012,17.950012
2026-10-18 02:00:00,505.88,526.3956,20.515625,20.515625
2026-10-18 03:00:00,518.25,527.07043,8.820435,8.820435
2026-10-18 04:00:00,517.65,533.6619,16.011902,16.011902
2026-10-18 05:00:00,561.45,547.5388,-13.911194,13.911194
2026-10-18 06:00:00,580.72003,562.95404,-17.765991,17.765991
2026-10-18 07:00:00,586.48,579.00684,-7.4731445,7.4731445
2026-10-18 08:00:00,568.34,556.3386,-12.001404,12.001404
2026-10-18 09:00:00,579.0,520.36945,-58.630554,58.630554
2026-10-18 10:00:00,491.81,486.62085,-5.189148,5.189148
2026-10-18 11:00:00,452.65002,451.5812,-1.0688171,1.0688171
2026-10-18 12:00:00,405.64,432.32642,26.686401,26.686401
2026-10-18 13:00:00,465.64,423.39307,-42.24695,42.24695
2026-10-18 14:00:00,463.05002,451.32004,-11.72998,11.72998
2026-10-18 15:00:00,485.71002,495.56006,9.850037,9.850037
2026-10-18 16:00:00,487.13,545.8491,58.719116,58.719116
2026-10-18 17:00:00,590.32,608.2821,17.962097,17.962097
2026-10-18 18:00:00,622.99,682.309,59.31903,59.31903
2026-10-18 19:00:00,657.71,715.4481,57.7381,57.7381
2026-10-18 20:00:00,630.13,695.0248,64.894775,64.894775
2026-10-18 21:00:00,596.64,657.1292,60.489197,60.489197
2026-10-18 22:00:00,557.39,620.7505,63.360474,63.360474
2026-10-18 23:00:00,543.08,596.3127,53.232666,53.232666
2026-10-19 00:00:00,641.14,578.9197,-62.220337,62.220337
2026-10-19 01:00:00,649.52,636.50006,-13.0199585,13.0199585
2026-10-19 02:00:00,606.08,635.9435,29.863464,29.863464
2026-10-19 03:00:00,628.58,649.8764,21.296387,21.296387
2026-10-19 04:00:00,616.22003,648.97626,32.756226,32.756226
2026-10-19 05:00:00,650.53,656.19904,5.6690063,5.6690063
2026-10-19 06:00:00,670.18,665.09375,-5.0862427,5.0862427
2026-10-19 07:00:00,675.34,670.334,-5.0060425,5.0060425
2026-10-19 08:00:00,680.36,649.64154,-30.718445,30.718445
2026-10-19 09:00:00,680.59,613.5749,-67.01514,67.01514
2026-10-19 10:00:00,569.99,580.92633,10.93634,10.93634
2026-10-19 11:00:00,557.84,533.7758,-24.064209,24.064209
2026-10-19 12:00:00,523.52,507.99637,-15.523651,15.523651
2026-10-19 13:00:00,524.38,510.15186,-14.228149,14.228149
2026-10-19 14:00:00,586.24,536.95306,-49.286926,49.286926
2026-10-19 15:00:00,590.92,577.3538,-13.566162,13.566162
2026-10-19 16:00:00,613.97003,632.73663,18.766602,18.766602
2026-10-19 17:00:00,715.09,692.07355,-23.01648,23.01648
2026-10-19 18:00:00,739.46,752.0503,12.590271,12.590271
2026-10-19 19:00:00,727.66003,775.8512,48.191162,48.191162
2026-10-19 20:00:00,732.74,758.2729,25.532898,25.532898
2026-10-19 21:00:00,705.87,722.6216,16.751587,16.751587
2026-10-19 22:00:00,690.38,687.4572,-2.9227905,2.9227905
2026-10-19 23:00:00,660.0,656.7878,-3.2122192,3.2122192
2026-10-20 00:00:00,622.72003,632.3529,9.632874,9.632874
2026-10-20 01:00:00,641.29004,623.7589,-17.531128,17.531128
2026-10-20 02:00:00,619.67,620.0407,0.37072754,0.37072754
2026-10-20 03:00:00,631.45,618.3906,-13.059387,13.059387
2026-10-20 04:00:00,683.39,624.2717,-59.118286,59.118286
2026-10-20 05:00:00,625.52,640.18555,14.665527,14.665527
2026-10-20 06:00:00,707.81,643.0665,-64.74347,64.74347
2026-10-20 07:00:00,672.35004,658.5384,-13.8116455,13.8116455
2026-10-20 08:00:00,688.07,636.38715,-51.68286,51.68286
2026-10-20 09:00:00,643.07,602.26825,-40.801758,40.801758
2026-10-20 10:00:00,574.48,567.10706,-7.372925,7.372925
2026-10-20 11:00:00,537.76,530.3888,-7.371216,7.371216
2026-10-20 12:00:00,517.62,506.29123,-11.328766,11.328766
2026-10-20 13:00:00,537.39,521.23486,-16.155151,16.155151
2026-10-20 14:00:00,544.97003,545.5557,0.58569336,0.58569336
2026-10-20 15:00:00,585.71,589.96277,4.2527466,4.2527466
2026-10-20 16:00:00,659.82,646.929,-12.890991,12.890991
2026-10-20 17:00:00,662.17,649.02496,-13.14502,13.14502
2026-10-20 18:00:00,721.38,709.1893,-12.190735,12.190735
2026-10-20 19:00:00,732.29004,738.58276,6.2927246,6.2927246
2026-10-20 20:00:00,756.74,725.69977,-31.040222,31.040222
2026-10-20 21:00:00,698.35,698.36176,0.011779785,0.011779785
2026-10-20 22:00:00,685.46,672.4772,-12.982849,12.982849
2026-10-20 23:00:00,620.99,643.9932,23.003235,23.003235
2026-10-21 00:00:00,625.76,618.47534,-7.284668,7.284668
2026-10-21 01:00:00,633.83,609.4653,-24.364746,24.364746
2026-10-21 02:00:00,621.99,608.99524,-12.994751,12.994751
2026-10-21 03:00:00,619.31,617.46564,-1.8443604,1.8443604
2026-10-21 04:00:00,609.23,630.60345,21.373474,21.373474
2026-10-21 05:00:00,699.41003,642.90686,-56.503174,56.503174
2026-10-21 06:00:00,688.17,663.98175,-24.188232,24.188232
2026-10-21 07:00:00,746.14,673.78766,-72.352356,72.352356
2026-10-21 08:00:00,692.59,653.2828,-39.30725,39.30725
2026-10-21 09:00:00,657.14,611.37683,-45.763184,45.763184
2026-10-21 10:00:00,590.55,566.56775,-23.982239,23.982239
2026-10-21 11:00:00,556.47003,530.08215,-26.387878,26.387878
2026-10-21 12:00:00,537.28,514.89496,-22.38507,22.38507
2026-10-21 13:00:00,555.32,521.91327,-33.40674,33.40674
2026-10-21 14:00:00,575.49,557.5421,-17.947876,17.947876
2026-10-21 15:00:00,563.72003,588.87537,25.155334,25.155334
2026-10-21 16:00:00,608.15,640.42145,32.271423,32.271423
2026-10-21 17:00:00,668.27,703.5354,35.26538,35.26538
2026-10-21 18:00:00,745.43,757.4172,11.987183,11.987183
2026-10-21 19:00:00,737.1,785.33997,48.23999,48.23999
2026-10-21 20:00:00,732.31,772.6457,40.335693,40.335693
2026-10-21 21:00:00,745.32,734.48346,-10.836548,10.836548
2026-10-21 22:00:00,669.24,696.0562,26.816223,26.816223
2026-10-21 23:00:00,625.76,655.7593,29.999268,29.999268
2026-10-22 00:00:00,660.37,620.7129,-39.657104,39.657104
2026-10-22 01:00:00,624.35004,612.94977,-11.400269,11.400269
2026-10-22 02:00:00,651.84,604.4703,-47.36975,47.36975
2026-10-22 03:00:00,657.08,614.7611,-42.31891,42.31891
2026-10-22 04:00:00,649.29004,633.74786,-15.542175,15.542175
2026-10-22 05:00:00,670.13,641.8692,-28.260803,28.260803
2026-10-22 06:00:00,672.82,655.65607,-17.16394,17.16394
2026-10-22 07:00:00,685.83,675.5677,-10.262329,10.262329
2026-10-22 08:00:00,707.79004,656.47485,-51.315186,51.315186
2026-10-22 09:00:00,646.29,624.76544,-21.524536,21.524536
2026-10-22 10:00:00,578.69,586.67456,7.984558,7.984558
2026-10-22 11:00:00,510.58002,543.8699,33.289856,33.289856
2026-10-22 12:00:00,540.61,514.9191,-25.690857,25.690857
2026-10-22 13:00:00,497.43,523.14905,25.719055,25.719055
2026-10-22 14:00:00,583.13,544.55664,-38.573364,38.573364
2026-10-22 15:00:00,594.54004,592.4344,-2.1056519,2.1056519
2026-10-22 16:00:00,628.78,651.9307,23.150696,23.150696
2026-10-22 17:00:00,705.85,723.32874,17.47876,17.47876
2026-10-22 18:00:00,736.64,779.9041,43.2641,43.2641
2026-10-22 19:00:00,753.6,793.33826,39.73828,39.73828
2026-10-22 20:00:00,713.65,771.1952,57.545166,57.545166
2026-10-22 21:00:00,720.61,731.9544,11.344421,11.344421
2026-10-22 22:00:00,668.63,701.06696,32.43695,32.43695
2026-10-22 23:00:00,654.27,666.0549,11.784851,11.784851
2026-10-23 00:00:00,599.94,634.14685,34.20685,34.20685
2026-10-23 01:00:00,598.36,612.88544,14.525452,14.525452
2026-10-23 02:00:00,611.84,601.3224,-10.517639,10.517639
2026-10-23 03:00:00,626.8,608.9599,-17.840088,17.840088
2026-10-23 04:00:00,663.74,626.97406,-36.76593,36.76593
2026-10-23 05:00:00,590.47003,652.18274,61.712708,61.712708
2026-10-23 06:00:00,731.98,660.5621,-71.41791,71.41791
2026-10-23 07:00:00,690.41003,688.53937,-1.8706665,1.8706665
2026-10-23 08:00:00,687.34,670.6452,-16.694824,16.694824
2026-10-23 09:00:00,646.12,632.10406,-14.01593,14.01593
2026-10-23 10:00:00,585.5,581.3797,-4.1203003,4.1203003
2026-10-23 11:00:00,566.45,548.56036,-17.889648,17.889648
2026-10-23 12:00:00,545.2,520.40674,-24.793274,24.793274
2026-10-23 13:00:00,537.65,530.667,-6.983032,6.983032
2026-10-23 14:00:00,506.39,554.39124,48.00122,48.00122
2026-10-23 15:00:00,551.38,588.95825,37.578247,37.578247
2026-10-23 16:00:00,643.36,648.4853,5.125305,5.125305
2026-10-23 17:00:00,699.93,708.8252,8.895203,8.895203
2026-10-23 18:00:00,723.58,774.84595,51.26593,51.26593
2026-10-23 19:00:00,738.67,789.52356,50.853577,50.853577
2026-10-23 20:00:00,712.28,765.9297,53.64966,53.64966
2026-10-23 21:00:00,720.9,719.5557,-1.3442993,1.3442993
2026-10-23 22:00:00,674.32,678.6845,4.364502,4.364502
2026-10-23 23:00:00,639.58,642.2802,2.7001953,2.7001953
2026-10-24 00:00:00,501.23,613.6332,112.40317,112.40317
2026-10-24 01:00:00,526.64,549.53076,22.890747,22.890747
2026-10-24 02:00:00,511.87003,524.8374,12.967377,12.967377
2026-10-24 03:00:00,529.06,521.4476,-7.6124268,7.6124268
2026-10-24 04:00:00,527.82,529.7071,1.887085,1.887085
2026-10-24 05:00:00,558.27,542.13135,-16.138672,16.138672
2026-10-24 06:00:00,587.2,564.01685,-23.183167,23.183167
2026-10-24 07:00:00,591.8,576.8321,-14.9678955,14.9678955
2026-10-24 08:00:00,569.68,568.34424,-1.3357544,1.3357544
2026-10-24 09:00:00,467.42,536.6616,69.24161,69.24161
2026-10-24 10:00:00,485.81,483.53973,-2.2702637,2.2702637
2026-10-24 11:00:00,453.25,449.61627,-3.633728,3.633728
2026-10-24 12:00:00,441.74002,436.37823,-5.361786,5.361786
2026-10-24 13:00:00,399.29004,428.82953,29.53949,29.53949
2026-10-24 14:00:00,414.0,452.2807,38.2807,38.2807
2026-10-24 15:00:00,441.23,492.27774,51.04773,51.04773
2026-10-24 16:00:00,555.7,549.53345,-6.166565,6.166565
2026-10-24 17:00:00,579.37,624.9456,45.575623,45.575623
2026-10-24 18:00:00,636.5,667.25635,30.756348,30.756348
2026-10-24 19:00:00,589.51,704.41425,114.904236,114.904236
2026-10-24 20:00:00,620.31,681.6656,61.35559,61.35559
2026-10-24 21:00:00,606.78,643.7955,37.01544,37.01544
2026-10-24 22:00:00,579.66003,610.5875,30.92749,30.92749
2026-10-24 23:00:00,525.72003,580.51825,54.798218,54.798218
2026-10-25 00:00:00,494.71002,561.6549,66.944885,66.944885
2026-10-25 01:00:00,496.88,531.6983,34.8183,34.8183
2026-10-25 02:00:00,530.1,512.8035,-17.296448,17.296448
2026-10-25 03:00:00,480.24002,519.7016,39.46158,39.46158
2026-10-25 04:00:00,528.38,524.201,-4.179016,4.179016
2026-10-25 05:00:00,483.90002,543.5862,59.686157,59.686157
2026-10-25 06:00:00,595.60004,549.8486,-45.751465,45.751465
2026-10-25 07:00:00,577.45,573.06714,-4.3828735,4.3828735
2026-10-25 08:00:00,599.79004,555.1161,-44.67395,44.67395
2026-10-25 09:00:00,527.0,523.4251,-3.5748901,3.5748901
2026-10-25 10:00:00,478.42,487.38513,8.965118,8.965118
2026-10-25 11:00:00,444.94,448.07214,3.132141,3.132141
2026-10-25 12:00:00,419.0,426.22293,7.222931,7.222931
2026-10-25 13:00:00,386.39,424.5408,38.150787,38.150787
2026-10-25 14:00:00,423.82,448.66544,24.845428,24.845428
2026-10-25 15:00:00,418.26,488.73663,70.47662,70.47662
2026-10-25 16:00:00,528.85,535.6498,6.7998047,6.7998047
2026-10-25 17:00:00,564.01,612.2949,48.284912,48.284912
2026-10-25 18:00:00,639.14,669.31213,30.17212,30.17212
2026-10-25 19:00:00,673.60004,708.1603,34.56024,34.56024
2026-10-25 20:00:00,580.38,684.9838,104.60382,104.60382
2026-10-25 21:00:00,598.18,643.5395,45.359497,45.359497
2026-10-25 22:00:00,550.62,612.8087,62.18872,62.18872
2026-10-25 23:00:00,547.45,587.5447,40.094666,40.094666
2026-10-26 00:00:00,609.33,572.06915,-37.260864,37.260864
2026-10-26 01:00:00,624.38,627.0219,2.6419067,2.6419067
2026-10-26 02:00:00,599.15,625.1634,26.013367,26.013367
2026-10-26 03:00:00,612.65,629.44824,16.798218,16.798218
2026-10-26 04:00:00,631.7,639.9896,8.289612,8.289612
2026-10-26 05:00:00,620.3,655.3694,35.069397,35.069397
2026-10-26 06:00:00,651.89,655.81836,3.9283447,3.9283447
2026-10-26 07:00:00,692.89,668.62506,-24.264954,24.264954
2026-10-26 08:00:00,674.72003,653.0234,-21.696655,21.696655
2026-10-26 09:00:00,663.92,620.70154,-43.218445,43.218445
2026-10-26 10:00:00,601.0,584.91187,-16.088135,16.088135
2026-10-26 11:00:00,546.72003,547.74005,1.0200195,1.0200195
2026-10-26 12:00:00,538.38,515.4235,-22.956482,22.956482
2026-10-26 13:00:00,529.18,521.1251,-8.054871,8.054871
2026-10-26 14:00:00,518.73,543.48645,24.75647,24.75647
2026-10-26 15:00:00,594.54004,569.7298,-24.810242,24.810242
2026-10-26 16:00:00,621.51,629.2039,7.6939087,7.6939087
2026-10-26 17:00:00,639.35004,681.0941,41.74408,41.74408
2026-10-26 18:00:00,707.76,731.8485,24.088501,24.088501
2026-10-26 19:00:00,783.71,751.617,-32.093018,32.093018
2026-10-26 20:00:00,742.5,732.50635,-9.993652,9.993652
2026-10-26 21:00:00,728.99,705.34485,-23.645142,23.645142
2026-10-26 22:00:00,640.23,676.28485,36.05487,36.05487
2026-10-26 23:00:00,660.5,649.0558,-11.444214,11.444214
2026-10-27 00:00:00,604.88,621.19147,16.311462,16.311462
2026-10-27 01:00:00,593.06,618.8552,25.795227,25.795227
2026-10-27 02:00:00,626.53,617.4948,-9.035217,9.035217
2026-10-27 03:00:00,605.45,618.6247,13.174683,13.174683
2026-10-27 04:00:00,623.26,628.49945,5.239441,5.239441
2026-10-27 05:00:00,638.34,646.8025,8.462463,8.462463
2026-10-27 06:00:00,623.37,654.0982,30.72821,30.72821
2026-10-27 07:00:00,643.88,668.3355,24.455505,24.455505
2026-10-27 08:00:00,695.46,649.0744,-46.38562,46.38562
2026-10-27 09:00:00,616.53,619.38525,2.8552246,2.8552246
2026-10-27 10:00:00,621.13,573.5995,-47.530518,47.530518
2026-10-27 11:00:00,560.48,539.9022,-20.577759,20.577759
2026-10-27 12:00:00,503.43,520.8633,17.433289,17.433289
2026-10-27 13:00:00,531.88,514.039,-17.841003,17.841003
2026-10-27 14:00:00,550.45,531.8828,-18.5672,18.5672
2026-10-27 15:00:00,593.94,568.41907,-25.520935,25.520935
2026-10-27 16:00:00,630.66003,633.2796,2.6195679,2.6195679
2026-10-27 17:00:00,665.4,698.6059,33.20587,33.20587
2026-10-27 18:00:00,731.71,739.9037,8.193665,8.193665
2026-10-27 19:00:00,751.92,767.6289,15.708923,15.708923
2026-10-27 20:00:00,705.88,748.8133,42.93329,42.93329
2026-10-27 21:00:00,716.26,710.7555,-5.5045166,5.5045166
2026-10-27 22:00:00,661.02,673.88904,12.869019,12.869019
2026-10-27 23:00:00,654.71,645.9547,-8.75531,8.75531
2026-10-28 00:00:00,611.27,623.5045,12.234497,12.234497
2026-10-28 01:00:00,577.47003,618.6784,41.208374,41.208374
2026-10-28 02:00:00,630.01,609.1655,-20.844482,20.844482
2026-10-28 03:00:00,671.41003,614.9222,-56.487854,56.487854
2026-10-28 04:00:00,613.75,636.94824,23.198242,23.198242
2026-10-28 05:00:00,650.0,649.3273,-0.6727295,0.6727295
2026-10-28 06:00:00,673.38,654.79126,-18.588745,18.588745
2026-10-28 07:00:00,701.01,668.75397,-32.256042,32.256042
2026-10-28 08:00:00,678.75,649.0066,-29.743408,29.743408
2026-10-28 09:00:00,616.63,606.8115,-9.818481,9.818481
2026-10-28 10:00:00,591.84,565.632,-26.208008,26.208008
2026-10-28 11:00:00,528.69,532.7185,4.0285034,4.0285034
2026-10-28 12:00:00,551.54004,508.68915,-42.85089,42.85089
2026-10-28 13:00:00,539.81,518.8346,-20.975403,20.975403
2026-10-28 14:00:00,544.98,537.9374,-7.0426025,7.0426025
2026-10-28 15:00:00,576.98,578.33563,1.3556519,1.3556519
2026-10-28 16:00:00,626.72003,642.0392,15.319153,15.319153
2026-10-28 17:00:00,701.89,697.1972,-4.69281,4.69281
2026-10-28 18:00:00,758.67,758.2774,-0.39257812,0.39257812
2026-10-28 19:00:00,742.84,781.17004,38.330017,38.330017
2026-10-28 20:00:00,714.12,764.05505,49.93506,49.93506
2026-10-28 21:00:00,674.4,727.4706,53.070557,53.070557
2026-10-28 22:00:00,684.77,685.7523,0.9822998,0.9822998
2026-10-28 23:00:00,617.45,652.5092,35.059204,35.059204
2026-10-29 00:00:00,609.86,621.72266,11.862671,11.862671
2026-10-29 01:00:00,608.07,612.08606,4.0160522,4.0160522
2026-10-29 02:00:00,662.55,601.6248,-60.92517,60.92517
2026-10-29 03:00:00,651.07,610.6477,-40.422302,40.422302
2026-10-29 04:00:00,671.89,623.809,-48.080994,48.080994
2026-10-29 05:00:00,639.15,639.2955,0.14544678,0.14544678
2026-10-29 06:00:00,711.39,654.8733,-56.516724,56.516724
2026-10-29 07:00:00,673.0,673.8604,0.8604126,0.8604126
2026-10-29 08:00:00,674.38,650.2537,-24.126282,24.126282
2026-10-29 09:00:00,608.82,610.8885,2.0684814,2.0684814
2026-10-29 10:00:00,603.3,573.96985,-29.33014,29.33014
2026-10-29 11:00:00,567.39,545.6606,-21.729431,21.729431
2026-10-29 12:00:00,511.40002,523.3801,11.980103,11.980103
2026-10-29 13:00:00,524.3,523.039,-1.2609863,1.2609863
2026-10-29 14:00:00,581.05,552.455,-28.59497,28.59497
2026-10-29 15:00:00,563.92004,597.7488,33.828735,33.828735
2026-10-29 16:00:00,615.88,639.09705,23.217041,23.217041
2026-10-29 17:00:00,685.66003,691.65173,5.991699,5.991699
2026-10-29 18:00:00,756.24,764.74634,8.506348,8.506348
2026-10-29 19:00:00,724.31,791.5739,67.263916,67.263916
2026-10-29 20:00:00,689.84,770.4606,80.620544,80.620544
2026-10-29 21:00:00,707.81,724.1265,16.316528,16.316528
2026-10-29 22:00:00,687.39,680.29913,-7.0908813,7.0908813
2026-10-29 23:00:00,668.15,646.5023,-21.647705,21.647705
2026-10-30 00:00:00,626.88,618.7286,-8.151428,8.151428
2026-10-30 01:00:00,596.65,603.2794,6.6293945,6.6293945
2026-10-30 02:00:00,636.7,592.1161,-44.583923,44.583923
2026-10-30 03:00:00,642.77,603.4139,-39.35614,39.35614
2026-10-30 04:00:00,619.09,618.7507,-0.33935547,0.33935547
2026-10-30 05:00:00,666.98,638.2726,-28.707397,28.707397
2026-10-30 06:00:00,637.99,653.41125,15.421265,15.421265
2026-10-30 07:00:00,720.23,661.49976,-58.730225,58.730225
2026-10-30 08:00:00,657.71,656.2185,-1.4915161,1.4915161
2026-10-30 09:00:00,586.26,616.2983,30.038269,30.038269
2026-10-30 10:00:00,573.38,568.1458,-5.234192,5.234192
2026-10-30 11:00:00,566.01,539.6326,-26.37738,26.37738
2026-10-30 12:00:00,561.84,524.0637,-37.776306,37.776306
2026-10-30 13:00:00,548.23,533.4021,-14.827881,14.827881
2026-10-30 14:00:00,506.46002,554.53375,48.07373,48.07373
2026-10-30 15:00:00,551.91003,600.7879,48.87787,48.87787
2026-10-30 16:00:00,601.72003,644.97046,43.250427,43.250427
2026-10-30 17:00:00,678.8,700.2244,21.424438,21.424438
2026-10-30 18:00:00,705.89,751.7418,45.851807,45.851807
2026-10-30 19:00:00,740.51,788.59326,48.083252,48.083252
2026-10-30 20:00:00,750.29004,776.875,26.58496,26.58496
2026-10-30 21:00:00,701.1,742.6881,41.588135,41.588135
2026-10-30 22:00:00,697.6,699.9997,2.3997192,2.3997192
2026-10-30 23:00:00,639.35004,662.5518,23.201782,23.201782
2026-10-31 00:00:00,537.19,627.65063,90.46063,90.46063
2026-10-31 01:00:00,532.79004,558.48865,25.698608,25.698608
2026-10-31 02:00:00,522.47003,536.53436,14.064331,14.064331
2026-10-31 03:00:00,518.60004,520.7948,2.1947632,2.1947632
2026-10-31 04:00:00,555.3,526.5294,-28.770569,28.770569
2026-10-31 05:00:00,563.14,540.75354,-22.386475,22.386475
2026-10-31 06:00:00,563.67004,555.7285,-7.9415283,7.9415283
2026-10-31 07:00:00,552.01,572.8377,20.827698,20.827698
2026-10-31 08:00:00,564.03,545.8767,-18.15332,18.15332
2026-10-31 09:00:00,485.87003,510.95685,25.086823,25.086823
2026-10-31 10:00:00,480.36002,471.09296,-9.267059,9.267059
2026-10-31 11:00:00,434.28003,442.0962,7.816162,7.816162
2026-10-31 12:00:00,404.34003,425.8202,21.480164,21.480164
2026-10-31 13:00:00,428.69003,425.39154,-3.2984924,3.2984924
2026-10-31 14:00:00,438.26,453.15878,14.898773,14.898773
2026-10-31 15:00:00,476.62,493.3691,16.749115,16.749115
2026-10-31 16:00:00,516.1,540.7637,24.663696,24.663696
2026-10-31 17:00:00,585.45,606.0436,20.593567,20.593567
2026-10-31 18:00:00,638.05,662.04626,23.996277,23.996277
2026-10-31 19:00:00,626.15,694.6437,68.49365,68.49365
2026-10-31 20:00:00,618.29004,673.07446,54.784424,54.784424
2026-10-31 21:00:00,590.83,637.8648,47.03479,47.03479
2026-10-31 22:00:00,596.98,602.0925,5.112549,5.112549
2026-10-31 23:00:00,551.06,579.4277,28.367676,28.367676
2026-11-01 00:00:00,495.7,558.84265,63.14264,63.14264
2026-11-01 01:00:00,475.26,528.8861,53.6261,53.6261
2026-11-01 02:00:00,542.31,509.36145,-32.948547,32.948547
2026-11-01 03:00:00,523.36,511.91373,-11.446259,11.446259
2026-11-01 04:00:00,561.22003,522.56,-38.660034,38.660034
2026-11-01 05:00:00,571.59,539.0178,-32.572205,32.572205
2026-11-01 06:00:00,559.13,554.4924,-4.6376343,4.6376343
2026-11-01 07:00:00,566.94,573.6137,6.673706,6.673706
2026-11-01 08:00:00,583.48,554.40564,-29.07434,29.07434
2026-11-01 09:00:00,514.4,523.5446,9.144592,9.144592
2026-11-01 10:00:00,483.31,488.00873,4.6987305,4.6987305
2026-11-01 11:00:00,460.69,458.10413,-2.5858765,2.5858765
2026-11-01 12:00:00,410.34003,439.56647,29.22644,29.22644
2026-11-01 13:00:00,464.44,427.31702,-37.122986,37.122986
2026-11-01 14:00:00,443.92004,454.2577,10.3376465,10.3376465
2026-11-01 15:00:00,432.72003,491.90576,59.18573,59.18573
2026-11-01 16:00:00,520.57,542.1675,21.597473,21.597473
2026-11-01 17:00:00,588.81,608.8203,20.010315,20.010315
2026-11-01 18:00:00,641.9,672.1434,30.243347,30.243347
2026-11-01 19:00:00,612.5,694.9534,82.45343,82.45343
2026-11-01 20:00:00,629.76,673.1426,43.38257,43.38257
2026-11-01 21:00:00,593.66003,642.0863,48.42627,48.42627
2026-11-01 22:00:00,553.47003,607.42426,53.954224,53.954224
2026-11-01 23:00:00,541.63,579.6978,38.06781,38.06781
2026-11-02 00:00:00,632.5,560.13245,-72.36755,72.36755
2026-11-02 01:00:00,652.65,612.0665,-40.583496,40.583496
2026-11-02 02:00:00,628.22003,621.0701,-7.1499023,7.1499023
2026-11-02 03:00:00,632.88,629.04895,-3.8310547,3.8310547
2026-11-02 04:00:00,640.87,639.49207,-1.3779297,1.3779297
2026-11-02 05:00:00,689.84,644.9495,-44.890503,44.890503
2026-11-02 06:00:00,648.25,658.2909,10.040894,10.040894
2026-11-02 07:00:00,712.22003,665.9446,-46.27545,46.27545
2026-11-02 08:00:00,676.84,651.7417,-25.098328,25.098328
2026-11-02 09:00:00,639.2,612.9405,-26.259521,26.259521
2026-11-02 10:00:00,602.51,571.75635,-30.753662,30.753662
2026-11-02 11:00:00,582.31,544.1854,-38.124573,38.124573
2026-11-02 12:00:00,540.9,518.1005,-22.7995,22.7995
2026-11-02 13:00:00,545.76,521.4952,-24.264832,24.264832
2026-11-02 14:00:00,538.54004,542.4886,3.9485474,3.9485474
2026-11-02 15:00:00,593.53,568.72754,-24.80249,24.80249
2026-11-02 16:00:00,617.63,610.6161,-7.013916,7.013916
2026-11-02 17:00:00,632.35004,667.06866,34.718628,34.718628
2026-11-02 18:00:00,730.0,720.9875,-9.012512,9.012512
2026-11-02 19:00:00,799.44,729.55615,-69.88385,69.88385
2026-11-02 20:00:00,767.45,729.6321,-37.817932,37.817932
2026-11-02 21:00:00,723.71,696.71265,-26.997375,26.997375
2026-11-02 22:00:00,658.66003,681.04315,22.383118,22.383118
2026-11-02 23:00:00,667.88,657.85254,-10.027466,10.027466
2026-11-03 00:00:00,619.93,628.0882,8.158203,8.158203
2026-11-03 01:00:00,581.34,627.5594,46.21936,46.21936
2026-11-03 02:00:00,617.06,616.41504,-0.6449585,0.6449585
2026-11-03 03:00:00,594.94,625.4032,30.463196,30.463196
2026-11-03 04:00:00,626.47003,630.5121,4.042053,4.042053
2026-11-03 05:00:00,698.46,644.883,-53.577026,53.577026
2026-11-03 06:00:00,651.43,661.6147,10.184692,10.184692
2026-11-03 07:00:00,693.35,678.94,-14.409973,14.409973
2026-11-03 08:00:00,639.19,658.9696,19.779602,19.779602
2026-11-03 09:00:00,614.59,630.45374,15.8637085,15.8637085
2026-11-03 10:00:00,575.39,587.5039,12.113892,12.113892
2026-11-03 11:00:00,518.79004,553.9786,35.188538,35.188538
2026-11-03 12:00:00,520.91003,530.46027,9.550232,9.550232
2026-11-03 13:00:00,519.67004,516.5572,-3.112854,3.112854
2026-11-03 14:00:00,543.99,536.91766,-7.0723267,7.0723267
2026-11-03 15:00:00,574.67,578.7579,4.0878906,4.0878906
2026-11-03 16:00:00,579.68,618.25446,38.574463,38.574463
2026-11-03 17:00:00,643.86,678.1299,34.269897,34.269897
2026-11-03 18:00:00,728.76,720.97504,-7.784973,7.784973
2026-11-03 19:00:00,754.64,749.3707,-5.269287,5.269287
2026-11-03 20:00:00,670.91003,723.77246,52.862427,52.862427
2026-11-03 21:00:00,715.24,692.75793,-22.482056,22.482056
2026-11-03 22:00:00,637.57,663.87585,26.305847,26.305847
2026-11-03 23:00:00,650.33,634.1074,-16.222595,16.222595
2026-11-04 00:00:00,614.15,611.0704,-3.0796509,3.0796509
2026-11-04 01:00:00,637.92,606.62396,-31.29602,31.29602
2026-11-04 02:00:00,656.26,609.39056,-46.869446,46.869446
2026-11-04 03:00:00,628.53,609.6961,-18.833923,18.833923
2026-11-04 04:00:00,638.49,621.8705,-16.619507,16.619507
2026-11-04 05:00:00,603.37,642.45575,39.085754,39.085754
2026-11-04 06:00:00,664.65,646.386,-18.264038,18.264038
2026-11-04 07:00:00,665.56,663.22375,-2.3362427,2.3362427
2026-11-04 08:00:00,663.43,644.50165,-18.928345,18.928345
2026-11-04 09:00:00,646.13,609.71533,-36.414673,36.414673
2026-11-04 10:00:00,589.92,575.4242,-14.495789,14.495789
2026-11-04 11:00:00,540.91003,539.44543,-1.4645996,1.4645996
2026-11-04 12:00:00,575.54004,514.58856,-60.951477,60.951477
2026-11-04 13:00:00,562.96,521.36566,-41.59436,41.59436
2026-11-04 14:00:00,546.36,553.6652,7.305237,7.305237
2026-11-04 15:00:00,554.63,591.44275,36.812744,36.812744
2026-11-04 16:00:00,601.46,623.4602,22.000183,22.000183
2026-11-04 17:00:00,699.76,682.6973,-17.062683,17.062683
2026-11-04 18:00:00,732.23,747.9382,15.708191,15.708191
2026-11-04 19:00:00,771.55,761.8096,-9.7404175,9.7404175
2026-11-04 20:00:00,705.86,746.6581,40.798096,40.798096
2026-11-04 21:00:00,705.93,709.75464,3.824646,3.824646
2026-11-04 22:00:00,646.71,666.0259,19.315857,19.315857
2026-11-04 23:00:00,648.48,629.54767,-18.932312,18.932312
2026-11-05 00:00:00,624.81,602.9741,-21.835876,21.835876
2026-11-05 01:00:00,625.24,598.53033,-26.709656,26.709656
2026-11-05 02:00:00,611.91003,595.1876,-16.722412,16.722412
2026-11-05 03:00:00,597.04004,604.16925,7.1292114,7.1292114
2026-11-05 04:00:00,629.32,619.2489,-10.071106,10.071106
2026-11-05 05:00:00,664.61,628.8821,-35.727905,35.727905
2026-11-05 06:00:00,618.99,647.8437,28.853699,28.853699
2026-11-05 07:00:00,703.88,657.7569,-46.123108,46.123108
2026-11-05 08:00:00,675.09,649.63696,-25.453064,25.453064
2026-11-05 09:00:00,625.4,616.79126,-8.608765,8.608765
2026-11-05 10:00:00,590.25,575.7772,-14.472778,14.472778
2026-11-05 11:00:00,574.03,537.8363,-36.193726,36.193726
2026-11-05 12:00:00,555.48,508.73584,-46.74414,46.74414
2026-11-05 13:00:00,515.12,516.90295,1.782959,1.782959
2026-11-05 14:00:00,598.22003,542.1327,-56.08734,56.08734
2026-11-05 15:00:00,587.36,596.8491,9.489136,9.489136
2026-11-05 16:00:00,621.31,654.0086,32.69861,32.69861
2026-11-05 17:00:00,660.38,693.9554,33.57538,33.57538
2026-11-05 18:00:00,720.84,753.56366,32.723633,32.723633
2026-11-05 19:00:00,704.53,777.9701,73.44006,73.44006
2026-11-05 20:00:00,762.4,756.516,-5.884033,5.884033
2026-11-05 21:00:00,699.86,723.4866,23.626587,23.626587
2026-11-05 22:00:00,657.38,677.44934,20.069336,20.069336
2026-11-05 23:00:00,654.60004,639.07825,-15.52179,15.52179
2026-11-06 00:00:00,620.52,610.22626,-10.293762,10.293762
2026-11-06 01:00:00,582.46,596.6839,14.223877,14.223877
2026-11-06 02:00:00,622.76,589.279,-33.481018,33.481018
2026-11-06 03:00:00,603.29004,597.6252,-5.664856,5.664856
2026-11-06 04:00:00,628.23,618.2322,-9.997803,9.997803
2026-11-06 05:00:00,683.29004,627.3359,-55.954163,55.954163
2026-11-06 06:00:00,679.73,649.99677,-29.733215,29.733215
2026-11-06 07:00:00,698.02,667.3195,-30.7005,30.7005
2026-11-06 08:00:00,690.2,653.6448,-36.555237,36.555237
2026-11-06 09:00:00,654.05,619.11865,-34.931335,34.931335
2026-11-06 10:00:00,612.33,579.0629,-33.26709,33.26709
2026-11-06 11:00:00,579.21,539.0383,-40.17169,40.17169
2026-11-06 12:00:00,549.77,516.72644,-33.04358,33.04358
2026-11-06 13:00:00,553.94,518.2871,-35.652893,35.652893
2026-11-06 14:00:00,528.30005,552.1267,23.82666,23.82666
2026-11-06 15:00:00,557.06,583.8857,26.825684,26.825684
2026-11-06 16:00:00,625.26,633.45514,8.195129,8.195129
2026-11-06 17:00:00,685.57,695.2616,9.691589,9.691589
2026-11-06 18:00:00,711.54,748.7802,37.240234,37.240234
2026-11-06 19:00:00,737.03,778.44855,41.418518,41.418518
2026-11-06 20:00:00,719.74,755.28265,35.542664,35.542664
2026-11-06 21:00:00,726.4,716.6342,-9.765808,9.765808
2026-11-06 22:00:00,658.76,674.8547,16.094666,16.094666
2026-11-06 23:00:00,626.82,635.0847,8.264709,8.264709
2026-11-07 00:00:00,481.28003,605.64575,124.36572,124.36572
2026-11-07 01:00:00,477.27002,538.9833,61.713257,61.713257
2026-11-07 02:00:00,478.68,511.22952,32.54953,32.54953
2026-11-07 03:00:00,517.41003,505.57132,-11.838715,11.838715
2026-11-07 04:00:00,493.98,518.16516,24.18515,24.18515
2026-11-07 05:00:00,503.97003,529.5003,25.530273,25.530273
2026-11-07 06:00:00,519.27,548.5506,29.280579,29.280579
2026-11-07 07:00:00,570.72003,560.85004,-9.869995,9.869995
2026-11-07 08:00:00,494.84003,546.8152,51.97516,51.97516
2026-11-07 09:00:00,501.15002,502.5042,1.354187,1.354187
2026-11-07 10:00:00,506.23,477.5983,-28.631714,28.631714
2026-11-07 11:00:00,465.97003,456.02435,-9.945679,9.945679
2026-11-07 12:00:00,391.95,437.23114,45.281128,45.281128
2026-11-07 13:00:00,448.80002,423.7107,-25.089325,25.089325
2026-11-07 14:00:00,420.99,450.09705,29.107056,29.107056
2026-11-07 15:00:00,442.68002,490.42847,47.748444,47.748444
2026-11-07 16:00:00,518.4,540.20233,21.802307,21.802307
2026-11-07 17:00:00,561.47003,589.734,28.263977,28.263977
2026-11-07 18:00:00,582.21,652.3279,70.11786,70.11786
2026-11-07 19:00:00,614.17,675.72375,61.553772,61.553772
2026-11-07 20:00:00,605.67,658.83984,53.16986,53.16986
2026-11-07 21:00:00,619.97003,626.9986,7.0285645,7.0285645
2026-11-07 22:00:00,538.48,598.754,60.274048,60.274048
2026-11-07 23:00:00,520.01,570.82874,50.818726,50.818726
2026-11-08 00:00:00,489.79,565.41895,75.62894,75.62894
2026-11-08 01:00:00,490.47003,534.26965,43.79962,43.79962
2026-11-08 02:00:00,515.15,512.4122,-2.737854,2.737854
2026-11-08 03:00:00,538.16003,512.7437,-25.41632,25.41632
2026-11-08 04:00:00,503.31,523.6449,20.3349,20.3349
2026-11-08 05:00:00,485.93002,535.37524,49.44522,49.44522
2026-11-08 06:00:00,559.89,544.1233,-15.766724,15.766724
2026-11-08 07:00:00,526.28,563.25824,36.97821,36.97821
2026-11-08 08:00:00,555.62,541.29913,-14.320862,14.320862
2026-11-08 09:00:00,517.26,511.62598,-5.634033,5.634033
2026-11-08 10:00:00,461.04,472.72333,11.683319,11.683319
2026-11-08 11:00:00,464.03003,451.06293,-12.967102,12.967102
2026-11-08 12:00:00,427.82,440.35846,12.538452,12.538452
2026-11-08 13:00:00,386.36002,430.3864,44.026398,44.026398
2026-11-08 14:00:00,394.03003,448.7025,54.672485,54.672485
2026-11-08 15:00:00,470.94,487.2182,16.278198,16.278198
2026-11-08 16:00:00,540.54004,545.45874,4.918701,4.918701
2026-11-08 17:00:00,542.21,612.8623,70.65228,70.65228
2026-11-08 18:00:00,606.68,666.85114,60.171143,60.171143
2026-11-08 19:00:00,606.0,691.7808,85.78082,85.78082
2026-11-08 20:00:00,619.14,668.81055,49.670532,49.670532
2026-11-08 21:00:00,580.18,639.03577,58.855774,58.855774
2026-11-08 22:00:00,559.88,603.6595,43.77948,43.77948
2026-11-08 23:00:00,512.95,578.86115,65.91113,65.91113
2026-11-09 00:00:00,597.93,555.1531,-42.776917,42.776917
2026-11-09 01:00:00,604.4,607.06024,2.6602173,2.6602173
2026-11-09 02:00:00,607.04004,612.89606,5.856018,5.856018
2026-11-09 03:00:00,625.66003,623.36365,-2.2963867,2.2963867
2026-11-09 04:00:00,640.68,639.48505,-1.1949463,1.1949463
2026-11-09 05:00:00,654.82,643.59106,-11.228943,11.228943
2026-11-09 06:00:00,648.42,654.49817,6.078186,6.078186
2026-11-09 07:00:00,701.86,659.98,-41.880005,41.880005
2026-11-09 08:00:00,675.31,649.1306,-26.179382,26.179382
2026-11-09 09:00:00,666.15,612.8721,-53.277954,53.277954
2026-11-09 10:00:00,606.10004,577.54535,-28.554688,28.554688
2026-11-09 11:00:00,509.73,545.17847,35.448456,35.448456
2026-11-09 12:00:00,500.23,522.3208,22.09079,22.09079
2026-11-09 13:00:00,578.08,518.2362,-59.84381,59.84381
2026-11-09 14:00:00,566.42004,544.5734,-21.846619,21.846619
2026-11-09 15:00:00,567.12,586.22614,19.10614,19.10614
2026-11-09 16:00:00,661.49,630.01465,-31.475342,31.475342
2026-11-09 17:00:00,630.15,675.93475,45.78473,45.78473
2026-11-09 18:00:00,704.34,718.8912,14.551147,14.551147
2026-11-09 19:00:00,742.48,738.82965,-3.6503296,3.6503296
2026-11-09 20:00:00,721.15,727.0047,5.8546753,5.8546753
2026-11-09 21:00:00,713.91003,690.4209,-23.489136,23.489136
2026-11-09 22:00:00,696.8,659.7555,-37.044495,37.044495
2026-11-09 23:00:00,652.0,639.04126,-12.95874,12.95874
2026-11-10 00:00:00,574.0,614.3429,40.342896,40.342896
2026-11-10 01:00:00,652.68,605.7616,-46.918396,46.918396
2026-11-10 02:00:00,609.15,608.1424,-1.0076294,1.0076294
2026-11-10 03:00:00,609.87,618.8692,8.999207,8.999207
2026-11-10 04:00:00,589.55,631.0081,41.45813,41.45813
2026-11-10 05:00:00,649.11,632.2418,-16.868164,16.868164
2026-11-10 06:00:00,632.44,649.5654,17.125427,17.125427
2026-11-10 07:00:00,664.31,655.0784,-9.231567,9.231567
2026-11-10 08:00:00,646.38,638.82306,-7.556946,7.556946
2026-11-10 09:00:00,626.7,604.467,-22.233032,22.233032
2026-11-10 10:00:00,583.46,567.67456,-15.785461,15.785461
2026-11-10 11:00:00,509.94,534.4509,24.510925,24.510925
2026-11-10 12:00:00,534.48,503.54416,-30.935822,30.935822
2026-11-10 13:00:00,539.67004,505.44128,-34.22876,34.22876
2026-11-10 14:00:00,536.23,533.1025,-3.1275024,3.1275024
2026-11-10 15:00:00,630.61,581.80066,-48.809326,48.809326
2026-11-10 16:00:00,588.97003,627.73047,38.760437,38.760437
2026-11-10 17:00:00,683.73,678.96136,-4.7686157,4.7686157
2026-11-10 18:00:00,735.76,728.6133,-7.1467285,7.1467285
2026-11-10 19:00:00,716.95,745.7827,28.832703,28.832703
2026-11-10 20:00:00,738.18,727.37836,-10.801636,10.801636
2026-11-10 21:00:00,668.97003,696.1295,27.159485,27.159485
2026-11-10 22:00:00,649.38,659.15466,9.774658,9.774658
2026-11-10 23:00:00,641.44,627.9541,-13.485901,13.485901
2026-11-11 00:00:00,597.65,604.5517,6.9016724,6.9016724
2026-11-11 01:00:00,607.81,599.6224,-8.187622,8.187622
2026-11-11 02:00:00,573.07,595.7808,22.710815,22.710815
2026-11-11 03:00:00,651.79004,603.6283,-48.161743,48.161743
2026-11-11 04:00:00,636.47003,622.27997,-14.190063,14.190063
2026-11-11 05:00:00,650.03,643.30664,-6.7233887,6.7233887
2026-11-11 06:00:00,661.47003,647.81586,-13.654175,13.654175
2026-11-11 07:00:00,642.59,660.39923,17.809204,17.809204
2026-11-11 08:00:00,697.7,642.3239,-55.3761,55.3761
2026-11-11 09:00:00,645.57,617.4502,-28.119812,28.119812
2026-11-11 10:00:00,559.81,572.89935,13.089355,13.089355
2026-11-11 11:00:00,530.64,539.72516,9.085144,9.085144
2026-11-11 12:00:00,545.53,520.66156,-24.86847,24.86847
2026-11-11 13:00:00,535.41003,519.8922,-15.517822,15.517822
2026-11-11 14:00:00,548.85004,542.269,-6.5810547,6.5810547
2026-11-11 15:00:00,522.47003,583.69336,61.223328,61.223328
2026-11-11 16:00:00,615.17,625.8059,10.635925,10.635925
2026-11-11 17:00:00,652.06,680.4187,28.358704,28.358704
2026-11-11 18:00:00,690.64,727.7413,37.101257,37.101257
2026-11-11 19:00:00,725.28,761.6407,36.360657,36.360657
2026-11-11 20:00:00,708.82,739.46625,30.64624,30.64624
2026-11-11 21:00:00,644.5,706.0678,61.56781,61.56781
2026-11-11 22:00:00,657.91003,664.4679,6.5578613,6.5578613
2026-11-11 23:00:00,652.98,630.66925,-22.31073,22.31073
2026-11-12 00:00:00,625.51,607.94775,-17.562256,17.562256
2026-11-12 01:00:00,631.99,606.3129,-25.677063,25.677063
2026-11-12 02:00:00,597.44,595.99243,-1.4475708,1.4475708
2026-11-12 03:00:00,605.03,614.13654,9.106506,9.106506
2026-11-12 04:00:00,599.72003,611.1853,11.465271,11.465271
2026-11-12 05:00:00,597.96,630.3663,32.40625,32.40625
2026-11-12 06:00:00,679.16003,644.8547,-34.30536,34.30536
2026-11-12 07:00:00,671.9,666.06635,-5.833679,5.833679
2026-11-12 08:00:00,665.55,645.6638,-19.88617,19.88617
2026-11-12 09:00:00,669.83,607.8529,-61.97711,61.97711
2026-11-12 10:00:00,588.38,572.3013,-16.078735,16.078735
2026-11-12 11:00:00,571.11,533.6865,-37.423462,37.423462
2026-11-12 12:00:00,518.07,517.44604,-0.6239624,0.6239624
2026-11-12 13:00:00,564.55,521.4541,-43.095886,43.095886
2026-11-12 14:00:00,567.72003,555.74347,-11.9765625,11.9765625
2026-11-12 15:00:00,528.35004,595.9551,67.60504,67.60504
2026-11-12 16:00:00,595.06,647.64966,52.58966,52.58966
2026-11-12 17:00:00,664.71,690.32434,25.614319,25.614319
2026-11-12 18:00:00,702.09,747.10333,45.013306,45.013306
2026-11-12 19:00:00,753.28,779.75946,26.479431,26.479431
2026-11-12 20:00:00,748.39,758.34467,9.954651,9.954651
2026-11-12 21:00:00,675.08,721.16254,46.08252,46.08252
2026-11-12 22:00:00,649.34,674.80444,25.464417,25.464417
2026-11-12 23:00:00,640.93,634.5635,-6.366516,6.366516
2026-11-13 00:00:00,651.64,606.0296,-45.610413,45.610413
2026-11-13 01:00:00,631.98,595.993,-35.987,35.987
2026-11-13 02:00:00,609.72003,590.7541,-18.965942,18.965942
2026-11-13 03:00:00,604.24,597.60754,-6.6324463,6.6324463
2026-11-13 04:00:00,635.48,614.3604,-21.119568,21.119568
2026-11-13 05:00:00,649.86,632.91016,-16.94983,16.94983
2026-11-13 06:00:00,674.78,651.8373,-22.942749,22.942749
2026-11-13 07:00:00,651.8,667.9279,16.12793,16.12793
2026-11-13 08:00:00,668.33,649.59503,-18.734985,18.734985
2026-11-13 09:00:00,643.0,614.23145,-28.768555,28.768555
2026-11-13 10:00:00,582.52,575.968,-6.552002,6.552002
2026-11-13 11:00:00,576.24,544.48157,-31.758423,31.758423
2026-11-13 12:00:00,558.55,528.1365,-30.413513,30.413513
2026-11-13 13:00:00,529.8,523.68225,-6.117737,6.117737
2026-11-13 14:00:00,553.12,543.2782,-9.841797,9.841797
2026-11-13 15:00:00,538.3,580.84576,42.545776,42.545776
2026-11-13 16:00:00,618.47003,635.3729,16.902893,16.902893
2026-11-13 17:00:00,706.15,696.0444,-10.105652,10.105652
2026-11-13 18:00:00,744.48,754.4404,9.960449,9.960449
2026-11-13 19:00:00,685.84,772.87933,87.03931,87.03931
2026-11-13 20:00:00,711.66003,749.0609,37.40088,37.40088
2026-11-13 21:00:00,694.32,711.78076,17.460754,17.460754
2026-11-13 22:00:00,603.54004,668.73944,65.1994,65.1994
2026-11-13 23:00:00,639.46,625.58594,-13.874084,13.874084
2026-11-14 00:00:00,459.02002,602.6691,143.64911,143.64911
2026-11-14 01:00:00,489.04,532.8152,43.775177,43.775177
2026-11-14 02:00:00,494.83002,510.03992,15.2099,15.2099
2026-11-14 03:00:00,489.95,507.01807,17.068054,17.068054
2026-11-14 04:00:00,510.77002,516.1783,5.408264,5.408264
2026-11-14 05:00:00,486.44,526.06305,39.623047,39.623047
2026-11-14 06:00:00,575.38,538.705,-36.674988,36.674988
2026-11-14 07:00:00,565.24,562.565,-2.6749878,2.6749878
2026-11-14 08:00:00,570.9,542.9252,-27.974854,27.974854
2026-11-14 09:00:00,562.07,513.2794,-48.79059,48.79059
2026-11-14 10:00:00,522.06,482.6704,-39.389587,39.389587
2026-11-14 11:00:00,449.15002,453.03027,3.880249,3.880249
2026-11-14 12:00:00,440.73,435.7616,-4.9684143,4.9684143
2026-11-14 13:00:00,466.10004,429.31958,-36.780457,36.780457
2026-11-14 14:00:00,404.41003,457.38678,52.976746,52.976746
2026-11-14 15:00:00,455.11002,486.94727,31.83725,31.83725
2026-11-14 16:00:00,483.44,536.45245,53.01245,53.01245
2026-11-14 17:00:00,552.83,590.43866,37.608643,37.608643
2026-11-14 18:00:00,593.02,656.7464,63.72638,63.72638
2026-11-14 19:00:00,620.02,679.4117,59.391663,59.391663
2026-11-14 20:00:00,626.67,656.72424,30.05426,30.05426
2026-11-14 21:00:00,560.03,620.7768,60.746765,60.746765
2026-11-14 22:00:00,574.74,588.5095,13.769531,13.769531
2026-11-14 23:00:00,525.08,566.9474,41.86737,41.86737
2026-11-15 00:00:00,492.86002,550.0248,57.164764,57.164764
2026-11-15 01:00:00,490.23004,522.57135,32.34131,32.34131
2026-11-15 02:00:00,499.97003,506.4953,6.5252686,6.5252686
2026-11-15 03:00:00,491.90002,504.94296,13.042938,13.042938
2026-11-15 04:00:00,489.32,512.57007,23.250061,23.250061
2026-11-15 05:00:00,525.86,524.8903,-0.9696655,0.9696655
2026-11-15 06:00:00,554.43,539.6369,-14.793091,14.793091
2026-11-15 07:00:00,578.74,556.5382,-22.201782,22.201782
2026-11-15 08:00:00,596.21,537.70844,-58.501587,58.501587
2026-11-15 09:00:00,531.45,509.68048,-21.769531,21.769531
2026-11-15 10:00:00,464.30002,472.74048,8.44046,8.44046
2026-11-15 11:00:00,443.89,445.0022,1.1121826,1.1121826
2026-11-15 12:00:00,478.55002,431.69083,-46.85919,46.85919
2026-11-15 13:00:00,473.86002,429.6269,-44.233124,44.233124
2026-11-15 14:00:00,454.19,457.47095,3.2809448,3.2809448
2026-11-15 15:00:00,502.2,499.52728,-2.6727295,2.6727295
2026-11-15 16:00:00,510.46002,551.1487,40.68866,40.68866
2026-11-15 17:00:00,574.23,600.932,26.702026,26.702026
2026-11-15 18:00:00,615.99,655.60284,39.612854,39.612854
2026-11-15 19:00:00,642.36,687.63464,45.27466,45.27466
2026-11-15 20:00:00,634.2,668.5533,34.35327,34.35327
2026-11-15 21:00:00,553.11,635.4692,82.35919,82.35919
2026-11-15 22:00:00,528.30005,598.47656,70.17651,70.17651
2026-11-15 23:00:00,523.76,573.3998,49.63977,49.63977
2026-11-16 00:00:00,604.99,556.62317,-48.36682,48.36682
2026-11-16 01:00:00,588.28,602.3068,14.026794,14.026794
2026-11-16 02:00:00,580.89,605.98737,25.097351,25.097351
2026-11-16 03:00:00,605.67,614.97156,9.301575,9.301575
2026-11-16 04:00:00,610.53,630.2671,19.73706,19.73706
2026-11-16 05:00:00,654.39,636.725,-17.66504,17.66504
2026-11-16 06:00:00,692.97003,665.4086,-27.561401,27.561401
2026-11-16 07:00:00,660.02,661.5721,1.552063,1.552063
2026-11-16 08:00:00,685.61,639.1293,-46.480713,46.480713
2026-11-16 09:00:00,605.82,603.31213,-2.5078735,2.5078735
2026-11-16 10:00:00,640.82,560.1887,-80.63129,80.63129
2026-11-16 11:00:00,549.57,537.41125,-12.158752,12.158752
2026-11-16 12:00:00,537.18,509.71967,-27.460327,27.460327
2026-11-16 13:00:00,534.58,511.84113,-22.738892,22.738892
2026-11-16 14:00:00,564.61,534.39594,-30.21405,30.21405
2026-11-16 15:00:00,581.23,569.54254,-11.687439,11.687439
2026-11-16 16:00:00,588.76,617.7888,29.028809,29.028809
2026-11-16 17:00:00,660.2,663.86163,3.661621,3.661621
2026-11-16 18:00:00,718.43,709.79517,-8.634827,8.634827
2026-11-16 19:00:00,706.35,733.8239,27.473938,27.473938
2026-11-16 20:00:00,716.11,725.6422,9.532227,9.532227
2026-11-16 21:00:00,661.44,699.67944,38.23944,38.23944
2026-11-16 22:00:00,669.53,667.2826,-2.2474365,2.2474365
2026-11-16 23:00:00,616.18,637.53723,21.357239,21.357239
2026-11-17 00:00:00,631.28,610.54675,-20.733276,20.733276
2026-11-17 01:00:00,601.68,608.61566,6.935669,6.935669
2026-11-17 02:00:00,594.9,604.61835,9.718323,9.718323
2026-11-17 03:00:00,597.58,608.67993,11.099915,11.099915
2026-11-17 04:00:00,660.84,618.82367,-42.016357,42.016357
2026-11-17 05:00:00,652.64,636.93396,-15.706055,15.706055
2026-11-17 06:00:00,665.89,645.70605,-20.18396,20.18396
2026-11-17 07:00:00,717.88,654.56055,-63.319458,63.319458
2026-11-17 08:00:00,725.35,637.2614,-88.08856,88.08856
2026-11-17 09:00:00,636.25,612.2135,-24.036499,24.036499
2026-11-17 10:00:00,600.22003,574.5519,-25.668152,25.668152
2026-11-17 11:00:00,537.72003,542.2739,4.553894,4.553894
2026-11-17 12:00:00,561.81,516.25507,-45.55493,45.55493
2026-11-17 13:00:00,512.42004,517.3586,4.9385376,4.9385376
2026-11-17 14:00:00,560.86,532.2923,-28.567688,28.567688
2026-11-17 15:00:00,581.23,583.3009,2.0709229,2.0709229
2026-11-17 16:00:00,628.33,627.9706,-0.35943604,0.35943604
2026-11-17 17:00:00,649.09,678.2285,29.138489,29.138489
2026-11-17 18:00:00,752.07,729.3961,-22.67389,22.67389
2026-11-17 19:00:00,781.71,754.3772,-27.332825,27.332825
2026-11-17 20:00:00,736.81,744.546,7.736023,7.736023
2026-11-17 21:00:00,711.87,715.31934,3.4493408,3.4493408
2026-11-17 22:00:00,621.51,675.8295,54.31952,54.31952
2026-11-17 23:00:00,617.5,639.51166,22.011658,22.011658
2026-11-18 00:00:00,645.06,608.98047,-36.07953,36.07953
2026-11-18 01:00:00,640.89,606.049,-34.841003,34.841003
2026-11-18 02:00:00,623.48,601.0145,-22.465454,22.465454
2026-11-18 03:00:00,607.57,604.937,-2.6329956,2.6329956
2026-11-18 04:00:00,623.04004,616.44244,-6.597595,6.597595
2026-11-18 05:00:00,650.16003,631.6561,-18.503906,18.503906
2026-11-18 06:00:00,685.76,649.9613,-35.798706,35.798706
2026-11-18 07:00:00,685.44,666.9613,-18.478699,18.478699
2026-11-18 08:00:00,640.89,650.59863,9.708618,9.708618
2026-11-18 09:00:00,647.10004,615.13654,-31.963501,31.963501
2026-11-18 10:00:00,575.9,579.44946,3.5494385,3.5494385
2026-11-18 11:00:00,583.17,545.2179,-37.952087,37.952087
2026-11-18 12:00:00,553.52,523.9657,-29.554321,29.554321
2026-11-18 13:00:00,546.86,518.3155,-28.544495,28.544495
2026-11-18 14:00:00,544.89,539.8722,-5.0178223,5.0178223
2026-11-18 15:00:00,582.57,581.8196,-0.75042725,0.75042725
2026-11-18 16:00:00,578.67004,638.05707,59.387024,59.387024
2026-11-18 17:00:00,648.62,690.77594,42.155945,42.155945
2026-11-18 18:00:00,706.54004,735.5835,29.043457,29.043457
2026-11-18 19:00:00,724.23,750.3193,26.089294,26.089294
2026-11-18 20:00:00,724.78,733.69385,8.913818,8.913818
2026-11-18 21:00:00,673.15,702.6005,29.4505,29.4505
2026-11-18 22:00:00,626.23,664.72986,38.499878,38.499878
2026-11-18 23:00:00,590.45,629.7065,39.25647,39.25647
2026-11-19 00:00:00,581.61,602.59076,20.980774,20.980774
2026-11-19 01:00:00,627.52,593.10364,-34.41638,34.41638
2026-11-19 02:00:00,607.60004,590.94305,-16.656982,16.656982
2026-11-19 03:00:00,631.4,602.4415,-28.958496,28.958496
2026-11-19 04:00:00,618.44,616.9918,-1.4481812,1.4481812
2026-11-19 05:00:00,636.88,633.71136,-3.1686401,3.1686401
2026-11-19 06:00:00,674.17,650.85913,-23.310852,23.310852
2026-11-19 07:00:00,695.83,659.45306,-36.376953,36.376953
2026-11-19 08:00:00,694.02,648.02234,-45.99768,45.99768
2026-11-19 09:00:00,644.88,616.17706,-28.702942,28.702942
2026-11-19 10:00:00,579.88,575.8552,-4.0247803,4.0247803
2026-11-19 11:00:00,524.57,534.46906,9.899048,9.899048
2026-11-19 12:00:00,543.13,506.86743,-36.262573,36.262573
2026-11-19 13:00:00,518.7,512.17664,-6.5233765,6.5233765
2026-11-19 14:00:00,564.7,542.40186,-22.298157,22.298157
2026-11-19 15:00:00,557.48,588.7282,31.24823,31.24823
2026-11-19 16:00:00,560.39,639.5996,79.209595,79.209595
2026-11-19 17:00:00,651.64,687.9585,36.31848,36.31848
2026-11-19 18:00:00,735.22003,750.03345,14.813416,14.813416
2026-11-19 19:00:00,724.75,767.7744,43.024414,43.024414
2026-11-19 20:00:00,719.79004,758.3041,38.514038,38.514038
2026-11-19 21:00:00,692.79,718.47205,25.682068,25.682068
2026-11-19 22:00:00,629.43,673.595,44.164978,44.164978
2026-11-19 23:00:00,592.85004,633.6028,40.752747,40.752747
2026-11-20 00:00:00,609.03,604.226,-4.804016,4.804016
2026-11-20 01:00:00,602.14,590.51276,-11.627258,11.627258
2026-11-20 02:00:00,624.25,587.3241,-36.925903,36.925903
2026-11-20 03:00:00,613.32,601.69904,-11.620972,11.620972
2026-11-20 04:00:00,561.82,615.0493,53.22931,53.22931
2026-11-20 05:00:00,659.09,623.7847,-35.305298,35.305298
2026-11-20 06:00:00,689.91003,649.6421,-40.267944,40.267944
2026-11-20 07:00:00,683.47003,665.05096,-18.419067,18.419067
2026-11-20 08:00:00,654.49,655.9187,1.4287109,1.4287109
2026-11-20 09:00:00,626.53,621.8446,-4.685425,4.685425
2026-11-20 10:00:00,584.75,591.79913,7.0491333,7.0491333
2026-11-20 11:00:00,575.34,551.38196,-23.958069,23.958069
2026-11-20 12:00:00,556.65,526.75885,-29.891174,29.891174
2026-11-20 13:00:00,543.65,529.6692,-13.980835,13.980835
2026-11-20 14:00:00,502.30002,553.353,51.05301,51.05301
2026-11-20 15:00:00,531.62,578.03735,46.41736,46.41736
2026-11-20 16:00:00,653.75,639.06744,-14.682556,14.682556
2026-11-20 17:00:00,674.55,697.3391,22.789124,22.789124
2026-11-20 18:00:00,94.58008,751.3501,656.77,656.77
2026-11-20 19:00:00,772.03,713.35486,-58.67517,58.67517
2026-11-20 20:00:00,751.79004,708.0281,-43.761963,43.761963
2026-11-20 21:00:00,693.54004,684.7307,-8.809326,8.809326
2026-11-20 22:00:00,639.39,651.01324,11.62323,11.62323
2026-11-20 23:00:00,634.67,618.22034,-16.449646,16.449646
2026-11-21 00:00:00,485.94,593.6225,107.682495,107.682495
2026-11-21 01:00:00,504.2,535.9738,31.773804,31.773804
2026-11-21 02:00:00,504.34003,512.36127,8.02124,8.02124
2026-11-21 03:00:00,541.93,518.04016,-23.889832,23.889832
2026-11-21 04:00:00,515.15,519.2793,4.1292725,4.1292725
2026-11-21 05:00:00,532.36,525.4263,-6.933716,6.933716
2026-11-21 06:00:00,562.34,539.13855,-23.201477,23.201477
2026-11-21 07:00:00,580.65,563.48865,-17.161377,17.161377
2026-11-21 08:00:00,533.09,547.18365,14.093628,14.093628
2026-11-21 09:00:00,553.73,518.9692,-34.760803,34.760803
2026-11-21 10:00:00,499.86002,486.95108,-12.908936,12.908936
2026-11-21 11:00:00,424.74,462.31628,37.576294,37.576294
2026-11-21 12:00:00,382.21002,436.46912,54.259094,54.259094
2026-11-21 13:00:00,390.06,423.31073,33.250732,33.250732
2026-11-21 14:00:00,459.48,445.31226,-14.167755,14.167755
2026-11-21 15:00:00,468.91003,481.84186,12.931824,12.931824
2026-11-21 16:00:00,514.67,522.3458,7.6758423,7.6758423
2026-11-21 17:00:00,570.38,591.5659,21.185913,21.185913
2026-11-21 18:00:00,624.49,644.5507,20.06073,20.06073
2026-11-21 19:00:00,591.68,679.09357,87.413574,87.413574
2026-11-21 20:00:00,582.03,660.7076,78.67755,78.67755
2026-11-21 21:00:00,580.95,624.3937,43.443665,43.443665
2026-11-21 22:00:00,512.8,592.01495,79.214966,79.214966
2026-11-21 23:00:00,492.81,562.6448,69.83478,69.83478
2026-11-22 00:00:00,527.80005,544.6239,16.823853,16.823853
2026-11-22 01:00:00,516.09,522.55164,6.461609,6.461609
2026-11-22 02:00:00,441.86002,511.41476,69.55475,69.55475
2026-11-22 03:00:00,481.7,501.42987,19.729858,19.729858
2026-11-22 04:00:00,504.02002,513.2398,9.219788,9.219788
2026-11-22 05:00:00,498.96002,528.0344,29.074402,29.074402
2026-11-22 06:00:00,571.19,541.1096,-30.080383,30.080383
2026-11-22 07:00:00,522.61,560.66473,38.05475,38.05475
2026-11-22 08:00:00,556.32,534.1589,-22.161133,22.161133
2026-11-22 09:00:00,535.61,506.809,-28.800995,28.800995
2026-11-22 10:00:00,494.44,482.36874,-12.071259,12.071259
2026-11-22 11:00:00,441.88,451.1838,9.3038025,9.3038025
2026-11-22 12:00:00,385.23,440.26944,55.03943,55.03943
2026-11-22 13:00:00,435.56,430.38446,-5.175537,5.175537
2026-11-22 14:00:00,419.43002,457.7056,38.275574,38.275574
2026-11-22 15:00:00,449.44,495.62677,46.186768,46.186768
2026-11-22 16:00:00,468.42,535.901,67.48099,67.48099
2026-11-22 17:00:00,560.68,584.9934,24.313416,24.313416
2026-11-22 18:00:00,616.04004,640.1574,24.11737,24.11737
2026-11-22 19:00:00,625.35004,671.8266,46.476562,46.476562
2026-11-22 20:00:00,559.79004,657.5819,97.79187,97.79187
2026-11-22 21:00:00,595.91003,621.0216,25.111572,25.111572
2026-11-22 22:00:00,549.52,594.0145,44.494507,44.494507
2026-11-22 23:00:00,530.83,572.7545,41.9245,41.9245
2026-11-23 00:00:00,599.56,556.8285,-42.731506,42.731506
2026-11-23 01:00:00,606.06,605.5304,-0.52960205,0.52960205
2026-11-23 02:00:00,603.64,610.6183,6.9782715,6.9782715
2026-11-23 03:00:00,614.99,614.85455,-0.13543701,0.13543701
2026-11-23 04:00:00,591.66003,621.8553,30.195251,30.195251
2026-11-23 05:00:00,630.57,643.0194,12.449402,12.449402
2026-11-23 06:00:00,676.81,645.359,-31.450989,31.450989
2026-11-23 07:00:00,670.1,659.0898,-11.010193,11.010193
2026-11-23 08:00:00,686.11,641.88043,-44.229553,44.229553
2026-11-23 09:00:00,685.87,611.6951,-74.174866,74.174866
2026-11-23 10:00:00,595.02,570.19305,-24.826965,24.826965
2026-11-23 11:00:00,556.42004,543.17883,-13.241211,13.241211
2026-11-23 12:00:00,597.35004,514.28455,-83.06549,83.06549
2026-11-23 13:00:00,556.14,516.13,-40.01001,40.01001
2026-11-23 14:00:00,589.83,549.50433,-40.325684,40.325684
2026-11-23 15:00:00,578.38,590.2444,11.86438,11.86438
2026-11-23 16:00:00,596.78,628.6152,31.835144,31.835144
2026-11-23 17:00:00,692.1,666.72943,-25.370544,25.370544
2026-11-23 18:00:00,703.48,720.3963,16.91632,16.91632
2026-11-23 19:00:00,784.25,741.2256,-43.024414,43.024414
2026-11-23 20:00:00,735.18,730.27136,-4.9086304,4.9086304
2026-11-23 21:00:00,647.44,697.1305,49.69049,49.69049
2026-11-23 22:00:00,653.64,664.98804,11.348022,11.348022
2026-11-23 23:00:00,640.05,637.23816,-2.8118286,2.8118286
2026-11-24 00:00:00,590.12,617.27313,27.153137,27.153137
2026-11-24 01:00:00,620.8,610.207,-10.593018,10.593018
2026-11-24 02:00:00,596.38,604.97437,8.59436,8.59436
2026-11-24 03:00:00,637.72003,609.94214,-27.777893,27.777893
2026-11-24 04:00:00,601.08,619.3585,18.278503,18.278503
2026-11-24 05:00:00,664.28,629.13477,-35.145264,35.145264
2026-11-24 06:00:00,667.03,645.3853,-21.644714,21.644714
2026-11-24 07:00:00,656.86,653.9359,-2.9240723,2.9240723
2026-11-24 08:00:00,641.39,625.7218,-15.668213,15.668213
2026-11-24 09:00:00,625.09,599.8434,-25.246643,25.246643
2026-11-24 10:00:00,563.95,563.32446,-0.6255493,0.6255493
2026-11-24 11:00:00,558.75,533.40643,-25.343567,25.343567
2026-11-24 12:00:00,502.28003,518.85297,16.572937,16.572937
2026-11-24 13:00:00,508.55002,530.8994,22.349396,22.349396
2026-11-24 14:00:00,546.36,536.34143,-10.018555,10.018555
2026-11-24 15:00:00,588.58,576.9984,-11.581604,11.581604
2026-11-24 16:00:00,587.22003,629.00446,41.784424,41.784424
2026-11-24 17:00:00,661.17,684.55646,23.386475,23.386475
2026-11-24 18:00:00,706.41003,727.38403,20.973999,20.973999
2026-11-24 19:00:00,742.9,744.78046,1.8804321,1.8804321
2026-11-24 20:00:00,702.17,726.94666,24.776672,24.776672
2026-11-24 21:00:00,661.17,687.86365,26.693665,26.693665
2026-11-24 22:00:00,651.48,650.7391,-0.74090576,0.74090576
2026-11-24 23:00:00,611.02,622.2126,11.192566,11.192566
2026-11-25 00:00:00,593.25,598.0916,4.841614,4.841614
2026-11-25 01:00:00,644.36,593.118,-51.242004,51.242004
2026-11-25 02:00:00,583.41003,592.68445,9.274414,9.274414
2026-11-25 03:00:00,615.88,604.02515,-11.854858,11.854858
2026-11-25 04:00:00,624.63,611.9684,-12.661621,12.661621
2026-11-25 05:00:00,630.7,630.9584,0.25836182,0.25836182
2026-11-25 06:00:00,684.56,639.4119,-45.14807,45.14807
2026-11-25 07:00:00,653.91003,655.5247,1.614685,1.614685
2026-11-25 08:00:00,653.63,635.12067,-18.509338,18.509338
2026-11-25 09:00:00,630.24,598.41205,-31.827942,31.827942
2026-11-25 10:00:00,626.14,564.7079,-61.43213,61.43213
2026-11-25 11:00:00,558.97003,536.4483,-22.521729,22.521729
2026-11-25 12:00:00,513.93,508.1678,-5.762207,5.762207
2026-11-25 13:00:00,549.22003,509.84848,-39.37155,39.37155
2026-11-25 14:00:00,534.57,534.5153,-0.0546875,0.0546875
2026-11-25 15:00:00,551.24,585.27295,34.03296,34.03296
2026-11-25 16:00:00,633.42,630.19214,-3.2278442,3.2278442
2026-11-25 17:00:00,692.1,708.6624,16.562439,16.562439
2026-11-25 18:00:00,698.14,759.1166,60.976562,60.976562
2026-11-25 19:00:00,743.11,771.6411,28.531128,28.531128
2026-11-25 20:00:00,684.62,750.61584,65.99585,65.99585
2026-11-25 21:00:00,698.19,709.71936,11.529358,11.529358
2026-11-25 22:00:00,662.9,669.275,6.375,6.375
2026-11-25 23:00:00,624.02,634.93616,10.916138,10.916138
2026-11-26 00:00:00,599.60004,606.47644,6.876404,6.876404
2026-11-26 01:00:00,613.0,593.81104,-19.188965,19.188965
2026-11-26 02:00:00,601.31,589.0179,-12.292114,12.292114
2026-11-26 03:00:00,639.29004,596.1097,-43.18036,43.18036
2026-11-26 04:00:00,654.26,613.98865,-40.271362,40.271362
2026-11-26 05:00:00,645.28,633.46277,-11.817261,11.817261
2026-11-26 06:00:00,682.51,647.6224,-34.887634,34.887634
2026-11-26 07:00:00,662.14,662.07904,-0.06097412,0.06097412
2026-11-26 08:00:00,674.41003,643.43164,-30.978394,30.978394
2026-11-26 09:00:00,656.26,615.18274,-41.07727,41.07727
2026-11-26 10:00:00,571.61,586.06433,14.454346,14.454346
2026-11-26 11:00:00,598.39,547.63544,-50.754578,50.754578
2026-11-26 12:00:00,601.98,517.61523,-84.364746,84.364746
2026-11-26 13:00:00,537.47003,513.57837,-23.891663,23.891663
2026-11-26 14:00:00,582.60004,532.9555,-49.64453,49.64453
2026-11-26 15:00:00,552.0,578.32336,26.323364,26.323364
2026-11-26 16:00:00,545.53,628.80054,83.27051,83.27051
2026-11-26 17:00:00,654.65,673.22076,18.57074,18.57074
2026-11-26 18:00:00,694.03,718.0462,24.016174,24.016174
2026-11-26 19:00:00,739.25,741.60077,2.350769,2.350769
2026-11-26 20:00:00,691.65,727.01263,35.36261,35.36261
2026-11-26 21:00:00,699.72003,690.5049,-9.215149,9.215149
2026-11-26 22:00:00,673.37,654.323,-19.046997,19.046997
2026-11-26 23:00:00,579.0,624.7471,45.74707,45.74707
2026-11-27 00:00:00,580.48,594.8019,14.321899,14.321899
2026-11-27 01:00:00,577.8,583.13153,5.331543,5.331543
2026-11-27 02:00:00,552.62,580.245,27.625,27.625
2026-11-27 03:00:00,630.59,584.09735,-46.492676,46.492676
2026-11-27 04:00:00,597.33,606.7555,9.425476,9.425476
2026-11-27 05:00:00,646.47003,624.13495,-22.335083,22.335083
2026-11-27 06:00:00,651.26,647.6426,-3.6174316,3.6174316
2026-11-27 07:00:00,651.74,660.9112,9.171204,9.171204
2026-11-27 08:00:00,664.74,643.6068,-21.133179,21.133179
2026-11-27 09:00:00,624.4,617.76794,-6.63208,6.63208
2026-11-27 10:00:00,591.8,573.55646,-18.24353,18.24353
2026-11-27 11:00:00,552.96,538.1975,-14.762512,14.762512
2026-11-27 12:00:00,566.02,518.66156,-47.35846,47.35846
2026-11-27 13:00:00,544.29004,523.01105,-21.278992,21.278992
2026-11-27 14:00:00,551.07,556.8569,5.786865,5.786865
2026-11-27 15:00:00,552.24,600.8456,48.60559,48.60559
2026-11-27 16:00:00,608.03,647.12897,39.098938,39.098938
2026-11-27 17:00:00,675.14,692.13983,16.999817,16.999817
2026-11-27 18:00:00,708.92,746.1843,37.264343,37.264343
2026-11-27 19:00:00,755.1,759.9456,4.845642,4.845642
2026-11-27 20:00:00,720.06,743.3197,23.259705,23.259705
2026-11-27 21:00:00,683.42,699.3241,15.904114,15.904114
2026-11-27 22:00:00,626.13,656.0522,29.92218,29.92218
2026-11-27 23:00:00,601.33,618.7801,17.450073,17.450073
2026-11-28 00:00:00,473.65002,592.8451,119.19507,119.19507
2026-11-28 01:00:00,495.43,531.2713,35.84131,35.84131
2026-11-28 02:00:00,507.2,506.03223,-1.1677856,1.1677856
2026-11-28 03:00:00,491.72003,502.14084,10.420807,10.420807
2026-11-28 04:00:00,492.22003,509.8886,17.66858,17.66858
2026-11-28 05:00:00,525.04004,522.6892,-2.35083,2.35083
2026-11-28 06:00:00,583.73,538.4077,-45.322266,45.322266
2026-11-28 07:00:00,539.75,558.96246,19.212463,19.212463
2026-11-28 08:00:00,564.22003,539.9497,-24.270325,24.270325
2026-11-28 09:00:00,523.35,509.2831,-14.066864,14.066864
2026-11-28 10:00:00,452.31003,479.04675,26.736725,26.736725
2026-11-28 11:00:00,457.53003,447.57477,-9.955261,9.955261
2026-11-28 12:00:00,458.48004,434.90244,-23.577606,23.577606
2026-11-28 13:00:00,422.52002,433.8734,11.353394,11.353394
2026-11-28 14:00:00,446.34003,454.07706,7.73703,7.73703
2026-11-28 15:00:00,469.30002,497.3452,28.045197,28.045197
2026-11-28 16:00:00,515.54004,548.6548,33.114746,33.114746
2026-11-28 17:00:00,522.06,595.71185,73.651855,73.651855
2026-11-28 18:00:00,617.35004,639.0338,21.683777,21.683777
2026-11-28 19:00:00,630.43,665.7072,35.27722,35.27722
2026-11-28 20:00:00,596.18,645.7542,49.57422,49.57422
2026-11-28 21:00:00,546.56,612.52496,65.964966,65.964966
2026-11-28 22:00:00,584.09,583.235,-0.8550415,0.8550415
2026-11-28 23:00:00,536.91003,561.1659,24.25586,24.25586
2026-11-29 00:00:00,513.18,545.5642,32.384216,32.384216
2026-11-29 01:00:00,523.13,516.92584,-6.2041626,6.2041626
2026-11-29 02:00:00,531.13,519.02374,-12.106262,12.106262
2026-11-29 03:00:00,495.48,520.24347,24.763458,24.763458
2026-11-29 04:00:00,540.64,529.15656,-11.483459,11.483459
2026-11-29 05:00:00,512.79004,541.6848,28.894775,28.894775
2026-11-29 06:00:00,539.47003,551.1297,11.659668,11.659668
2026-11-29 07:00:00,565.49,571.2085,5.718506,5.718506
2026-11-29 08:00:00,523.29004,545.5253,22.23529,22.23529
2026-11-29 09:00:00,549.93,506.1775,-43.752502,43.752502
2026-11-29 10:00:00,473.63,468.55627,-5.0737305,5.0737305
2026-11-29 11:00:00,444.14,449.49786,5.357849,5.357849
2026-11-29 12:00:00,437.24002,433.5369,-3.703125,3.703125
2026-11-29 13:00:00,401.68,428.60764,26.927643,26.927643
2026-11-29 14:00:00,399.23,448.76736,49.537354,49.537354
2026-11-29 15:00:00,429.67,486.96954,57.29953,57.29953
2026-11-29 16:00:00,503.74,542.68915,38.949158,38.949158
2026-11-29 17:00:00,512.3,585.3835,73.083496,73.083496
2026-11-29 18:00:00,585.95,644.4498,58.499817,58.499817
2026-11-29 19:00:00,594.76,681.31586,86.55585,86.55585
2026-11-29 20:00:00,600.89,669.5028,68.61279,68.61279
2026-11-29 21:00:00,567.42004,631.3265,63.906433,63.906433
2026-11-29 22:00:00,531.41003,595.3263,63.91626,63.91626
2026-11-29 23:00:00,502.45,563.3849,60.934875,60.934875
2026-11-30 00:00:00,624.63,547.021,-77.60901,77.60901
2026-11-30 01:00:00,613.43,592.0479,-21.38208,21.38208
2026-11-30 02:00:00,626.54004,602.8952,-23.644836,23.644836
2026-11-30 03:00:00,610.92,613.78735,2.8673706,2.8673706
2026-11-30 04:00:00,633.98,625.8154,-8.164551,8.164551
2026-11-30 05:00:00,615.31,632.4118,17.101807,17.101807
2026-11-30 06:00:00,658.97003,649.391,-9.579041,9.579041
2026-11-30 07:00:00,709.19,656.2568,-52.933228,52.933228
2026-11-30 08:00:00,685.54,642.53674,-43.003235,43.003235
2026-11-30 09:00:00,658.3,611.71344,-46.586548,46.586548
2026-11-30 10:00:00,598.81,575.5382,-23.27179,23.27179
2026-11-30 11:00:00,537.34,550.25665,12.916626,12.916626
2026-11-30 12:00:00,533.34,518.3984,-14.94165,14.94165
2026-11-30 13:00:00,499.32,507.04544,7.7254333,7.7254333
2026-11-30 14:00:00,555.31,527.14343,-28.166565,28.166565
2026-11-30 15:00:00,588.57,560.5181,-28.05188,28.05188
2026-11-30 16:00:00,607.63,603.98584,-3.644165,3.644165
2026-11-30 17:00:00,627.82,658.1166,30.29657,30.29657
2026-11-30 18:00:00,660.92,701.58057,40.660583,40.660583
2026-11-30 19:00:00,751.68,726.09595,-25.584045,25.584045
2026-11-30 20:00:00,722.37,712.48334,-9.886658,9.886658
2026-11-30 21:00:00,670.16003,690.2624,20.102356,20.102356
2026-11-30 22:00:00,661.28,661.3653,0.08526611,0.08526611
2026-11-30 23:00:00,609.83,632.8917,23.061707,23.061707
2026-12-01 00:00:00,595.3,611.9163,16.616333,16.616333
2026-12-01 01:00:00,663.2,604.8094,-58.390625,58.390625
2026-12-01 02:00:00,599.3,607.2561,7.9561157,7.9561157
2026-12-01 03:00:00,550.23,608.63965,58.409668,58.409668
2026-12-01 04:00:00,610.49,614.7552,4.2651978,4.2651978
2026-12-01 05:00:00,603.36,625.5907,22.230713,22.230713
2026-12-01 06:00:00,639.04004,636.8499,-2.1901245,2.1901245
2026-12-01 07:00:00,661.16003,656.3084,-4.8516235,4.8516235
2026-12-01 08:00:00,642.83,632.87463,-9.955383,9.955383
2026-12-01 09:00:00,670.02,604.11444,-65.90558,65.90558
2026-12-01 10:00:00,590.81,567.86755,-22.942444,22.942444
2026-12-01 11:00:00,593.06,541.7891,-51.270874,51.270874
2026-12-01 12:00:00,505.09003,528.6022,23.512146,23.512146
2026-12-01 13:00:00,534.94,525.74426,-9.19574,9.19574
2026-12-01 14:00:00,551.12,550.3475,-0.772522,0.772522
2026-12-01 15:00:00,535.94,579.9374,43.997375,43.997375
2026-12-01 16:00:00,602.15,623.00366,20.853638,20.853638
2026-12-01 17:00:00,666.34,669.6307,3.2906494,3.2906494
2026-12-01 18:00:00,707.97,720.28986,12.319885,12.319885
2026-12-01 19:00:00,755.31,730.5839,-24.726074,24.726074
2026-12-01 20:00:00,743.37,711.77905,-31.590942,31.590942
2026-12-01 21:00:00,716.53,681.3202,-35.20984,35.20984
2026-12-01 22:00:00,683.53,649.25214,-34.277893,34.277893
2026-12-01 23:00:00,616.34,622.8183,6.4782715,6.4782715
2026-12-02 00:00:00,612.08,598.4366,-13.643433,13.643433
2026-12-02 01:00:00,603.78,595.0025,-8.777527,8.777527
2026-12-02 02:00:00,625.51,591.98114,-33.52887,33.52887
2026-12-02 03:00:00,649.37,600.5682,-48.80182,48.80182
2026-12-02 04:00:00,643.16003,613.0937,-30.066345,30.066345
2026-12-02 05:00:00,664.65,625.9454,-38.70465,38.70465
2026-12-02 06:00:00,645.92,647.2737,1.3536987,1.3536987
2026-12-02 07:00:00,683.42,655.39105,-28.02893,28.02893
2026-12-02 08:00:00,693.38,647.05585,-46.324158,46.324158
2026-12-02 09:00:00,630.12,615.7714,-14.348572,14.348572
2026-12-02 10:00:00,554.19,576.2156,22.025574,22.025574
2026-12-02 11:00:00,606.49,541.4219,-65.068115,65.068115
2026-12-02 12:00:00,514.59,516.56964,1.9796143,1.9796143
2026-12-02 13:00:00,514.35004,513.5009,-0.8491211,0.8491211
2026-12-02 14:00:00,508.62,537.092,28.471985,28.471985
2026-12-02 15:00:00,575.79004,576.7846,0.9945679,0.9945679
2026-12-02 16:00:00,600.09,612.454,12.363953,12.363953
2026-12-02 17:00:00,686.9,668.57324,-18.326782,18.326782
2026-12-02 18:00:00,732.19,724.8874,-7.3026123,7.3026123
2026-12-02 19:00:00,725.07,761.83435,36.764343,36.764343
2026-12-02 20:00:00,702.75,745.49506,42.745056,42.745056
2026-12-02 21:00:00,733.49,710.5904,-22.899597,22.899597
2026-12-02 22:00:00,652.24,671.9242,19.684204,19.684204
2026-12-02 23:00:00,661.29,635.702,-25.587952,25.587952
2026-12-03 00:00:00,622.77,607.4902,-15.279846,15.279846
2026-12-03 01:00:00,628.24,596.4639,-31.776062,31.776062
2026-12-03 02:00:00,589.95,593.2038,3.2537842,3.2537842
2026-12-03 03:00:00,612.2,596.6928,-15.507202,15.507202
2026-12-03 04:00:00,644.68,608.93,-35.75,35.75
2026-12-03 05:00:00,606.69,623.61224,16.922241,16.922241
2026-12-03 06:00:00,655.3,636.6955,-18.604492,18.604492
2026-12-03 07:00:00,688.47003,655.9822,-32.487854,32.487854
2026-12-03 08:00:00,649.65,644.8771,-4.772949,4.772949
2026-12-03 09:00:00,588.56,611.013,22.453003,22.453003
2026-12-03 10:00:00,626.04004,570.36145,-55.67859,55.67859
2026-12-03 11:00:00,552.94,542.6662,-10.273804,10.273804
2026-12-03 12:00:00,565.49,518.5486,-46.941406,46.941406
2026-12-03 13:00:00,553.06,522.9503,-30.10968,30.10968
2026-12-03 14:00:00,553.10004,578.309,25.208984,25.208984
2026-12-03 15:00:00,559.27,613.36005,54.090027,54.090027
2026-12-03 16:00:00,575.88,649.30347,73.42346,73.42346
2026-12-03 17:00:00,668.37,679.4745,11.104492,11.104492
2026-12-03 18:00:00,728.63,709.5151,-19.11493,19.11493
2026-12-03 19:00:00,725.02,745.87335,20.853333,20.853333
2026-12-03 20:00:00,727.7,731.67883,3.9788208,3.9788208
2026-12-03 21:00:00,692.83,699.7786,6.9486084,6.9486084
2026-12-03 22:00:00,644.53,663.64325,19.11322,19.11322
2026-12-03 23:00:00,624.92,628.25543,3.3354492,3.3354492
2026-12-04 00:00:00,597.08,597.50305,0.42303467,0.42303467
2026-12-04 01:00:00,610.78,583.90533,-26.874695,26.874695
2026-12-04 02:00:00,616.46,583.18994,-33.27008,33.27008
2026-12-04 03:00:00,542.34,593.50354,51.163513,51.163513
2026-12-04 04:00:00,604.23,604.45935,0.22937012,0.22937012
2026-12-04 05:00:00,673.91003,620.00104,-53.908997,53.908997
2026-12-04 06:00:00,649.74,647.2366,-2.503418,2.503418
2026-12-04 07:00:00,701.25,663.61597,-37.634033,37.634033
2026-12-04 08:00:00,659.07,651.7202,-7.3497925,7.3497925
2026-12-04 09:00:00,664.49,615.08496,-49.40503,49.40503
2026-12-04 10:00:00,602.29004,575.919,-26.371033,26.371033
2026-12-04 11:00:00,576.05,549.9882,-26.061768,26.061768
2026-12-04 12:00:00,557.58,528.8621,-28.717896,28.717896
2026-12-04 13:00:00,505.19,524.0229,18.832886,18.832886
2026-12-04 14:00:00,569.32,549.65063,-19.669373,19.669373
2026-12-04 15:00:00,563.48,582.496,19.015991,19.015991
2026-12-04 16:00:00,638.93,633.4562,-5.473816,5.473816
2026-12-04 17:00:00,652.84,692.2496,39.409546,39.409546
2026-12-04 18:00:00,730.56,744.6751,14.115112,14.115112
2026-12-04 19:00:00,723.22,755.02637,31.806396,31.806396
2026-12-04 20:00:00,709.28,739.6007,30.320679,30.320679
2026-12-04 21:00:00,694.66003,700.60236,5.942322,5.942322
2026-12-04 22:00:00,623.84,660.76166,36.92163,36.92163
2026-12-04 23:00:00,619.64,622.114,2.473999,2.473999
2026-12-05 00:00:00,531.18,596.7044,65.524414,65.524414
2026-12-05 01:00:00,501.59003,539.8434,38.253357,38.253357
2026-12-05 02:00:00,495.97003,513.63794,17.667908,17.667908
2026-12-05 03:00:00,540.74,508.35703,-32.382965,32.382965
2026-12-05 04:00:00,504.42,519.43964,15.019623,15.019623
2026-12-05 05:00:00,545.72003,526.59094,-19.12909,19.12909
2026-12-05 06:00:00,557.13,542.3334,-14.796631,14.796631
2026-12-05 07:00:00,615.88,559.3785,-56.501526,56.501526
2026-12-05 08:00:00,582.92,553.8409,-29.079102,29.079102
2026-12-05 09:00:00,542.75,530.70355,-12.046448,12.046448
2026-12-05 10:00:00,443.87,501.29193,57.421936,57.421936
2026-12-05 11:00:00,433.47003,465.70233,32.2323,32.2323
2026-12-05 12:00:00,472.48,439.85437,-32.62564,32.62564
2026-12-05 13:00:00,461.10004,435.8689,-25.23114,25.23114
2026-12-05 14:00:00,411.74,455.56754,43.827545,43.827545
2026-12-05 15:00:00,466.91003,491.62042,24.710388,24.710388
2026-12-05 16:00:00,483.29,533.09766,49.807648,49.807648
2026-12-05 17:00:00,565.57,592.7307,27.160706,27.160706
2026-12-05 18:00:00,573.89,633.75934,59.869324,59.869324
2026-12-05 19:00:00,612.01,658.5304,46.520386,46.520386
2026-12-05 20:00:00,626.5,639.86017,13.360168,13.360168
2026-12-05 21:00:00,564.71,610.90985,46.19983,46.19983
2026-12-05 22:00:00,541.41003,582.201,40.790955,40.790955
2026-12-05 23:00:00,538.87,560.1651,21.295105,21.295105
2026-12-06 00:00:00,520.53,548.399,27.868958,27.868958
2026-12-06 01:00:00,487.25,520.79407,33.544067,33.544067
2026-12-06 02:00:00,478.72003,507.59534,28.875305,28.875305
2026-12-06 03:00:00,494.54,506.45142,11.911407,11.911407
2026-12-06 04:00:00,495.01,514.31726,19.307251,19.307251
2026-12-06 05:00:00,492.37003,525.40607,33.03604,33.03604
2026-12-06 06:00:00,574.42,536.2869,-38.133057,38.133057
2026-12-06 07:00:00,528.26,557.18506,28.925049,28.925049
2026-12-06 08:00:00,561.29004,551.02563,-10.264404,10.264404
2026-12-06 09:00:00,533.47003,514.40607,-19.063965,19.063965
2026-12-06 10:00:00,468.25,482.59778,14.347778,14.347778
2026-12-06 11:00:00,477.26,455.51282,-21.747192,21.747192
2026-12-06 12:00:00,457.30002,446.11127,-11.188751,11.188751
2026-12-06 13:00:00,417.37,438.34583,20.97583,20.97583
2026-12-06 14:00:00,431.88,454.43997,22.559967,22.559967
2026-12-06 15:00:00,471.34003,497.90662,26.56659,26.56659
2026-12-06 16:00:00,490.76,537.52496,46.764954,46.764954
2026-12-06 17:00:00,578.39,588.12634,9.736328,9.736328
2026-12-06 18:00:00,605.98,645.93085,39.950867,39.950867
2026-12-06 19:00:00,622.3,665.57544,43.27545,43.27545
2026-12-06 20:00:00,596.94,645.4986,48.558594,48.558594
2026-12-06 21:00:00,561.31,606.40753,45.097534,45.097534
2026-12-06 22:00:00,531.93,575.77313,43.84314,43.84314
2026-12-06 23:00:00,500.39,557.9871,57.597107,57.597107
2026-12-07 00:00:00,651.69,541.3688,-110.32123,110.32123
2026-12-07 01:00:00,604.85004,596.7831,-8.066956,8.066956
2026-12-07 02:00:00,594.4,606.3751,11.975098,11.975098
2026-12-07 03:00:00,622.06,611.4295,-10.630493,10.630493
2026-12-07 04:00:00,652.71,624.98785,-27.722168,27.722168
2026-12-07 05:00:00,607.39,639.3457,31.955688,31.955688
2026-12-07 06:00:00,664.49,665.3208,0.83081055,0.83081055
2026-12-07 07:00:00,672.89,656.95526,-15.934753,15.934753
2026-12-07 08:00:00,637.46,637.1553,-0.30474854,0.30474854
2026-12-07 09:00:00,601.37,609.6778,8.3078,8.3078
2026-12-07 10:00:00,566.84,576.8903,10.050293,10.050293
2026-12-07 11:00:00,559.68,542.00854,-17.671448,17.671448
2026-12-07 12:00:00,505.07,526.3579,21.287903,21.287903
2026-12-07 13:00:00,523.46,517.193,-6.267029,6.267029
2026-12-07 14:00:00,542.48,531.81354,-10.666443,10.666443
2026-12-07 15:00:00,545.33,565.8441,20.5141,20.5141
2026-12-07 16:00:00,631.23,598.485,-32.744995,32.744995
2026-12-07 17:00:00,668.39,653.70825,-14.681763,14.681763
2026-12-07 18:00:00,704.73,712.7214,7.991394,7.991394
2026-12-07 19:00:00,724.92,737.69244,12.772461,12.772461
2026-12-07 20:00:00,727.75,719.34064,-8.409363,8.409363
2026-12-07 21:00:00,658.9,689.53937,30.639343,30.639343
2026-12-07 22:00:00,618.29004,655.9608,37.670776,37.670776
2026-12-07 23:00:00,583.65,622.5522,38.90216,38.90216
2026-12-08 00:00:00,509.96002,601.85236,91.892334,91.892334
2026-12-08 01:00:00,486.2,552.6503,66.45032,66.45032
2026-12-08 02:00:00,450.69,528.14526,77.45526,77.45526
2026-12-08 03:00:00,547.3,527.5326,-19.767395,19.767395
2026-12-08 04:00:00,571.97003,543.22504,-28.744995,28.744995
2026-12-08 05:00:00,530.64,550.92596,20.28595,20.28595
2026-12-08 06:00:00,611.55,554.1376,-57.412415,57.412415
2026-12-08 07:00:00,579.26,558.9514,-20.308594,20.308594
2026-12-08 08:00:00,592.72003,542.21436,-50.505676,50.505676
2026-12-08 09:00:00,557.65,525.5817,-32.0683,32.0683
2026-12-08 10:00:00,490.27002,503.41312,13.143097,13.143097
2026-12-08 11:00:00,438.63,479.5581,40.9281,40.9281
2026-12-08 12:00:00,424.79004,463.54028,38.750244,38.750244
2026-12-08 13:00:00,393.14,471.0105,77.87048,77.87048
2026-12-08 14:00:00,405.49002,483.39807,77.90805,77.90805
2026-12-08 15:00:00,439.93,507.72845,67.79846,67.79846
2026-12-08 16:00:00,539.74,534.8606,-4.8793945,4.8793945
2026-12-08 17:00:00,581.07,571.1314,-9.938599,9.938599
2026-12-08 18:00:00,579.39,612.456,33.06598,33.06598
2026-12-08 19:00:00,641.96,633.1555,-8.804504,8.804504
2026-12-08 20:00:00,630.56,622.8089,-7.7510986,7.7510986
2026-12-08 21:00:00,560.26,613.16486,52.904846,52.904846
2026-12-08 22:00:00,525.03,596.2891,71.259094,71.259094
2026-12-08 23:00:00,531.22003,568.9134,37.69336,37.69336
2026-12-09 00:00:00,602.09,566.1815,-35.90851,35.90851
2026-12-09 01:00:00,586.61,593.10504,6.495056,6.495056
2026-12-09 02:00:00,609.01,600.4958,-8.514221,8.514221
2026-12-09 03:00:00,609.15,615.8155,6.6654663,6.6654663
2026-12-09 04:00:00,616.09,627.4066,11.316589,11.316589
2026-12-09 05:00:00,588.06,639.33203,51.272034,51.272034
2026-12-09 06:00:00,685.79,649.9474,-35.84259,35.84259
2026-12-09 07:00:00,683.15,653.8231,-29.326904,29.326904
2026-12-09 08:00:00,710.9,635.2461,-75.65393,75.65393
2026-12-09 09:00:00,653.63,610.04315,-43.586853,43.586853
2026-12-09 10:00:00,614.45,568.43475,-46.01526,46.01526
2026-12-09 11:00:00,569.58,541.4548,-28.125244,28.125244
2026-12-09 12:00:00,503.52002,523.4946,19.97461,19.97461
2026-12-09 13:00:00,555.23,521.8075,-33.422485,33.422485
2026-12-09 14:00:00,543.73,548.36523,4.635254,4.635254
2026-12-09 15:00:00,559.62,582.0264,22.406433,22.406433
2026-12-09 16:00:00,589.21,635.3549,46.144897,46.144897
2026-12-09 17:00:00,657.77,681.8209,24.050903,24.050903
2026-12-09 18:00:00,657.24,725.6087,68.36871,68.36871
2026-12-09 19:00:00,748.22003,743.0557,-5.1643066,5.1643066
2026-12-09 20:00:00,720.49,730.4969,10.006897,10.006897
2026-12-09 21:00:00,701.9,693.9115,-7.9885254,7.9885254
2026-12-09 22:00:00,630.3,656.026,25.726013,25.726013
2026-12-09 23:00:00,620.26,622.03375,1.7737427,1.7737427
2026-12-10 00:00:00,615.23,599.1124,-16.117554,16.117554
2026-12-10 01:00:00,618.60004,591.28186,-27.318176,27.318176
2026-12-10 02:00:00,613.82,591.29535,-22.524658,22.524658
2026-12-10 03:00:00,600.55,601.5545,1.0045166,1.0045166
2026-12-10 04:00:00,618.18,615.05115,-3.1288452,3.1288452
2026-12-10 05:00:00,627.10004,632.47943,5.3793945,5.3793945
2026-12-10 06:00:00,635.35004,651.4322,16.082153,16.082153
2026-12-10 07:00:00,672.71,667.2128,-5.4971924,5.4971924
2026-12-10 08:00:00,671.22003,649.24304,-21.97699,21.97699
2026-12-10 09:00:00,633.46,616.7311,-16.728943,16.728943
2026-12-10 10:00:00,584.3,580.26416,-4.0358276,4.0358276
2026-12-10 11:00:00,575.26,546.5026,-28.757385,28.757385
2026-12-10 12:00:00,548.38,526.1573,-22.222717,22.222717
2026-12-10 13:00:00,515.92004,523.03955,7.119507,7.119507
2026-12-10 14:00:00,585.75,539.49585,-46.25415,46.25415
2026-12-10 15:00:00,559.5,591.0604,31.560425,31.560425
2026-12-10 16:00:00,587.78,633.8076,46.027588,46.027588
2026-12-10 17:00:00,633.47003,693.499,60.02899,60.02899
2026-12-10 18:00:00,726.53,738.0886,11.558594,11.558594
2026-12-10 19:00:00,736.2,757.0951,20.89508,20.89508
2026-12-10 20:00:00,721.53,739.75134,18.221313,18.221313
2026-12-10 21:00:00,719.03,702.1571,-16.872925,16.872925
2026-12-10 22:00:00,630.9,665.3943,34.494263,34.494263
2026-12-10 23:00:00,629.46,628.4189,-1.0411377,1.0411377
2026-12-11 00:00:00,625.63,600.2137,-25.41632,25.41632
2026-12-11 01:00:00,597.08,590.3147,-6.76532,6.76532
2026-12-11 02:00:00,621.11,582.0146,-39.095398,39.095398
2026-12-11 03:00:00,633.48,593.24634,-40.233643,40.233643
2026-12-11 04:00:00,636.0,607.81146,-28.188538,28.188538
2026-12-11 05:00:00,667.87,627.5942,-40.275818,40.275818
2026-12-11 06:00:00,699.75,656.057,-43.692993,43.692993
2026-12-11 07:00:00,691.99,676.89026,-15.099731,15.099731
2026-12-11 08:00:00,648.60004,665.7822,17.18219,17.18219
2026-12-11 09:00:00,718.86,628.52246,-90.337524,90.337524
2026-12-11 10:00:00,567.44,591.084,23.643982,23.643982
2026-12-11 11:00:00,539.29004,550.97845,11.688416,11.688416
2026-12-11 12:00:00,561.86,520.464,-41.395996,41.395996
2026-12-11 13:00:00,541.65,529.9038,-11.746216,11.746216
2026-12-11 14:00:00,552.51,554.10455,1.5945435,1.5945435
2026-12-11 15:00:00,583.31,596.4253,13.115295,13.115295
2026-12-11 16:00:00,612.4,649.461,37.060974,37.060974
2026-12-11 17:00:00,638.69,683.9047,45.21472,45.21472
2026-12-11 18:00:00,728.49,725.5765,-2.9135132,2.9135132
2026-12-11 19:00:00,733.97,751.23773,17.267761,17.267761
2026-12-11 20:00:00,729.48,731.58984,2.1098633,2.1098633
2026-12-11 21:00:00,687.44,695.93744,8.497437,8.497437
2026-12-11 22:00:00,626.33,655.16504,28.835022,28.835022
2026-12-11 23:00:00,645.25,618.69244,-26.557556,26.557556
2026-12-12 00:00:00,465.67,593.01013,127.34012,127.34012
2026-12-12 01:00:00,509.57,531.82336,22.253357,22.253357
2026-12-12 02:00:00,557.12,512.5735,-44.54651,44.54651
2026-12-12 03:00:00,494.18002,512.9696,18.789581,18.789581
2026-12-12 04:00:00,491.47003,516.6697,25.199646,25.199646
2026-12-12 05:00:00,531.47003,529.437,-2.03302,2.03302
2026-12-12 06:00:00,551.09,542.156,-8.934021,8.934021
2026-12-12 07:00:00,560.34,557.22076,-3.1192627,3.1192627
2026-12-12 08:00:00,551.04004,542.99005,-8.049988,8.049988
2026-12-12 09:00:00,503.44,516.169,12.729004,12.729004
2026-12-12 10:00:00,451.92,481.53262,29.61261,29.61261
2026-12-12 11:00:00,411.86002,460.46396,48.603943,48.603943
2026-12-12 12:00:00,443.60004,435.1339,-8.4661255,8.4661255
2026-12-12 13:00:00,444.42,431.3576,-13.062408,13.062408
2026-12-12 14:00:00,445.74002,459.17126,13.431244,13.431244
2026-12-12 15:00:00,467.57,490.42938,22.859375,22.859375
2026-12-12 16:00:00,490.18,537.10565,46.92566,46.92566
2026-12-12 17:00:00,565.55,580.6123,15.062317,15.062317
2026-12-12 18:00:00,550.97003,638.6234,87.65338,87.65338
2026-12-12 19:00:00,606.79004,662.5041,55.71405,55.71405
2026-12-12 20:00:00,565.5,644.51373,79.01373,79.01373
2026-12-12 21:00:00,574.56,612.44653,37.886536,37.886536
2026-12-12 22:00:00,536.89,585.5711,48.68109,48.68109
2026-12-12 23:00:00,562.27,557.64825,-4.621765,4.621765
2026-12-13 00:00:00,526.31,542.5508,16.240784,16.240784
2026-12-13 01:00:00,507.34,511.75864,4.41864,4.41864
2026-12-13 02:00:00,486.79,501.5738,14.783783,14.783783
2026-12-13 03:00:00,471.99,505.58035,33.590363,33.590363
2026-12-13 04:00:00,558.59,512.5962,-45.993835,45.993835
2026-12-13 05:00:00,522.94,531.0512,8.111206,8.111206
2026-12-13 06:00:00,561.47003,541.28656,-20.183472,20.183472
2026-12-13 07:00:00,539.41003,556.39813,16.988098,16.988098
2026-12-13 08:00:00,599.28,537.7431,-61.536926,61.536926
2026-12-13 09:00:00,517.2,514.433,-2.7670288,2.7670288
2026-12-13 10:00:00,463.33002,483.92432,20.5943,20.5943
2026-12-13 11:00:00,452.69,452.51984,-0.17016602,0.17016602
2026-12-13 12:00:00,462.99002,436.7083,-26.281708,26.281708
2026-12-13 13:00:00,413.38,435.82373,22.443726,22.443726
2026-12-13 14:00:00,435.81,457.19702,21.387024,21.387024
2026-12-13 15:00:00,475.75,494.8646,19.114594,19.114594
2026-12-13 16:00:00,510.1,542.8156,32.715607,32.715607
2026-12-13 17:00:00,531.2,595.31964,64.11963,64.11963
2026-12-13 18:00:00,632.72003,627.565,-5.1550293,5.1550293
2026-12-13 19:00:00,618.92,667.92334,49.003357,49.003357
2026-12-13 20:00:00,578.45,650.7547,72.30469,72.30469
2026-12-13 21:00:00,608.0,619.4538,11.453796,11.453796
2026-12-13 22:00:00,552.04004,591.0448,39.00476,39.00476
2026-12-13 23:00:00,521.0,565.6292,44.62921,44.62921
2026-12-14 00:00:00,648.19,549.61285,-98.57715,98.57715
2026-12-14 01:00:00,642.51,605.76526,-36.74475,36.74475
2026-12-14 02:00:00,582.89,611.0229,28.132874,28.132874
2026-12-14 03:00:00,612.49,612.6403,0.15032959,0.15032959
2026-12-14 04:00:00,585.05,620.4359,35.385925,35.385925
2026-12-14 05:00:00,637.69,628.9508,-8.739197,8.739197
2026-12-14 06:00:00,675.05,641.938,-33.112,33.112
2026-12-14 07:00:00,651.93,654.40063,2.470642,2.470642
2026-12-14 08:00:00,690.71,640.5949,-50.115112,50.115112
2026-12-14 09:00:00,617.93,608.9907,-8.93927,8.93927
2026-12-14 10:00:00,611.74,569.99524,-41.74475,41.74475
2026-12-14 11:00:00,604.13,539.4571,-64.67291,64.67291
2026-12-14 12:00:00,556.73,524.3089,-32.42108,32.42108
2026-12-14 13:00:00,524.88,517.03906,-7.8409424,7.8409424
2026-12-14 14:00:00,569.33,535.92584,-33.404175,33.404175
2026-12-14 15:00:00,571.81,566.73804,-5.0719604,5.0719604
2026-12-14 16:00:00,575.41003,622.4712,47.061157,47.061157
2026-12-14 17:00:00,636.08,668.031,31.950989,31.950989
2026-12-14 18:00:00,714.5,710.3882,-4.1118164,4.1118164
2026-12-14 19:00:00,767.54,733.4038,-34.13617,34.13617
2026-12-14 20:00:00,705.84,715.49347,9.653442,9.653442
2026-12-14 21:00:00,696.36,685.54816,-10.811829,10.811829
2026-12-14 22:00:00,635.68,652.6435,16.963501,16.963501
2026-12-14 23:00:00,639.51,623.82965,-15.680359,15.680359
2026-12-15 00:00:00,572.32,605.5987,33.278687,33.278687
2026-12-15 01:00:00,634.74,600.01495,-34.725037,34.725037
2026-12-15 02:00:00,637.5,599.64386,-37.85614,37.85614
2026-12-15 03:00:00,604.53,607.5851,3.0550537,3.0550537
2026-12-15 04:00:00,651.52,616.7627,-34.757324,34.757324
2026-12-15 05:00:00,571.68,628.0977,56.417725,56.417725
2026-12-15 06:00:00,648.60004,634.65314,-13.946899,13.946899
2026-12-15 07:00:00,697.38,649.40796,-47.972046,47.972046
2026-12-15 08:00:00,663.33,627.38043,-35.949585,35.949585
2026-12-15 09:00:00,581.44,594.9895,13.5494995,13.5494995
2026-12-15 10:00:00,581.66003,558.607,-23.05304,23.05304
2026-12-15 11:00:00,528.01,529.4258,1.4157715,1.4157715
2026-12-15 12:00:00,569.2,510.61902,-58.580994,58.580994
2026-12-15 13:00:00,489.45,512.4748,23.02478,23.02478
2026-12-15 14:00:00,546.93,538.42566,-8.5043335,8.5043335
2026-12-15 15:00:00,500.66003,573.9709,73.31085,73.31085
2026-12-15 16:00:00,602.08,597.1177,-4.9623413,4.9623413
2026-12-15 17:00:00,629.25,665.04047,35.790466,35.790466
2026-12-15 18:00:00,705.6,710.9496,5.3496094,5.3496094
2026-12-15 19:00:00,699.95,737.5193,37.569275,37.569275
2026-12-15 20:00:00,700.39,720.86865,20.478638,20.478638
2026-12-15 21:00:00,686.54004,689.4226,2.8825684,2.8825684
2026-12-15 22:00:00,666.39,654.27344,-12.116577,12.116577
2026-12-15 23:00:00,622.46,625.1246,2.6645508,2.6645508
2026-12-16 00:00:00,609.05,602.88074,-6.1692505,6.1692505
2026-12-16 01:00:00,629.41003,592.6517,-36.75836,36.75836
2026-12-16 02:00:00,584.94,592.4254,7.4854126,7.4854126
2026-12-16 03:00:00,625.9,598.1449,-27.755127,27.755127
2026-12-16 04:00:00,612.68,611.65265,-1.0273438,1.0273438
2026-12-16 05:00:00,683.82,626.2129,-57.607117,57.607117
2026-12-16 06:00:00,641.91003,644.7035,2.793457,2.793457
2026-12-16 07:00:00,639.05,656.41656,17.366577,17.366577
2026-12-16 08:00:00,660.33,634.58044,-25.749573,25.749573
2026-12-16 09:00:00,618.81,604.7819,-14.028076,14.028076
2026-12-16 10:00:00,614.11,569.12,-44.98999,44.98999
2026-12-16 11:00:00,544.62,541.9986,-2.621399,2.621399
2026-12-16 12:00:00,543.68,521.7561,-21.92389,21.92389
2026-12-16 13:00:00,563.45,521.0399,-42.410095,42.410095
2026-12-16 14:00:00,584.79004,547.21387,-37.57617,37.57617
2026-12-16 15:00:00,583.04004,578.4335,-4.6065674,4.6065674
2026-12-16 16:00:00,596.13,635.5157,39.38568,39.38568
2026-12-16 17:00:00,651.09,683.2049,32.11487,32.11487
2026-12-16 18:00:00,701.73,733.0536,31.323608,31.323608
2026-12-16 19:00:00,692.16003,747.71814,55.558105,55.558105
2026-12-16 20:00:00,748.35,728.7257,-19.624268,19.624268
2026-12-16 21:00:00,700.21,712.8224,12.612366,12.612366
2026-12-16 22:00:00,643.01,679.052,36.041992,36.041992
2026-12-16 23:00:00,600.43,640.05756,39.627563,39.627563
2026-12-17 00:00:00,577.1,609.801,32.70105,32.70105
2026-12-17 01:00:00,615.98,595.0859,-20.894104,20.894104
2026-12-17 02:00:00,640.36,593.5834,-46.77661,46.77661
2026-12-17 03:00:00,565.86,609.7125,43.85254,43.85254
2026-12-17 04:00:00,618.34,607.1701,-11.169922,11.169922
2026-12-17 05:00:00,601.63,624.60034,22.970337,22.970337
2026-12-17 06:00:00,637.57,637.6844,0.11437988,0.11437988
2026-12-17 07:00:00,669.47003,657.10364,-12.366394,12.366394
2026-12-17 08:00:00,705.61,642.6587,-62.951294,62.951294
2026-12-17 09:00:00,632.83,619.8306,-12.99939,12.99939
2026-12-17 10:00:00,622.18,578.6671,-43.51288,43.51288
2026-12-17 11:00:00,540.86,546.9441,6.0841064,6.0841064
2026-12-17 12:00:00,547.03,512.89386,-34.13617,34.13617
2026-12-17 13:00:00,530.32,511.76932,-18.55069,18.55069
2026-12-17 14:00:00,593.43,526.47974,-66.95026,66.95026
2026-12-17 15:00:00,575.15,569.7204,-5.4296265,5.4296265
2026-12-17 16:00:00,620.96,625.2442,4.2841797,4.2841797
2026-12-17 17:00:00,667.32,672.9202,5.6002197,5.6002197
2026-12-17 18:00:00,699.05,725.53973,26.489746,26.489746
2026-12-17 19:00:00,694.49,756.55273,62.062744,62.062744
2026-12-17 20:00:00,707.22,734.3614,27.141418,27.141418
2026-12-17 21:00:00,696.74,696.4971,-0.24291992,0.24291992
2026-12-17 22:00:00,642.25,660.4899,18.23993,18.23993
2026-12-17 23:00:00,628.45,624.26196,-4.1880493,4.1880493
2026-12-18 00:00:00,598.54004,597.67957,-0.86047363,0.86047363
2026-12-18 01:00:00,602.03,585.5046,-16.525452,16.525452
2026-12-18 02:00:00,584.88,581.27563,-3.60437,3.60437
2026-12-18 03:00:00,628.16003,587.0057,-41.154358,41.154358
2026-12-18 04:00:00,631.64,604.5274,-27.11261,27.11261
2026-12-18 05:00:00,669.91003,623.80054,-46.109497,46.109497
2026-12-18 06:00:00,641.44,641.79443,0.35443115,0.35443115
2026-12-18 07:00:00,730.23,656.1107,-74.11926,74.11926
2026-12-18 08:00:00,661.52,645.0353,-16.484741,16.484741
2026-12-18 09:00:00,586.95,615.2859,28.335876,28.335876
2026-12-18 10:00:00,612.72003,575.34485,-37.375183,37.375183
2026-12-18 11:00:00,579.62,540.0691,-39.550903,39.550903
2026-12-18 12:00:00,512.78,522.3838,9.60376,9.60376
2026-12-18 13:00:00,501.30002,519.05426,17.754242,17.754242
2026-12-18 14:00:00,484.43,539.3997,54.969727,54.969727
2026-12-18 15:00:00,533.68,577.54083,43.86084,43.86084
2026-12-18 16:00:00,592.2,625.38556,33.185547,33.185547
2026-12-18 17:00:00,679.08,679.0362,-0.043823242,0.043823242
2026-12-18 18:00:00,715.57,731.093,15.52301,15.52301
2026-12-18 19:00:00,732.83,757.2223,24.392273,24.392273
2026-12-18 20:00:00,699.28,738.43823,39.158203,39.158203
2026-12-18 21:00:00,679.1,691.6598,12.559814,12.559814
2026-12-18 22:00:00,661.24,656.33417,-4.9058228,4.9058228
2026-12-18 23:00:00,638.22003,622.48456,-15.735474,15.735474
2026-12-19 00:00:00,493.10004,596.35956,103.25952,103.25952
2026-12-19 01:00:00,518.60004,536.1735,17.573486,17.573486
2026-12-19 02:00:00,467.10004,513.90765,46.807617,46.807617
2026-12-19 03:00:00,480.04,507.3832,27.3432,27.3432
2026-12-19 04:00:00,530.11,511.3601,-18.749878,18.749878
2026-12-19 05:00:00,513.05,528.1734,15.123413,15.123413
2026-12-19 06:00:00,550.48,541.1129,-9.367065,9.367065
2026-12-19 07:00:00,564.58,559.2684,-5.3116455,5.3116455
2026-12-19 08:00:00,572.38,549.6063,-22.773682,22.773682
2026-12-19 09:00:00,521.05005,527.08606,6.0360107,6.0360107
2026-12-19 10:00:00,523.79004,492.4085,-31.38153,31.38153
2026-12-19 11:00:00,438.16003,463.4674,25.307373,25.307373
2026-12-19 12:00:00,444.12,438.64758,-5.472412,5.472412
2026-12-19 13:00:00,375.12003,433.6519,58.53186,58.53186
2026-12-19 14:00:00,410.16,450.0449,39.884888,39.884888
2026-12-19 15:00:00,438.92,485.02026,46.10025,46.10025
2026-12-19 16:00:00,492.38,524.879,32.499023,32.499023
2026-12-19 17:00:00,506.63,570.8221,64.19208,64.19208
2026-12-19 18:00:00,600.74,628.35895,27.618958,27.618958
2026-12-19 19:00:00,577.57,662.89777,85.32776,85.32776
2026-12-19 20:00:00,577.62,645.3296,67.709595,67.709595
2026-12-19 21:00:00,535.7,615.56433,79.86432,79.86432
2026-12-19 22:00:00,535.96,586.6847,50.72467,50.72467
2026-12-19 23:00:00,493.66003,563.9671,70.30707,70.30707
2026-12-20 00:00:00,496.81,550.50934,53.69934,53.69934
2026-12-20 01:00:00,461.75,521.8178,60.06781,60.06781
2026-12-20 02:00:00,460.13,506.82562,46.695618,46.695618
2026-12-20 03:00:00,489.75,506.1889,16.438904,16.438904
2026-12-20 04:00:00,542.62,515.98627,-26.633728,26.633728
2026-12-20 05:00:00,496.92,531.05585,34.135834,34.135834
2026-12-20 06:00:00,553.08,536.56665,-16.513367,16.513367
2026-12-20 07:00:00,564.31,551.55817,-12.751831,12.751831
2026-12-20 08:00:00,576.94,535.98236,-40.95764,40.95764
2026-12-20 09:00:00,501.90002,516.81464,14.914612,14.914612
2026-12-20 10:00:00,486.03003,481.8563,-4.1737366,4.1737366
2026-12-20 11:00:00,470.80002,466.8584,-3.9416199,3.9416199
2026-12-20 12:00:00,447.99002,449.7946,1.8045654,1.8045654
2026-12-20 13:00:00,416.57,437.6001,21.03009,21.03009
2026-12-20 14:00:00,443.95,456.0606,12.110596,12.110596
2026-12-20 15:00:00,448.49002,493.66428,45.174255,45.174255
2026-12-20 16:00:00,513.27,531.0743,17.80426,17.80426
2026-12-20 17:00:00,500.24002,583.81055,83.570526,83.570526
2026-12-20 18:00:00,627.55,624.17194,-3.3780518,3.3780518
2026-12-20 19:00:00,592.68,654.59894,61.918945,61.918945
2026-12-20 20:00:00,598.57,640.5431,41.973083,41.973083
2026-12-20 21:00:00,592.93,613.4263,20.496277,20.496277
2026-12-20 22:00:00,556.18,588.50903,32.32904,32.32904
2026-12-20 23:00:00,484.5,566.49927,81.99927,81.99927
2026-12-21 00:00:00,605.68,546.88403,-58.79596,58.79596
2026-12-21 01:00:00,631.31,594.21643,-37.093567,37.093567
2026-12-21 02:00:00,618.21,604.45856,-13.751465,13.751465
2026-12-21 03:00:00,579.91003,613.9874,34.077393,34.077393
2026-12-21 04:00:00,610.8,625.053,14.252991,14.252991
2026-12-21 05:00:00,647.01,633.6982,-13.311829,13.311829
2026-12-21 06:00:00,655.76,645.6856,-10.074402,10.074402
2026-12-21 07:00:00,669.12,656.05597,-13.064026,13.064026
2026-12-21 08:00:00,676.53,640.01483,-36.515198,36.515198
2026-12-21 09:00:00,683.72003,612.4239,-71.29614,71.29614
2026-12-21 10:00:00,600.79004,581.03503,-19.755005,19.755005
2026-12-21 11:00:00,521.52,553.0463,31.526306,31.526306
2026-12-21 12:00:00,506.35,526.8234,20.47342,20.47342
2026-12-21 13:00:00,550.87,517.98206,-32.88794,32.88794
2026-12-21 14:00:00,545.33,535.2424,-10.0876465,10.0876465
2026-12-21 15:00:00,565.09,562.4053,-2.6847534,2.6847534
2026-12-21 16:00:00,624.05,604.22626,-19.82373,19.82373
2026-12-21 17:00:00,692.19,667.0556,-25.1344,25.1344
2026-12-21 18:00:00,731.09,692.0845,-39.005554,39.005554
2026-12-21 19:00:00,722.72003,719.1557,-3.564331,3.564331
2026-12-21 20:00:00,710.04004,711.6421,1.6020508,1.6020508
2026-12-21 21:00:00,691.07,680.6971,-10.372925,10.372925
2026-12-21 22:00:00,600.59,651.4862,50.89618,50.89618
2026-12-21 23:00:00,667.35004,625.4205,-41.929565,41.929565
2026-12-22 00:00:00,593.18,608.1218,14.9418335,14.9418335
2026-12-22 01:00:00,583.22003,602.0402,18.82019,18.82019
2026-12-22 02:00:00,613.95,602.13226,-11.817749,11.817749
2026-12-22 03:00:00,595.42,603.7936,8.373596,8.373596
2026-12-22 04:00:00,661.09,615.44446,-45.64557,45.64557
2026-12-22 05:00:00,640.04004,636.9293,-3.1107178,3.1107178
2026-12-22 06:00:00,656.31,646.8543,-9.455688,9.455688
2026-12-22 07:00:00,703.36,653.7162,-49.6438,49.6438
2026-12-22 08:00:00,633.35004,640.2613,6.911255,6.911255
2026-12-22 09:00:00,634.99,599.7026,-35.287415,35.287415
2026-12-22 10:00:00,604.10004,568.0477,-36.052307,36.052307
2026-12-22 11:00:00,550.22003,535.4699,-14.750122,14.750122
2026-12-22 12:00:00,501.28003,514.8473,13.567261,13.567261
2026-12-22 13:00:00,525.99,514.50916,-11.480835,11.480835
2026-12-22 14:00:00,517.92004,541.1582,23.23816,23.23816
2026-12-22 15:00:00,562.67004,577.78143,15.111389,15.111389
2026-12-22 16:00:00,621.91003,628.0353,6.125244,6.125244
2026-12-22 17:00:00,693.12,681.52966,-11.590332,11.590332
2026-12-22 18:00:00,722.98,730.2236,7.2435913,7.2435913
2026-12-22 19:00:00,716.95,750.9193,33.9693,33.9693
2026-12-22 20:00:00,702.59,726.09216,23.502136,23.502136
2026-12-22 21:00:00,698.9,695.69836,-3.2016602,3.2016602
2026-12-22 22:00:00,641.15,660.92944,19.779419,19.779419
2026-12-22 23:00:00,621.82,627.49457,5.6745605,5.6745605
2026-12-23 00:00:00,627.21,602.5028,-24.707214,24.707214
2026-12-23 01:00:00,621.83,601.15546,-20.67456,20.67456
2026-12-23 02:00:00,582.95,595.5689,12.6188965,12.6188965
2026-12-23 03:00:00,599.86,603.3452,3.4852295,3.4852295
2026-12-23 04:00:00,656.96,610.2136,-46.7464,46.7464
2026-12-23 05:00:00,644.77,632.1496,-12.620422,12.620422
2026-12-23 06:00:00,692.93,645.93713,-46.99286,46.99286
2026-12-23 07:00:00,630.37,665.47076,35.10077,35.10077
2026-12-23 08:00:00,659.48,637.9009,-21.579102,21.579102
2026-12-23 09:00:00,641.23,603.05536,-38.17462,38.17462
2026-12-23 10:00:00,609.43,567.3005,-42.129517,42.129517
2026-12-23 11:00:00,587.29004,534.67615,-52.61389,52.61389
2026-12-23 12:00:00,519.89,517.5659,-2.3240967,2.3240967
2026-12-23 13:00:00,528.88,514.67285,-14.207153,14.207153
2026-12-23 14:00:00,541.54004,534.29553,-7.244507,7.244507
2026-12-23 15:00:00,588.2,575.6701,-12.529907,12.529907
2026-12-23 16:00:00,567.32,630.6773,63.3573,63.3573
2026-12-23 17:00:00,604.48,678.07806,73.59808,73.59808
2026-12-23 18:00:00,705.28,711.9053,6.625244,6.625244
2026-12-23 19:00:00,726.19,743.752,17.562012,17.562012
2026-12-23 20:00:00,719.02,729.7466,10.7265625,10.7265625
2026-12-23 21:00:00,670.9,698.082,27.181946,27.181946
2026-12-23 22:00:00,668.53,660.4095,-8.120544,8.120544
2026-12-23 23:00:00,636.74,627.76245,-8.977539,8.977539
2026-12-24 00:00:00,599.21,601.1437,1.9336548,1.9336548
2026-12-24 01:00:00,604.63,589.9914,-14.638611,14.638611
2026-12-24 02:00:00,570.35004,587.938,17.587952,17.587952
2026-12-24 03:00:00,665.3,591.74146,-73.55853,73.55853
2026-12-24 04:00:00,613.75,612.76465,-0.98535156,0.98535156
2026-12-24 05:00:00,650.9,625.9576,-24.942444,24.942444
2026-12-24 06:00:00,656.95,644.15936,-12.790649,12.790649
2026-12-24 07:00:00,684.64,655.3669,-29.273132,29.273132
2026-12-24 08:00:00,675.04004,644.76935,-30.27069,30.27069
2026-12-24 09:00:00,602.88,617.5031,14.623108,14.623108
2026-12-24 10:00:00,607.12,581.9267,-25.193298,25.193298
2026-12-24 11:00:00,551.36,546.83386,-4.526123,4.526123
2026-12-24 12:00:00,571.42,522.1453,-49.27466,49.27466
2026-12-24 13:00:00,536.9,520.03503,-16.86499,16.86499
2026-12-24 14:00:00,542.11,529.97845,-12.131531,12.131531
2026-12-24 15:00:00,598.64,572.411,-26.229004,26.229004
2026-12-24 16:00:00,632.12,622.9129,-9.207092,9.207092
2026-12-24 17:00:00,637.82,675.90454,38.084534,38.084534
2026-12-24 18:00:00,698.09,734.2067,36.1167,36.1167
2026-12-24 19:00:00,692.75,753.60065,60.850647,60.850647
2026-12-24 20:00:00,710.18,728.4329,18.25293,18.25293
2026-12-24 21:00:00,689.29,693.9233,4.633301,4.633301
2026-12-24 22:00:00,630.94,655.4783,24.538269,24.538269
2026-12-24 23:00:00,622.12,622.7693,0.649292,0.649292
2026-12-25 00:00:00,546.44,598.3401,51.900085,51.900085
2026-12-25 01:00:00,509.38,540.6571,31.2771,31.2771
2026-12-25 02:00:00,507.1,514.0038,6.903778,6.903778
2026-12-25 03:00:00,513.82,513.1737,-0.64630127,0.64630127
2026-12-25 04:00:00,529.99,526.3631,-3.626892,3.626892
2026-12-25 05:00:00,489.38,544.3589,54.97888,54.97888
2026-12-25 06:00:00,565.03,547.0497,-17.980347,17.980347
2026-12-25 07:00:00,567.24,553.37445,-13.86554,13.86554
2026-12-25 08:00:00,580.12,534.94006,-45.17993,45.17993
2026-12-25 09:00:00,529.37,508.5663,-20.80368,20.80368
2026-12-25 10:00:00,536.4,486.9712,-49.428833,49.428833
2026-12-25 11:00:00,466.67,473.434,6.763977,6.763977
2026-12-25 12:00:00,476.42,454.2923,-22.127716,22.127716
2026-12-25 13:00:00,406.40002,466.97067,60.57065,60.57065
2026-12-25 14:00:00,458.12,484.5924,26.472412,26.472412
2026-12-25 15:00:00,506.92,510.70587,3.7858582,3.7858582
2026-12-25 16:00:00,464.63,548.1959,83.56592,83.56592
2026-12-25 17:00:00,600.63,577.3736,-23.256409,23.256409
2026-12-25 18:00:00,638.19,619.4968,-18.693176,18.693176
2026-12-25 19:00:00,624.56,662.1026,37.542603,37.542603
2026-12-25 20:00:00,615.06,647.0377,31.977722,31.977722
2026-12-25 21:00:00,606.19,626.7868,20.596802,20.596802
2026-12-25 22:00:00,583.52,611.078,27.557983,27.557983
2026-12-25 23:00:00,496.41003,603.01807,106.60803,106.60803
2026-12-26 00:00:00,515.34,581.547,66.20697,66.20697
2026-12-26 01:00:00,466.76,567.34753,100.587524,100.587524
2026-12-26 02:00:00,505.32,553.8442,48.52417,48.52417
2026-12-26 03:00:00,463.09003,548.9386,85.84857,85.84857
2026-12-26 04:00:00,482.67,541.1649,58.494904,58.494904
2026-12-26 05:00:00,578.22003,545.7679,-32.45215,32.45215
2026-12-26 06:00:00,567.39,560.65894,-6.731079,6.731079
2026-12-26 07:00:00,522.27,567.97046,45.70044,45.70044
2026-12-26 08:00:00,538.19,545.5341,7.344116,7.344116
2026-12-26 09:00:00,512.0,516.01416,4.01416,4.01416
2026-12-26 10:00:00,475.48,485.66556,10.185547,10.185547
2026-12-26 11:00:00,446.30002,459.14,12.839996,12.839996
2026-12-26 12:00:00,389.58002,440.91656,51.336548,51.336548
2026-12-26 13:00:00,395.93002,429.3684,33.438385,33.438385
2026-12-26 14:00:00,435.29004,452.21924,16.9292,16.9292
2026-12-26 15:00:00,437.91003,481.7326,43.82257,43.82257
2026-12-26 16:00:00,543.17004,525.8595,-17.310547,17.310547
2026-12-26 17:00:00,525.58,582.87024,57.290222,57.290222
2026-12-26 18:00:00,594.64,630.9658,36.325806,36.325806
2026-12-26 19:00:00,623.56,654.26385,30.703857,30.703857
2026-12-26 20:00:00,590.5,642.5289,52.02887,52.02887
2026-12-26 21:00:00,558.35004,613.8516,55.501587,55.501587
2026-12-26 22:00:00,557.59,582.535,24.944946,24.944946
2026-12-26 23:00:00,499.95,561.9868,62.036804,62.036804
2026-12-27 00:00:00,513.31,542.66943,29.359436,29.359436
2026-12-27 01:00:00,494.35004,518.8146,24.464539,24.464539
2026-12-27 02:00:00,517.42004,506.51608,-10.903961,10.903961
2026-12-27 03:00:00,470.84003,510.58777,39.74774,39.74774
2026-12-27 04:00:00,507.69,510.98767,3.2976685,3.2976685
2026-12-27 05:00:00,511.16,525.8138,14.653778,14.653778
2026-12-27 06:00:00,588.05,538.75977,-49.290222,49.290222
2026-12-27 07:00:00,574.36,561.34607,-13.013916,13.013916
2026-12-27 08:00:00,543.65,544.6584,1.0083618,1.0083618
2026-12-27 09:00:00,507.86002,514.4202,6.560211,6.560211
2026-12-27 10:00:00,456.05002,483.8004,27.750397,27.750397
2026-12-27 11:00:00,428.23,452.42697,24.19696,24.19696
2026-12-27 12:00:00,438.22003,431.75,-6.4700317,6.4700317
2026-12-27 13:00:00,487.13,423.92303,-63.20697,63.20697
2026-12-27 14:00:00,437.07,453.40637,16.336365,16.336365
2026-12-27 15:00:00,401.25,490.82123,89.57123,89.57123
2026-12-27 16:00:00,524.4,528.8592,4.4591675,4.4591675
2026-12-27 17:00:00,560.14,596.4523,36.312256,36.312256
2026-12-27 18:00:00,579.81,640.0312,60.22119,60.22119
2026-12-27 19:00:00,625.41003,657.15454,31.744507,31.744507
2026-12-27 20:00:00,610.82,643.1991,32.37909,32.37909
2026-12-27 21:00:00,584.13,614.00336,29.873352,29.873352
2026-12-27 22:00:00,507.29,584.85016,77.56015,77.56015
2026-12-27 23:00:00,526.36,559.1375,32.777527,32.777527
2026-12-28 00:00:00,569.22003,545.887,-23.333008,23.333008
2026-12-28 01:00:00,579.76,589.58276,9.822754,9.822754
2026-12-28 02:00:00,608.8,600.08484,-8.715149,8.715149
2026-12-28 03:00:00,595.23,610.5298,15.299805,15.299805
2026-12-28 04:00:00,609.92,626.078,16.15802,16.15802
2026-12-28 05:00:00,641.15,634.4124,-6.73761,6.73761
2026-12-28 06:00:00,658.07,647.98627,-10.08374,10.08374
2026-12-28 07:00:00,642.66003,656.16394,13.503906,13.503906
2026-12-28 08:00:00,669.43,634.7066,-34.72339,34.72339
2026-12-28 09:00:00,642.65,604.3911,-38.25891,38.25891
2026-12-28 10:00:00,595.93,565.6598,-30.270203,30.270203
2026-12-28 11:00:00,605.54004,541.2195,-64.32056,64.32056
2026-12-28 12:00:00,536.96,525.00507,-11.954956,11.954956
2026-12-28 13:00:00,586.57,517.4654,-69.104614,69.104614
2026-12-28 14:00:00,493.98,537.6322,43.65219,43.65219
2026-12-28 15:00:00,581.66003,566.14124,-15.518799,15.518799
2026-12-28 16:00:00,605.38,609.9637,4.583679,4.583679
2026-12-28 17:00:00,639.60004,660.0915,20.491455,20.491455
2026-12-28 18:00:00,748.88,701.2981,-47.58191,47.58191
2026-12-28 19:00:00,688.04004,729.35364,41.3136,41.3136
2026-12-28 20:00:00,737.43,717.7477,-19.682312,19.682312
2026-12-28 21:00:00,694.03,688.5294,-5.5006104,5.5006104
2026-12-28 22:00:00,657.59,656.81934,-0.7706909,0.7706909
2026-12-28 23:00:00,614.94,629.93835,14.998352,14.998352
2026-12-29 00:00:00,636.86,606.0239,-30.83606,30.83606
2026-12-29 01:00:00,611.97003,603.7161,-8.253906,8.253906
2026-12-29 02:00:00,624.74,600.21893,-24.521057,24.521057
2026-12-29 03:00:00,571.65,607.4216,35.771545,35.771545
2026-12-29 04:00:00,599.73,614.9232,15.193237,15.193237
2026-12-29 05:00:00,634.78,626.5689,-8.211121,8.211121
2026-12-29 06:00:00,675.93,640.7559,-35.174072,35.174072
2026-12-29 07:00:00,625.23,656.8122,31.582214,31.582214
2026-12-29 08:00:00,632.2,626.7975,-5.402527,5.402527
2026-12-29 09:00:00,650.91003,597.1502,-53.759827,53.759827
2026-12-29 10:00:00,581.7,569.13324,-12.566772,12.566772
2026-12-29 11:00:00,552.43,538.3059,-14.124084,14.124084
2026-12-29 12:00:00,550.32,519.3306,-30.98938,30.98938
2026-12-29 13:00:00,564.45,519.4612,-44.98883,44.98883
2026-12-29 14:00:00,508.59003,543.6979,35.10785,35.10785
2026-12-29 15:00:00,544.62,574.13,29.51001,29.51001
2026-12-29 16:00:00,589.57,615.95557,26.38556,26.38556
2026-12-29 17:00:00,677.28,661.56726,-15.712769,15.712769
2026-12-29 18:00:00,683.02,715.08215,32.062134,32.062134
2026-12-29 19:00:00,725.85,726.64905,0.79907227,0.79907227
2026-12-29 20:00:00,685.06,712.4809,27.420898,27.420898
2026-12-29 21:00:00,692.16003,685.7894,-6.3706055,6.3706055
2026-12-29 22:00:00,665.58,652.8004,-12.779602,12.779602
2026-12-29 23:00:00,619.24,623.408,4.16803,4.16803
2026-12-30 00:00:00,589.76,599.127,9.367004,9.367004
2026-12-30 01:00:00,593.73,595.52997,1.7999878,1.7999878
2026-12-30 02:00:00,601.68,591.58484,-10.095154,10.095154
2026-12-30 03:00:00,631.9,600.60913,-31.290894,31.290894
2026-12-30 04:00:00,617.45,611.596,-5.854004,5.854004
2026-12-30 05:00:00,658.33,624.15344,-34.176575,34.176575
2026-12-30 06:00:00,653.18,644.76276,-8.417236,8.417236
2026-12-30 07:00:00,669.82,658.36725,-11.452759,11.452759
2026-12-30 08:00:00,718.33,639.3916,-78.938416,78.938416
2026-12-30 09:00:00,634.52,608.0257,-26.494324,26.494324
2026-12-30 10:00:00,576.05,572.33276,-3.7172241,3.7172241
2026-12-30 11:00:00,543.43,540.5248,-2.9052124,2.9052124
2026-12-30 12:00:00,552.2,515.3718,-36.828186,36.828186
2026-12-30 13:00:00,539.35004,514.01135,-25.338684,25.338684
2026-12-30 14:00:00,541.76,531.9853,-9.774719,9.774719
2026-12-30 15:00:00,561.63,572.4042,10.77417,10.77417
2026-12-30 16:00:00,619.11,614.4031,-4.706909,4.706909
2026-12-30 17:00:00,686.51,669.4049,-17.105103,17.105103
2026-12-30 18:00:00,721.27,729.0001,7.7301025,7.7301025
2026-12-30 19:00:00,721.21,751.65076,30.440735,30.440735
2026-12-30 20:00:00,697.88,728.8638,30.983765,30.983765
2026-12-30 21:00:00,698.82,690.0784,-8.741577,8.741577
2026-12-30 22:00:00,617.54004,655.58044,38.040405,38.040405
2026-12-30 23:00:00,624.19,621.51733,-2.6726685,2.6726685
2026-12-31 00:00:00,588.75,598.00214,9.252136,9.252136
2026-12-31 01:00:00,589.72003,588.78314,-0.93688965,0.93688965
2026-12-31 02:00:00,623.97003,587.9499,-36.02014,36.02014
2026-12-31 03:00:00,608.96,599.0705,-9.889526,9.889526
2026-12-31 04:00:00,644.13,616.2229,-27.907104,27.907104
2026-12-31 05:00:00,624.63,640.521,15.890991,15.890991
2026-12-31 06:00:00,673.69,649.56287,-24.127136,24.127136
2026-12-31 07:00:00,635.65,669.6705,34.020447,34.020447
2026-12-31 08:00:00,685.18,648.94775,-36.23224,36.23224
2026-12-31 09:00:00,609.36,619.815,10.455017,10.455017
2026-12-31 10:00:00,585.97003,578.8609,-7.109131,7.109131
2026-12-31 11:00:00,568.72003,546.59314,-22.126892,22.126892
2026-12-31 12:00:00,499.69,520.2911,20.601074,20.601074
2026-12-31 13:00:00,551.62,517.74225,-33.877747,33.877747
2026-12-31 14:00:00,537.09,542.9368,5.8468018,5.8468018
2026-12-31 15:00:00,542.85004,577.34686,34.496826,34.496826
2026-12-31 16:00:00,608.39,625.9475,17.557495,17.557495
2026-12-31 17:00:00,664.63,683.48413,18.854126,18.854126
2026-12-31 18:00:00,755.52,740.2064,-15.313599,15.313599
2026-12-31 19:00:00,693.28,751.71716,58.437134,58.437134
2026-12-31 20:00:00,699.02,729.1477,30.127686,30.127686
2026-12-31 21:00:00,706.51,691.9173,-14.592712,14.592712
2026-12-31 22:00:00,644.4,655.1505,10.750488,10.750488
2026-12-31 23:00:00,635.14,620.99005,-14.149963,14.149963
