timestamp_objetivo,y_real_mw,y_pred_mw,error_mw,error_absoluto_mw
2026-09-13 11:00:00,429.27002,454.8641,25.594086,25.594086
2026-09-13 12:00:00,413.5,424.18408,10.684082,10.684082
2026-09-13 13:00:00,424.42004,416.76553,-7.6545105,7.6545105
2026-09-13 14:00:00,394.81003,441.0041,46.19406,46.19406
2026-09-13 15:00:00,494.02002,481.0672,-12.95282,12.95282
2026-09-13 16:00:00,533.33,551.41675,18.086731,18.086731
2026-09-13 17:00:00,580.42,626.47235,46.05237,46.05237
2026-09-13 18:00:00,671.75,692.2247,20.47467,20.47467
2026-09-13 19:00:00,697.47003,726.4645,28.994446,28.994446
2026-09-13 20:00:00,652.57,716.9012,64.33118,64.33118
2026-09-13 21:00:00,646.13,690.73083,44.60083,44.60083
2026-09-13 22:00:00,602.34,653.373,51.03296,51.03296
2026-09-13 23:00:00,535.95,626.9977,91.04767,91.04767
2026-09-14 00:00:00,686.8,603.9852,-82.81476,82.81476
2026-09-14 01:00:00,662.19,648.2635,-13.926514,13.926514
2026-09-14 02:00:00,694.28,663.00433,-31.275696,31.275696
2026-09-14 03:00:00,643.43,678.62976,35.199768,35.199768
2026-09-14 04:00:00,664.42,683.44574,19.025757,19.025757
2026-09-14 05:00:00,689.81,691.9709,2.1608887,2.1608887
2026-09-14 06:00:00,732.53,697.8196,-34.71045,34.71045
2026-09-14 07:00:00,693.17,700.9126,7.7426147,7.7426147
2026-09-14 08:00:00,693.76,666.3456,-27.414429,27.414429
2026-09-14 09:00:00,642.53,618.5854,-23.944641,23.944641
2026-09-14 10:00:00,626.0,575.12964,-50.87036,50.87036
2026-09-14 11:00:00,495.17,538.18933,43.019318,43.019318
2026-09-14 12:00:00,584.7,506.99966,-77.70035,77.70035
2026-09-14 13:00:00,499.31,519.2328,19.92279,19.92279
2026-09-14 14:00:00,526.56,541.9377,15.377686,15.377686
2026-09-14 15:00:00,644.75,582.2731,-62.47693,62.47693
2026-09-14 16:00:00,637.64,637.7338,0.093811035,0.093811035
2026-09-14 17:00:00,711.24,682.7771,-28.46289,28.46289
2026-09-14 18:00:00,796.94,737.9647,-58.97528,58.97528
2026-09-14 19:00:00,810.01,773.27234,-36.73767,36.73767
2026-09-14 20:00:00,807.07,774.9625,-32.107483,32.107483
2026-09-14 21:00:00,763.23,755.9691,-7.2608643,7.2608643
2026-09-14 22:00:00,687.19,727.86597,40.675964,40.675964
2026-09-14 23:00:00,689.83,695.22906,5.399048,5.399048
2026-09-15 00:00:00,706.38,669.9418,-36.438232,36.438232
2026-09-15 01:00:00,675.19,672.22394,-2.9660645,2.9660645
2026-09-15 02:00:00,650.37,664.96875,14.598755,14.598755
2026-09-15 03:00:00,653.42,668.35376,14.933777,14.933777
2026-09-15 04:00:00,666.66003,673.42316,6.7631226,6.7631226
2026-09-15 05:00:00,658.86,680.12805,21.268066,21.268066
2026-09-15 06:00:00,736.48,686.5997,-49.88031,49.88031
2026-09-15 07:00:00,702.85,692.16144,-10.688538,10.688538
2026-09-15 08:00:00,682.96,663.9525,-19.007507,19.007507
2026-09-15 09:00:00,717.38,622.3825,-94.9975,94.9975
2026-09-15 10:00:00,584.28,580.7325,-3.5475464,3.5475464
2026-09-15 11:00:00,558.46,540.9655,-17.494507,17.494507
2026-09-15 12:00:00,558.84,509.53098,-49.30905,49.30905
2026-09-15 13:00:00,551.35004,512.5554,-38.794617,38.794617
2026-09-15 14:00:00,534.17004,529.7673,-4.402771,4.402771
2026-09-15 15:00:00,574.59,571.95447,-2.635559,2.635559
2026-09-15 16:00:00,636.37,613.2457,-23.124268,23.124268
2026-09-15 17:00:00,677.81,688.26746,10.4574585,10.4574585
2026-09-15 18:00:00,755.53,758.9024,3.3723755,3.3723755
2026-09-15 19:00:00,811.0,803.42926,-7.5707397,7.5707397
2026-09-15 20:00:00,759.87,804.9425,45.07251,45.07251
2026-09-15 21:00:00,701.77,776.948,75.17798,75.17798
2026-09-15 22:00:00,704.87,740.25226,35.382263,35.382263
2026-09-15 23:00:00,713.89,707.00055,-6.8894653,6.8894653
2026-09-16 00:00:00,609.4,681.1939,71.793884,71.793884
2026-09-16 01:00:00,658.97003,668.3171,9.347046,9.347046
2026-09-16 02:00:00,665.98,662.0632,-3.916809,3.916809
2026-09-16 03:00:00,659.35004,665.46204,6.1119995,6.1119995
2026-09-16 04:00:00,622.87,671.16473,48.29474,48.29474
2026-09-16 05:00:00,672.54,679.3749,6.8349,6.8349
2026-09-16 06:00:00,685.83,687.06757,1.2375488,1.2375488
2026-09-16 07:00:00,766.63,693.25073,-73.37927,73.37927
2026-09-16 08:00:00,684.32,674.5575,-9.762512,9.762512
2026-09-16 09:00:00,651.24,631.16455,-20.07544,20.07544
2026-09-16 10:00:00,575.89,578.0744,2.1843872,2.1843872
2026-09-16 11:00:00,570.98,538.513,-32.46698,32.46698
2026-09-16 12:00:00,540.06,509.16467,-30.895325,30.895325
2026-09-16 13:00:00,528.47003,515.7481,-12.721924,12.721924
2026-09-16 14:00:00,571.31,546.05115,-25.25885,25.25885
2026-09-16 15:00:00,579.45,585.5714,6.121399,6.121399
2026-09-16 16:00:00,615.53,634.2966,18.76654,18.76654
2026-09-16 17:00:00,688.91003,709.9186,21.008545,21.008545
2026-09-16 18:00:00,768.55,769.9505,1.4005127,1.4005127
2026-09-16 19:00:00,797.58,808.1706,10.590576,10.590576
2026-09-16 20:00:00,724.76,799.12854,74.36853,74.36853
2026-09-16 21:00:00,733.33,764.2771,30.947083,30.947083
2026-09-16 22:00:00,674.6,723.76825,49.168274,49.168274
2026-09-16 23:00:00,635.79004,689.55444,53.764404,53.764404
2026-09-17 00:00:00,693.15,660.2532,-32.89685,32.89685
2026-09-17 01:00:00,654.9,656.8479,1.947876,1.947876
2026-09-17 02:00:00,626.51,649.9072,23.397217,23.397217
2026-09-17 03:00:00,647.94,650.8448,2.9047852,2.9047852
2026-09-17 04:00:00,645.89,658.0668,12.176758,12.176758
2026-09-17 05:00:00,659.03,670.44275,11.41272,11.41272
2026-09-17 06:00:00,706.79004,684.2419,-22.548157,22.548157
2026-09-17 07:00:00,724.83,690.96533,-33.864685,33.864685
2026-09-17 08:00:00,703.35,664.02374,-39.326233,39.326233
2026-09-17 09:00:00,629.03,621.2485,-7.781555,7.781555
2026-09-17 10:00:00,573.23,576.01196,2.7819824,2.7819824
2026-09-17 11:00:00,520.92,534.67224,13.752258,13.752258
2026-09-17 12:00:00,539.92004,508.29642,-31.623627,31.623627
2026-09-17 13:00:00,555.76,511.67987,-44.08014,44.08014
2026-09-17 14:00:00,531.17004,539.98193,8.81189,8.81189
2026-09-17 15:00:00,586.4,582.4793,-3.9207153,3.9207153
2026-09-17 16:00:00,651.64,639.65204,-11.987976,11.987976
2026-09-17 17:00:00,706.38,717.87195,11.491943,11.491943
2026-09-17 18:00:00,751.01,789.26184,38.25183,38.25183
2026-09-17 19:00:00,807.12,827.4375,20.317505,20.317505
2026-09-17 20:00:00,788.11,816.5836,28.473633,28.473633
2026-09-17 21:00:00,736.26,781.3216,45.061584,45.061584
2026-09-17 22:00:00,722.63,735.6476,13.017578,13.017578
2026-09-17 23:00:00,700.32,697.4635,-2.8565063,2.8565063
2026-09-18 00:00:00,706.53,664.41284,-42.117188,42.117188
2026-09-18 01:00:00,656.60004,658.1935,1.5934448,1.5934448
2026-09-18 02:00:00,659.63,657.1856,-2.444397,2.444397
2026-09-18 03:00:00,626.25,657.5622,31.312195,31.312195
2026-09-18 04:00:00,678.55,663.811,-14.739014,14.739014
2026-09-18 05:00:00,674.16003,677.6121,3.4520874,3.4520874
2026-09-18 06:00:00,706.15,690.77075,-15.379272,15.379272
2026-09-18 07:00:00,663.23,697.992,34.762024,34.762024
2026-09-18 08:00:00,651.91003,676.90717,24.997131,24.997131
2026-09-18 09:00:00,644.21,633.02216,-11.187866,11.187866
2026-09-18 10:00:00,546.97003,594.9917,48.021667,48.021667
2026-09-18 11:00:00,560.98,546.4291,-14.550903,14.550903
2026-09-18 12:00:00,548.62,516.3308,-32.289185,32.289185
2026-09-18 13:00:00,581.59,519.3605,-62.229553,62.229553
2026-09-18 14:00:00,532.77,546.52716,13.757141,13.757141
2026-09-18 15:00:00,600.92,587.8358,-13.0841675,13.0841675
2026-09-18 16:00:00,702.64,654.4799,-48.160095,48.160095
2026-09-18 17:00:00,678.0,723.3621,45.36212,45.36212
2026-09-18 18:00:00,781.1,789.62646,8.526489,8.526489
2026-09-18 19:00:00,784.83997,818.29663,33.456665,33.456665
2026-09-18 20:00:00,751.98,807.4446,55.4646,55.4646
2026-09-18 21:00:00,702.35,768.2168,65.86682,65.86682
2026-09-18 22:00:00,699.32,723.78894,24.468933,24.468933
2026-09-18 23:00:00,694.17,687.07153,-7.0984497,7.0984497
2026-09-19 00:00:00,547.13,657.73615,110.60614,110.60614
2026-09-19 01:00:00,528.76,598.57666,69.81665,69.81665
2026-09-19 02:00:00,564.46,567.0561,2.5960693,2.5960693
2026-09-19 03:00:00,557.11,565.7919,8.681885,8.681885
2026-09-19 04:00:00,618.64,560.34796,-58.292053,58.292053
2026-09-19 05:00:00,584.48,572.04175,-12.438232,12.438232
2026-09-19 06:00:00,610.79004,582.4617,-28.32837,28.32837
2026-09-19 07:00:00,587.93,580.6598,-7.2702026,7.2702026
2026-09-19 08:00:00,601.21,559.4451,-41.764893,41.764893
2026-09-19 09:00:00,516.91003,525.36804,8.458008,8.458008
2026-09-19 10:00:00,478.33002,479.46448,1.1344604,1.1344604
2026-09-19 11:00:00,440.38,439.79767,-0.5823364,0.5823364
2026-09-19 12:00:00,445.83002,409.4292,-36.400818,36.400818
2026-09-19 13:00:00,427.53003,413.6007,-13.929321,13.929321
2026-09-19 14:00:00,441.91003,441.25262,-0.65740967,0.65740967
2026-09-19 15:00:00,499.92,487.19028,-12.729736,12.729736
2026-09-19 16:00:00,564.7,560.54,-4.160034,4.160034
2026-09-19 17:00:00,620.76,635.51587,14.755859,14.755859
2026-09-19 18:00:00,676.66003,693.38385,16.723816,16.723816
2026-09-19 19:00:00,684.12,735.01556,50.89557,50.89557
2026-09-19 20:00:00,677.02,723.41174,46.391724,46.391724
2026-09-19 21:00:00,646.84,695.83746,48.997437,48.997437
2026-09-19 22:00:00,613.44,662.0563,48.616272,48.616272
2026-09-19 23:00:00,565.11,633.62396,68.51398,68.51398
2026-09-20 00:00:00,550.80005,607.4133,56.61328,56.61328
2026-09-20 01:00:00,578.48,586.37177,7.8917847,7.8917847
2026-09-20 02:00:00,564.12,569.34454,5.2245483,5.2245483
2026-09-20 03:00:00,559.26,564.6712,5.411194,5.411194
2026-09-20 04:00:00,548.60004,566.8495,18.24945,18.24945
2026-09-20 05:00:00,567.27,573.64966,6.3796387,6.3796387
2026-09-20 06:00:00,577.1,582.0228,4.9228516,4.9228516
2026-09-20 07:00:00,590.62,582.59766,-8.022339,8.022339
2026-09-20 08:00:00,585.07,565.598,-19.471985,19.471985
2026-09-20 09:00:00,538.36,535.9198,-2.4401855,2.4401855
2026-09-20 10:00:00,443.95,489.3479,45.39789,45.39789
2026-09-20 11:00:00,478.78003,442.26825,-36.51178,36.51178
2026-09-20 12:00:00,407.89,415.10675,7.216736,7.216736
2026-09-20 13:00:00,377.52002,411.41327,33.89325,33.89325
2026-09-20 14:00:00,432.54004,435.5569,3.0168457,3.0168457
2026-09-20 15:00:00,449.7,484.7852,35.085175,35.085175
2026-09-20 16:00:00,497.29004,544.17737,46.88733,46.88733
2026-09-20 17:00:00,603.19,613.7486,10.558594,10.558594
2026-09-20 18:00:00,688.43,707.8149,19.384888,19.384888
2026-09-20 19:00:00,663.67,738.0094,74.33942,74.33942
2026-09-20 20:00:00,599.11,712.87787,113.76788,113.76788
2026-09-20 21:00:00,609.16003,676.05524,66.8952,66.8952
2026-09-20 22:00:00,600.60004,643.3845,42.784485,42.784485
2026-09-20 23:00:00,540.27,620.0275,79.75751,79.75751
2026-09-21 00:00:00,651.89,600.18475,-51.70526,51.70526
2026-09-21 01:00:00,622.8,641.36224,18.562256,18.562256
2026-09-21 02:00:00,650.5,656.88745,6.387451,6.387451
2026-09-21 03:00:00,647.55,668.6844,21.1344,21.1344
2026-09-21 04:00:00,656.66003,678.6948,22.03479,22.03479
2026-09-21 05:00:00,666.5,686.07385,19.573853,19.573853
2026-09-21 06:00:00,677.14,692.29785,15.157837,15.157837
2026-09-21 07:00:00,729.22003,692.25397,-36.966064,36.966064
2026-09-21 08:00:00,674.63,661.70245,-12.927551,12.927551
2026-09-21 09:00:00,686.13,614.2357,-71.89429,71.89429
2026-09-21 10:00:00,615.23,569.6249,-45.605103,45.605103
2026-09-21 11:00:00,587.78,531.73065,-56.049377,56.049377
2026-09-21 12:00:00,523.39,506.06888,-17.321136,17.321136
2026-09-21 13:00:00,522.78,510.90112,-11.878906,11.878906
2026-09-21 14:00:00,525.62,533.24255,7.6225586,7.6225586
2026-09-21 15:00:00,591.77,566.3441,-25.425903,25.425903
2026-09-21 16:00:00,635.62,621.91675,-13.703247,13.703247
2026-09-21 17:00:00,699.27,682.17194,-17.098083,17.098083
2026-09-21 18:00:00,754.45,753.23987,-1.210144,1.210144
2026-09-21 19:00:00,795.8,797.34625,1.5462646,1.5462646
2026-09-21 20:00:00,801.52,793.3373,-8.182739,8.182739
2026-09-21 21:00:00,733.35,768.67804,35.328064,35.328064
2026-09-21 22:00:00,693.1,736.62573,43.525757,43.525757
2026-09-21 23:00:00,638.19,704.07214,65.88214,65.88214
2026-09-22 00:00:00,643.73,671.2926,27.562622,27.562622
2026-09-22 01:00:00,666.83,664.1394,-2.6906128,2.6906128
2026-09-22 02:00:00,648.01,660.3306,12.320618,12.320618
2026-09-22 03:00:00,602.39,658.6104,56.220398,56.220398
2026-09-22 04:00:00,653.38,661.36914,7.9891357,7.9891357
2026-09-22 05:00:00,673.65,668.24146,-5.4085693,5.4085693
2026-09-22 06:00:00,704.39,679.9068,-24.483215,24.483215
2026-09-22 07:00:00,744.63,688.49286,-56.137146,56.137146
2026-09-22 08:00:00,720.69,668.5589,-52.131104,52.131104
2026-09-22 09:00:00,633.3,629.6175,-3.682495,3.682495
2026-09-22 10:00:00,595.28,580.27185,-15.008179,15.008179
2026-09-22 11:00:00,546.29004,537.34686,-8.943176,8.943176
2026-09-22 12:00:00,548.23,509.8631,-38.366882,38.366882
2026-09-22 13:00:00,528.9,511.73257,-17.16745,17.16745
2026-09-22 14:00:00,560.93,534.00745,-26.922546,26.922546
2026-09-22 15:00:00,572.68,582.3798,9.699829,9.699829
2026-09-22 16:00:00,599.63,637.21,37.580017,37.580017
2026-09-22 17:00:00,683.39,695.59955,12.209534,12.209534
2026-09-22 18:00:00,758.99,761.6046,2.614624,2.614624
2026-09-22 19:00:00,808.04004,804.6786,-3.3614502,3.3614502
2026-09-22 20:00:00,771.8,798.6841,26.884094,26.884094
2026-09-22 21:00:00,728.81,769.82324,41.013245,41.013245
2026-09-22 22:00:00,735.28,732.15674,-3.123291,3.123291
2026-09-22 23:00:00,669.52,698.9586,29.438599,29.438599
2026-09-23 00:00:00,640.4,669.9889,29.588867,29.588867
2026-09-23 01:00:00,652.11,661.709,9.598999,9.598999
2026-09-23 02:00:00,650.39,653.09216,2.7021484,2.7021484
2026-09-23 03:00:00,636.26,656.39496,20.134949,20.134949
2026-09-23 04:00:00,636.69,662.3388,25.648804,25.648804
2026-09-23 05:00:00,668.67,666.67993,-1.9900513,1.9900513
2026-09-23 06:00:00,670.94,683.7788,12.838806,12.838806
2026-09-23 07:00:00,694.89,683.156,-11.734009,11.734009
2026-09-23 08:00:00,664.42,655.65985,-8.760132,8.760132
2026-09-23 09:00:00,643.8,614.0356,-29.764404,29.764404
2026-09-23 10:00:00,599.75,569.1574,-30.59259,30.59259
2026-09-23 11:00:00,550.69,530.8931,-19.796875,19.796875
2026-09-23 12:00:00,524.97003,509.544,-15.426025,15.426025
2026-09-23 13:00:00,535.43,517.9538,-17.476196,17.476196
2026-09-23 14:00:00,564.95,534.0424,-30.907593,30.907593
2026-09-23 15:00:00,571.0,589.8951,18.89508,18.89508
2026-09-23 16:00:00,633.12,640.44086,7.320862,7.320862
2026-09-23 17:00:00,742.21,701.28326,-40.926758,40.926758
2026-09-23 18:00:00,746.13,774.8627,28.732666,28.732666
2026-09-23 19:00:00,782.17004,815.7186,33.548584,33.548584
2026-09-23 20:00:00,751.41003,806.127,54.71698,54.71698
2026-09-23 21:00:00,723.06,773.2927,50.232727,50.232727
2026-09-23 22:00:00,686.65,734.8586,48.208557,48.208557
2026-09-23 23:00:00,673.14,696.3296,23.189575,23.189575
2026-09-24 00:00:00,666.96,668.5818,1.6217651,1.6217651
2026-09-24 01:00:00,647.67,659.76263,12.092651,12.092651
2026-09-24 02:00:00,673.65,650.86664,-22.783386,22.783386
2026-09-24 03:00:00,648.4,656.0311,7.6311035,7.6311035
2026-09-24 04:00:00,636.98,664.27966,27.299683,27.299683
2026-09-24 05:00:00,672.77,670.51685,-2.2531738,2.2531738
2026-09-24 06:00:00,672.44,679.2068,6.7667847,6.7667847
2026-09-24 07:00:00,695.35,677.3805,-17.969482,17.969482
2026-09-24 08:00:00,669.25,651.09955,-18.150452,18.150452
2026-09-24 09:00:00,684.51,613.27435,-71.23566,71.23566
2026-09-24 10:00:00,610.88,572.99243,-37.887573,37.887573
2026-09-24 11:00:00,536.63,534.2964,-2.3336182,2.3336182
2026-09-24 12:00:00,528.87,505.51575,-23.354248,23.354248
2026-09-24 13:00:00,547.83,508.8492,-38.980804,38.980804
2026-09-24 14:00:00,552.97003,536.56,-16.410034,16.410034
2026-09-24 15:00:00,568.28,573.43335,5.1533203,5.1533203
2026-09-24 16:00:00,561.0,635.4827,74.48273,74.48273
2026-09-24 17:00:00,679.66003,699.707,20.046936,20.046936
2026-09-24 18:00:00,745.39,765.25684,19.866821,19.866821
2026-09-24 19:00:00,798.89,814.6228,15.732788,15.732788
2026-09-24 20:00:00,793.06,809.46857,16.40857,16.40857
2026-09-24 21:00:00,716.1,776.5342,60.434204,60.434204
2026-09-24 22:00:00,713.41003,732.8089,19.398865,19.398865
2026-09-24 23:00:00,651.33,693.33984,42.009827,42.009827
2026-09-25 00:00:00,662.63,660.1892,-2.440796,2.440796
2026-09-25 01:00:00,598.43,650.37067,51.940674,51.940674
2026-09-25 02:00:00,626.92,639.1893,12.269287,12.269287
2026-09-25 03:00:00,626.99,638.8645,11.874512,11.874512
2026-09-25 04:00:00,622.45,645.29785,22.84784,22.84784
2026-09-25 05:00:00,677.39,659.7691,-17.62091,17.62091
2026-09-25 06:00:00,658.51,675.1657,16.6557,16.6557
2026-09-25 07:00:00,689.23,683.0707,-6.1593018,6.1593018
2026-09-25 08:00:00,682.14,659.7503,-22.38971,22.38971
2026-09-25 09:00:00,593.97003,619.0792,25.109192,25.109192
2026-09-25 10:00:00,563.59,570.9308,7.3407593,7.3407593
2026-09-25 11:00:00,566.32,529.18555,-37.13446,37.13446
2026-09-25 12:00:00,545.04004,503.36932,-41.670715,41.670715
2026-09-25 13:00:00,563.77,504.15088,-59.61914,59.61914
2026-09-25 14:00:00,573.11,533.51404,-39.595947,39.595947
2026-09-25 15:00:00,562.28,582.3912,20.111145,20.111145
2026-09-25 16:00:00,637.08,637.48785,0.4078369,0.4078369
2026-09-25 17:00:00,732.0,716.2276,-15.7724,15.7724
2026-09-25 18:00:00,784.24,778.3345,-5.9055176,5.9055176
2026-09-25 19:00:00,761.14,812.39484,51.25482,51.25482
2026-09-25 20:00:00,781.64,803.87756,22.237549,22.237549
2026-09-25 21:00:00,710.75,768.73773,57.987732,57.987732
2026-09-25 22:00:00,688.83,726.8701,38.0401,38.0401
2026-09-25 23:00:00,680.58,685.78577,5.2057495,5.2057495
2026-09-26 00:00:00,548.9,655.9106,107.01056,107.01056
2026-09-26 01:00:00,528.69,596.5523,67.862305,67.862305
2026-09-26 02:00:00,503.18,567.5342,64.35419,64.35419
2026-09-26 03:00:00,533.53,554.0526,20.522583,20.522583
2026-09-26 04:00:00,546.98,553.0317,6.051697,6.051697
2026-09-26 05:00:00,513.86,561.25745,47.39746,47.39746
2026-09-26 06:00:00,572.06,566.94147,-5.1185303,5.1185303
2026-09-26 07:00:00,581.44,576.40936,-5.0306396,5.0306396
2026-09-26 08:00:00,566.85,551.49567,-15.354309,15.354309
2026-09-26 09:00:00,513.29004,507.66217,-5.6278687,5.6278687
2026-09-26 10:00:00,446.03003,463.70782,17.677795,17.677795
2026-09-26 11:00:00,416.18,424.08923,7.9092407,7.9092407
2026-09-26 12:00:00,414.76,403.2156,-11.544403,11.544403
2026-09-26 13:00:00,405.47003,403.73016,-1.7398682,1.7398682
2026-09-26 14:00:00,405.29,416.5376,11.247589,11.247589
2026-09-26 15:00:00,468.97003,460.7827,-8.187317,8.187317
2026-09-26 16:00:00,523.78,521.48505,-2.294983,2.294983
2026-09-26 17:00:00,585.3,587.8701,2.5701294,2.5701294
2026-09-26 18:00:00,663.34,658.74664,-4.593384,4.593384
2026-09-26 19:00:00,689.37,710.0895,20.719482,20.719482
2026-09-26 20:00:00,692.81,701.8781,9.068115,9.068115
2026-09-26 21:00:00,548.13,680.17126,132.04126,132.04126
2026-09-26 22:00:00,567.42004,640.4614,73.04138,73.04138
2026-09-26 23:00:00,591.08,614.43756,23.357544,23.357544
2026-09-27 00:00:00,509.11002,595.01733,85.90732,85.90732
2026-09-27 01:00:00,567.55,573.70166,6.1516724,6.1516724
2026-09-27 02:00:00,537.61,563.4827,25.872742,25.872742
2026-09-27 03:00:00,543.85004,560.56244,16.712402,16.712402
2026-09-27 04:00:00,532.02,563.2249,31.204895,31.204895
2026-09-27 05:00:00,583.25,571.2588,-11.991211,11.991211
2026-09-27 06:00:00,595.32,578.746,-16.574036,16.574036
2026-09-27 07:00:00,612.45,578.34546,-34.104553,34.104553
2026-09-27 08:00:00,537.88,567.3174,29.437378,29.437378
2026-09-27 09:00:00,517.60004,530.44464,12.8446045,12.8446045
2026-09-27 10:00:00,413.64,487.69934,74.059326,74.059326
2026-09-27 11:00:00,459.42,439.7834,-19.636627,19.636627
2026-09-27 12:00:00,443.88,412.05682,-31.823181,31.823181
2026-09-27 13:00:00,410.76,404.54553,-6.2144775,6.2144775
2026-09-27 14:00:00,441.32,423.57275,-17.747253,17.747253
2026-09-27 15:00:00,443.56,463.53082,19.970825,19.970825
2026-09-27 16:00:00,532.81,521.4712,-11.338806,11.338806
2026-09-27 17:00:00,574.64,586.61035,11.970337,11.970337
2026-09-27 18:00:00,625.23,663.13745,37.90747,37.90747
2026-09-27 19:00:00,653.18,708.2175,55.037537,55.037537
2026-09-27 20:00:00,660.57,695.0659,34.49591,34.49591
2026-09-27 21:00:00,625.38,672.36176,46.98175,46.98175
2026-09-27 22:00:00,564.17004,646.5374,82.36737,82.36737
2026-09-27 23:00:00,538.05005,616.4391,78.38904,78.38904
2026-09-28 00:00:00,606.0,594.73883,-11.261169,11.261169
2026-09-28 01:00:00,626.34,634.54095,8.200928,8.200928
2026-09-28 02:00:00,657.74,652.3553,-5.3847046,5.3847046
2026-09-28 03:00:00,654.10004,663.81494,9.714905,9.714905
2026-09-28 04:00:00,675.65,674.6291,-1.020935,1.020935
2026-09-28 05:00:00,613.22003,683.0091,69.78906,69.78906
2026-09-28 06:00:00,708.43,680.0235,-28.406494,28.406494
2026-09-28 07:00:00,663.13,685.4083,22.27832,22.27832
2026-09-28 08:00:00,684.47003,653.8988,-30.571228,30.571228
2026-09-28 09:00:00,640.08,613.51434,-26.565674,26.565674
2026-09-28 10:00:00,573.56,571.3259,-2.2340698,2.2340698
2026-09-28 11:00:00,553.83,529.22595,-24.604065,24.604065
2026-09-28 12:00:00,564.39,502.50345,-61.886566,61.886566
2026-09-28 13:00:00,530.48004,508.37402,-22.106018,22.106018
2026-09-28 14:00:00,524.51,527.23236,2.722351,2.722351
2026-09-28 15:00:00,567.81,568.2681,0.45812988,0.45812988
2026-09-28 16:00:00,607.5,614.4092,6.9091797,6.9091797
2026-09-28 17:00:00,684.31,676.6009,-7.7091064,7.7091064
2026-09-28 18:00:00,747.42,750.7851,3.3651123,3.3651123
2026-09-28 19:00:00,786.32,793.7508,7.430786,7.430786
2026-09-28 20:00:00,727.23,792.2196,64.989624,64.989624
2026-09-28 21:00:00,737.44,768.043,30.603027,30.603027
2026-09-28 22:00:00,695.38,737.25757,41.877563,41.877563
2026-09-28 23:00:00,689.49,702.38605,12.896057,12.896057
2026-09-29 00:00:00,634.61,674.9883,40.378296,40.378296
2026-09-29 01:00:00,658.52,667.5859,9.065857,9.065857
2026-09-29 02:00:00,618.73,659.3852,40.655212,40.655212
2026-09-29 03:00:00,624.38,656.8545,32.474487,32.474487
2026-09-29 04:00:00,657.15,659.0408,1.8907471,1.8907471
2026-09-29 05:00:00,650.67,664.5157,13.845703,13.845703
2026-09-29 06:00:00,704.65,673.9324,-30.717651,30.717651
2026-09-29 07:00:00,658.27,682.2814,24.011353,24.011353
2026-09-29 08:00:00,682.13,654.9537,-27.17633,27.17633
2026-09-29 09:00:00,655.63,614.71606,-40.91394,40.91394
2026-09-29 10:00:00,596.39,572.89374,-23.496277,23.496277
2026-09-29 11:00:00,579.91003,534.1324,-45.77765,45.77765
2026-09-29 12:00:00,544.52,506.98526,-37.53476,37.53476
2026-09-29 13:00:00,510.78003,509.40488,-1.3751526,1.3751526
2026-09-29 14:00:00,528.35004,531.18365,2.8336182,2.8336182
2026-09-29 15:00:00,593.63,576.9302,-16.69983,16.69983
2026-09-29 16:00:00,637.15,625.3465,-11.803528,11.803528
2026-09-29 17:00:00,685.89,687.696,1.8059692,1.8059692
2026-09-29 18:00:00,759.85,755.5728,-4.2771606,4.2771606
2026-09-29 19:00:00,748.26,791.07874,42.818726,42.818726
2026-09-29 20:00:00,750.25,784.30615,34.056152,34.056152
2026-09-29 21:00:00,752.91003,752.2529,-0.6571045,0.6571045
2026-09-29 22:00:00,689.79004,715.36633,25.576294,25.576294
2026-09-29 23:00:00,653.09,682.94324,29.85321,29.85321
2026-09-30 00:00:00,640.01,656.2137,16.203674,16.203674
2026-09-30 01:00:00,633.97003,649.4396,15.469543,15.469543
2026-09-30 02:00:00,638.37,645.698,7.328003,7.328003
2026-09-30 03:00:00,658.28,651.8306,-6.449402,6.449402
2026-09-30 04:00:00,651.48,659.39856,7.918579,7.918579
2026-09-30 05:00:00,612.91003,674.8344,61.924377,61.924377
2026-09-30 06:00:00,728.05,682.42175,-45.628235,45.628235
2026-09-30 07:00:00,698.44,679.1159,-19.324097,19.324097
2026-09-30 08:00:00,669.8,653.744,-16.05597,16.05597
2026-09-30 09:00:00,656.64,612.2105,-44.429504,44.429504
2026-09-30 10:00:00,636.93,571.018,-65.91199,65.91199
2026-09-30 11:00:00,560.86,539.57666,-21.283325,21.283325
2026-09-30 12:00:00,521.25,507.13293,-14.117065,14.117065
2026-09-30 13:00:00,521.35004,513.0088,-8.341248,8.341248
2026-09-30 14:00:00,555.2,539.3561,-15.843933,15.843933
2026-09-30 15:00:00,554.64,580.233,25.592957,25.592957
2026-09-30 16:00:00,632.24,640.0709,7.8309326,7.8309326
2026-09-30 17:00:00,667.14,700.63605,33.496033,33.496033
2026-09-30 18:00:00,797.95,763.3285,-34.62152,34.62152
2026-09-30 19:00:00,742.83,800.7906,57.96057,57.96057
2026-09-30 20:00:00,753.71,785.7781,32.068054,32.068054
2026-09-30 21:00:00,740.66003,751.0862,10.426147,10.426147
2026-09-30 22:00:00,693.97003,716.3215,22.35144,22.35144
2026-09-30 23:00:00,666.35,685.9597,19.609741,19.609741
2026-10-01 00:00:00,632.05,659.5955,27.545532,27.545532
2026-10-01 01:00:00,654.15,648.24146,-5.9085693,5.9085693
2026-10-01 02:00:00,620.62,642.08014,21.460144,21.460144
2026-10-01 03:00:00,636.16003,644.3885,8.228455,8.228455
2026-10-01 04:00:00,668.12,649.2131,-18.906921,18.906921
2026-10-01 05:00:00,655.96,663.0127,7.0526733,7.0526733
2026-10-01 06:00:00,715.24,673.964,-41.276,41.276
2026-10-01 07:00:00,687.15,679.22577,-7.9242554,7.9242554
2026-10-01 08:00:00,710.17,649.79565,-60.37433,60.37433
2026-10-01 09:00:00,686.37,606.5472,-79.822815,79.822815
2026-10-01 10:00:00,591.98,571.5986,-20.381409,20.381409
2026-10-01 11:00:00,580.07,531.9712,-48.098816,48.098816
2026-10-01 12:00:00,553.71,505.55908,-48.15094,48.15094
2026-10-01 13:00:00,512.53,512.4881,-0.041931152,0.041931152
2026-10-01 14:00:00,585.21,537.2412,-47.96881,47.96881
2026-10-01 15:00:00,554.02,587.6611,33.641052,33.641052
2026-10-01 16:00:00,622.91003,635.3639,12.453857,12.453857
2026-10-01 17:00:00,698.95,700.42206,1.4720459,1.4720459
2026-10-01 18:00:00,770.03,763.7501,-6.279907,6.279907
2026-10-01 19:00:00,767.95,797.7762,29.826172,29.826172
2026-10-01 20:00:00,751.29004,785.76575,34.475708,34.475708
2026-10-01 21:00:00,727.36,748.92175,21.561768,21.561768
2026-10-01 22:00:00,730.34,710.716,-19.624023,19.624023
2026-10-01 23:00:00,677.08,677.8922,0.8121948,0.8121948
2026-10-02 00:00:00,678.99,648.86395,-30.126038,30.126038
2026-10-02 01:00:00,629.73,639.7579,10.027893,10.027893
2026-10-02 02:00:00,670.24,630.20074,-40.039246,40.039246
2026-10-02 03:00:00,632.13,636.06445,3.9344482,3.9344482
2026-10-02 04:00:00,611.69,644.72424,33.03424,33.03424
2026-10-02 05:00:00,654.52,652.6,-1.920044,1.920044
2026-10-02 06:00:00,679.63,668.7223,-10.907715,10.907715
2026-10-02 07:00:00,655.65,682.20685,26.556824,26.556824
2026-10-02 08:00:00,731.71,652.213,-79.49701,79.49701
2026-10-02 09:00:00,596.96,622.9641,26.00409,26.00409
2026-10-02 10:00:00,603.88,573.6793,-30.200684,30.200684
2026-10-02 11:00:00,540.05,535.90936,-4.140625,4.140625
2026-10-02 12:00:00,552.87,507.69,-45.179993,45.179993
2026-10-02 13:00:00,522.13,501.83997,-20.29004,20.29004
2026-10-02 14:00:00,569.55,526.77405,-42.77594,42.77594
2026-10-02 15:00:00,596.98,577.31586,-19.664124,19.664124
2026-10-02 16:00:00,623.0,638.5822,15.582214,15.582214
2026-10-02 17:00:00,703.29004,699.74066,-3.5493774,3.5493774
2026-10-02 18:00:00,747.87,752.6487,4.7786865,4.7786865
2026-10-02 19:00:00,709.72003,795.624,85.90399,85.90399
2026-10-02 20:00:00,736.33,784.7985,48.468506,48.468506
2026-10-02 21:00:00,760.93,754.199,-6.731018,6.731018
2026-10-02 22:00:00,703.4,713.7645,10.364502,10.364502
2026-10-02 23:00:00,651.29004,672.7909,21.500854,21.500854
2026-10-03 00:00:00,535.09,642.2564,107.16638,107.16638
2026-10-03 01:00:00,543.71,583.2394,39.529358,39.529358
2026-10-03 02:00:00,543.93,555.48004,11.550049,11.550049
2026-10-03 03:00:00,577.23,547.82996,-29.400024,29.400024
2026-10-03 04:00:00,551.78,553.7362,1.9561768,1.9561768
2026-10-03 05:00:00,578.44,561.02325,-17.416748,17.416748
2026-10-03 06:00:00,597.59,571.1076,-26.482422,26.482422
2026-10-03 07:00:00,570.84,575.1522,4.312195,4.312195
2026-10-03 08:00:00,585.55,548.7914,-36.758606,36.758606
2026-10-03 09:00:00,530.38,508.09982,-22.280182,22.280182
2026-10-03 10:00:00,470.38,467.4054,-2.9746094,2.9746094
2026-10-03 11:00:00,472.78003,435.37854,-37.40149,37.40149
2026-10-03 12:00:00,454.91003,414.06183,-40.848206,40.848206
2026-10-03 13:00:00,412.44,412.13037,-0.30963135,0.30963135
2026-10-03 14:00:00,479.30002,423.75366,-55.546356,55.546356
2026-10-03 15:00:00,493.76,473.95862,-19.801392,19.801392
2026-10-03 16:00:00,551.98,530.2741,-21.705872,21.705872
2026-10-03 17:00:00,592.38,604.0612,11.681213,11.681213
2026-10-03 18:00:00,603.56,663.92865,60.368652,60.368652
2026-10-03 19:00:00,634.04004,700.5427,66.502686,66.502686
2026-10-03 20:00:00,650.16003,692.3333,42.17328,42.17328
2026-10-03 21:00:00,588.07,662.58844,74.51843,74.51843
2026-10-03 22:00:00,576.55,631.9489,55.398926,55.398926
2026-10-03 23:00:00,560.92004,606.5486,45.62854,45.62854
2026-10-04 00:00:00,512.17004,587.25934,75.089294,75.089294
2026-10-04 01:00:00,543.54004,565.9916,22.451538,22.451538
2026-10-04 02:00:00,539.08,557.0293,17.94928,17.94928
2026-10-04 03:00:00,506.86002,555.5617,48.70169,48.70169
2026-10-04 04:00:00,541.58,559.62103,18.041016,18.041016
2026-10-04 05:00:00,590.95,563.6097,-27.340332,27.340332
2026-10-04 06:00:00,580.13,577.6494,-2.4805908,2.4805908
2026-10-04 07:00:00,543.46,574.1837,30.723694,30.723694
2026-10-04 08:00:00,538.96,550.2142,11.25415,11.25415
2026-10-04 09:00:00,550.04004,517.4414,-32.598633,32.598633
2026-10-04 10:00:00,447.58002,477.7581,30.17807,30.17807
2026-10-04 11:00:00,476.07,436.57376,-39.496246,39.496246
2026-10-04 12:00:00,406.13,417.80212,11.672119,11.672119
2026-10-04 13:00:00,412.52002,407.68152,-4.838501,4.838501
2026-10-04 14:00:00,439.55002,426.5368,-13.013214,13.013214
2026-10-04 15:00:00,475.76,464.5445,-11.215515,11.215515
2026-10-04 16:00:00,539.64,521.0641,-18.575928,18.575928
2026-10-04 17:00:00,587.59,585.24713,-2.3428955,2.3428955
2026-10-04 18:00:00,664.76,643.42596,-21.334045,21.334045
2026-10-04 19:00:00,665.87,672.60443,6.734436,6.734436
2026-10-04 20:00:00,623.86,664.5358,40.675842,40.675842
2026-10-04 21:00:00,603.53,640.18665,36.656616,36.656616
2026-10-04 22:00:00,579.79004,614.3726,34.58258,34.58258
2026-10-04 23:00:00,525.14,594.59686,69.45685,69.45685
2026-10-05 00:00:00,616.78,577.2231,-39.556946,39.556946
2026-10-05 01:00:00,670.52,630.09357,-40.426453,40.426453
2026-10-05 02:00:00,618.39,624.43494,6.044922,6.044922
2026-10-05 03:00:00,632.45,623.2715,-9.178528,9.178528
2026-10-05 04:00:00,643.57,637.3159,-6.2540894,6.2540894
2026-10-05 05:00:00,675.61,648.78217,-26.82782,26.82782
2026-10-05 06:00:00,696.39,658.28503,-38.10498,38.10498
2026-10-05 07:00:00,663.53,660.20306,-3.3269653,3.3269653
2026-10-05 08:00:00,696.04,626.0737,-69.96625,69.96625
2026-10-05 09:00:00,635.81,592.855,-42.955017,42.955017
2026-10-05 10:00:00,579.08,554.10754,-24.972473,24.972473
2026-10-05 11:00:00,607.46,520.5437,-86.91632,86.91632
2026-10-05 12:00:00,528.4,500.47998,-27.920044,27.920044
2026-10-05 13:00:00,541.9,502.89685,-39.003174,39.003174
2026-10-05 14:00:00,532.29004,525.5817,-6.708313,6.708313
2026-10-05 15:00:00,590.7,561.5256,-29.174438,29.174438
2026-10-05 16:00:00,592.15,610.1387,17.988647,17.988647
2026-10-05 17:00:00,683.74,664.4255,-19.314514,19.314514
2026-10-05 18:00:00,728.5,727.1148,-1.3851929,1.3851929
2026-10-05 19:00:00,759.98,767.2325,7.2525024,7.2525024
2026-10-05 20:00:00,741.18,770.96375,29.783752,29.783752
2026-10-05 21:00:00,737.93,753.4631,15.533081,15.533081
2026-10-05 22:00:00,672.93,724.4357,51.505737,51.505737
2026-10-05 23:00:00,649.84,686.4286,36.588562,36.588562
2026-10-06 00:00:00,639.01,658.8825,19.872498,19.872498
2026-10-06 01:00:00,666.02,653.3474,-12.672607,12.672607
2026-10-06 02:00:00,680.03,656.52606,-23.503967,23.503967
2026-10-06 03:00:00,622.67,658.1383,35.468323,35.468323
2026-10-06 04:00:00,632.38,659.27875,26.898743,26.898743
2026-10-06 05:00:00,667.56,666.5277,-1.0322876,1.0322876
2026-10-06 06:00:00,698.33,673.32416,-25.00586,25.00586
2026-10-06 07:00:00,726.55,677.5329,-49.01709,49.01709
2026-10-06 08:00:00,694.5,656.2782,-38.2218,38.2218
2026-10-06 09:00:00,660.79,623.0476,-37.74237,37.74237
2026-10-06 10:00:00,609.56,578.92365,-30.636353,30.636353
2026-10-06 11:00:00,545.61,538.1277,-7.4823,7.4823
2026-10-06 12:00:00,543.15,506.95413,-36.195892,36.195892
2026-10-06 13:00:00,519.51,506.8806,-12.629395,12.629395
2026-10-06 14:00:00,132.90002,522.35693,389.4569,389.4569
2026-10-06 15:00:00,616.68,542.1853,-74.49469,74.49469
2026-10-06 16:00:00,1181.62,603.8945,-577.7255,577.7255
2026-10-06 17:00:00,707.77,686.74927,-21.020752,21.020752
2026-10-06 18:00:00,728.92,731.78754,2.8675537,2.8675537
2026-10-06 19:00:00,749.74,767.6302,17.890198,17.890198
2026-10-06 20:00:00,770.92,768.23254,-2.687439,2.687439
2026-10-06 21:00:00,701.31,741.9122,40.602173,40.602173
2026-10-06 22:00:00,730.69,708.1333,-22.556702,22.556702
2026-10-06 23:00:00,661.71,681.66833,19.958313,19.958313
2026-10-07 00:00:00,680.31,656.4093,-23.900696,23.900696
2026-10-07 01:00:00,597.86,651.3104,53.45044,53.45044
2026-10-07 02:00:00,629.73,639.9602,10.230225,10.230225
2026-10-07 03:00:00,676.18,640.7577,-35.422302,35.422302
2026-10-07 04:00:00,644.14,651.4094,7.269409,7.269409
2026-10-07 05:00:00,661.2,658.042,-3.15802,3.15802
2026-10-07 06:00:00,689.03,666.9739,-22.056152,22.056152
2026-10-07 07:00:00,666.55,671.65125,5.1012573,5.1012573
2026-10-07 08:00:00,667.76,644.4076,-23.352417,23.352417
2026-10-07 09:00:00,662.13,603.55927,-58.57074,58.57074
2026-10-07 10:00:00,537.18,560.2183,23.03833,23.03833
2026-10-07 11:00:00,562.64,520.41296,-42.22705,42.22705
2026-10-07 12:00:00,549.71,497.8463,-51.86371,51.86371
2026-10-07 13:00:00,515.67004,503.2445,-12.425537,12.425537
2026-10-07 14:00:00,570.31,520.49756,-49.81244,49.81244
2026-10-07 15:00:00,585.03,576.59735,-8.432678,8.432678
2026-10-07 16:00:00,638.41003,630.3701,-8.039917,8.039917
2026-10-07 17:00:00,691.72003,691.8327,0.1126709,0.1126709
2026-10-07 18:00:00,737.06,754.45996,17.399963,17.399963
2026-10-07 19:00:00,760.19,789.4972,29.30719,29.30719
2026-10-07 20:00:00,741.53,778.20917,36.67914,36.67914
2026-10-07 21:00:00,734.37,746.24457,11.874573,11.874573
2026-10-07 22:00:00,716.74,712.5542,-4.185791,4.185791
2026-10-07 23:00:00,669.05,679.9593,10.909302,10.909302
2026-10-08 00:00:00,619.33,651.8344,32.504395,32.504395
2026-10-08 01:00:00,582.97003,639.53644,56.566406,56.566406
2026-10-08 02:00:00,642.34,632.9997,-9.340332,9.340332
2026-10-08 03:00:00,654.63,639.6411,-14.988892,14.988892
2026-10-08 04:00:00,624.0,653.0703,29.070312,29.070312
2026-10-08 05:00:00,662.64,662.6855,0.04547119,0.04547119
2026-10-08 06:00:00,659.0,669.2595,10.2595215,10.2595215
2026-10-08 07:00:00,705.35,676.54517,-28.80481,28.80481
2026-10-08 08:00:00,637.99,651.94977,13.959778,13.959778
2026-10-08 09:00:00,646.88,608.01697,-38.863037,38.863037
2026-10-08 10:00:00,582.79004,564.2562,-18.533813,18.533813
2026-10-08 11:00:00,557.51,525.4341,-32.075928,32.075928
2026-10-08 12:00:00,545.82,498.14404,-47.675964,47.675964
2026-10-08 13:00:00,563.22003,505.0321,-58.187927,58.187927
2026-10-08 14:00:00,574.29004,535.25616,-39.033875,39.033875
2026-10-08 15:00:00,566.79004,570.06793,3.277893,3.277893
2026-10-08 16:00:00,674.15,630.1099,-44.0401,44.0401
2026-10-08 17:00:00,688.39,694.17523,5.7852173,5.7852173
2026-10-08 18:00:00,708.26,752.22955,43.969543,43.969543
2026-10-08 19:00:00,748.09,779.74097,31.65094,31.65094
2026-10-08 20:00:00,720.64,771.5989,50.958862,50.958862
2026-10-08 21:00:00,693.72003,739.35944,45.639404,45.639404
2026-10-08 22:00:00,676.97003,701.32776,24.357727,24.357727
2026-10-08 23:00:00,641.96,668.0569,26.096863,26.096863
2026-10-09 00:00:00,637.45,637.46796,0.017944336,0.017944336
2026-10-09 01:00:00,623.10004,629.63904,6.5390015,6.5390015
2026-10-09 02:00:00,677.44,629.62085,-47.819153,47.819153
2026-10-09 03:00:00,639.11,639.8883,0.7783203,0.7783203
2026-10-09 04:00:00,608.85004,654.48956,45.639526,45.639526
2026-10-09 05:00:00,675.91003,657.69653,-18.213501,18.213501
2026-10-09 06:00:00,694.26,669.7966,-24.46344,24.46344
2026-10-09 07:00:00,661.29,676.00525,14.715271,14.715271
2026-10-09 08:00:00,667.65,648.3632,-19.286804,19.286804
2026-10-09 09:00:00,619.18,609.6577,-9.522278,9.522278
2026-10-09 10:00:00,596.38,564.3676,-32.01239,32.01239
2026-10-09 11:00:00,526.08,526.37634,0.29632568,0.29632568
2026-10-09 12:00:00,551.26,493.30048,-57.959534,57.959534
2026-10-09 13:00:00,541.63,494.72586,-46.904144,46.904144
2026-10-09 14:00:00,573.60004,509.62762,-63.972412,63.972412
2026-10-09 15:00:00,554.04004,557.68396,3.643921,3.643921
2026-10-09 16:00:00,630.55,603.42535,-27.124634,27.124634
2026-10-09 17:00:00,699.27,681.857,-17.413025,17.413025
2026-10-09 18:00:00,749.85,748.4404,-1.4095459,1.4095459
2026-10-09 19:00:00,777.52,790.2797,12.759705,12.759705
2026-10-09 20:00:00,758.77,782.3868,23.61676,23.61676
2026-10-09 21:00:00,716.81,749.4247,32.614685,32.614685
2026-10-09 22:00:00,711.71,708.9818,-2.7282104,2.7282104
2026-10-09 23:00:00,682.89,677.3937,-5.496338,5.496338
2026-10-10 00:00:00,549.32,647.894,98.573975,98.573975
2026-10-10 01:00:00,512.84,587.2429,74.40289,74.40289
2026-10-10 02:00:00,483.66003,553.3248,69.664795,69.664795
2026-10-10 03:00:00,519.85004,548.79663,28.946594,28.946594
2026-10-10 04:00:00,523.47003,544.4885,21.018494,21.018494
2026-10-10 05:00:00,592.73,550.0965,-42.633484,42.633484
2026-10-10 06:00:00,530.54004,564.27026,33.730225,33.730225
2026-10-10 07:00:00,634.49,562.25903,-72.23096,72.23096
2026-10-10 08:00:00,580.49,548.36035,-32.12964,32.12964
2026-10-10 09:00:00,563.15,509.9354,-53.21463,53.21463
2026-10-10 10:00:00,535.41003,472.7419,-62.66812,62.66812
2026-10-10 11:00:00,453.56,436.51352,-17.046478,17.046478
2026-10-10 12:00:00,431.18002,405.72443,-25.455597,25.455597
2026-10-10 13:00:00,424.73,402.18643,-22.54358,22.54358
2026-10-10 14:00:00,443.43002,416.51297,-26.917053,26.917053
2026-10-10 15:00:00,461.22003,454.41415,-6.8058777,6.8058777
2026-10-10 16:00:00,523.07,517.6551,-5.414917,5.414917
2026-10-10 17:00:00,579.41003,588.39374,8.983704,8.983704
2026-10-10 18:00:00,624.52,645.4754,20.955383,20.955383
2026-10-10 19:00:00,667.0,681.5346,14.534607,14.534607
2026-10-10 20:00:00,614.03,678.0989,64.06885,64.06885
2026-10-10 21:00:00,606.37,647.94446,41.574463,41.574463
2026-10-10 22:00:00,584.94,619.0424,34.102417,34.102417
2026-10-10 23:00:00,503.54004,596.97314,93.433105,93.433105
2026-10-11 00:00:00,476.41003,575.4249,99.01489,99.01489
2026-10-11 01:00:00,531.27,551.5183,20.248291,20.248291
2026-10-11 02:00:00,486.89,540.9279,54.037903,54.037903
2026-10-11 03:00:00,527.75,538.9282,11.178223,11.178223
2026-10-11 04:00:00,523.05,545.18036,22.130371,22.130371
2026-10-11 05:00:00,561.35004,551.6204,-9.729614,9.729614
2026-10-11 06:00:00,586.4,561.6428,-24.757202,24.757202
2026-10-11 07:00:00,550.59,568.117,17.526978,17.526978
2026-10-11 08:00:00,594.24,544.31,-49.929993,49.929993
2026-10-11 09:00:00,551.84,512.1198,-39.720215,39.720215
2026-10-11 10:00:00,491.11002,479.5284,-11.581604,11.581604
2026-10-11 11:00:00,485.57,439.02203,-46.547974,46.547974
2026-10-11 12:00:00,435.18002,415.96765,-19.212372,19.212372
2026-10-11 13:00:00,417.17,407.48755,-9.682465,9.682465
2026-10-11 14:00:00,450.76,419.92194,-30.838074,30.838074
2026-10-11 15:00:00,483.55002,460.3316,-23.218414,23.218414
2026-10-11 16:00:00,524.29004,505.97922,-18.310822,18.310822
2026-10-11 17:00:00,599.83,567.6316,-32.198425,32.198425
2026-10-11 18:00:00,642.42,632.73785,-9.682129,9.682129
2026-10-11 19:00:00,597.26,674.8897,77.6297,77.6297
2026-10-11 20:00:00,668.82,663.7584,-5.0615845,5.0615845
2026-10-11 21:00:00,610.47003,636.9694,26.49939,26.49939
2026-10-11 22:00:00,592.67,617.9063,25.236328,25.236328
2026-10-11 23:00:00,548.12,596.0854,47.965393,47.965393
2026-10-12 00:00:00,597.55,581.7316,-15.818359,15.818359
2026-10-12 01:00:00,590.54004,617.7216,27.18158,27.18158
2026-10-12 02:00:00,612.77,630.8802,18.110168,18.110168
2026-10-12 03:00:00,636.07,646.0368,9.966797,9.966797
2026-10-12 04:00:00,620.83,659.80774,38.977722,38.977722
2026-10-12 05:00:00,681.8,663.3143,-18.485718,18.485718
2026-10-12 06:00:00,675.39,673.45056,-1.9394531,1.9394531
2026-10-12 07:00:00,720.85,679.9895,-40.860474,40.860474
2026-10-12 08:00:00,683.37,653.68567,-29.684326,29.684326
2026-10-12 09:00:00,649.0,608.81146,-40.188538,40.188538
2026-10-12 10:00:00,574.97003,565.4872,-9.482849,9.482849
2026-10-12 11:00:00,537.36,527.398,-9.961975,9.961975
2026-10-12 12:00:00,510.01,497.79187,-12.21814,12.21814
2026-10-12 13:00:00,510.19,500.71167,-9.4783325,9.4783325
2026-10-12 14:00:00,536.2,521.4152,-14.78479,14.78479
2026-10-12 15:00:00,606.52,559.6372,-46.882812,46.882812
2026-10-12 16:00:00,675.05,605.0016,-70.0484,70.0484
2026-10-12 17:00:00,656.21,667.18616,10.976135,10.976135
2026-10-12 18:00:00,740.83,721.12366,-19.70636,19.70636
2026-10-12 19:00:00,754.17,745.1963,-8.973694,8.973694
2026-10-12 20:00:00,739.87,745.04877,5.178772,5.178772
2026-10-12 21:00:00,692.88,725.0814,32.201416,32.201416
2026-10-12 22:00:00,699.67,701.4711,1.8011475,1.8011475
2026-10-12 23:00:00,658.08,678.829,20.748962,20.748962
2026-10-13 00:00:00,643.52,656.023,12.502991,12.502991
2026-10-13 01:00:00,628.97003,651.5852,22.615173,22.615173
2026-10-13 02:00:00,584.51,644.1316,59.621582,59.621582
2026-10-13 03:00:00,617.42,648.7849,31.36493,31.36493
2026-10-13 04:00:00,655.14,650.3885,-4.751526,4.751526
2026-10-13 05:00:00,663.14,660.1746,-2.965393,2.965393
2026-10-13 06:00:00,688.84,669.63477,-19.205261,19.205261
2026-10-13 07:00:00,712.94,669.99866,-42.941345,42.941345
2026-10-13 08:00:00,660.25,640.3882,-19.861816,19.861816
2026-10-13 09:00:00,654.31,608.41046,-45.899536,45.899536
2026-10-13 10:00:00,656.61,566.40784,-90.20215,90.20215
2026-10-13 11:00:00,584.54004,535.6068,-48.933228,48.933228
2026-10-13 12:00:00,554.96,509.2718,-45.688232,45.688232
2026-10-13 13:00:00,551.81,510.44867,-41.36133,41.36133
2026-10-13 14:00:00,572.71,536.2904,-36.419617,36.419617
2026-10-13 15:00:00,588.52,570.13617,-18.38385,18.38385
2026-10-13 16:00:00,634.23,620.5453,-13.684692,13.684692
2026-10-13 17:00:00,716.49,673.2328,-43.257202,43.257202
2026-10-13 18:00:00,685.03,731.30676,46.276733,46.276733
2026-10-13 19:00:00,714.58,764.6226,50.042603,50.042603
2026-10-13 20:00:00,711.31,761.18335,49.873352,49.873352
2026-10-13 21:00:00,700.85,734.5327,33.68274,33.68274
2026-10-13 22:00:00,688.91003,699.3726,10.462585,10.462585
2026-10-13 23:00:00,686.55,671.5105,-15.03949,15.03949
2026-10-14 00:00:00,605.95,650.07367,44.123657,44.123657
2026-10-14 01:00:00,664.06,639.4487,-24.611267,24.611267
2026-10-14 02:00:00,616.41003,637.40375,20.993713,20.993713
2026-10-14 03:00:00,648.19,641.93396,-6.2560425,6.2560425
2026-10-14 04:00:00,636.22003,649.4257,13.205688,13.205688
2026-10-14 05:00:00,628.64,655.4706,26.830566,26.830566
2026-10-14 06:00:00,709.96,665.974,-43.986023,43.986023
2026-10-14 07:00:00,673.31,675.5453,2.2352905,2.2352905
2026-10-14 08:00:00,637.69,645.327,7.637024,7.637024
2026-10-14 09:00:00,649.48,601.1368,-48.3432,48.3432
2026-10-14 10:00:00,619.19,560.1652,-59.02478,59.02478
2026-10-14 11:00:00,596.7,528.14294,-68.55707,68.55707
2026-10-14 12:00:00,559.61,504.72717,-54.882812,54.882812
2026-10-14 13:00:00,551.01,502.58276,-48.427246,48.427246
2026-10-14 14:00:00,526.58,526.0851,-0.49493408,0.49493408
2026-10-14 15:00:00,536.12,568.042,31.921997,31.921997
2026-10-14 16:00:00,591.46,621.8259,30.365906,30.365906
2026-10-14 17:00:00,707.2,678.4966,-28.70343,28.70343
2026-10-14 18:00:00,747.53,710.90015,-36.629883,36.629883
2026-10-14 19:00:00,750.47,765.9957,15.525757,15.525757
2026-10-14 20:00:00,763.18,771.27124,8.091248,8.091248
2026-10-14 21:00:00,728.96,748.17505,19.215027,19.215027
2026-10-14 22:00:00,679.83,711.8222,31.992188,31.992188
2026-10-14 23:00:00,669.92,676.9321,7.012146,7.012146
2026-10-15 00:00:00,601.44,650.4864,49.046387,49.046387
2026-10-15 01:00:00,687.51,639.1127,-48.39734,48.39734
2026-10-15 02:00:00,581.99,637.2218,55.23181,55.23181
2026-10-15 03:00:00,617.87,633.18427,15.31427,15.31427
2026-10-15 04:00:00,619.19,640.34357,21.153564,21.153564
2026-10-15 05:00:00,650.01,655.1603,5.1502686,5.1502686
2026-10-15 06:00:00,680.61,665.4376,-15.172363,15.172363
2026-10-15 07:00:00,728.28,673.07874,-55.201294,55.201294
2026-10-15 08:00:00,692.59,653.15063,-39.439392,39.439392
2026-10-15 09:00:00,646.22003,612.45825,-33.76178,33.76178
2026-10-15 10:00:00,617.08,566.156,-50.92401,50.92401
2026-10-15 11:00:00,542.35004,525.50616,-16.843872,16.843872
2026-10-15 12:00:00,545.57,496.42776,-49.142242,49.142242
2026-10-15 13:00:00,526.53,495.67023,-30.859802,30.859802
2026-10-15 14:00:00,513.88,516.39923,2.519226,2.519226
2026-10-15 15:00:00,564.21,562.0523,-2.1577148,2.1577148
2026-10-15 16:00:00,617.23,614.66,-2.5700073,2.5700073
2026-10-15 17:00:00,736.75,679.4587,-57.29132,57.29132
2026-10-15 18:00:00,735.41003,754.7391,19.32904,19.32904
2026-10-15 19:00:00,747.32,787.2695,39.949463,39.949463
2026-10-15 20:00:00,727.39,777.93097,50.540955,50.540955
2026-10-15 21:00:00,673.69,736.8927,63.202698,63.202698
2026-10-15 22:00:00,660.06,698.89075,38.83075,38.83075
2026-10-15 23:00:00,638.0,667.1043,29.10431,29.10431
2026-10-16 00:00:00,652.34,638.03955,-14.300476,14.300476
2026-10-16 01:00:00,624.88,626.9281,2.0480957,2.0480957
2026-10-16 02:00:00,628.05,621.5033,-6.546692,6.546692
2026-10-16 03:00:00,654.88,626.05426,-28.825745,28.825745
2026-10-16 04:00:00,657.48,637.6814,-19.798584,19.798584
2026-10-16 05:00:00,670.22003,650.15265,-20.067383,20.067383
2026-10-16 06:00:00,715.37,664.5101,-50.859924,50.859924
2026-10-16 07:00:00,676.05,671.7205,-4.329468,4.329468
2026-10-16 08:00:00,622.46,642.9047,20.444702,20.444702
2026-10-16 09:00:00,655.03,601.37524,-53.654785,53.654785
2026-10-16 10:00:00,584.51,563.86597,-20.644043,20.644043
2026-10-16 11:00:00,581.61,524.38354,-57.22644,57.22644
2026-10-16 12:00:00,536.44,499.57318,-36.86682,36.86682
2026-10-16 13:00:00,605.74,496.30872,-109.431274,109.431274
2026-10-16 14:00:00,574.15,521.7449,-52.40515,52.40515
2026-10-16 15:00:00,589.67,557.6646,-32.00537,32.00537
2026-10-16 16:00:00,657.19,612.46375,-44.726257,44.726257
2026-10-16 17:00:00,661.83,686.4659,24.635864,24.635864
2026-10-16 18:00:00,724.09,750.6572,26.5672,26.5672
2026-10-16 19:00:00,730.09,780.6122,50.522156,50.522156
2026-10-16 20:00:00,734.72003,765.8043,31.08429,31.08429
2026-10-16 21:00:00,674.72003,731.0341,56.314087,56.314087
2026-10-16 22:00:00,649.27,690.3146,41.044556,41.044556
2026-10-16 23:00:00,639.36,656.99054,17.630554,17.630554
2026-10-17 00:00:00,471.98,628.2296,156.2496,156.2496
2026-10-17 01:00:00,505.83002,566.4631,60.633057,60.633057
2026-10-17 02:00:00,484.45,550.4031,65.953064,65.953064
2026-10-17 03:00:00,508.98,539.2128,30.232819,30.232819
2026-10-17 04:00:00,489.40002,542.34766,52.94763,52.94763
2026-10-17 05:00:00,579.31,546.3292,-32.980774,32.980774
2026-10-17 06:00:00,603.66003,557.9658,-45.694214,45.694214
2026-10-17 07:00:00,565.42004,558.5865,-6.833557,6.833557
2026-10-17 08:00:00,584.51,537.158,-47.35199,47.35199
2026-10-17 09:00:00,561.75,503.1974,-58.552612,58.552612
2026-10-17 10:00:00,505.69,463.4374,-42.252594,42.252594
2026-10-17 11:00:00,427.89,431.64813,3.7581177,3.7581177
2026-10-17 12:00:00,398.48,407.40448,8.924469,8.924469
2026-10-17 13:00:00,461.74002,405.461,-56.279022,56.279022
2026-10-17 14:00:00,411.17004,422.68713,11.51709,11.51709
2026-10-17 15:00:00,483.48004,463.65234,-19.827698,19.827698
2026-10-17 16:00:00,502.79,531.6362,28.846222,28.846222
2026-10-17 17:00:00,554.92,593.01465,38.094666,38.094666
2026-10-17 18:00:00,616.41003,655.4808,39.07074,39.07074
2026-10-17 19:00:00,652.79,686.60156,33.811584,33.811584
2026-10-17 20:00:00,630.04004,680.762,50.721985,50.721985
2026-10-17 21:00:00,569.3,651.69635,82.39636,82.39636
2026-10-17 22:00:00,564.54004,620.7974,56.257385,56.257385
2026-10-17 23:00:00,523.09,597.3527,74.262695,74.262695
2026-10-18 00:00:00,511.78,576.2618,64.48178,64.48178
2026-10-18 01:00:00,524.66003,557.0677,32.407654,32.407654
2026-10-18 02:00:00,505.88,553.85205,47.972046,47.972046
2026-10-18 03:00:00,518.25,553.61926,35.369263,35.369263
2026-10-18 04:00:00,517.65,551.76556,34.11554,34.11554
2026-10-18 05:00:00,561.45,554.37286,-7.0771484,7.0771484
2026-10-18 06:00:00,580.72003,558.30066,-22.419373,22.419373
2026-10-18 07:00:00,586.48,561.91864,-24.56134,24.56134
2026-10-18 08:00:00,568.34,543.98047,-24.359558,24.359558
2026-10-18 09:00:00,579.0,514.2283,-64.77173,64.77173
2026-10-18 10:00:00,491.81,480.9889,-10.821106,10.821106
2026-10-18 11:00:00,452.65002,438.88782,-13.762207,13.762207
2026-10-18 12:00:00,405.64,411.00058,5.360565,5.360565
2026-10-18 13:00:00,465.64,400.83093,-64.80908,64.80908
2026-10-18 14:00:00,463.05002,420.09235,-42.957672,42.957672
2026-10-18 15:00:00,485.71002,463.10165,-22.608368,22.608368
2026-10-18 16:00:00,487.13,517.02734,29.897339,29.897339
2026-10-18 17:00:00,590.32,577.6158,-12.704224,12.704224
2026-10-18 18:00:00,622.99,651.4758,28.48584,28.48584
2026-10-18 19:00:00,657.71,682.9383,25.228271,25.228271
2026-10-18 20:00:00,630.13,670.7338,40.60382,40.60382
2026-10-18 21:00:00,596.64,642.861,46.22101,46.22101
2026-10-18 22:00:00,557.39,620.1774,62.787415,62.787415
2026-10-18 23:00:00,543.08,595.4824,52.402405,52.402405
2026-10-19 00:00:00,641.14,575.5164,-65.6236,65.6236
2026-10-19 01:00:00,649.52,626.3855,-23.134521,23.134521
2026-10-19 02:00:00,606.08,640.15314,34.07312,34.07312
2026-10-19 03:00:00,628.58,655.7064,27.126404,27.126404
2026-10-19 04:00:00,616.22003,660.4481,44.22809,44.22809
2026-10-19 05:00:00,650.53,666.25903,15.729004,15.729004
2026-10-19 06:00:00,670.18,671.96405,1.7840576,1.7840576
2026-10-19 07:00:00,675.34,672.65063,-2.689392,2.689392
2026-10-19 08:00:00,680.36,643.7806,-36.579407,36.579407
2026-10-19 09:00:00,680.59,603.1099,-77.4801,77.4801
2026-10-19 10:00:00,569.99,565.97626,-4.013733,4.013733
2026-10-19 11:00:00,557.84,521.70435,-36.13568,36.13568
2026-10-19 12:00:00,523.52,495.85712,-27.662903,27.662903
2026-10-19 13:00:00,524.38,497.77747,-26.60254,26.60254
2026-10-19 14:00:00,586.24,522.3367,-63.90332,63.90332
2026-10-19 15:00:00,590.92,558.7925,-32.127502,32.127502
2026-10-19 16:00:00,613.97003,609.7847,-4.1853027,4.1853027
2026-10-19 17:00:00,715.09,666.00085,-49.089172,49.089172
2026-10-19 18:00:00,739.46,727.15063,-12.309387,12.309387
2026-10-19 19:00:00,727.66003,763.9183,36.25824,36.25824
2026-10-19 20:00:00,732.74,761.0078,28.267822,28.267822
2026-10-19 21:00:00,705.87,736.865,30.994995,30.994995
2026-10-19 22:00:00,690.38,704.94604,14.56604,14.56604
2026-10-19 23:00:00,660.0,676.88165,16.881653,16.881653
2026-10-20 00:00:00,622.72003,653.9338,31.213745,31.213745
2026-10-20 01:00:00,641.29004,643.9305,2.640442,2.640442
2026-10-20 02:00:00,619.67,639.02704,19.357056,19.357056
2026-10-20 03:00:00,631.45,635.9865,4.536499,4.536499
2026-10-20 04:00:00,683.39,638.1094,-45.28064,45.28064
2026-10-20 05:00:00,625.52,646.91675,21.396729,21.396729
2026-10-20 06:00:00,707.81,648.22925,-59.58075,59.58075
2026-10-20 07:00:00,672.35004,649.5436,-22.806458,22.806458
2026-10-20 08:00:00,688.07,621.4711,-66.59888,66.59888
2026-10-20 09:00:00,643.07,584.75885,-58.311157,58.311157
2026-10-20 10:00:00,574.48,553.2011,-21.27887,21.27887
2026-10-20 11:00:00,537.76,514.83966,-22.92035,22.92035
2026-10-20 12:00:00,517.62,488.11627,-29.503723,29.503723
2026-10-20 13:00:00,537.39,499.00647,-38.383545,38.383545
2026-10-20 14:00:00,544.97003,523.84784,-21.122192,21.122192
2026-10-20 15:00:00,585.71,566.4359,-19.274109,19.274109
2026-10-20 16:00:00,659.82,622.1869,-37.633118,37.633118
2026-10-20 17:00:00,662.17,666.3698,4.199829,4.199829
2026-10-20 18:00:00,721.38,703.9173,-17.462708,17.462708
2026-10-20 19:00:00,732.29004,733.3671,1.0770874,1.0770874
2026-10-20 20:00:00,756.74,727.8541,-28.885864,28.885864
2026-10-20 21:00:00,698.35,707.8003,9.450317,9.450317
2026-10-20 22:00:00,685.46,683.0257,-2.4343262,2.4343262
2026-10-20 23:00:00,620.99,656.5027,35.512695,35.512695
2026-10-21 00:00:00,625.76,632.34796,6.5879517,6.5879517
2026-10-21 01:00:00,633.83,624.6929,-9.137146,9.137146
2026-10-21 02:00:00,621.99,624.8298,2.8397827,2.8397827
2026-10-21 03:00:00,619.31,630.6286,11.3186035,11.3186035
2026-10-21 04:00:00,609.23,639.21106,29.98108,29.98108
2026-10-21 05:00:00,699.41003,648.5516,-50.85846,50.85846
2026-10-21 06:00:00,688.17,660.4929,-27.677063,27.677063
2026-10-21 07:00:00,746.14,661.9704,-84.16962,84.16962
2026-10-21 08:00:00,692.59,635.3641,-57.225952,57.225952
2026-10-21 09:00:00,657.14,594.99866,-62.141357,62.141357
2026-10-21 10:00:00,590.55,550.07196,-40.478027,40.478027
2026-10-21 11:00:00,556.47003,515.00946,-41.46057,41.46057
2026-10-21 12:00:00,537.28,492.67902,-44.601013,44.601013
2026-10-21 13:00:00,555.32,498.9812,-56.338806,56.338806
2026-10-21 14:00:00,575.49,526.4343,-49.055664,49.055664
2026-10-21 15:00:00,563.72003,560.19305,-3.5269775,3.5269775
2026-10-21 16:00:00,608.15,611.14685,2.9968262,2.9968262
2026-10-21 17:00:00,668.27,675.1395,6.869507,6.869507
2026-10-21 18:00:00,745.43,728.8714,-16.558594,16.558594
2026-10-21 19:00:00,737.1,758.7744,21.674438,21.674438
2026-10-21 20:00:00,732.31,753.8247,21.51471,21.51471
2026-10-21 21:00:00,745.32,723.5603,-21.759705,21.759705
2026-10-21 22:00:00,669.24,693.1096,23.869629,23.869629
2026-10-21 23:00:00,625.76,659.15735,33.39734,33.39734
2026-10-22 00:00:00,660.37,631.0921,-29.277893,29.277893
2026-10-22 01:00:00,624.35004,624.59546,0.24542236,0.24542236
2026-10-22 02:00:00,651.84,620.22797,-31.61206,31.61206
2026-10-22 03:00:00,657.08,628.2747,-28.805298,28.805298
2026-10-22 04:00:00,649.29004,641.3273,-7.9627686,7.9627686
2026-10-22 05:00:00,670.13,647.4935,-22.636475,22.636475
2026-10-22 06:00:00,672.82,654.368,-18.452026,18.452026
2026-10-22 07:00:00,685.83,659.7647,-26.065308,26.065308
2026-10-22 08:00:00,707.79004,635.4084,-72.38165,72.38165
2026-10-22 09:00:00,646.29,600.4394,-45.850586,45.850586
2026-10-22 10:00:00,578.69,561.65814,-17.03186,17.03186
2026-10-22 11:00:00,510.58002,523.75903,13.179016,13.179016
2026-10-22 12:00:00,540.61,493.50537,-47.104614,47.104614
2026-10-22 13:00:00,497.43,495.03772,-2.392273,2.392273
2026-10-22 14:00:00,583.13,516.8908,-66.2392,66.2392
2026-10-22 15:00:00,594.54004,562.9149,-31.625122,31.625122
2026-10-22 16:00:00,628.78,616.94763,-11.832397,11.832397
2026-10-22 17:00:00,705.85,682.9242,-22.925781,22.925781
2026-10-22 18:00:00,736.64,743.4299,6.789856,6.789856
2026-10-22 19:00:00,753.6,770.9134,17.313416,17.313416
2026-10-22 20:00:00,713.65,758.37244,44.722412,44.722412
2026-10-22 21:00:00,720.61,731.23645,10.626465,10.626465
2026-10-22 22:00:00,668.63,699.1232,30.493225,30.493225
2026-10-22 23:00:00,654.27,667.73413,13.464111,13.464111
2026-10-23 00:00:00,599.94,640.2526,40.312622,40.312622
2026-10-23 01:00:00,598.36,623.6391,25.279114,25.279114
2026-10-23 02:00:00,611.84,615.5752,3.7351685,3.7351685
2026-10-23 03:00:00,626.8,621.4433,-5.3566895,5.3566895
2026-10-23 04:00:00,663.74,633.29126,-30.44873,30.44873
2026-10-23 05:00:00,590.47003,651.12445,60.65442,60.65442
2026-10-23 06:00:00,731.98,654.9311,-77.04889,77.04889
2026-10-23 07:00:00,690.41003,666.0907,-24.319336,24.319336
2026-10-23 08:00:00,687.34,640.0524,-47.287598,47.287598
2026-10-23 09:00:00,646.12,604.1914,-41.92859,41.92859
2026-10-23 10:00:00,585.5,561.1383,-24.361694,24.361694
2026-10-23 11:00:00,566.45,524.99634,-41.453674,41.453674
2026-10-23 12:00:00,545.2,496.8957,-48.30432,48.30432
2026-10-23 13:00:00,537.65,497.2962,-40.35382,40.35382
2026-10-23 14:00:00,506.39,516.2395,9.849487,9.849487
2026-10-23 15:00:00,551.38,550.8892,-0.4907837,0.4907837
2026-10-23 16:00:00,643.36,611.8924,-31.46759,31.46759
2026-10-23 17:00:00,699.93,674.92804,-25.001953,25.001953
2026-10-23 18:00:00,723.58,739.1053,15.525269,15.525269
2026-10-23 19:00:00,738.67,766.8592,28.189209,28.189209
2026-10-23 20:00:00,712.28,753.59705,41.317017,41.317017
2026-10-23 21:00:00,720.9,714.52405,-6.3759766,6.3759766
2026-10-23 22:00:00,674.32,678.72894,4.4089355,4.4089355
2026-10-23 23:00:00,639.58,649.5226,9.942566,9.942566
2026-10-24 00:00:00,501.23,627.96063,126.73062,126.73062
2026-10-24 01:00:00,526.64,570.24286,43.602844,43.602844
2026-10-24 02:00:00,511.87003,547.06274,35.19272,35.19272
2026-10-24 03:00:00,529.06,542.80237,13.742371,13.742371
2026-10-24 04:00:00,527.82,546.51636,18.69635,18.69635
2026-10-24 05:00:00,558.27,550.8761,-7.393921,7.393921
2026-10-24 06:00:00,587.2,563.3899,-23.81012,23.81012
2026-10-24 07:00:00,591.8,560.9762,-30.823792,30.823792
2026-10-24 08:00:00,569.68,544.7852,-24.894775,24.894775
2026-10-24 09:00:00,467.42,516.4042,48.98416,48.98416
2026-10-24 10:00:00,485.81,468.82385,-16.986145,16.986145
2026-10-24 11:00:00,453.25,432.5079,-20.742096,20.742096
2026-10-24 12:00:00,441.74002,412.00232,-29.737701,29.737701
2026-10-24 13:00:00,399.29004,404.528,5.237976,5.237976
2026-10-24 14:00:00,414.0,418.74515,4.7451477,4.7451477
2026-10-24 15:00:00,441.23,451.4841,10.254089,10.254089
2026-10-24 16:00:00,555.7,508.22943,-47.47058,47.47058
2026-10-24 17:00:00,579.37,584.4501,5.080078,5.080078
2026-10-24 18:00:00,636.5,624.31415,-12.185852,12.185852
2026-10-24 19:00:00,589.51,668.09216,78.58215,78.58215
2026-10-24 20:00:00,620.31,654.17706,33.867065,33.867065
2026-10-24 21:00:00,606.78,631.2313,24.451294,24.451294
2026-10-24 22:00:00,579.66003,607.4218,27.76178,27.76178
2026-10-24 23:00:00,525.72003,586.5458,60.825745,60.825745
2026-10-25 00:00:00,494.71002,568.484,73.77399,73.77399
2026-10-25 01:00:00,496.88,548.2855,51.405518,51.405518
2026-10-25 02:00:00,530.1,535.977,5.877014,5.877014
2026-10-25 03:00:00,480.24002,541.1008,60.86081,60.86081
2026-10-25 04:00:00,528.38,539.89343,11.513428,11.513428
2026-10-25 05:00:00,483.90002,551.5662,67.6662,67.6662
2026-10-25 06:00:00,595.60004,553.64874,-41.951294,41.951294
2026-10-25 07:00:00,577.45,554.1096,-23.340393,23.340393
2026-10-25 08:00:00,599.79004,537.93994,-61.850098,61.850098
2026-10-25 09:00:00,527.0,508.5231,-18.476898,18.476898
2026-10-25 10:00:00,478.42,472.37323,-6.0467834,6.0467834
2026-10-25 11:00:00,444.94,431.01672,-13.923279,13.923279
2026-10-25 12:00:00,419.0,404.26605,-14.733948,14.733948
2026-10-25 13:00:00,386.39,397.65637,11.266357,11.266357
2026-10-25 14:00:00,423.82,411.78815,-12.03186,12.03186
2026-10-25 15:00:00,418.26,447.4756,29.215576,29.215576
2026-10-25 16:00:00,528.85,493.9673,-34.88269,34.88269
2026-10-25 17:00:00,564.01,569.88995,5.879944,5.879944
2026-10-25 18:00:00,639.14,624.46106,-14.678955,14.678955
2026-10-25 19:00:00,673.60004,660.15393,-13.446106,13.446106
2026-10-25 20:00:00,580.38,651.3125,70.932495,70.932495
2026-10-25 21:00:00,598.18,627.0228,28.842834,28.842834
2026-10-25 22:00:00,550.62,605.7527,55.13269,55.13269
2026-10-25 23:00:00,547.45,587.8097,40.35968,40.35968
2026-10-26 00:00:00,609.33,570.6799,-38.650146,38.650146
2026-10-26 01:00:00,624.38,618.10425,-6.275757,6.275757
2026-10-26 02:00:00,599.15,631.2069,32.056885,32.056885
2026-10-26 03:00:00,612.65,639.63684,26.986816,26.986816
2026-10-26 04:00:00,631.7,650.4326,18.732605,18.732605
2026-10-26 05:00:00,620.3,660.2858,39.98584,39.98584
2026-10-26 06:00:00,651.89,660.93756,9.047546,9.047546
2026-10-26 07:00:00,692.89,663.4649,-29.42511,29.42511
2026-10-26 08:00:00,674.72003,638.49945,-36.22058,36.22058
2026-10-26 09:00:00,663.92,602.15125,-61.768738,61.768738
2026-10-26 10:00:00,601.0,560.4107,-40.589294,40.589294
2026-10-26 11:00:00,546.72003,525.27844,-21.44159,21.44159
2026-10-26 12:00:00,538.38,494.42218,-43.957825,43.957825
2026-10-26 13:00:00,529.18,497.4889,-31.691101,31.691101
2026-10-26 14:00:00,518.73,518.93854,0.20855713,0.20855713
2026-10-26 15:00:00,594.54004,546.22974,-48.310303,48.310303
2026-10-26 16:00:00,621.51,598.17896,-23.331055,23.331055
2026-10-26 17:00:00,639.35004,652.5723,13.22229,13.22229
2026-10-26 18:00:00,707.76,709.346,1.5859985,1.5859985
2026-10-26 19:00:00,783.71,742.027,-41.683044,41.683044
2026-10-26 20:00:00,742.5,738.14453,-4.3554688,4.3554688
2026-10-26 21:00:00,728.99,717.4712,-11.518799,11.518799
2026-10-26 22:00:00,640.23,694.39575,54.16577,54.16577
2026-10-26 23:00:00,660.5,664.84863,4.348633,4.348633
2026-10-27 00:00:00,604.88,643.2846,38.404602,38.404602
2026-10-27 01:00:00,593.06,639.126,46.06598,46.06598
2026-10-27 02:00:00,626.53,636.3618,9.831787,9.831787
2026-10-27 03:00:00,605.45,637.7996,32.34961,32.34961
2026-10-27 04:00:00,623.26,642.1145,18.854492,18.854492
2026-10-27 05:00:00,638.34,651.0129,12.672852,12.672852
2026-10-27 06:00:00,623.37,656.91943,33.54944,33.54944
2026-10-27 07:00:00,643.88,658.6477,14.7677,14.7677
2026-10-27 08:00:00,695.46,634.87366,-60.586365,60.586365
2026-10-27 09:00:00,616.53,599.4505,-17.079529,17.079529
2026-10-27 10:00:00,621.13,556.09106,-65.03894,65.03894
2026-10-27 11:00:00,560.48,523.16064,-37.319336,37.319336
2026-10-27 12:00:00,503.43,496.64374,-6.786255,6.786255
2026-10-27 13:00:00,531.88,495.21484,-36.66516,36.66516
2026-10-27 14:00:00,550.45,517.19135,-33.258667,33.258667
2026-10-27 15:00:00,593.94,554.45734,-39.482666,39.482666
2026-10-27 16:00:00,630.66003,608.97644,-21.683594,21.683594
2026-10-27 17:00:00,665.4,669.8992,4.4991455,4.4991455
2026-10-27 18:00:00,731.71,715.654,-16.05603,16.05603
2026-10-27 19:00:00,751.92,755.1603,3.2402954,3.2402954
2026-10-27 20:00:00,705.88,749.2184,43.33838,43.33838
2026-10-27 21:00:00,716.26,719.3965,3.1364746,3.1364746
2026-10-27 22:00:00,661.02,688.87836,27.858337,27.858337
2026-10-27 23:00:00,654.71,663.5873,8.877258,8.877258
2026-10-28 00:00:00,611.27,642.17303,30.903015,30.903015
2026-10-28 01:00:00,577.47003,634.39557,56.925537,56.925537
2026-10-28 02:00:00,630.01,625.8973,-4.112732,4.112732
2026-10-28 03:00:00,671.41003,630.3889,-41.02112,41.02112
2026-10-28 04:00:00,613.75,643.9631,30.213074,30.213074
2026-10-28 05:00:00,650.0,652.974,2.973999,2.973999
2026-10-28 06:00:00,673.38,655.47943,-17.900574,17.900574
2026-10-28 07:00:00,701.01,659.6804,-41.32959,41.32959
2026-10-28 08:00:00,678.75,632.8253,-45.924683,45.924683
2026-10-28 09:00:00,616.63,590.7058,-25.924194,25.924194
2026-10-28 10:00:00,591.84,550.1224,-41.71765,41.71765
2026-10-28 11:00:00,528.69,515.96606,-12.723938,12.723938
2026-10-28 12:00:00,551.54004,487.1236,-64.41644,64.41644
2026-10-28 13:00:00,539.81,490.0748,-49.7352,49.7352
2026-10-28 14:00:00,544.98,511.45795,-33.522034,33.522034
2026-10-28 15:00:00,576.98,550.729,-26.250977,26.250977
2026-10-28 16:00:00,626.72003,611.5713,-15.148743,15.148743
2026-10-28 17:00:00,701.89,663.7736,-38.116394,38.116394
2026-10-28 18:00:00,758.67,729.39966,-29.270325,29.270325
2026-10-28 19:00:00,742.84,766.00165,23.161621,23.161621
2026-10-28 20:00:00,714.12,756.31165,42.19165,42.19165
2026-10-28 21:00:00,674.4,726.01685,51.61682,51.61682
2026-10-28 22:00:00,684.77,691.9251,7.1550903,7.1550903
2026-10-28 23:00:00,617.45,664.1689,46.718872,46.718872
2026-10-29 00:00:00,609.86,637.7246,27.864624,27.864624
2026-10-29 01:00:00,608.07,627.2063,19.136292,19.136292
2026-10-29 02:00:00,662.55,619.64514,-42.904846,42.904846
2026-10-29 03:00:00,651.07,625.94543,-25.124573,25.124573
2026-10-29 04:00:00,671.89,633.75366,-38.136353,38.136353
2026-10-29 05:00:00,639.15,643.96826,4.8182373,4.8182373
2026-10-29 06:00:00,711.39,652.1609,-59.229126,59.229126
2026-10-29 07:00:00,673.0,659.36786,-13.632141,13.632141
2026-10-29 08:00:00,674.38,628.17096,-46.209045,46.209045
2026-10-29 09:00:00,608.82,599.9695,-8.850525,8.850525
2026-10-29 10:00:00,603.3,572.2986,-31.001404,31.001404
2026-10-29 11:00:00,567.39,533.999,-33.39099,33.39099
2026-10-29 12:00:00,511.40002,504.25757,-7.142456,7.142456
2026-10-29 13:00:00,524.3,501.2829,-23.01709,23.01709
2026-10-29 14:00:00,581.05,528.4293,-52.620667,52.620667
2026-10-29 15:00:00,563.92004,568.29474,4.374695,4.374695
2026-10-29 16:00:00,615.88,617.6977,1.817688,1.817688
2026-10-29 17:00:00,685.66003,667.7052,-17.954834,17.954834
2026-10-29 18:00:00,756.24,738.647,-17.593018,17.593018
2026-10-29 19:00:00,724.31,772.7665,48.456482,48.456482
2026-10-29 20:00:00,689.84,758.16473,68.32471,68.32471
2026-10-29 21:00:00,707.81,722.09155,14.281555,14.281555
2026-10-29 22:00:00,687.39,685.5743,-1.8157349,1.8157349
2026-10-29 23:00:00,668.15,656.9605,-11.189514,11.189514
2026-10-30 00:00:00,626.88,632.36255,5.482544,5.482544
2026-10-30 01:00:00,596.65,621.42365,24.77362,24.77362
2026-10-30 02:00:00,636.7,613.77344,-22.926575,22.926575
2026-10-30 03:00:00,642.77,619.8528,-22.917236,22.917236
2026-10-30 04:00:00,619.09,630.1297,11.039673,11.039673
2026-10-30 05:00:00,666.98,641.8143,-25.16571,25.16571
2026-10-30 06:00:00,637.99,651.7766,13.786621,13.786621
2026-10-30 07:00:00,720.23,650.4312,-69.79877,69.79877
2026-10-30 08:00:00,657.71,630.1827,-27.527344,27.527344
2026-10-30 09:00:00,586.26,592.12085,5.86084,5.86084
2026-10-30 10:00:00,573.38,546.4021,-26.977905,26.977905
2026-10-30 11:00:00,566.01,513.98706,-52.02295,52.02295
2026-10-30 12:00:00,561.84,490.4559,-71.384125,71.384125
2026-10-30 13:00:00,548.23,493.57745,-54.652527,54.652527
2026-10-30 14:00:00,506.46002,516.88367,10.423645,10.423645
2026-10-30 15:00:00,551.91003,562.7912,10.881165,10.881165
2026-10-30 16:00:00,601.72003,613.56055,11.840515,11.840515
2026-10-30 17:00:00,678.8,668.7207,-10.079285,10.079285
2026-10-30 18:00:00,705.89,728.3561,22.466064,22.466064
2026-10-30 19:00:00,740.51,770.9571,30.447083,30.447083
2026-10-30 20:00:00,750.29004,768.0816,17.791565,17.791565
2026-10-30 21:00:00,701.1,741.3025,40.202515,40.202515
2026-10-30 22:00:00,697.6,700.0906,2.4906006,2.4906006
2026-10-30 23:00:00,639.35004,664.64307,25.29303,25.29303
2026-10-31 00:00:00,537.19,636.8308,99.64081,99.64081
2026-10-31 01:00:00,532.79004,577.5563,44.766235,44.766235
2026-10-31 02:00:00,522.47003,563.63605,41.166016,41.166016
2026-10-31 03:00:00,518.60004,544.6445,26.044434,26.044434
2026-10-31 04:00:00,555.3,541.53894,-13.761047,13.761047
2026-10-31 05:00:00,563.14,545.58215,-17.557861,17.557861
2026-10-31 06:00:00,563.67004,554.63385,-9.036194,9.036194
2026-10-31 07:00:00,552.01,554.9145,2.90448,2.90448
2026-10-31 08:00:00,564.03,530.61725,-33.41278,33.41278
2026-10-31 09:00:00,485.87003,496.51514,10.645111,10.645111
2026-10-31 10:00:00,480.36002,458.69183,-21.668182,21.668182
2026-10-31 11:00:00,434.28003,427.4312,-6.848816,6.848816
2026-10-31 12:00:00,404.34003,404.12122,-0.21881104,0.21881104
2026-10-31 13:00:00,428.69003,400.01624,-28.673798,28.673798
2026-10-31 14:00:00,438.26,416.61533,-21.644684,21.644684
2026-10-31 15:00:00,476.62,451.26062,-25.359375,25.359375
2026-10-31 16:00:00,516.1,496.432,-19.667969,19.667969
2026-10-31 17:00:00,585.45,563.7941,-21.655884,21.655884
2026-10-31 18:00:00,638.05,622.7973,-15.252686,15.252686
2026-10-31 19:00:00,626.15,656.00824,29.858215,29.858215
2026-10-31 20:00:00,618.29004,644.2989,26.00885,26.00885
2026-10-31 21:00:00,590.83,629.84985,39.019836,39.019836
2026-10-31 22:00:00,596.98,604.5908,7.61084,7.61084
2026-10-31 23:00:00,551.06,585.17816,34.118164,34.118164
2026-11-01 00:00:00,495.7,567.7565,72.05646,72.05646
2026-11-01 01:00:00,475.26,539.4104,64.15039,64.15039
2026-11-01 02:00:00,542.31,529.76904,-12.540955,12.540955
2026-11-01 03:00:00,523.36,527.7292,4.3692017,4.3692017
2026-11-01 04:00:00,561.22003,532.278,-28.942017,28.942017
2026-11-01 05:00:00,571.59,537.6951,-33.894897,33.894897
2026-11-01 06:00:00,559.13,547.8961,-11.233887,11.233887
2026-11-01 07:00:00,566.94,553.2284,-13.711609,13.711609
2026-11-01 08:00:00,583.48,534.75085,-48.729126,48.729126
2026-11-01 09:00:00,514.4,507.3609,-7.0391235,7.0391235
2026-11-01 10:00:00,483.31,475.38416,-7.9258423,7.9258423
2026-11-01 11:00:00,460.69,445.73157,-14.958435,14.958435
2026-11-01 12:00:00,410.34003,418.80798,8.467957,8.467957
2026-11-01 13:00:00,464.44,406.97385,-57.466156,57.466156
2026-11-01 14:00:00,443.92004,422.83786,-21.082184,21.082184
2026-11-01 15:00:00,432.72003,450.4547,17.73468,17.73468
2026-11-01 16:00:00,520.57,494.01276,-26.557251,26.557251
2026-11-01 17:00:00,588.81,555.3714,-33.4386,33.4386
2026-11-01 18:00:00,641.9,618.7806,-23.119446,23.119446
2026-11-01 19:00:00,612.5,649.3554,36.855408,36.855408
2026-11-01 20:00:00,629.76,642.12177,12.361755,12.361755
2026-11-01 21:00:00,593.66003,623.1899,29.529846,29.529846
2026-11-01 22:00:00,553.47003,598.4161,44.946045,44.946045
2026-11-01 23:00:00,541.63,574.437,32.807007,32.807007
2026-11-02 00:00:00,632.5,558.35846,-74.14154,74.14154
2026-11-02 01:00:00,652.65,599.7657,-52.88434,52.88434
2026-11-02 02:00:00,628.22003,618.96564,-9.254395,9.254395
2026-11-02 03:00:00,632.88,634.0965,1.2164917,1.2164917
2026-11-02 04:00:00,640.87,646.9515,6.081482,6.081482
2026-11-02 05:00:00,689.84,652.10254,-37.737488,37.737488
2026-11-02 06:00:00,648.25,661.267,13.017029,13.017029
2026-11-02 07:00:00,712.22003,660.8893,-51.33075,51.33075
2026-11-02 08:00:00,676.84,638.16614,-38.67389,38.67389
2026-11-02 09:00:00,639.2,599.62067,-39.579346,39.579346
2026-11-02 10:00:00,602.51,556.6656,-45.84442,45.84442
2026-11-02 11:00:00,582.31,523.71533,-58.594666,58.594666
2026-11-02 12:00:00,540.9,501.22858,-39.671448,39.671448
2026-11-02 13:00:00,545.76,500.9752,-44.78482,44.78482
2026-11-02 14:00:00,538.54004,521.7635,-16.77655,16.77655
2026-11-02 15:00:00,593.53,551.2673,-42.262756,42.262756
2026-11-02 16:00:00,617.63,593.1117,-24.51831,24.51831
2026-11-02 17:00:00,632.35004,646.0274,13.677368,13.677368
2026-11-02 18:00:00,730.0,699.5734,-30.426575,30.426575
2026-11-02 19:00:00,799.44,714.8956,-84.54437,84.54437
2026-11-02 20:00:00,767.45,723.2518,-44.198242,44.198242
2026-11-02 21:00:00,723.71,698.7934,-24.916626,24.916626
2026-11-02 22:00:00,658.66003,679.7603,21.10028,21.10028
2026-11-02 23:00:00,667.88,656.61694,-11.263062,11.263062
2026-11-03 00:00:00,619.93,636.69055,16.76056,16.76056
2026-11-03 01:00:00,581.34,636.9291,55.58905,55.58905
2026-11-03 02:00:00,617.06,631.4978,14.437805,14.437805
2026-11-03 03:00:00,594.94,637.4557,42.515686,42.515686
2026-11-03 04:00:00,626.47003,639.1418,12.671753,12.671753
2026-11-03 05:00:00,698.46,645.2919,-53.16815,53.16815
2026-11-03 06:00:00,651.43,656.2164,4.786377,4.786377
2026-11-03 07:00:00,693.35,666.0962,-27.253784,27.253784
2026-11-03 08:00:00,639.19,647.6296,8.439575,8.439575
2026-11-03 09:00:00,614.59,622.7361,8.146057,8.146057
2026-11-03 10:00:00,575.39,576.7401,1.3500977,1.3500977
2026-11-03 11:00:00,518.79004,538.8536,20.063538,20.063538
2026-11-03 12:00:00,520.91003,505.03436,-15.875671,15.875671
2026-11-03 13:00:00,519.67004,496.04004,-23.630005,23.630005
2026-11-03 14:00:00,543.99,515.67944,-28.310547,28.310547
2026-11-03 15:00:00,574.67,553.7838,-20.88617,20.88617
2026-11-03 16:00:00,579.68,594.59235,14.9123535,14.9123535
2026-11-03 17:00:00,643.86,648.3615,4.501526,4.501526
2026-11-03 18:00:00,728.76,696.525,-32.234985,32.234985
2026-11-03 19:00:00,754.64,736.82196,-17.818054,17.818054
2026-11-03 20:00:00,670.91003,727.6167,56.706665,56.706665
2026-11-03 21:00:00,715.24,702.49896,-12.741028,12.741028
2026-11-03 22:00:00,637.57,676.12,38.549988,38.549988
2026-11-03 23:00:00,650.33,651.9712,1.6411743,1.6411743
2026-11-04 00:00:00,614.15,633.1427,18.992676,18.992676
2026-11-04 01:00:00,637.92,626.9905,-10.929504,10.929504
2026-11-04 02:00:00,656.26,629.3912,-26.868835,26.868835
2026-11-04 03:00:00,628.53,630.2882,1.7581787,1.7581787
2026-11-04 04:00:00,638.49,634.47736,-4.0126343,4.0126343
2026-11-04 05:00:00,603.37,644.682,41.31201,41.31201
2026-11-04 06:00:00,664.65,644.85834,-19.791687,19.791687
2026-11-04 07:00:00,665.56,648.44336,-17.116638,17.116638
2026-11-04 08:00:00,663.43,623.55145,-39.87854,39.87854
2026-11-04 09:00:00,646.13,586.89,-59.23999,59.23999
2026-11-04 10:00:00,589.92,551.62054,-38.29944,38.29944
2026-11-04 11:00:00,540.91003,517.2998,-23.61023,23.61023
2026-11-04 12:00:00,575.54004,496.85315,-78.68689,78.68689
2026-11-04 13:00:00,562.96,502.2202,-60.739807,60.739807
2026-11-04 14:00:00,546.36,528.59644,-17.76355,17.76355
2026-11-04 15:00:00,554.63,566.091,11.460999,11.460999
2026-11-04 16:00:00,601.46,599.79333,-1.666687,1.666687
2026-11-04 17:00:00,699.76,654.4655,-45.294495,45.294495
2026-11-04 18:00:00,732.23,722.47253,-9.757446,9.757446
2026-11-04 19:00:00,771.55,745.8261,-25.723877,25.723877
2026-11-04 20:00:00,705.86,738.93243,33.07245,33.07245
2026-11-04 21:00:00,705.93,707.7245,1.7944946,1.7944946
2026-11-04 22:00:00,646.71,673.9431,27.233093,27.233093
2026-11-04 23:00:00,648.48,642.19244,-6.2875366,6.2875366
2026-11-05 00:00:00,624.81,620.7519,-4.0581055,4.0581055
2026-11-05 01:00:00,625.24,614.9602,-10.279785,10.279785
2026-11-05 02:00:00,611.91003,613.3241,1.4140625,1.4140625
2026-11-05 03:00:00,597.04004,619.1694,22.129333,22.129333
2026-11-05 04:00:00,629.32,627.62836,-1.6916504,1.6916504
2026-11-05 05:00:00,664.61,633.324,-31.28601,31.28601
2026-11-05 06:00:00,618.99,643.1899,24.19989,24.19989
2026-11-05 07:00:00,703.88,641.1088,-62.77118,62.77118
2026-11-05 08:00:00,675.09,621.85895,-53.23108,53.23108
2026-11-05 09:00:00,625.4,587.2759,-38.124146,38.124146
2026-11-05 10:00:00,590.25,549.92474,-40.325256,40.325256
2026-11-05 11:00:00,574.03,516.89484,-57.135193,57.135193
2026-11-05 12:00:00,555.48,489.3412,-66.138794,66.138794
2026-11-05 13:00:00,515.12,490.25873,-24.861267,24.861267
2026-11-05 14:00:00,598.22003,510.56335,-87.65668,87.65668
2026-11-05 15:00:00,587.36,560.93445,-26.425537,26.425537
2026-11-05 16:00:00,621.31,614.04205,-7.2679443,7.2679443
2026-11-05 17:00:00,660.38,656.751,-3.6290283,3.6290283
2026-11-05 18:00:00,720.84,717.16345,-3.6765747,3.6765747
2026-11-05 19:00:00,704.53,748.2114,43.681396,43.681396
2026-11-05 20:00:00,762.4,737.6742,-24.72583,24.72583
2026-11-05 21:00:00,699.86,714.86865,15.008667,15.008667
2026-11-05 22:00:00,657.38,678.7855,21.405518,21.405518
2026-11-05 23:00:00,654.60004,647.0292,-7.570862,7.570862
2026-11-06 00:00:00,620.52,623.4707,2.9506836,2.9506836
2026-11-06 01:00:00,582.46,612.9975,30.537476,30.537476
2026-11-06 02:00:00,622.76,608.92255,-13.837463,13.837463
2026-11-06 03:00:00,603.29004,615.06635,11.776306,11.776306
2026-11-06 04:00:00,628.23,628.8931,0.663147,0.663147
2026-11-06 05:00:00,683.29004,632.90576,-50.384277,50.384277
2026-11-06 06:00:00,679.73,643.9619,-35.768066,35.768066
2026-11-06 07:00:00,698.02,648.5174,-49.502625,49.502625
2026-11-06 08:00:00,690.2,637.47614,-52.723877,52.723877
2026-11-06 09:00:00,654.05,604.07446,-49.975525,49.975525
2026-11-06 10:00:00,612.33,565.52563,-46.804382,46.804382
2026-11-06 11:00:00,579.21,526.0205,-53.189514,53.189514
2026-11-06 12:00:00,549.77,497.19748,-52.57254,52.57254
2026-11-06 13:00:00,553.94,491.8449,-62.095093,62.095093
2026-11-06 14:00:00,528.30005,514.1365,-14.163574,14.163574
2026-11-06 15:00:00,557.06,547.4038,-9.656189,9.656189
2026-11-06 16:00:00,625.26,595.75854,-29.501465,29.501465
2026-11-06 17:00:00,685.57,653.3451,-32.224915,32.224915
2026-11-06 18:00:00,711.54,708.8974,-2.6425781,2.6425781
2026-11-06 19:00:00,737.03,740.5812,3.5511475,3.5511475
2026-11-06 20:00:00,719.74,728.68066,8.940674,8.940674
2026-11-06 21:00:00,726.4,702.17395,-24.226074,24.226074
2026-11-06 22:00:00,658.76,669.28546,10.525452,10.525452
2026-11-06 23:00:00,626.82,636.8624,10.042419,10.042419
2026-11-07 00:00:00,481.28003,612.26465,130.98462,130.98462
2026-11-07 01:00:00,477.27002,553.18225,75.91223,75.91223
2026-11-07 02:00:00,478.68,529.66223,50.98224,50.98224
2026-11-07 03:00:00,517.41003,522.78723,5.3771973,5.3771973
2026-11-07 04:00:00,493.98,531.2552,37.275177,37.275177
2026-11-07 05:00:00,503.97003,537.7887,33.818665,33.818665
2026-11-07 06:00:00,519.27,552.96313,33.693115,33.693115
2026-11-07 07:00:00,570.72003,549.75745,-20.962585,20.962585
2026-11-07 08:00:00,494.84003,530.6198,35.779785,35.779785
2026-11-07 09:00:00,501.15002,487.55157,-13.59845,13.59845
2026-11-07 10:00:00,506.23,460.20013,-46.029877,46.029877
2026-11-07 11:00:00,465.97003,432.59705,-33.372986,33.372986
2026-11-07 12:00:00,391.95,409.6945,17.744476,17.744476
2026-11-07 13:00:00,448.80002,398.48776,-50.312256,50.312256
2026-11-07 14:00:00,420.99,413.09586,-7.8941345,7.8941345
2026-11-07 15:00:00,442.68002,443.67288,0.9928589,0.9928589
2026-11-07 16:00:00,518.4,489.75214,-28.647888,28.647888
2026-11-07 17:00:00,561.47003,541.9618,-19.50824,19.50824
2026-11-07 18:00:00,582.21,604.4465,22.23645,22.23645
2026-11-07 19:00:00,614.17,633.44415,19.27417,19.27417
2026-11-07 20:00:00,605.67,625.5582,19.888245,19.888245
2026-11-07 21:00:00,619.97003,612.03186,-7.9381714,7.9381714
2026-11-07 22:00:00,538.48,593.22595,54.74597,54.74597
2026-11-07 23:00:00,520.01,594.80865,74.798645,74.798645
2026-11-08 00:00:00,489.79,566.1368,76.34677,76.34677
2026-11-08 01:00:00,490.47003,539.4641,48.99408,48.99408
2026-11-08 02:00:00,515.15,524.9364,9.786377,9.786377
2026-11-08 03:00:00,538.16003,526.61383,-11.546204,11.546204
2026-11-08 04:00:00,503.31,530.2342,26.924194,26.924194
2026-11-08 05:00:00,485.93002,536.05994,50.129913,50.129913
2026-11-08 06:00:00,559.89,539.95465,-19.935364,19.935364
2026-11-08 07:00:00,526.28,540.28076,14.000732,14.000732
2026-11-08 08:00:00,555.62,517.2022,-38.417786,38.417786
2026-11-08 09:00:00,517.26,490.76538,-26.494629,26.494629
2026-11-08 10:00:00,461.04,453.95258,-7.087433,7.087433
2026-11-08 11:00:00,464.03003,433.43707,-30.592957,30.592957
2026-11-08 12:00:00,427.82,413.9674,-13.8526,13.8526
2026-11-08 13:00:00,386.36002,408.062,21.701996,21.701996
2026-11-08 14:00:00,394.03003,415.56482,21.53479,21.53479
2026-11-08 15:00:00,470.94,444.1099,-26.830109,26.830109
2026-11-08 16:00:00,540.54004,491.4954,-49.044647,49.044647
2026-11-08 17:00:00,542.21,550.99194,8.781921,8.781921
2026-11-08 18:00:00,606.68,610.1013,3.4213257,3.4213257
2026-11-08 19:00:00,606.0,644.56335,38.563354,38.563354
2026-11-08 20:00:00,619.14,637.5463,18.406311,18.406311
2026-11-08 21:00:00,580.18,618.2978,38.117798,38.117798
2026-11-08 22:00:00,559.88,594.68085,34.800842,34.800842
2026-11-08 23:00:00,512.95,572.0545,59.104492,59.104492
2026-11-09 00:00:00,597.93,554.61206,-43.317932,43.317932
2026-11-09 01:00:00,604.4,591.3175,-13.08252,13.08252
2026-11-09 02:00:00,607.04004,608.8573,1.8172607,1.8172607
2026-11-09 03:00:00,625.66003,623.1166,-2.543457,2.543457
2026-11-09 04:00:00,640.68,640.8427,0.16271973,0.16271973
2026-11-09 05:00:00,654.82,647.29974,-7.5202637,7.5202637
2026-11-09 06:00:00,648.42,652.6626,4.2426147,4.2426147
2026-11-09 07:00:00,701.86,651.62,-50.23999,50.23999
2026-11-09 08:00:00,675.31,631.68396,-43.626038,43.626038
2026-11-09 09:00:00,666.15,595.6426,-70.50745,70.50745
2026-11-09 10:00:00,606.10004,558.42255,-47.67749,47.67749
2026-11-09 11:00:00,509.73,523.6652,13.935211,13.935211
2026-11-09 12:00:00,500.23,497.86737,-2.3626404,2.3626404
2026-11-09 13:00:00,578.08,495.6117,-82.46832,82.46832
2026-11-09 14:00:00,566.42004,520.5907,-45.829346,45.829346
2026-11-09 15:00:00,567.12,557.18506,-9.934937,9.934937
2026-11-09 16:00:00,661.49,600.8989,-60.591064,60.591064
2026-11-09 17:00:00,630.15,647.4913,17.341248,17.341248
2026-11-09 18:00:00,704.34,693.82635,-10.513672,10.513672
2026-11-09 19:00:00,742.48,726.0411,-16.438904,16.438904
2026-11-09 20:00:00,721.15,728.7599,7.6098633,7.6098633
2026-11-09 21:00:00,713.91003,703.9102,-9.999817,9.999817
2026-11-09 22:00:00,696.8,676.55725,-20.242737,20.242737
2026-11-09 23:00:00,652.0,651.6708,-0.32922363,0.32922363
2026-11-10 00:00:00,574.0,631.8796,57.879578,57.879578
2026-11-10 01:00:00,652.68,623.6485,-29.031494,29.031494
2026-11-10 02:00:00,609.15,626.33746,17.187439,17.187439
2026-11-10 03:00:00,609.87,631.7557,21.885681,21.885681
2026-11-10 04:00:00,589.55,638.736,49.186035,49.186035
2026-11-10 05:00:00,649.11,637.6209,-11.489075,11.489075
2026-11-10 06:00:00,632.44,645.39874,12.95874,12.95874
2026-11-10 07:00:00,664.31,645.50433,-18.805664,18.805664
2026-11-10 08:00:00,646.38,618.5067,-27.873291,27.873291
2026-11-10 09:00:00,626.7,583.7117,-42.988342,42.988342
2026-11-10 10:00:00,583.46,546.1613,-37.298706,37.298706
2026-11-10 11:00:00,509.94,512.2922,2.3521729,2.3521729
2026-11-10 12:00:00,534.48,482.94946,-51.530518,51.530518
2026-11-10 13:00:00,539.67004,483.9145,-55.755554,55.755554
2026-11-10 14:00:00,536.23,507.52914,-28.700836,28.700836
2026-11-10 15:00:00,630.61,551.0335,-79.57648,79.57648
2026-11-10 16:00:00,588.97003,598.99457,10.024536,10.024536
2026-11-10 17:00:00,683.73,647.5611,-36.168884,36.168884
2026-11-10 18:00:00,735.76,699.39246,-36.367554,36.367554
2026-11-10 19:00:00,716.95,725.9783,9.028259,9.028259
2026-11-10 20:00:00,738.18,715.7038,-22.476196,22.476196
2026-11-10 21:00:00,668.97003,695.96924,26.999207,26.999207
2026-11-10 22:00:00,649.38,666.3933,17.013306,17.013306
2026-11-10 23:00:00,641.44,640.93506,-0.50494385,0.50494385
2026-11-11 00:00:00,597.65,619.693,22.042969,22.042969
2026-11-11 01:00:00,607.81,613.9933,6.1832886,6.1832886
2026-11-11 02:00:00,573.07,612.6106,39.54059,39.54059
2026-11-11 03:00:00,651.79004,616.0862,-35.703857,35.703857
2026-11-11 04:00:00,636.47003,630.43,-6.040039,6.040039
2026-11-11 05:00:00,650.03,643.04364,-6.986389,6.986389
2026-11-11 06:00:00,661.47003,646.6748,-14.795227,14.795227
2026-11-11 07:00:00,642.59,648.19183,5.6018066,5.6018066
2026-11-11 08:00:00,697.7,620.5486,-77.15143,77.15143
2026-11-11 09:00:00,645.57,588.79395,-56.776062,56.776062
2026-11-11 10:00:00,559.81,550.39624,-9.413757,9.413757
2026-11-11 11:00:00,530.64,518.5164,-12.123596,12.123596
2026-11-11 12:00:00,545.53,492.48132,-53.048706,53.048706
2026-11-11 13:00:00,535.41003,490.9796,-44.43042,44.43042
2026-11-11 14:00:00,548.85004,510.03482,-38.815216,38.815216
2026-11-11 15:00:00,522.47003,551.6441,29.174072,29.174072
2026-11-11 16:00:00,615.17,589.14075,-26.029236,26.029236
2026-11-11 17:00:00,652.06,644.53577,-7.524231,7.524231
2026-11-11 18:00:00,690.64,697.9278,7.287781,7.287781
2026-11-11 19:00:00,725.28,738.5442,13.26416,13.26416
2026-11-11 20:00:00,708.82,732.7742,23.954163,23.954163
2026-11-11 21:00:00,644.5,707.59045,63.090454,63.090454
2026-11-11 22:00:00,657.91003,674.02686,16.116821,16.116821
2026-11-11 23:00:00,652.98,646.1164,-6.8635864,6.8635864
2026-11-12 00:00:00,625.51,625.83704,0.32702637,0.32702637
2026-11-12 01:00:00,631.99,625.2995,-6.6904907,6.6904907
2026-11-12 02:00:00,597.44,620.3535,22.913513,22.913513
2026-11-12 03:00:00,605.03,628.99835,23.968323,23.968323
2026-11-12 04:00:00,599.72003,627.39844,27.678406,27.678406
2026-11-12 05:00:00,597.96,635.49,37.52997,37.52997
2026-11-12 06:00:00,679.16003,641.80054,-37.359497,37.359497
2026-11-12 07:00:00,671.9,648.70856,-23.191467,23.191467
2026-11-12 08:00:00,665.55,623.17596,-42.374023,42.374023
2026-11-12 09:00:00,669.83,586.0819,-83.74811,83.74811
2026-11-12 10:00:00,588.38,549.9421,-38.437927,38.437927
2026-11-12 11:00:00,571.11,517.57837,-53.531616,53.531616
2026-11-12 12:00:00,518.07,493.78366,-24.286346,24.286346
2026-11-12 13:00:00,564.55,490.91104,-73.63895,73.63895
2026-11-12 14:00:00,567.72003,519.1709,-48.549133,48.549133
2026-11-12 15:00:00,528.35004,559.0058,30.655762,30.655762
2026-11-12 16:00:00,595.06,607.92505,12.865051,12.865051
2026-11-12 17:00:00,664.71,660.63995,-4.0700684,4.0700684
2026-11-12 18:00:00,702.09,722.1067,20.016663,20.016663
2026-11-12 19:00:00,753.28,757.25867,3.9786377,3.9786377
2026-11-12 20:00:00,748.39,743.8435,-4.546509,4.546509
2026-11-12 21:00:00,675.08,713.6078,38.52777,38.52777
2026-11-12 22:00:00,649.34,676.30817,26.96814,26.96814
2026-11-12 23:00:00,640.93,642.79205,1.8620605,1.8620605
2026-11-13 00:00:00,651.64,616.81384,-34.82617,34.82617
2026-11-13 01:00:00,631.98,607.7718,-24.20819,24.20819
2026-11-13 02:00:00,609.72003,605.1708,-4.5492554,4.5492554
2026-11-13 03:00:00,604.24,609.4925,5.2525024,5.2525024
2026-11-13 04:00:00,635.48,620.8182,-14.661804,14.661804
2026-11-13 05:00:00,649.86,632.1526,-17.707397,17.707397
2026-11-13 06:00:00,674.78,643.83295,-30.947083,30.947083
2026-11-13 07:00:00,651.8,650.3893,-1.4107056,1.4107056
2026-11-13 08:00:00,668.33,627.1374,-41.192627,41.192627
2026-11-13 09:00:00,643.0,595.1283,-47.871704,47.871704
2026-11-13 10:00:00,582.52,554.46643,-28.053589,28.053589
2026-11-13 11:00:00,576.24,525.5354,-50.70459,50.70459
2026-11-13 12:00:00,558.55,500.2527,-58.297302,58.297302
2026-11-13 13:00:00,529.8,494.7431,-35.056885,35.056885
2026-11-13 14:00:00,553.12,509.69183,-43.42816,43.42816
2026-11-13 15:00:00,538.3,546.53674,8.236755,8.236755
2026-11-13 16:00:00,618.47003,604.84155,-13.628479,13.628479
2026-11-13 17:00:00,706.15,666.78766,-39.362366,39.362366
2026-11-13 18:00:00,744.48,717.7902,-26.689758,26.689758
2026-11-13 19:00:00,685.84,749.86334,64.023315,64.023315
2026-11-13 20:00:00,711.66003,741.4563,29.796265,29.796265
2026-11-13 21:00:00,694.32,707.9031,13.583069,13.583069
2026-11-13 22:00:00,603.54004,673.2076,69.66754,69.66754
2026-11-13 23:00:00,639.46,638.4232,-1.0368042,1.0368042
2026-11-14 00:00:00,459.02002,618.01105,158.99103,158.99103
2026-11-14 01:00:00,489.04,558.7502,69.710175,69.710175
2026-11-14 02:00:00,494.83002,535.63434,40.80432,40.80432
2026-11-14 03:00:00,489.95,526.1245,36.1745,36.1745
2026-11-14 04:00:00,510.77002,531.84576,21.075745,21.075745
2026-11-14 05:00:00,486.44,536.665,50.224976,50.224976
2026-11-14 06:00:00,575.38,543.37,-32.01001,32.01001
2026-11-14 07:00:00,565.24,545.33984,-19.900146,19.900146
2026-11-14 08:00:00,570.9,525.1975,-45.702515,45.702515
2026-11-14 09:00:00,562.07,494.4405,-67.62952,67.62952
2026-11-14 10:00:00,522.06,459.1535,-62.906494,62.906494
2026-11-14 11:00:00,449.15002,430.68518,-18.464844,18.464844
2026-11-14 12:00:00,440.73,408.16348,-32.56653,32.56653
2026-11-14 13:00:00,466.10004,402.16885,-63.931183,63.931183
2026-11-14 14:00:00,404.41003,418.33307,13.923035,13.923035
2026-11-14 15:00:00,455.11002,439.20877,-15.901245,15.901245
2026-11-14 16:00:00,483.44,487.10178,3.6617737,3.6617737
2026-11-14 17:00:00,552.83,543.3464,-9.483643,9.483643
2026-11-14 18:00:00,593.02,607.6092,14.589172,14.589172
2026-11-14 19:00:00,620.02,633.58826,13.568237,13.568237
2026-11-14 20:00:00,626.67,624.3692,-2.3007812,2.3007812
2026-11-14 21:00:00,560.03,608.02924,47.999207,47.999207
2026-11-14 22:00:00,574.74,588.17847,13.438477,13.438477
2026-11-14 23:00:00,525.08,569.3491,44.269104,44.269104
2026-11-15 00:00:00,492.86002,553.71814,60.858124,60.858124
2026-11-15 01:00:00,490.23004,531.73505,41.505005,41.505005
2026-11-15 02:00:00,499.97003,524.235,24.264954,24.264954
2026-11-15 03:00:00,491.90002,520.9583,29.058289,29.058289
2026-11-15 04:00:00,489.32,521.51807,32.19806,32.19806
2026-11-15 05:00:00,525.86,527.0009,1.1409302,1.1409302
2026-11-15 06:00:00,554.43,537.12354,-17.306458,17.306458
2026-11-15 07:00:00,578.74,538.84937,-39.890625,39.890625
2026-11-15 08:00:00,596.21,518.1452,-78.06482,78.06482
2026-11-15 09:00:00,531.45,490.9001,-40.549927,40.549927
2026-11-15 10:00:00,464.30002,454.82376,-9.476257,9.476257
2026-11-15 11:00:00,443.89,425.68237,-18.207642,18.207642
2026-11-15 12:00:00,478.55002,407.4645,-71.08551,71.08551
2026-11-15 13:00:00,473.86002,403.35263,-70.507385,70.507385
2026-11-15 14:00:00,454.19,415.4474,-38.742615,38.742615
2026-11-15 15:00:00,502.2,450.77307,-51.42694,51.42694
2026-11-15 16:00:00,510.46002,494.81766,-15.6423645,15.6423645
2026-11-15 17:00:00,574.23,546.22064,-28.009338,28.009338
2026-11-15 18:00:00,615.99,600.0477,-15.942261,15.942261
2026-11-15 19:00:00,642.36,638.1059,-4.2540894,4.2540894
2026-11-15 20:00:00,634.2,631.68536,-2.5146484,2.5146484
2026-11-15 21:00:00,553.11,614.44946,61.339478,61.339478
2026-11-15 22:00:00,528.30005,590.1725,61.872437,61.872437
2026-11-15 23:00:00,523.76,569.4377,45.677673,45.677673
2026-11-16 00:00:00,604.99,554.4793,-50.51068,50.51068
2026-11-16 01:00:00,588.28,591.6014,3.32135,3.32135
2026-11-16 02:00:00,580.89,606.71466,25.824646,25.824646
2026-11-16 03:00:00,605.67,619.7098,14.039795,14.039795
2026-11-16 04:00:00,610.53,633.54956,23.019531,23.019531
2026-11-16 05:00:00,654.39,639.60046,-14.789551,14.789551
2026-11-16 06:00:00,692.97003,655.0097,-37.960327,37.960327
2026-11-16 07:00:00,660.02,651.95447,-8.065552,8.065552
2026-11-16 08:00:00,685.61,621.3036,-64.3064,64.3064
2026-11-16 09:00:00,605.82,583.97125,-21.848755,21.848755
2026-11-16 10:00:00,640.82,538.84406,-101.97595,101.97595
2026-11-16 11:00:00,549.57,512.79974,-36.770264,36.770264
2026-11-16 12:00:00,537.18,486.7813,-50.39868,50.39868
2026-11-16 13:00:00,534.58,489.79498,-44.785034,44.785034
2026-11-16 14:00:00,564.61,513.0674,-51.542603,51.542603
2026-11-16 15:00:00,581.23,548.21954,-33.010437,33.010437
2026-11-16 16:00:00,588.76,591.6095,2.8494873,2.8494873
2026-11-16 17:00:00,660.2,640.5229,-19.677124,19.677124
2026-11-16 18:00:00,718.43,692.8204,-25.60962,25.60962
2026-11-16 19:00:00,706.35,726.55005,20.200073,20.200073
2026-11-16 20:00:00,716.11,729.7727,13.66272,13.66272
2026-11-16 21:00:00,661.44,711.1777,49.73767,49.73767
2026-11-16 22:00:00,669.53,678.7844,9.254395,9.254395
2026-11-16 23:00:00,616.18,651.8166,35.636597,35.636597
2026-11-17 00:00:00,631.28,627.8833,-3.3967285,3.3967285
2026-11-17 01:00:00,601.68,626.4615,24.781494,24.781494
2026-11-17 02:00:00,594.9,623.29706,28.397034,28.397034
2026-11-17 03:00:00,597.58,625.2918,27.711792,27.711792
2026-11-17 04:00:00,660.84,630.1456,-30.694397,30.694397
2026-11-17 05:00:00,652.64,639.3263,-13.313721,13.313721
2026-11-17 06:00:00,665.89,644.6748,-21.21521,21.21521
2026-11-17 07:00:00,717.88,644.2103,-73.66968,73.66968
2026-11-17 08:00:00,725.35,619.7677,-105.582275,105.582275
2026-11-17 09:00:00,636.25,591.26245,-44.98755,44.98755
2026-11-17 10:00:00,600.22003,553.5478,-46.67224,46.67224
2026-11-17 11:00:00,537.72003,528.8746,-8.845459,8.845459
2026-11-17 12:00:00,561.81,499.67456,-62.135437,62.135437
2026-11-17 13:00:00,512.42004,500.00385,-12.416199,12.416199
2026-11-17 14:00:00,560.86,514.5466,-46.313416,46.313416
2026-11-17 15:00:00,581.23,561.2846,-19.945374,19.945374
2026-11-17 16:00:00,628.33,601.9076,-26.422424,26.422424
2026-11-17 17:00:00,649.09,650.33215,1.2421265,1.2421265
2026-11-17 18:00:00,752.07,698.861,-53.208984,53.208984
2026-11-17 19:00:00,781.71,730.6786,-51.031433,51.031433
2026-11-17 20:00:00,736.81,730.2632,-6.546814,6.546814
2026-11-17 21:00:00,711.87,710.4157,-1.4542847,1.4542847
2026-11-17 22:00:00,621.51,679.60736,58.09735,58.09735
2026-11-17 23:00:00,617.5,649.9612,32.46118,32.46118
2026-11-18 00:00:00,645.06,624.25903,-20.800964,20.800964
2026-11-18 01:00:00,640.89,620.57117,-20.318848,20.318848
2026-11-18 02:00:00,623.48,618.1509,-5.3291016,5.3291016
2026-11-18 03:00:00,607.57,621.9752,14.405212,14.405212
2026-11-18 04:00:00,623.04004,627.50134,4.4613037,4.4613037
2026-11-18 05:00:00,650.16003,636.2453,-13.914734,13.914734
2026-11-18 06:00:00,685.76,646.4728,-39.28723,39.28723
2026-11-18 07:00:00,685.44,654.69415,-30.74585,30.74585
2026-11-18 08:00:00,640.89,634.8045,-6.0855103,6.0855103
2026-11-18 09:00:00,647.10004,594.68176,-52.418274,52.418274
2026-11-18 10:00:00,575.9,556.5803,-19.319702,19.319702
2026-11-18 11:00:00,583.17,524.05743,-59.11255,59.11255
2026-11-18 12:00:00,553.52,501.31595,-52.20407,52.20407
2026-11-18 13:00:00,546.86,495.2978,-51.562195,51.562195
2026-11-18 14:00:00,544.89,513.8718,-31.018188,31.018188
2026-11-18 15:00:00,582.57,552.31635,-30.253662,30.253662
2026-11-18 16:00:00,578.67004,609.0115,30.34143,30.34143
2026-11-18 17:00:00,648.62,663.39966,14.779663,14.779663
2026-11-18 18:00:00,706.54004,712.72174,6.1817017,6.1817017
2026-11-18 19:00:00,724.23,738.96594,14.735962,14.735962
2026-11-18 20:00:00,724.78,732.05023,7.2702026,7.2702026
2026-11-18 21:00:00,673.15,707.3097,34.159668,34.159668
2026-11-18 22:00:00,626.23,674.3406,48.110596,48.110596
2026-11-18 23:00:00,590.45,643.7172,53.267212,53.267212
2026-11-19 00:00:00,581.61,619.0398,37.42981,37.42981
2026-11-19 01:00:00,627.52,609.54254,-17.977478,17.977478
2026-11-19 02:00:00,607.60004,609.617,2.0169678,2.0169678
2026-11-19 03:00:00,631.4,616.61884,-14.781189,14.781189
2026-11-19 04:00:00,618.44,626.9393,8.499268,8.499268
2026-11-19 05:00:00,636.88,635.99286,-0.887146,0.887146
2026-11-19 06:00:00,674.17,645.19025,-28.979736,28.979736
2026-11-19 07:00:00,695.83,645.2448,-50.585205,50.585205
2026-11-19 08:00:00,694.02,622.9169,-71.10315,71.10315
2026-11-19 09:00:00,644.88,589.06464,-55.81537,55.81537
2026-11-19 10:00:00,579.88,550.0332,-29.846802,29.846802
2026-11-19 11:00:00,524.57,513.10034,-11.469666,11.469666
2026-11-19 12:00:00,543.13,485.05164,-58.07837,58.07837
2026-11-19 13:00:00,518.7,484.17688,-34.523132,34.523132
2026-11-19 14:00:00,564.7,506.91705,-57.78296,57.78296
2026-11-19 15:00:00,557.48,548.02527,-9.454712,9.454712
2026-11-19 16:00:00,560.39,593.9391,33.549072,33.549072
2026-11-19 17:00:00,651.64,647.8086,-3.831421,3.831421
2026-11-19 18:00:00,735.22003,712.936,-22.284058,22.284058
2026-11-19 19:00:00,724.75,742.945,18.195007,18.195007
2026-11-19 20:00:00,719.79004,741.60333,21.813293,21.813293
2026-11-19 21:00:00,692.79,713.1671,20.377136,20.377136
2026-11-19 22:00:00,629.43,677.14355,47.713562,47.713562
2026-11-19 23:00:00,592.85004,643.9979,51.14789,51.14789
2026-11-20 00:00:00,609.03,617.4172,8.387146,8.387146
2026-11-20 01:00:00,602.14,605.29834,3.1583252,3.1583252
2026-11-20 02:00:00,624.25,603.4685,-20.781494,20.781494
2026-11-20 03:00:00,613.32,615.65106,2.3310547,2.3310547
2026-11-20 04:00:00,561.82,625.41754,63.597534,63.597534
2026-11-20 05:00:00,659.09,628.9851,-30.10492,30.10492
2026-11-20 06:00:00,689.91003,642.41956,-47.49048,47.49048
2026-11-20 07:00:00,683.47003,645.6123,-37.857727,37.857727
2026-11-20 08:00:00,654.49,622.8558,-31.634216,31.634216
2026-11-20 09:00:00,626.53,594.98553,-31.544495,31.544495
2026-11-20 10:00:00,584.75,562.11035,-22.639648,22.639648
2026-11-20 11:00:00,575.34,525.7334,-49.60663,49.60663
2026-11-20 12:00:00,556.65,496.9873,-59.66272,59.66272
2026-11-20 13:00:00,543.65,493.17377,-50.476257,50.476257
2026-11-20 14:00:00,502.30002,511.527,9.22699,9.22699
2026-11-20 15:00:00,531.62,541.687,10.067017,10.067017
2026-11-20 16:00:00,653.75,600.8175,-52.932495,52.932495
2026-11-20 17:00:00,674.55,657.1598,-17.390198,17.390198
2026-11-20 18:00:00,94.58008,708.9654,614.3853,614.3853
2026-11-20 19:00:00,772.03,688.6137,-83.41632,83.41632
2026-11-20 20:00:00,751.79004,703.227,-48.56305,48.56305
2026-11-20 21:00:00,693.54004,682.3693,-11.170715,11.170715
2026-11-20 22:00:00,639.39,655.4853,16.095276,16.095276
2026-11-20 23:00:00,634.67,625.32074,-9.349243,9.349243
2026-11-21 00:00:00,485.94,604.69904,118.75903,118.75903
2026-11-21 01:00:00,504.2,548.3868,44.186768,44.186768
2026-11-21 02:00:00,504.34003,528.20715,23.867126,23.867126
2026-11-21 03:00:00,541.93,538.2665,-3.6635132,3.6635132
2026-11-21 04:00:00,515.15,538.73773,23.587708,23.587708
2026-11-21 05:00:00,532.36,536.75476,4.3947754,4.3947754
2026-11-21 06:00:00,562.34,540.9123,-21.427734,21.427734
2026-11-21 07:00:00,580.65,543.77155,-36.87848,36.87848
2026-11-21 08:00:00,533.09,523.6142,-9.47583,9.47583
2026-11-21 09:00:00,553.73,494.7307,-58.999268,58.999268
2026-11-21 10:00:00,499.86002,462.74597,-37.114044,37.114044
2026-11-21 11:00:00,424.74,436.69183,11.951843,11.951843
2026-11-21 12:00:00,382.21002,409.96826,27.75824,27.75824
2026-11-21 13:00:00,390.06,400.30716,10.247162,10.247162
2026-11-21 14:00:00,459.48,412.05328,-47.426727,47.426727
2026-11-21 15:00:00,468.91003,438.47528,-30.434753,30.434753
2026-11-21 16:00:00,514.67,481.97498,-32.695007,32.695007
2026-11-21 17:00:00,570.38,540.9132,-29.466797,29.466797
2026-11-21 18:00:00,624.49,592.49286,-31.997131,31.997131
2026-11-21 19:00:00,591.68,637.5739,45.89392,45.89392
2026-11-21 20:00:00,582.03,631.0205,48.99048,48.99048
2026-11-21 21:00:00,580.95,608.52997,27.579956,27.579956
2026-11-21 22:00:00,512.8,586.48804,73.68805,73.68805
2026-11-21 23:00:00,492.81,568.86224,76.052246,76.052246
2026-11-22 00:00:00,527.80005,550.5954,22.79535,22.79535
2026-11-22 01:00:00,516.09,535.4861,19.396057,19.396057
2026-11-22 02:00:00,441.86002,535.8097,93.94968,93.94968
2026-11-22 03:00:00,481.7,524.75793,43.057922,43.057922
2026-11-22 04:00:00,504.02002,525.67303,21.653015,21.653015
2026-11-22 05:00:00,498.96002,532.71387,33.753845,33.753845
2026-11-22 06:00:00,571.19,543.335,-27.85498,27.85498
2026-11-22 07:00:00,522.61,550.2483,27.638306,27.638306
2026-11-22 08:00:00,556.32,529.0596,-27.260437,27.260437
2026-11-22 09:00:00,535.61,501.7567,-33.85327,33.85327
2026-11-22 10:00:00,494.44,474.58902,-19.850983,19.850983
2026-11-22 11:00:00,441.88,432.56296,-9.317047,9.317047
2026-11-22 12:00:00,385.23,410.89072,25.660706,25.660706
2026-11-22 13:00:00,435.56,398.47375,-37.086243,37.086243
2026-11-22 14:00:00,419.43002,415.2188,-4.211212,4.211212
2026-11-22 15:00:00,449.44,446.94196,-2.4980469,2.4980469
2026-11-22 16:00:00,468.42,488.88065,20.460632,20.460632
2026-11-22 17:00:00,560.68,535.9403,-24.739685,24.739685
2026-11-22 18:00:00,616.04004,595.73584,-20.3042,20.3042
2026-11-22 19:00:00,625.35004,627.829,2.4789429,2.4789429
2026-11-22 20:00:00,559.79004,621.23486,61.444824,61.444824
2026-11-22 21:00:00,595.91003,598.5086,2.5985718,2.5985718
2026-11-22 22:00:00,549.52,581.99866,32.478638,32.478638
2026-11-22 23:00:00,530.83,565.18384,34.35382,34.35382
2026-11-23 00:00:00,599.56,552.2918,-47.26819,47.26819
2026-11-23 01:00:00,606.06,590.63934,-15.420654,15.420654
2026-11-23 02:00:00,603.64,606.2422,2.6021729,2.6021729
2026-11-23 03:00:00,614.99,618.9492,3.9592285,3.9592285
2026-11-23 04:00:00,591.66003,628.8214,37.161377,37.161377
2026-11-23 05:00:00,630.57,642.86285,12.292847,12.292847
2026-11-23 06:00:00,676.81,645.27405,-31.53595,31.53595
2026-11-23 07:00:00,670.1,651.2532,-18.846802,18.846802
2026-11-23 08:00:00,686.11,622.1322,-63.977783,63.977783
2026-11-23 09:00:00,685.87,586.5289,-99.341125,99.341125
2026-11-23 10:00:00,595.02,549.9944,-45.025635,45.025635
2026-11-23 11:00:00,556.42004,517.08844,-39.331604,39.331604
2026-11-23 12:00:00,597.35004,491.8045,-105.54553,105.54553
2026-11-23 13:00:00,556.14,494.00958,-62.130432,62.130432
2026-11-23 14:00:00,589.83,523.2516,-66.57843,66.57843
2026-11-23 15:00:00,578.38,563.0391,-15.340881,15.340881
2026-11-23 16:00:00,596.78,602.0481,5.2680664,5.2680664
2026-11-23 17:00:00,692.1,640.5139,-51.58606,51.58606
2026-11-23 18:00:00,703.48,696.58264,-6.897339,6.897339
2026-11-23 19:00:00,784.25,727.9469,-56.3031,56.3031
2026-11-23 20:00:00,735.18,730.7368,-4.4431763,4.4431763
2026-11-23 21:00:00,647.44,706.6744,59.234375,59.234375
2026-11-23 22:00:00,653.64,679.4024,25.76239,25.76239
2026-11-23 23:00:00,640.05,655.3245,15.274536,15.274536
2026-11-24 00:00:00,590.12,636.2749,46.154907,46.154907
2026-11-24 01:00:00,620.8,629.97205,9.172058,9.172058
2026-11-24 02:00:00,596.38,625.13666,28.756653,28.756653
2026-11-24 03:00:00,637.72003,625.6658,-12.05426,12.05426
2026-11-24 04:00:00,601.08,631.6564,30.576355,30.576355
2026-11-24 05:00:00,664.28,634.0809,-30.199158,30.199158
2026-11-24 06:00:00,667.03,642.8903,-24.13971,24.13971
2026-11-24 07:00:00,656.86,644.80707,-12.0529175,12.0529175
2026-11-24 08:00:00,641.39,610.68555,-30.704468,30.704468
2026-11-24 09:00:00,625.09,576.4695,-48.620544,48.620544
2026-11-24 10:00:00,563.95,542.3162,-21.63379,21.63379
2026-11-24 11:00:00,558.75,508.30753,-50.442474,50.442474
2026-11-24 12:00:00,502.28003,489.7544,-12.525635,12.525635
2026-11-24 13:00:00,508.55002,502.71118,-5.8388367,5.8388367
2026-11-24 14:00:00,546.36,516.3095,-30.050476,30.050476
2026-11-24 15:00:00,588.58,552.3547,-36.22534,36.22534
2026-11-24 16:00:00,587.22003,597.6489,10.428894,10.428894
2026-11-24 17:00:00,661.17,655.61127,-5.558716,5.558716
2026-11-24 18:00:00,706.41003,698.1692,-8.240845,8.240845
2026-11-24 19:00:00,742.9,717.2542,-25.645813,25.645813
2026-11-24 20:00:00,702.17,711.20154,9.031555,9.031555
2026-11-24 21:00:00,661.17,684.54126,23.371277,23.371277
2026-11-24 22:00:00,651.48,655.9253,4.4453125,4.4453125
2026-11-24 23:00:00,611.02,633.5323,22.512268,22.512268
2026-11-25 00:00:00,593.25,614.684,21.434021,21.434021
2026-11-25 01:00:00,644.36,608.7713,-35.588684,35.588684
2026-11-25 02:00:00,583.41003,609.8585,26.448486,26.448486
2026-11-25 03:00:00,615.88,615.7415,-0.13848877,0.13848877
2026-11-25 04:00:00,624.63,622.80676,-1.8232422,1.8232422
2026-11-25 05:00:00,630.7,633.66846,2.9684448,2.9684448
2026-11-25 06:00:00,684.56,638.04443,-46.515564,46.515564
2026-11-25 07:00:00,653.91003,640.8837,-13.026306,13.026306
2026-11-25 08:00:00,653.63,611.7451,-41.884888,41.884888
2026-11-25 09:00:00,630.24,576.6212,-53.618774,53.618774
2026-11-25 10:00:00,626.14,542.71185,-83.42816,83.42816
2026-11-25 11:00:00,558.97003,513.67224,-45.29779,45.29779
2026-11-25 12:00:00,513.93,487.12054,-26.809448,26.809448
2026-11-25 13:00:00,549.22003,483.77716,-65.44287,65.44287
2026-11-25 14:00:00,534.57,510.5104,-24.0596,24.0596
2026-11-25 15:00:00,551.24,554.5608,3.3208008,3.3208008
2026-11-25 16:00:00,633.42,595.7947,-37.625305,37.625305
2026-11-25 17:00:00,692.1,665.1773,-26.922668,26.922668
2026-11-25 18:00:00,698.14,725.9497,27.809692,27.809692
2026-11-25 19:00:00,743.11,750.04663,6.9366455,6.9366455
2026-11-25 20:00:00,684.62,740.1466,55.52661,55.52661
2026-11-25 21:00:00,698.19,708.26105,10.071045,10.071045
2026-11-25 22:00:00,662.9,676.01764,13.117615,13.117615
2026-11-25 23:00:00,624.02,648.68164,24.661621,24.661621
2026-11-26 00:00:00,599.60004,624.7109,25.11084,25.11084
2026-11-26 01:00:00,613.0,615.80865,2.8086548,2.8086548
2026-11-26 02:00:00,601.31,612.5485,11.238525,11.238525
2026-11-26 03:00:00,639.29004,616.0575,-23.232544,23.232544
2026-11-26 04:00:00,654.26,624.95856,-29.301453,29.301453
2026-11-26 05:00:00,645.28,635.2719,-10.008118,10.008118
2026-11-26 06:00:00,682.51,643.6923,-38.817688,38.817688
2026-11-26 07:00:00,662.14,647.7185,-14.421509,14.421509
2026-11-26 08:00:00,674.41003,620.0018,-54.408264,54.408264
2026-11-26 09:00:00,656.26,585.34436,-70.91565,70.91565
2026-11-26 10:00:00,571.61,554.8575,-16.752502,16.752502
2026-11-26 11:00:00,598.39,518.6775,-79.712524,79.712524
2026-11-26 12:00:00,601.98,492.96985,-109.01013,109.01013
2026-11-26 13:00:00,537.47003,489.02966,-48.44037,48.44037
2026-11-26 14:00:00,582.60004,506.3022,-76.29785,76.29785
2026-11-26 15:00:00,552.0,546.18976,-5.8102417,5.8102417
2026-11-26 16:00:00,545.53,591.8536,46.323547,46.323547
2026-11-26 17:00:00,654.65,639.2592,-15.390808,15.390808
2026-11-26 18:00:00,694.03,687.4596,-6.5704346,6.5704346
2026-11-26 19:00:00,739.25,718.0198,-21.230225,21.230225
2026-11-26 20:00:00,691.65,713.50116,21.851135,21.851135
2026-11-26 21:00:00,699.72003,688.00433,-11.715698,11.715698
2026-11-26 22:00:00,673.37,658.5465,-14.823486,14.823486
2026-11-26 23:00:00,579.0,635.4463,56.44629,56.44629
2026-11-27 00:00:00,580.48,611.7045,31.224548,31.224548
2026-11-27 01:00:00,577.8,602.71704,24.917053,24.917053
2026-11-27 02:00:00,552.62,599.9225,47.30249,47.30249
2026-11-27 03:00:00,630.59,601.805,-28.785034,28.785034
2026-11-27 04:00:00,597.33,614.9977,17.667664,17.667664
2026-11-27 05:00:00,646.47003,624.3173,-22.15271,22.15271
2026-11-27 06:00:00,651.26,637.0434,-14.216614,14.216614
2026-11-27 07:00:00,651.74,638.4869,-13.253113,13.253113
2026-11-27 08:00:00,664.74,613.645,-51.09497,51.09497
2026-11-27 09:00:00,624.4,582.8918,-41.50824,41.50824
2026-11-27 10:00:00,591.8,544.9382,-46.861816,46.861816
2026-11-27 11:00:00,552.96,512.256,-40.70404,40.70404
2026-11-27 12:00:00,566.02,488.92484,-77.095184,77.095184
2026-11-27 13:00:00,544.29004,486.63843,-57.65161,57.65161
2026-11-27 14:00:00,551.07,512.34247,-38.72754,38.72754
2026-11-27 15:00:00,552.24,556.1844,3.944397,3.944397
2026-11-27 16:00:00,608.03,597.8241,-10.205933,10.205933
2026-11-27 17:00:00,675.14,644.526,-30.614014,30.614014
2026-11-27 18:00:00,708.92,699.0112,-9.908752,9.908752
2026-11-27 19:00:00,755.1,724.67053,-30.429443,30.429443
2026-11-27 20:00:00,720.06,717.551,-2.5089722,2.5089722
2026-11-27 21:00:00,683.42,685.5159,2.0959473,2.0959473
2026-11-27 22:00:00,626.13,652.5233,26.39331,26.39331
2026-11-27 23:00:00,601.33,622.941,21.610962,21.610962
2026-11-28 00:00:00,473.65002,600.5038,126.85376,126.85376
2026-11-28 01:00:00,495.43,542.152,46.721985,46.721985
2026-11-28 02:00:00,507.2,525.3136,18.113586,18.113586
2026-11-28 03:00:00,491.72003,518.3618,26.641785,26.641785
2026-11-28 04:00:00,492.22003,520.0681,27.848083,27.848083
2026-11-28 05:00:00,525.04004,528.058,3.0179443,3.0179443
2026-11-28 06:00:00,583.73,538.70984,-45.02014,45.02014
2026-11-28 07:00:00,539.75,543.6666,3.916626,3.916626
2026-11-28 08:00:00,564.22003,525.95166,-38.26837,38.26837
2026-11-28 09:00:00,523.35,495.45215,-27.897827,27.897827
2026-11-28 10:00:00,452.31003,459.5877,7.2776794,7.2776794
2026-11-28 11:00:00,457.53003,424.37634,-33.153687,33.153687
2026-11-28 12:00:00,458.48004,405.74347,-52.736572,52.736572
2026-11-28 13:00:00,422.52002,400.737,-21.78302,21.78302
2026-11-28 14:00:00,446.34003,415.19806,-31.141968,31.141968
2026-11-28 15:00:00,469.30002,449.59164,-19.708374,19.708374
2026-11-28 16:00:00,515.54004,492.79367,-22.746368,22.746368
2026-11-28 17:00:00,522.06,541.1366,19.0766,19.0766
2026-11-28 18:00:00,617.35004,584.01,-33.340027,33.340027
2026-11-28 19:00:00,630.43,620.7986,-9.631409,9.631409
2026-11-28 20:00:00,596.18,614.2726,18.09259,18.09259
2026-11-28 21:00:00,546.56,597.62897,51.06897,51.06897
2026-11-28 22:00:00,584.09,577.68286,-6.4071655,6.4071655
2026-11-28 23:00:00,536.91003,563.1602,26.250183,26.250183
2026-11-29 00:00:00,513.18,549.2926,36.11261,36.11261
2026-11-29 01:00:00,523.13,531.337,8.20697,8.20697
2026-11-29 02:00:00,531.13,528.8156,-2.314392,2.314392
2026-11-29 03:00:00,495.48,530.29285,34.812836,34.812836
2026-11-29 04:00:00,540.64,533.45917,-7.180847,7.180847
2026-11-29 05:00:00,512.79004,537.9554,25.165344,25.165344
2026-11-29 06:00:00,539.47003,546.1366,6.666565,6.666565
2026-11-29 07:00:00,565.49,556.59625,-8.893738,8.893738
2026-11-29 08:00:00,523.29004,535.62195,12.331909,12.331909
2026-11-29 09:00:00,549.93,499.0418,-50.888184,50.888184
2026-11-29 10:00:00,473.63,459.26477,-14.365234,14.365234
2026-11-29 11:00:00,444.14,431.66147,-12.478546,12.478546
2026-11-29 12:00:00,437.24002,409.55463,-27.685394,27.685394
2026-11-29 13:00:00,401.68,406.0854,4.4053955,4.4053955
2026-11-29 14:00:00,399.23,415.6962,16.466187,16.466187
2026-11-29 15:00:00,429.67,445.97852,16.308502,16.308502
2026-11-29 16:00:00,503.74,491.89395,-11.846039,11.846039
2026-11-29 17:00:00,512.3,537.28937,24.98938,24.98938
2026-11-29 18:00:00,585.95,594.271,8.320984,8.320984
2026-11-29 19:00:00,594.76,633.4742,38.714172,38.714172
2026-11-29 20:00:00,600.89,632.7254,31.835388,31.835388
2026-11-29 21:00:00,567.42004,610.7786,43.35858,43.35858
2026-11-29 22:00:00,531.41003,586.5722,55.16217,55.16217
2026-11-29 23:00:00,502.45,561.7394,59.289368,59.289368
2026-11-30 00:00:00,624.63,543.2844,-81.34558,81.34558
2026-11-30 01:00:00,613.43,584.60254,-28.827454,28.827454
2026-11-30 02:00:00,626.54004,603.7155,-22.824524,22.824524
2026-11-30 03:00:00,610.92,618.8939,7.973938,7.973938
2026-11-30 04:00:00,633.98,630.35736,-3.6226196,3.6226196
2026-11-30 05:00:00,615.31,638.45593,23.145935,23.145935
2026-11-30 06:00:00,658.97003,643.81085,-15.15918,15.15918
2026-11-30 07:00:00,709.19,646.841,-62.349,62.349
2026-11-30 08:00:00,685.54,626.5979,-58.942078,58.942078
2026-11-30 09:00:00,658.3,591.648,-66.65198,66.65198
2026-11-30 10:00:00,598.81,554.5916,-44.218384,44.218384
2026-11-30 11:00:00,537.34,519.8214,-17.518616,17.518616
2026-11-30 12:00:00,533.34,492.89297,-40.447052,40.447052
2026-11-30 13:00:00,499.32,488.5222,-10.797821,10.797821
2026-11-30 14:00:00,555.31,509.6972,-45.612793,45.612793
2026-11-30 15:00:00,588.57,543.4207,-45.149292,45.149292
2026-11-30 16:00:00,607.63,585.52423,-22.105774,22.105774
2026-11-30 17:00:00,627.82,637.34973,9.529724,9.529724
2026-11-30 18:00:00,660.92,686.47614,25.556152,25.556152
2026-11-30 19:00:00,751.68,720.08386,-31.59613,31.59613
2026-11-30 20:00:00,722.37,722.66754,0.2975464,0.2975464
2026-11-30 21:00:00,670.16003,705.81396,35.65393,35.65393
2026-11-30 22:00:00,661.28,681.2209,19.940857,19.940857
2026-11-30 23:00:00,609.83,655.6783,45.848267,45.848267
2026-12-01 00:00:00,595.3,631.1393,35.839294,35.839294
2026-12-01 01:00:00,663.2,624.82806,-38.37195,38.37195
2026-12-01 02:00:00,599.3,625.9547,26.654724,26.654724
2026-12-01 03:00:00,550.23,625.5091,75.27911,75.27911
2026-12-01 04:00:00,610.49,625.6739,15.183899,15.183899
2026-12-01 05:00:00,603.36,630.0251,26.6651,26.6651
2026-12-01 06:00:00,639.04004,633.2902,-5.749817,5.749817
2026-12-01 07:00:00,661.16003,639.7157,-21.444336,21.444336
2026-12-01 08:00:00,642.83,612.7411,-30.088928,30.088928
2026-12-01 09:00:00,670.02,578.60645,-91.413574,91.413574
2026-12-01 10:00:00,590.81,548.129,-42.68097,42.68097
2026-12-01 11:00:00,593.06,520.1986,-72.86139,72.86139
2026-12-01 12:00:00,505.09003,500.46817,-4.6218567,4.6218567
2026-12-01 13:00:00,534.94,501.78122,-33.158783,33.158783
2026-12-01 14:00:00,551.12,522.89294,-28.22705,28.22705
2026-12-01 15:00:00,535.94,551.48535,15.545349,15.545349
2026-12-01 16:00:00,602.15,594.21344,-7.9365845,7.9365845
2026-12-01 17:00:00,666.34,640.3112,-26.028809,26.028809
2026-12-01 18:00:00,707.97,691.62445,-16.34552,16.34552
2026-12-01 19:00:00,755.31,711.5786,-43.731384,43.731384
2026-12-01 20:00:00,743.37,705.31104,-38.05896,38.05896
2026-12-01 21:00:00,716.53,684.1462,-32.38385,32.38385
2026-12-01 22:00:00,683.53,659.32434,-24.205688,24.205688
2026-12-01 23:00:00,616.34,639.2581,22.91809,22.91809
2026-12-02 00:00:00,612.08,616.92926,4.849243,4.849243
2026-12-02 01:00:00,603.78,612.17096,8.39093,8.39093
2026-12-02 02:00:00,625.51,609.4196,-16.090393,16.090393
2026-12-02 03:00:00,649.37,613.3143,-36.055725,36.055725
2026-12-02 04:00:00,643.16003,621.52124,-21.638794,21.638794
2026-12-02 05:00:00,664.65,627.73584,-36.914185,36.914185
2026-12-02 06:00:00,645.92,639.0058,-6.9141846,6.9141846
2026-12-02 07:00:00,683.42,641.0365,-42.383484,42.383484
2026-12-02 08:00:00,693.38,621.8238,-71.55621,71.55621
2026-12-02 09:00:00,630.12,590.0199,-40.100098,40.100098
2026-12-02 10:00:00,554.19,552.1051,-2.0849,2.0849
2026-12-02 11:00:00,606.49,518.6892,-87.80078,87.80078
2026-12-02 12:00:00,514.59,498.88947,-15.700562,15.700562
2026-12-02 13:00:00,514.35004,491.30743,-23.042603,23.042603
2026-12-02 14:00:00,508.62,512.21313,3.5931396,3.5931396
2026-12-02 15:00:00,575.79004,547.2397,-28.550354,28.550354
2026-12-02 16:00:00,600.09,582.5779,-17.512146,17.512146
2026-12-02 17:00:00,686.9,636.0246,-50.875427,50.875427
2026-12-02 18:00:00,732.19,690.2125,-41.977478,41.977478
2026-12-02 19:00:00,725.07,734.4685,9.398499,9.398499
2026-12-02 20:00:00,702.75,730.34015,27.590149,27.590149
2026-12-02 21:00:00,733.49,705.67706,-27.812927,27.812927
2026-12-02 22:00:00,652.24,676.7756,24.535583,24.535583
2026-12-02 23:00:00,661.29,647.80817,-13.481812,13.481812
2026-12-03 00:00:00,622.77,625.5515,2.7814941,2.7814941
2026-12-03 01:00:00,628.24,612.7649,-15.475098,15.475098
2026-12-03 02:00:00,589.95,608.44696,18.496948,18.496948
2026-12-03 03:00:00,612.2,608.78796,-3.4120483,3.4120483
2026-12-03 04:00:00,644.68,614.97784,-29.702148,29.702148
2026-12-03 05:00:00,606.69,623.1592,16.469177,16.469177
2026-12-03 06:00:00,655.3,627.79144,-27.508545,27.508545
2026-12-03 07:00:00,688.47003,634.5464,-53.923645,53.923645
2026-12-03 08:00:00,649.65,612.1585,-37.491516,37.491516
2026-12-03 09:00:00,588.56,577.46594,-11.094055,11.094055
2026-12-03 10:00:00,626.04004,544.87317,-81.16687,81.16687
2026-12-03 11:00:00,552.94,517.5647,-35.375305,35.375305
2026-12-03 12:00:00,565.49,491.58264,-73.90735,73.90735
2026-12-03 13:00:00,553.06,491.63446,-61.425537,61.425537
2026-12-03 14:00:00,553.10004,542.131,-10.969055,10.969055
2026-12-03 15:00:00,559.27,574.86725,15.597229,15.597229
2026-12-03 16:00:00,575.88,617.7893,41.9093,41.9093
2026-12-03 17:00:00,668.37,655.31006,-13.059937,13.059937
2026-12-03 18:00:00,728.63,686.515,-42.11499,42.11499
2026-12-03 19:00:00,725.02,712.36664,-12.653381,12.653381
2026-12-03 20:00:00,727.7,701.63153,-26.068481,26.068481
2026-12-03 21:00:00,692.83,677.8884,-14.941589,14.941589
2026-12-03 22:00:00,644.53,654.1846,9.654541,9.654541
2026-12-03 23:00:00,624.92,630.6852,5.7651978,5.7651978
2026-12-04 00:00:00,597.08,609.46094,12.38092,12.38092
2026-12-04 01:00:00,610.78,596.3009,-14.479126,14.479126
2026-12-04 02:00:00,616.46,595.6162,-20.843811,20.843811
2026-12-04 03:00:00,542.34,605.26117,62.921143,62.921143
2026-12-04 04:00:00,604.23,614.17316,9.943176,9.943176
2026-12-04 05:00:00,673.91003,622.86145,-51.048584,51.048584
2026-12-04 06:00:00,649.74,636.75006,-12.989929,12.989929
2026-12-04 07:00:00,701.25,642.64044,-58.60956,58.60956
2026-12-04 08:00:00,659.07,621.0782,-37.99182,37.99182
2026-12-04 09:00:00,664.49,584.3893,-80.10071,80.10071
2026-12-04 10:00:00,602.29004,552.1409,-50.14911,50.14911
2026-12-04 11:00:00,576.05,522.75073,-53.299255,53.299255
2026-12-04 12:00:00,557.58,499.73724,-57.842773,57.842773
2026-12-04 13:00:00,505.19,491.48477,-13.705231,13.705231
2026-12-04 14:00:00,569.32,507.71625,-61.60376,61.60376
2026-12-04 15:00:00,563.48,540.94086,-22.539124,22.539124
2026-12-04 16:00:00,638.93,588.6598,-50.270203,50.270203
2026-12-04 17:00:00,652.84,641.9486,-10.891418,10.891418
2026-12-04 18:00:00,730.56,692.19006,-38.369934,38.369934
2026-12-04 19:00:00,723.22,715.77106,-7.4489136,7.4489136
2026-12-04 20:00:00,709.28,714.1172,4.837158,4.837158
2026-12-04 21:00:00,694.66003,686.83185,-7.828186,7.828186
2026-12-04 22:00:00,623.84,654.78973,30.949707,30.949707
2026-12-04 23:00:00,619.64,626.2664,6.626404,6.626404
2026-12-05 00:00:00,531.18,605.4682,74.28821,74.28821
2026-12-05 01:00:00,501.59003,549.8125,48.222473,48.222473
2026-12-05 02:00:00,495.97003,526.8557,30.885681,30.885681
2026-12-05 03:00:00,540.74,521.3226,-19.41742,19.41742
2026-12-05 04:00:00,504.42,525.87366,21.453644,21.453644
2026-12-05 05:00:00,545.72003,530.17096,-15.549072,15.549072
2026-12-05 06:00:00,557.13,536.6853,-20.444702,20.444702
2026-12-05 07:00:00,615.88,538.1109,-77.769104,77.769104
2026-12-05 08:00:00,582.92,526.2965,-56.623474,56.623474
2026-12-05 09:00:00,542.75,501.74933,-41.00067,41.00067
2026-12-05 10:00:00,443.87,474.9762,31.106201,31.106201
2026-12-05 11:00:00,433.47003,441.59357,8.123535,8.123535
2026-12-05 12:00:00,472.48,411.89218,-60.58783,60.58783
2026-12-05 13:00:00,461.10004,406.58557,-54.514465,54.514465
2026-12-05 14:00:00,411.74,418.60153,6.8615417,6.8615417
2026-12-05 15:00:00,466.91003,443.78583,-23.124207,23.124207
2026-12-05 16:00:00,483.29,486.77405,3.4840393,3.4840393
2026-12-05 17:00:00,565.57,541.71387,-23.85614,23.85614
2026-12-05 18:00:00,573.89,587.3755,13.485474,13.485474
2026-12-05 19:00:00,612.01,612.6594,0.64941406,0.64941406
2026-12-05 20:00:00,626.5,610.3408,-16.15918,16.15918
2026-12-05 21:00:00,564.71,593.9531,29.243103,29.243103
2026-12-05 22:00:00,541.41003,578.4464,37.036377,37.036377
2026-12-05 23:00:00,538.87,563.3048,24.434814,24.434814
2026-12-06 00:00:00,520.53,551.0652,30.535156,30.535156
2026-12-06 01:00:00,487.25,530.3384,43.08838,43.08838
2026-12-06 02:00:00,478.72003,519.473,40.75299,40.75299
2026-12-06 03:00:00,494.54,516.9741,22.434113,22.434113
2026-12-06 04:00:00,495.01,521.2907,26.2807,26.2807
2026-12-06 05:00:00,492.37003,526.9436,34.573578,34.573578
2026-12-06 06:00:00,574.42,535.9261,-38.493896,38.493896
2026-12-06 07:00:00,528.26,538.50507,10.245056,10.245056
2026-12-06 08:00:00,561.29004,541.14813,-20.141907,20.141907
2026-12-06 09:00:00,533.47003,514.01636,-19.453674,19.453674
2026-12-06 10:00:00,468.25,473.903,5.653015,5.653015
2026-12-06 11:00:00,477.26,442.7021,-34.557922,34.557922
2026-12-06 12:00:00,457.30002,422.64062,-34.659393,34.659393
2026-12-06 13:00:00,417.37,411.70953,-5.6604614,5.6604614
2026-12-06 14:00:00,431.88,416.13788,-15.742126,15.742126
2026-12-06 15:00:00,471.34003,448.39648,-22.943542,22.943542
2026-12-06 16:00:00,490.76,482.212,-8.548004,8.548004
2026-12-06 17:00:00,578.39,531.6771,-46.71289,46.71289
2026-12-06 18:00:00,605.98,591.9335,-14.046509,14.046509
2026-12-06 19:00:00,622.3,619.2662,-3.0338135,3.0338135
2026-12-06 20:00:00,596.94,612.4448,15.504822,15.504822
2026-12-06 21:00:00,561.31,588.90656,27.596558,27.596558
2026-12-06 22:00:00,531.93,571.4225,39.492493,39.492493
2026-12-06 23:00:00,500.39,553.23785,52.84784,52.84784
2026-12-07 00:00:00,651.69,540.763,-110.927,110.927
2026-12-07 01:00:00,604.85004,584.69574,-20.154297,20.154297
2026-12-07 02:00:00,594.4,607.103,12.703003,12.703003
2026-12-07 03:00:00,622.06,617.9543,-4.105713,4.105713
2026-12-07 04:00:00,652.71,629.1551,-23.554932,23.554932
2026-12-07 05:00:00,607.39,640.6688,33.27881,33.27881
2026-12-07 06:00:00,664.49,649.7925,-14.69751,14.69751
2026-12-07 07:00:00,672.89,646.1465,-26.74353,26.74353
2026-12-07 08:00:00,637.46,619.58954,-17.870483,17.870483
2026-12-07 09:00:00,601.37,582.1333,-19.236694,19.236694
2026-12-07 10:00:00,566.84,547.44446,-19.395569,19.395569
2026-12-07 11:00:00,559.68,513.98596,-45.69403,45.69403
2026-12-07 12:00:00,505.07,495.2897,-9.780304,9.780304
2026-12-07 13:00:00,523.46,490.2818,-33.178223,33.178223
2026-12-07 14:00:00,542.48,508.5465,-33.93347,33.93347
2026-12-07 15:00:00,545.33,541.57104,-3.7589722,3.7589722
2026-12-07 16:00:00,631.23,577.2767,-53.95331,53.95331
2026-12-07 17:00:00,668.39,629.3781,-39.0119,39.0119
2026-12-07 18:00:00,704.73,685.40204,-19.327942,19.327942
2026-12-07 19:00:00,724.92,720.68066,-4.239319,4.239319
2026-12-07 20:00:00,727.75,715.48706,-12.262939,12.262939
2026-12-07 21:00:00,658.9,695.4043,36.504272,36.504272
2026-12-07 22:00:00,618.29004,668.19147,49.90143,49.90143
2026-12-07 23:00:00,583.65,641.089,57.438965,57.438965
2026-12-08 00:00:00,509.96002,621.5617,111.601685,111.601685
2026-12-08 01:00:00,486.2,581.0673,94.86731,94.86731
2026-12-08 02:00:00,450.69,553.90173,103.21173,103.21173
2026-12-08 03:00:00,547.3,536.3392,-10.960815,10.960815
2026-12-08 04:00:00,571.97003,533.75,-38.22003,38.22003
2026-12-08 05:00:00,530.64,531.2571,0.6170654,0.6170654
2026-12-08 06:00:00,611.55,523.96954,-87.580444,87.580444
2026-12-08 07:00:00,579.26,510.74854,-68.511475,68.511475
2026-12-08 08:00:00,592.72003,501.38443,-91.3356,91.3356
2026-12-08 09:00:00,557.65,499.70425,-57.94577,57.94577
2026-12-08 10:00:00,490.27002,474.56097,-15.709045,15.709045
2026-12-08 11:00:00,438.63,460.14795,21.517944,21.517944
2026-12-08 12:00:00,424.79004,441.08832,16.298279,16.298279
2026-12-08 13:00:00,393.14,434.05792,40.917908,40.917908
2026-12-08 14:00:00,405.49002,442.83548,37.34546,37.34546
2026-12-08 15:00:00,439.93,456.6364,16.70642,16.70642
2026-12-08 16:00:00,539.74,474.39035,-65.34964,65.34964
2026-12-08 17:00:00,581.07,503.6496,-77.42041,77.42041
2026-12-08 18:00:00,579.39,534.3388,-45.05121,45.05121
2026-12-08 19:00:00,641.96,563.5776,-78.38245,78.38245
2026-12-08 20:00:00,630.56,572.86523,-57.694763,57.694763
2026-12-08 21:00:00,560.26,574.3411,14.081116,14.081116
2026-12-08 22:00:00,525.03,566.06006,41.03003,41.03003
2026-12-08 23:00:00,531.22003,566.2503,35.030273,35.030273
2026-12-09 00:00:00,602.09,555.98737,-46.10266,46.10266
2026-12-09 01:00:00,586.61,559.8794,-26.73059,26.73059
2026-12-09 02:00:00,609.01,568.10474,-40.905273,40.905273
2026-12-09 03:00:00,609.15,584.8549,-24.295105,24.295105
2026-12-09 04:00:00,616.09,601.2442,-14.845825,14.845825
2026-12-09 05:00:00,588.06,613.59686,25.536865,25.536865
2026-12-09 06:00:00,685.79,628.13043,-57.659546,57.659546
2026-12-09 07:00:00,683.15,631.46844,-51.68158,51.68158
2026-12-09 08:00:00,710.9,608.25977,-102.64026,102.64026
2026-12-09 09:00:00,653.63,582.31274,-71.31726,71.31726
2026-12-09 10:00:00,614.45,542.6802,-71.76984,71.76984
2026-12-09 11:00:00,569.58,514.595,-54.985046,54.985046
2026-12-09 12:00:00,503.52002,494.22437,-9.295654,9.295654
2026-12-09 13:00:00,555.23,486.9488,-68.28119,68.28119
2026-12-09 14:00:00,543.73,511.9906,-31.73938,31.73938
2026-12-09 15:00:00,559.62,544.61865,-15.001343,15.001343
2026-12-09 16:00:00,589.21,594.9748,5.7647705,5.7647705
2026-12-09 17:00:00,657.77,642.05524,-15.714783,15.714783
2026-12-09 18:00:00,657.24,688.4661,31.226135,31.226135
2026-12-09 19:00:00,748.22003,718.05853,-30.161499,30.161499
2026-12-09 20:00:00,720.49,715.0055,-5.484497,5.484497
2026-12-09 21:00:00,701.9,690.9047,-10.9953,10.9953
2026-12-09 22:00:00,630.3,661.0521,30.752136,30.752136
2026-12-09 23:00:00,620.26,631.9404,11.68042,11.68042
2026-12-10 00:00:00,615.23,610.5104,-4.7196045,4.7196045
2026-12-10 01:00:00,618.60004,602.8534,-15.746643,15.746643
2026-12-10 02:00:00,613.82,603.4272,-10.392822,10.392822
2026-12-10 03:00:00,600.55,609.1131,8.56311,8.56311
2026-12-10 04:00:00,618.18,617.2185,-0.9614868,0.9614868
2026-12-10 05:00:00,627.10004,627.3082,0.20819092,0.20819092
2026-12-10 06:00:00,635.35004,637.13214,1.7821045,1.7821045
2026-12-10 07:00:00,672.71,643.28076,-29.42926,29.42926
2026-12-10 08:00:00,671.22003,619.2983,-51.921753,51.921753
2026-12-10 09:00:00,633.46,586.9939,-46.466125,46.466125
2026-12-10 10:00:00,584.3,550.61053,-33.689453,33.689453
2026-12-10 11:00:00,575.26,517.944,-57.31604,57.31604
2026-12-10 12:00:00,548.38,495.93207,-52.447937,52.447937
2026-12-10 13:00:00,515.92004,489.3216,-26.59845,26.59845
2026-12-10 14:00:00,585.75,505.87656,-79.87344,79.87344
2026-12-10 15:00:00,559.5,547.0977,-12.402283,12.402283
2026-12-10 16:00:00,587.78,588.63196,0.8519287,0.8519287
2026-12-10 17:00:00,633.47003,645.90594,12.435913,12.435913
2026-12-10 18:00:00,726.53,693.3093,-33.220703,33.220703
2026-12-10 19:00:00,736.2,724.00165,-12.198364,12.198364
2026-12-10 20:00:00,721.53,717.0372,-4.492859,4.492859
2026-12-10 21:00:00,719.03,690.33386,-28.696167,28.696167
2026-12-10 22:00:00,630.9,662.714,31.813965,31.813965
2026-12-10 23:00:00,629.46,635.7839,6.3238525,6.3238525
2026-12-11 00:00:00,625.63,614.0222,-11.607788,11.607788
2026-12-11 01:00:00,597.08,601.48663,4.406616,4.406616
2026-12-11 02:00:00,621.11,594.7568,-26.35321,26.35321
2026-12-11 03:00:00,633.48,602.1362,-31.34375,31.34375
2026-12-11 04:00:00,636.0,610.08264,-25.917358,25.917358
2026-12-11 05:00:00,667.87,620.93036,-46.939636,46.939636
2026-12-11 06:00:00,699.75,637.15656,-62.593445,62.593445
2026-12-11 07:00:00,691.99,647.9823,-44.00769,44.00769
2026-12-11 08:00:00,648.60004,631.86755,-16.732483,16.732483
2026-12-11 09:00:00,718.86,601.3662,-117.493774,117.493774
2026-12-11 10:00:00,567.44,568.25214,0.8121338,0.8121338
2026-12-11 11:00:00,539.29004,530.5234,-8.766663,8.766663
2026-12-11 12:00:00,561.86,501.73846,-60.12152,60.12152
2026-12-11 13:00:00,541.65,499.5829,-42.06714,42.06714
2026-12-11 14:00:00,552.51,516.46564,-36.044373,36.044373
2026-12-11 15:00:00,583.31,553.10693,-30.203064,30.203064
2026-12-11 16:00:00,612.4,601.5118,-10.888245,10.888245
2026-12-11 17:00:00,638.69,640.24756,1.5575562,1.5575562
2026-12-11 18:00:00,728.49,688.48486,-40.005127,40.005127
2026-12-11 19:00:00,733.97,721.7712,-12.1987915,12.1987915
2026-12-11 20:00:00,729.48,711.24976,-18.230225,18.230225
2026-12-11 21:00:00,687.44,684.00696,-3.4330444,3.4330444
2026-12-11 22:00:00,626.33,654.0446,27.7146,27.7146
2026-12-11 23:00:00,645.25,624.553,-20.697021,20.697021
2026-12-12 00:00:00,465.67,602.8363,137.16629,137.16629
2026-12-12 01:00:00,509.57,542.4616,32.8916,32.8916
2026-12-12 02:00:00,557.12,521.40106,-35.718933,35.718933
2026-12-12 03:00:00,494.18002,516.46155,22.281525,22.281525
2026-12-12 04:00:00,491.47003,519.651,28.18097,28.18097
2026-12-12 05:00:00,531.47003,528.8722,-2.5978394,2.5978394
2026-12-12 06:00:00,551.09,538.5851,-12.504944,12.504944
2026-12-12 07:00:00,560.34,537.8675,-22.472534,22.472534
2026-12-12 08:00:00,551.04004,521.9907,-29.049316,29.049316
2026-12-12 09:00:00,503.44,493.34906,-10.090942,10.090942
2026-12-12 10:00:00,451.92,458.0236,6.1035767,6.1035767
2026-12-12 11:00:00,411.86002,431.63116,19.771149,19.771149
2026-12-12 12:00:00,443.60004,408.9875,-34.61255,34.61255
2026-12-12 13:00:00,444.42,403.3155,-41.104523,41.104523
2026-12-12 14:00:00,445.74002,416.58588,-29.154144,29.154144
2026-12-12 15:00:00,467.57,441.8082,-25.76181,25.76181
2026-12-12 16:00:00,490.18,482.4605,-7.7194824,7.7194824
2026-12-12 17:00:00,565.55,529.89795,-35.65204,35.65204
2026-12-12 18:00:00,550.97003,583.9446,32.97455,32.97455
2026-12-12 19:00:00,606.79004,615.3633,8.573242,8.573242
2026-12-12 20:00:00,565.5,609.21844,43.718445,43.718445
2026-12-12 21:00:00,574.56,595.584,21.023987,21.023987
2026-12-12 22:00:00,536.89,576.40283,39.512817,39.512817
2026-12-12 23:00:00,562.27,560.8583,-1.4117432,1.4117432
2026-12-13 00:00:00,526.31,548.71185,22.401855,22.401855
2026-12-13 01:00:00,507.34,527.31213,19.972137,19.972137
2026-12-13 02:00:00,486.79,519.18005,32.390045,32.390045
2026-12-13 03:00:00,471.99,517.9624,45.972412,45.972412
2026-12-13 04:00:00,558.59,519.8936,-38.69641,38.69641
2026-12-13 05:00:00,522.94,530.0979,7.157898,7.157898
2026-12-13 06:00:00,561.47003,538.4263,-23.043762,23.043762
2026-12-13 07:00:00,539.41003,540.33813,0.9281006,0.9281006
2026-12-13 08:00:00,599.28,520.6087,-78.671326,78.671326
2026-12-13 09:00:00,517.2,496.6145,-20.58551,20.58551
2026-12-13 10:00:00,463.33002,463.1269,-0.203125,0.203125
2026-12-13 11:00:00,452.69,433.60233,-19.087677,19.087677
2026-12-13 12:00:00,462.99002,409.869,-53.121033,53.121033
2026-12-13 13:00:00,413.38,405.66205,-7.7179565,7.7179565
2026-12-13 14:00:00,435.81,413.64136,-22.16864,22.16864
2026-12-13 15:00:00,475.75,442.16364,-33.586365,33.586365
2026-12-13 16:00:00,510.1,485.45233,-24.647675,24.647675
2026-12-13 17:00:00,531.2,531.81165,0.6116333,0.6116333
2026-12-13 18:00:00,632.72003,573.4907,-59.22931,59.22931
2026-12-13 19:00:00,618.92,614.44714,-4.4728394,4.4728394
2026-12-13 20:00:00,578.45,609.9269,31.476868,31.476868
2026-12-13 21:00:00,608.0,597.31885,-10.681152,10.681152
2026-12-13 22:00:00,552.04004,575.766,23.725952,23.725952
2026-12-13 23:00:00,521.0,561.9009,40.90088,40.90088
2026-12-14 00:00:00,648.19,551.27246,-96.91754,96.91754
2026-12-14 01:00:00,642.51,589.44995,-53.06006,53.06006
2026-12-14 02:00:00,582.89,606.3076,23.417603,23.417603
2026-12-14 03:00:00,612.49,615.31323,2.8232422,2.8232422
2026-12-14 04:00:00,585.05,625.07947,40.02948,40.02948
2026-12-14 05:00:00,637.69,630.6536,-7.036377,7.036377
2026-12-14 06:00:00,675.05,638.5188,-36.53119,36.53119
2026-12-14 07:00:00,651.93,645.2192,-6.7108154,6.7108154
2026-12-14 08:00:00,690.71,617.52563,-73.18439,73.18439
2026-12-14 09:00:00,617.93,586.3002,-31.629822,31.629822
2026-12-14 10:00:00,611.74,544.0304,-67.709595,67.709595
2026-12-14 11:00:00,604.13,513.28174,-90.84827,90.84827
2026-12-14 12:00:00,556.73,494.76666,-61.963318,61.963318
2026-12-14 13:00:00,524.88,492.58215,-32.29785,32.29785
2026-12-14 14:00:00,569.33,511.46082,-57.8692,57.8692
2026-12-14 15:00:00,571.81,542.08344,-29.726562,29.726562
2026-12-14 16:00:00,575.41003,590.7695,15.359436,15.359436
2026-12-14 17:00:00,636.08,635.3702,-0.70983887,0.70983887
2026-12-14 18:00:00,714.5,682.8048,-31.69519,31.69519
2026-12-14 19:00:00,767.54,718.453,-49.086975,49.086975
2026-12-14 20:00:00,705.84,718.6408,12.800781,12.800781
2026-12-14 21:00:00,696.36,695.8091,-0.5509033,0.5509033
2026-12-14 22:00:00,635.68,670.941,35.260986,35.260986
2026-12-14 23:00:00,639.51,643.1957,3.685669,3.685669
2026-12-15 00:00:00,572.32,625.4452,53.125183,53.125183
2026-12-15 01:00:00,634.74,618.41315,-16.326843,16.326843
2026-12-15 02:00:00,637.5,618.16644,-19.333557,19.333557
2026-12-15 03:00:00,604.53,620.94904,16.419006,16.419006
2026-12-15 04:00:00,651.52,624.4313,-27.088745,27.088745
2026-12-15 05:00:00,571.68,632.90204,61.222046,61.222046
2026-12-15 06:00:00,648.60004,631.9796,-16.620422,16.620422
2026-12-15 07:00:00,697.38,636.1135,-61.26648,61.26648
2026-12-15 08:00:00,663.33,610.4766,-52.853394,52.853394
2026-12-15 09:00:00,581.44,575.67505,-5.7649536,5.7649536
2026-12-15 10:00:00,581.66003,540.3462,-41.313843,41.313843
2026-12-15 11:00:00,528.01,507.81042,-20.199585,20.199585
2026-12-15 12:00:00,569.2,486.15143,-83.048584,83.048584
2026-12-15 13:00:00,489.45,488.02997,-1.420044,1.420044
2026-12-15 14:00:00,546.93,508.2219,-38.7081,38.7081
2026-12-15 15:00:00,500.66003,543.355,42.694946,42.694946
2026-12-15 16:00:00,602.08,572.4669,-29.613098,29.613098
2026-12-15 17:00:00,629.25,631.2478,1.9978027,1.9978027
2026-12-15 18:00:00,705.6,678.1352,-27.464783,27.464783
2026-12-15 19:00:00,699.95,714.0759,14.125916,14.125916
2026-12-15 20:00:00,700.39,709.7957,9.405701,9.405701
2026-12-15 21:00:00,686.54004,691.0479,4.5078735,4.5078735
2026-12-15 22:00:00,666.39,665.8381,-0.5519409,0.5519409
2026-12-15 23:00:00,622.46,642.5142,20.0542,20.0542
2026-12-16 00:00:00,609.05,621.0873,12.0372925,12.0372925
2026-12-16 01:00:00,629.41003,613.07416,-16.335876,16.335876
2026-12-16 02:00:00,584.94,610.8114,25.871399,25.871399
2026-12-16 03:00:00,625.9,613.8835,-12.016541,12.016541
2026-12-16 04:00:00,612.68,620.03455,7.354553,7.354553
2026-12-16 05:00:00,683.82,626.5965,-57.22351,57.22351
2026-12-16 06:00:00,641.91003,637.87695,-4.033081,4.033081
2026-12-16 07:00:00,639.05,639.6014,0.5513916,0.5513916
2026-12-16 08:00:00,660.33,614.53064,-45.799377,45.799377
2026-12-16 09:00:00,618.81,582.1975,-36.612488,36.612488
2026-12-16 10:00:00,614.11,543.2655,-70.84448,70.84448
2026-12-16 11:00:00,544.62,519.10657,-25.513428,25.513428
2026-12-16 12:00:00,543.68,494.58423,-49.095764,49.095764
2026-12-16 13:00:00,563.45,494.60284,-68.84717,68.84717
2026-12-16 14:00:00,584.79004,516.83826,-67.95178,67.95178
2026-12-16 15:00:00,583.04004,546.48114,-36.5589,36.5589
2026-12-16 16:00:00,596.13,592.9006,-3.2294312,3.2294312
2026-12-16 17:00:00,651.09,642.287,-8.80304,8.80304
2026-12-16 18:00:00,701.73,694.38,-7.3499756,7.3499756
2026-12-16 19:00:00,692.16003,715.3716,23.211548,23.211548
2026-12-16 20:00:00,748.35,702.1838,-46.1662,46.1662
2026-12-16 21:00:00,700.21,694.66656,-5.543457,5.543457
2026-12-16 22:00:00,643.01,676.94214,33.93213,33.93213
2026-12-16 23:00:00,600.43,649.4234,48.99341,48.99341
2026-12-17 00:00:00,577.1,626.49506,49.39508,49.39508
2026-12-17 01:00:00,615.98,616.9933,1.0133057,1.0133057
2026-12-17 02:00:00,640.36,614.74915,-25.61084,25.61084
2026-12-17 03:00:00,565.86,625.6183,59.7583,59.7583
2026-12-17 04:00:00,618.34,623.22455,4.8845215,4.8845215
2026-12-17 05:00:00,601.63,629.1757,27.545715,27.545715
2026-12-17 06:00:00,637.57,633.9563,-3.6137085,3.6137085
2026-12-17 07:00:00,669.47003,641.7486,-27.721436,27.721436
2026-12-17 08:00:00,705.61,621.243,-84.367004,84.367004
2026-12-17 09:00:00,632.83,593.3291,-39.500916,39.500916
2026-12-17 10:00:00,622.18,553.4159,-68.7641,68.7641
2026-12-17 11:00:00,540.86,521.72284,-19.137146,19.137146
2026-12-17 12:00:00,547.03,491.578,-55.452026,55.452026
2026-12-17 13:00:00,530.32,484.95416,-45.365845,45.365845
2026-12-17 14:00:00,593.43,497.15247,-96.27753,96.27753
2026-12-17 15:00:00,575.15,532.92444,-42.225586,42.225586
2026-12-17 16:00:00,620.96,583.82904,-37.13098,37.13098
2026-12-17 17:00:00,667.32,629.6172,-37.70282,37.70282
2026-12-17 18:00:00,699.05,684.3634,-14.686584,14.686584
2026-12-17 19:00:00,694.49,721.90875,27.418762,27.418762
2026-12-17 20:00:00,707.22,711.9891,4.769104,4.769104
2026-12-17 21:00:00,696.74,686.81885,-9.921143,9.921143
2026-12-17 22:00:00,642.25,660.1189,17.868896,17.868896
2026-12-17 23:00:00,628.45,631.9931,3.5430908,3.5430908
2026-12-18 00:00:00,598.54004,608.7239,10.183838,10.183838
2026-12-18 01:00:00,602.03,594.45593,-7.5740967,7.5740967
2026-12-18 02:00:00,584.88,590.61237,5.732361,5.732361
2026-12-18 03:00:00,628.16003,594.867,-33.29303,33.29303
2026-12-18 04:00:00,631.64,606.00995,-25.630066,25.630066
2026-12-18 05:00:00,669.91003,618.1184,-51.791626,51.791626
2026-12-18 06:00:00,641.44,629.59076,-11.849243,11.849243
2026-12-18 07:00:00,730.23,631.8127,-98.4173,98.4173
2026-12-18 08:00:00,661.52,614.8743,-46.64569,46.64569
2026-12-18 09:00:00,586.95,582.6272,-4.322815,4.322815
2026-12-18 10:00:00,612.72003,544.4286,-68.29144,68.29144
2026-12-18 11:00:00,579.62,517.2777,-62.342285,62.342285
2026-12-18 12:00:00,512.78,497.24347,-15.53656,15.53656
2026-12-18 13:00:00,501.30002,489.87946,-11.420563,11.420563
2026-12-18 14:00:00,484.43,510.9215,26.491516,26.491516
2026-12-18 15:00:00,533.68,541.4595,7.77948,7.77948
2026-12-18 16:00:00,592.2,587.7186,-4.4813843,4.4813843
2026-12-18 17:00:00,679.08,638.47784,-40.602173,40.602173
2026-12-18 18:00:00,715.57,689.80695,-25.763062,25.763062
2026-12-18 19:00:00,732.83,720.8829,-11.947144,11.947144
2026-12-18 20:00:00,699.28,710.9094,11.629395,11.629395
2026-12-18 21:00:00,679.1,680.13306,1.033081,1.033081
2026-12-18 22:00:00,661.24,651.5408,-9.699219,9.699219
2026-12-18 23:00:00,638.22003,624.7839,-13.436157,13.436157
2026-12-19 00:00:00,493.10004,604.12726,111.02722,111.02722
2026-12-19 01:00:00,518.60004,549.2346,30.634583,30.634583
2026-12-19 02:00:00,467.10004,527.9276,60.827576,60.827576
2026-12-19 03:00:00,480.04,524.06714,44.02713,44.02713
2026-12-19 04:00:00,530.11,525.0195,-5.090515,5.090515
2026-12-19 05:00:00,513.05,532.3552,19.305237,19.305237
2026-12-19 06:00:00,550.48,540.07855,-10.401428,10.401428
2026-12-19 07:00:00,564.58,540.0067,-24.573303,24.573303
2026-12-19 08:00:00,572.38,524.18286,-48.197144,48.197144
2026-12-19 09:00:00,521.05005,499.38644,-21.663605,21.663605
2026-12-19 10:00:00,523.79004,466.30008,-57.48996,57.48996
2026-12-19 11:00:00,438.16003,436.67917,-1.4808655,1.4808655
2026-12-19 12:00:00,444.12,412.32098,-31.799011,31.799011
2026-12-19 13:00:00,375.12003,410.74622,35.62619,35.62619
2026-12-19 14:00:00,410.16,415.30145,5.141449,5.141449
2026-12-19 15:00:00,438.92,439.5287,0.6086731,0.6086731
2026-12-19 16:00:00,492.38,473.95493,-18.42508,18.42508
2026-12-19 17:00:00,506.63,522.2887,15.658691,15.658691
2026-12-19 18:00:00,600.74,581.9656,-18.774414,18.774414
2026-12-19 19:00:00,577.57,618.4997,40.929688,40.929688
2026-12-19 20:00:00,577.62,606.4059,28.785889,28.785889
2026-12-19 21:00:00,535.7,595.4672,59.767212,59.767212
2026-12-19 22:00:00,535.96,576.8227,40.86267,40.86267
2026-12-19 23:00:00,493.66003,566.4959,72.83588,72.83588
2026-12-20 00:00:00,496.81,548.38574,51.575745,51.575745
2026-12-20 01:00:00,461.75,522.6376,60.887573,60.887573
2026-12-20 02:00:00,460.13,512.3294,52.1994,52.1994
2026-12-20 03:00:00,489.75,510.55527,20.805267,20.805267
2026-12-20 04:00:00,542.62,516.12463,-26.495361,26.495361
2026-12-20 05:00:00,496.92,529.14764,32.22763,32.22763
2026-12-20 06:00:00,553.08,537.69977,-15.380249,15.380249
2026-12-20 07:00:00,564.31,532.67365,-31.636353,31.636353
2026-12-20 08:00:00,576.94,513.85956,-63.080444,63.080444
2026-12-20 09:00:00,501.90002,495.1181,-6.7819214,6.7819214
2026-12-20 10:00:00,486.03003,461.0838,-24.946228,24.946228
2026-12-20 11:00:00,470.80002,440.06152,-30.738495,30.738495
2026-12-20 12:00:00,447.99002,417.74536,-30.24466,30.24466
2026-12-20 13:00:00,416.57,407.5272,-9.042816,9.042816
2026-12-20 14:00:00,443.95,414.10922,-29.84079,29.84079
2026-12-20 15:00:00,448.49002,441.86914,-6.62088,6.62088
2026-12-20 16:00:00,513.27,476.8194,-36.450623,36.450623
2026-12-20 17:00:00,500.24002,526.4695,26.229462,26.229462
2026-12-20 18:00:00,627.55,572.7405,-54.80951,54.80951
2026-12-20 19:00:00,592.68,603.8928,11.21283,11.21283
2026-12-20 20:00:00,598.57,606.7082,8.138184,8.138184
2026-12-20 21:00:00,592.93,591.11255,-1.8174438,1.8174438
2026-12-20 22:00:00,556.18,574.814,18.634033,18.634033
2026-12-20 23:00:00,484.5,559.32495,74.82495,74.82495
2026-12-21 00:00:00,605.68,543.1106,-62.569397,62.569397
2026-12-21 01:00:00,631.31,579.95184,-51.358154,51.358154
2026-12-21 02:00:00,618.21,599.84094,-18.36908,18.36908
2026-12-21 03:00:00,579.91003,614.1795,34.26947,34.26947
2026-12-21 04:00:00,610.8,625.93604,15.136047,15.136047
2026-12-21 05:00:00,647.01,633.3202,-13.689819,13.689819
2026-12-21 06:00:00,655.76,641.83777,-13.922241,13.922241
2026-12-21 07:00:00,669.12,646.2617,-22.858276,22.858276
2026-12-21 08:00:00,676.53,621.29663,-55.2334,55.2334
2026-12-21 09:00:00,683.72003,587.29254,-96.42749,96.42749
2026-12-21 10:00:00,600.79004,557.1835,-43.606567,43.606567
2026-12-21 11:00:00,521.52,525.4348,3.914795,3.914795
2026-12-21 12:00:00,506.35,499.3534,-6.9966125,6.9966125
2026-12-21 13:00:00,550.87,493.77753,-57.09247,57.09247
2026-12-21 14:00:00,545.33,513.079,-32.251038,32.251038
2026-12-21 15:00:00,565.09,540.8025,-24.287537,24.287537
2026-12-21 16:00:00,624.05,579.6276,-44.422363,44.422363
2026-12-21 17:00:00,692.19,637.6837,-54.506287,54.506287
2026-12-21 18:00:00,731.09,669.9252,-61.164856,61.164856
2026-12-21 19:00:00,722.72003,702.34393,-20.376099,20.376099
2026-12-21 20:00:00,710.04004,706.7819,-3.2581177,3.2581177
2026-12-21 21:00:00,691.07,684.9455,-6.1245117,6.1245117
2026-12-21 22:00:00,600.59,662.5102,61.920166,61.920166
2026-12-21 23:00:00,667.35004,638.2015,-29.14856,29.14856
2026-12-22 00:00:00,593.18,624.52545,31.345459,31.345459
2026-12-22 01:00:00,583.22003,619.72,36.49994,36.49994
2026-12-22 02:00:00,613.95,619.4038,5.4537964,5.4537964
2026-12-22 03:00:00,595.42,618.6417,23.22174,23.22174
2026-12-22 04:00:00,661.09,621.9746,-39.115417,39.115417
2026-12-22 05:00:00,640.04004,633.5311,-6.508911,6.508911
2026-12-22 06:00:00,656.31,640.11456,-16.195435,16.195435
2026-12-22 07:00:00,703.36,641.08374,-62.276245,62.276245
2026-12-22 08:00:00,633.35004,618.6433,-14.706726,14.706726
2026-12-22 09:00:00,634.99,579.9112,-55.078796,55.078796
2026-12-22 10:00:00,604.10004,545.9326,-58.16742,58.16742
2026-12-22 11:00:00,550.22003,516.1647,-34.05536,34.05536
2026-12-22 12:00:00,501.28003,496.31317,-4.966858,4.966858
2026-12-22 13:00:00,525.99,491.6897,-34.300293,34.300293
2026-12-22 14:00:00,517.92004,514.6677,-3.2523193,3.2523193
2026-12-22 15:00:00,562.67004,547.49896,-15.171082,15.171082
2026-12-22 16:00:00,621.91003,593.9739,-27.936157,27.936157
2026-12-22 17:00:00,693.12,642.1398,-50.980225,50.980225
2026-12-22 18:00:00,722.98,690.38336,-32.59662,32.59662
2026-12-22 19:00:00,716.95,718.9124,1.9624023,1.9624023
2026-12-22 20:00:00,702.59,709.15955,6.569519,6.569519
2026-12-22 21:00:00,698.9,687.92725,-10.972778,10.972778
2026-12-22 22:00:00,641.15,664.90796,23.757935,23.757935
2026-12-22 23:00:00,621.82,639.4182,17.598206,17.598206
2026-12-23 00:00:00,627.21,618.643,-8.567017,8.567017
2026-12-23 01:00:00,621.83,615.3675,-6.4625244,6.4625244
2026-12-23 02:00:00,582.95,613.6232,30.673218,30.673218
2026-12-23 03:00:00,599.86,618.4004,18.540405,18.540405
2026-12-23 04:00:00,656.96,622.5401,-34.41992,34.41992
2026-12-23 05:00:00,644.77,633.6898,-11.0802,11.0802
2026-12-23 06:00:00,692.93,640.0687,-52.861267,52.861267
2026-12-23 07:00:00,630.37,647.41,17.039978,17.039978
2026-12-23 08:00:00,659.48,620.0476,-39.432373,39.432373
2026-12-23 09:00:00,641.23,584.27966,-56.950317,56.950317
2026-12-23 10:00:00,609.43,546.9761,-62.45392,62.45392
2026-12-23 11:00:00,587.29004,515.74207,-71.54797,71.54797
2026-12-23 12:00:00,519.89,495.37134,-24.518677,24.518677
2026-12-23 13:00:00,528.88,489.95004,-38.929962,38.929962
2026-12-23 14:00:00,541.54004,511.7798,-29.760254,29.760254
2026-12-23 15:00:00,588.2,548.0322,-40.167786,40.167786
2026-12-23 16:00:00,567.32,594.70685,27.38684,27.38684
2026-12-23 17:00:00,604.48,646.9855,42.505493,42.505493
2026-12-23 18:00:00,705.28,686.1794,-19.100647,19.100647
2026-12-23 19:00:00,726.19,725.87805,-0.31195068,0.31195068
2026-12-23 20:00:00,719.02,720.6341,1.6140747,1.6140747
2026-12-23 21:00:00,670.9,697.60767,26.707642,26.707642
2026-12-23 22:00:00,668.53,666.6609,-1.8691406,1.8691406
2026-12-23 23:00:00,636.74,639.5372,2.7971802,2.7971802
2026-12-24 00:00:00,599.21,617.24493,18.034912,18.034912
2026-12-24 01:00:00,604.63,605.38007,0.75006104,0.75006104
2026-12-24 02:00:00,570.35004,603.91943,33.569397,33.569397
2026-12-24 03:00:00,665.3,606.38544,-58.91455,58.91455
2026-12-24 04:00:00,613.75,619.05695,5.306946,5.306946
2026-12-24 05:00:00,650.9,625.9966,-24.903442,24.903442
2026-12-24 06:00:00,656.95,634.1059,-22.844116,22.844116
2026-12-24 07:00:00,684.64,635.19855,-49.441467,49.441467
2026-12-24 08:00:00,675.04004,615.06525,-59.974792,59.974792
2026-12-24 09:00:00,602.88,587.2144,-15.665588,15.665588
2026-12-24 10:00:00,607.12,552.4665,-54.653503,54.653503
2026-12-24 11:00:00,551.36,520.169,-31.190979,31.190979
2026-12-24 12:00:00,571.42,493.84497,-77.57501,77.57501
2026-12-24 13:00:00,536.9,489.32544,-47.574585,47.574585
2026-12-24 14:00:00,542.11,501.9655,-40.14447,40.14447
2026-12-24 15:00:00,598.64,533.46045,-65.179565,65.179565
2026-12-24 16:00:00,632.12,580.52655,-51.593445,51.593445
2026-12-24 17:00:00,637.82,629.7254,-8.0946045,8.0946045
2026-12-24 18:00:00,698.09,689.0815,-9.008545,9.008545
2026-12-24 19:00:00,692.75,722.41296,29.662964,29.662964
2026-12-24 20:00:00,710.18,707.3195,-2.8604736,2.8604736
2026-12-24 21:00:00,689.29,684.82825,-4.461731,4.461731
2026-12-24 22:00:00,630.94,656.9783,26.038269,26.038269
2026-12-24 23:00:00,622.12,632.4352,10.315186,10.315186
2026-12-25 00:00:00,546.44,610.61066,64.170654,64.170654
2026-12-25 01:00:00,509.38,569.1886,59.808594,59.808594
2026-12-25 02:00:00,507.1,549.0386,41.93857,41.93857
2026-12-25 03:00:00,513.82,540.8375,27.017517,27.017517
2026-12-25 04:00:00,529.99,541.707,11.71698,11.71698
2026-12-25 05:00:00,489.38,532.80286,43.42285,43.42285
2026-12-25 06:00:00,565.03,538.74005,-26.289978,26.289978
2026-12-25 07:00:00,567.24,518.7175,-48.52246,48.52246
2026-12-25 08:00:00,580.12,517.5627,-62.557312,62.557312
2026-12-25 09:00:00,529.37,539.5064,10.136414,10.136414
2026-12-25 10:00:00,536.4,493.03085,-43.36917,43.36917
2026-12-25 11:00:00,466.67,469.6546,2.9845886,2.9845886
2026-12-25 12:00:00,476.42,447.22662,-29.19339,29.19339
2026-12-25 13:00:00,406.40002,447.7271,41.327087,41.327087
2026-12-25 14:00:00,458.12,452.08456,-6.035431,6.035431
2026-12-25 15:00:00,506.92,466.0882,-40.831818,40.831818
2026-12-25 16:00:00,464.63,490.91614,26.286133,26.286133
2026-12-25 17:00:00,600.63,510.153,-90.47699,90.47699
2026-12-25 18:00:00,638.19,543.5309,-94.65912,94.65912
2026-12-25 19:00:00,624.56,574.04956,-50.510437,50.510437
2026-12-25 20:00:00,615.06,579.9697,-35.09027,35.09027
2026-12-25 21:00:00,606.19,582.61896,-23.571045,23.571045
2026-12-25 22:00:00,583.52,581.6157,-1.9042969,1.9042969
2026-12-25 23:00:00,496.41003,569.3932,72.983154,72.983154
2026-12-26 00:00:00,515.34,552.40845,37.06842,37.06842
2026-12-26 01:00:00,466.76,520.19824,53.438232,53.438232
2026-12-26 02:00:00,505.32,508.00888,2.6888733,2.6888733
2026-12-26 03:00:00,463.09003,510.1721,47.08206,47.08206
2026-12-26 04:00:00,482.67,517.59045,34.92044,34.92044
2026-12-26 05:00:00,578.22003,525.1195,-53.100525,53.100525
2026-12-26 06:00:00,567.39,536.1286,-31.261414,31.261414
2026-12-26 07:00:00,522.27,540.6311,18.361084,18.361084
2026-12-26 08:00:00,538.19,519.85803,-18.33197,18.33197
2026-12-26 09:00:00,512.0,488.70435,-23.295654,23.295654
2026-12-26 10:00:00,475.48,461.5152,-13.964813,13.964813
2026-12-26 11:00:00,446.30002,433.1703,-13.12973,13.12973
2026-12-26 12:00:00,389.58002,411.55487,21.974854,21.974854
2026-12-26 13:00:00,395.93002,399.74713,3.8171082,3.8171082
2026-12-26 14:00:00,435.29004,407.33124,-27.958801,27.958801
2026-12-26 15:00:00,437.91003,428.1294,-9.78064,9.78064
2026-12-26 16:00:00,543.17004,467.18927,-75.980774,75.980774
2026-12-26 17:00:00,525.58,521.93616,-3.6438599,3.6438599
2026-12-26 18:00:00,594.64,567.4951,-27.144897,27.144897
2026-12-26 19:00:00,623.56,601.88873,-21.671265,21.671265
2026-12-26 20:00:00,590.5,606.65125,16.151245,16.151245
2026-12-26 21:00:00,558.35004,592.01605,33.666016,33.666016
2026-12-26 22:00:00,557.59,574.0993,16.509277,16.509277
2026-12-26 23:00:00,499.95,560.0818,60.131775,60.131775
2026-12-27 00:00:00,513.31,545.7436,32.433594,32.433594
2026-12-27 01:00:00,494.35004,527.5437,33.193665,33.193665
2026-12-27 02:00:00,517.42004,519.47675,2.0567017,2.0567017
2026-12-27 03:00:00,470.84003,530.40686,59.566833,59.566833
2026-12-27 04:00:00,507.69,529.1952,21.505188,21.505188
2026-12-27 05:00:00,511.16,534.47754,23.317535,23.317535
2026-12-27 06:00:00,588.05,538.29645,-49.75354,49.75354
2026-12-27 07:00:00,574.36,540.1342,-34.22577,34.22577
2026-12-27 08:00:00,543.65,522.3591,-21.290955,21.290955
2026-12-27 09:00:00,507.86002,492.54468,-15.315338,15.315338
2026-12-27 10:00:00,456.05002,465.78955,9.739532,9.739532
2026-12-27 11:00:00,428.23,431.89493,3.664917,3.664917
2026-12-27 12:00:00,438.22003,407.5774,-30.64264,30.64264
2026-12-27 13:00:00,487.13,402.28967,-84.84033,84.84033
2026-12-27 14:00:00,437.07,416.52826,-20.541748,20.541748
2026-12-27 15:00:00,401.25,441.5379,40.287903,40.287903
2026-12-27 16:00:00,524.4,476.8103,-47.58972,47.58972
2026-12-27 17:00:00,560.14,535.80865,-24.33136,24.33136
2026-12-27 18:00:00,579.81,576.1853,-3.6246948,3.6246948
2026-12-27 19:00:00,625.41003,603.5365,-21.873535,21.873535
2026-12-27 20:00:00,610.82,600.38806,-10.431946,10.431946
2026-12-27 21:00:00,584.13,586.187,2.0570068,2.0570068
2026-12-27 22:00:00,507.29,569.2742,61.98416,61.98416
2026-12-27 23:00:00,526.36,551.50244,25.142456,25.142456
2026-12-28 00:00:00,569.22003,540.7262,-28.493835,28.493835
2026-12-28 01:00:00,579.76,577.76874,-1.991272,1.991272
2026-12-28 02:00:00,608.8,599.8332,-8.966797,8.966797
2026-12-28 03:00:00,595.23,615.233,20.00299,20.00299
2026-12-28 04:00:00,609.92,630.20654,20.28656,20.28656
2026-12-28 05:00:00,641.15,637.12445,-4.0255737,4.0255737
2026-12-28 06:00:00,658.07,643.34204,-14.727966,14.727966
2026-12-28 07:00:00,642.66003,645.5312,2.8711548,2.8711548
2026-12-28 08:00:00,669.43,616.3496,-53.080383,53.080383
2026-12-28 09:00:00,642.65,581.6589,-60.99115,60.99115
2026-12-28 10:00:00,595.93,540.9769,-54.953064,54.953064
2026-12-28 11:00:00,605.54004,519.4713,-86.068726,86.068726
2026-12-28 12:00:00,536.96,503.4071,-33.552917,33.552917
2026-12-28 13:00:00,586.57,496.18826,-90.381744,90.381744
2026-12-28 14:00:00,493.98,515.8272,21.847198,21.847198
2026-12-28 15:00:00,581.66003,546.0475,-35.61255,35.61255
2026-12-28 16:00:00,605.38,586.04297,-19.337036,19.337036
2026-12-28 17:00:00,639.60004,629.6469,-9.953125,9.953125
2026-12-28 18:00:00,748.88,672.1425,-76.73749,76.73749
2026-12-28 19:00:00,688.04004,709.95264,21.912598,21.912598
2026-12-28 20:00:00,737.43,712.7555,-24.6745,24.6745
2026-12-28 21:00:00,694.03,696.10803,2.078003,2.078003
2026-12-28 22:00:00,657.59,671.6646,14.074585,14.074585
2026-12-28 23:00:00,614.94,646.39844,31.458435,31.458435
2026-12-29 00:00:00,636.86,625.17566,-11.684326,11.684326
2026-12-29 01:00:00,611.97003,622.4142,10.444153,10.444153
2026-12-29 02:00:00,624.74,619.2635,-5.4765015,5.4765015
2026-12-29 03:00:00,571.65,621.633,49.98297,49.98297
2026-12-29 04:00:00,599.73,623.36865,23.638672,23.638672
2026-12-29 05:00:00,634.78,629.1885,-5.5915527,5.5915527
2026-12-29 06:00:00,675.93,634.93286,-40.99713,40.99713
2026-12-29 07:00:00,625.23,640.8763,15.646301,15.646301
2026-12-29 08:00:00,632.2,606.81116,-25.388855,25.388855
2026-12-29 09:00:00,650.91003,574.2013,-76.70874,76.70874
2026-12-29 10:00:00,581.7,543.8272,-37.872803,37.872803
2026-12-29 11:00:00,552.43,511.74005,-40.68994,40.68994
2026-12-29 12:00:00,550.32,490.95758,-59.362427,59.362427
2026-12-29 13:00:00,564.45,491.8392,-72.61081,72.61081
2026-12-29 14:00:00,508.59003,512.2943,3.7042847,3.7042847
2026-12-29 15:00:00,544.62,542.93744,-1.6825562,1.6825562
2026-12-29 16:00:00,589.57,581.93005,-7.6399536,7.6399536
2026-12-29 17:00:00,677.28,627.58374,-49.69629,49.69629
2026-12-29 18:00:00,683.02,683.32355,0.30352783,0.30352783
2026-12-29 19:00:00,725.85,706.3929,-19.457092,19.457092
2026-12-29 20:00:00,685.06,706.04517,20.985168,20.985168
2026-12-29 21:00:00,692.16003,686.4984,-5.661621,5.661621
2026-12-29 22:00:00,665.58,664.43774,-1.142273,1.142273
2026-12-29 23:00:00,619.24,639.545,20.304993,20.304993
2026-12-30 00:00:00,589.76,617.3991,27.6391,27.6391
2026-12-30 01:00:00,593.73,611.5367,17.806702,17.806702
2026-12-30 02:00:00,601.68,608.2064,6.526428,6.526428
2026-12-30 03:00:00,631.9,613.6438,-18.256226,18.256226
2026-12-30 04:00:00,617.45,620.42975,2.9797363,2.9797363
2026-12-30 05:00:00,658.33,626.4083,-31.921692,31.921692
2026-12-30 06:00:00,653.18,633.07855,-20.10144,20.10144
2026-12-30 07:00:00,669.82,642.2632,-27.556824,27.556824
2026-12-30 08:00:00,718.33,614.59216,-103.737854,103.737854
2026-12-30 09:00:00,634.52,583.15405,-51.365967,51.365967
2026-12-30 10:00:00,576.05,544.3108,-31.739197,31.739197
2026-12-30 11:00:00,543.43,511.68018,-31.749817,31.749817
2026-12-30 12:00:00,552.2,488.00067,-64.19934,64.19934
2026-12-30 13:00:00,539.35004,485.28613,-54.063904,54.063904
2026-12-30 14:00:00,541.76,502.4231,-39.336914,39.336914
2026-12-30 15:00:00,561.63,539.60205,-22.027954,22.027954
2026-12-30 16:00:00,619.11,579.03284,-40.07715,40.07715
2026-12-30 17:00:00,686.51,631.6953,-54.814697,54.814697
2026-12-30 18:00:00,721.27,688.9559,-32.314148,32.314148
2026-12-30 19:00:00,721.21,721.19257,-0.017456055,0.017456055
2026-12-30 20:00:00,697.88,713.8229,15.942871,15.942871
2026-12-30 21:00:00,698.82,684.82806,-13.991943,13.991943
2026-12-30 22:00:00,617.54004,658.77405,41.23401,41.23401
2026-12-30 23:00:00,624.19,630.3512,6.161194,6.161194
2026-12-31 00:00:00,588.75,610.79614,22.046143,22.046143
2026-12-31 01:00:00,589.72003,601.87787,12.157837,12.157837
2026-12-31 02:00:00,623.97003,600.4111,-23.55896,23.55896
2026-12-31 03:00:00,608.96,607.6573,-1.3027344,1.3027344
2026-12-31 04:00:00,644.13,618.1508,-25.979187,25.979187
2026-12-31 05:00:00,624.63,634.0613,9.431274,9.431274
2026-12-31 06:00:00,673.69,639.5379,-34.1521,34.1521
2026-12-31 07:00:00,635.65,647.9924,12.342346,12.342346
2026-12-31 08:00:00,685.18,623.2891,-61.89087,61.89087
2026-12-31 09:00:00,609.36,593.6061,-15.753906,15.753906
2026-12-31 10:00:00,585.97003,554.1616,-31.80841,31.80841
2026-12-31 11:00:00,568.72003,521.52374,-47.19629,47.19629
2026-12-31 12:00:00,499.69,495.8971,-3.7929077,3.7929077
2026-12-31 13:00:00,551.62,486.05597,-65.564026,65.564026
2026-12-31 14:00:00,537.09,505.70355,-31.386475,31.386475
2026-12-31 15:00:00,542.85004,540.72064,-2.1293945,2.1293945
2026-12-31 16:00:00,608.39,583.0844,-25.305603,25.305603
2026-12-31 17:00:00,664.63,640.8986,-23.731384,23.731384
2026-12-31 18:00:00,755.52,697.63385,-57.88617,57.88617
2026-12-31 19:00:00,693.28,719.78625,26.506226,26.506226
2026-12-31 20:00:00,699.02,705.7893,6.769287,6.769287
2026-12-31 21:00:00,706.51,682.8691,-23.64093,23.64093
2026-12-31 22:00:00,644.4,655.4088,11.008789,11.008789
2026-12-31 23:00:00,635.14,629.7817,-5.3583374,5.3583374
