timestamp_objetivo,y_real_mw,y_pred_mw,error_mw,error_absoluto_mw
2026-09-13 11:00:00,429.27002,459.58658,30.316559,30.316559
2026-09-13 12:00:00,413.5,428.8109,15.310913,15.310913
2026-09-13 13:00:00,424.42004,426.0768,1.6567688,1.6567688
2026-09-13 14:00:00,394.81003,450.01077,55.200745,55.200745
2026-09-13 15:00:00,494.02002,488.85712,-5.162903,5.162903
2026-09-13 16:00:00,533.33,561.068,27.737976,27.737976
2026-09-13 17:00:00,580.42,632.3709,51.950928,51.950928
2026-09-13 18:00:00,671.75,699.16345,27.413452,27.413452
2026-09-13 19:00:00,697.47003,726.5984,29.128357,29.128357
2026-09-13 20:00:00,652.57,719.5169,66.9469,66.9469
2026-09-13 21:00:00,646.13,688.19574,42.065735,42.065735
2026-09-13 22:00:00,602.34,648.6994,46.359375,46.359375
2026-09-13 23:00:00,535.95,620.6459,84.69586,84.69586
2026-09-14 00:00:00,686.8,598.6529,-88.147095,88.147095
2026-09-14 01:00:00,662.19,662.7781,0.58807373,0.58807373
2026-09-14 02:00:00,694.28,668.86786,-25.41217,25.41217
2026-09-14 03:00:00,643.43,675.6792,32.249207,32.249207
2026-09-14 04:00:00,664.42,674.1672,9.747192,9.747192
2026-09-14 05:00:00,689.81,683.28357,-6.526428,6.526428
2026-09-14 06:00:00,732.53,690.9984,-41.531616,41.531616
2026-09-14 07:00:00,693.17,702.17615,9.006165,9.006165
2026-09-14 08:00:00,693.76,681.3806,-12.379395,12.379395
2026-09-14 09:00:00,642.53,633.43726,-9.092773,9.092773
2026-09-14 10:00:00,626.0,587.74744,-38.252563,38.252563
2026-09-14 11:00:00,495.17,549.86884,54.698822,54.698822
2026-09-14 12:00:00,584.7,519.3825,-65.317505,65.317505
2026-09-14 13:00:00,499.31,529.2127,29.90271,29.90271
2026-09-14 14:00:00,526.56,547.8735,21.313477,21.313477
2026-09-14 15:00:00,644.75,586.18207,-58.567932,58.567932
2026-09-14 16:00:00,637.64,646.9079,9.267883,9.267883
2026-09-14 17:00:00,711.24,669.7914,-41.44861,41.44861
2026-09-14 18:00:00,796.94,744.45483,-52.48517,52.48517
2026-09-14 19:00:00,810.01,779.7954,-30.2146,30.2146
2026-09-14 20:00:00,807.07,780.71387,-26.35614,26.35614
2026-09-14 21:00:00,763.23,762.7054,-0.52459717,0.52459717
2026-09-14 22:00:00,687.19,730.93036,43.740356,43.740356
2026-09-14 23:00:00,689.83,698.07654,8.246521,8.246521
2026-09-15 00:00:00,706.38,673.0878,-33.292175,33.292175
2026-09-15 01:00:00,675.19,675.2071,0.017089844,0.017089844
2026-09-15 02:00:00,650.37,664.2437,13.873718,13.873718
2026-09-15 03:00:00,653.42,670.3858,16.96582,16.96582
2026-09-15 04:00:00,666.66003,674.79834,8.138306,8.138306
2026-09-15 05:00:00,658.86,683.10284,24.242859,24.242859
2026-09-15 06:00:00,736.48,694.9829,-41.49707,41.49707
2026-09-15 07:00:00,702.85,707.8177,4.9677124,4.9677124
2026-09-15 08:00:00,682.96,679.5858,-3.3742065,3.3742065
2026-09-15 09:00:00,717.38,635.129,-82.25098,82.25098
2026-09-15 10:00:00,584.28,591.3757,7.095642,7.095642
2026-09-15 11:00:00,558.46,549.8259,-8.634094,8.634094
2026-09-15 12:00:00,558.84,519.35046,-39.489563,39.489563
2026-09-15 13:00:00,551.35004,523.7031,-27.646912,27.646912
2026-09-15 14:00:00,534.17004,538.81476,4.6447144,4.6447144
2026-09-15 15:00:00,574.59,578.6486,4.0585938,4.0585938
2026-09-15 16:00:00,636.37,621.69037,-14.679626,14.679626
2026-09-15 17:00:00,677.81,699.52466,21.71466,21.71466
2026-09-15 18:00:00,755.53,772.96014,17.430115,17.430115
2026-09-15 19:00:00,811.0,807.02325,-3.9767456,3.9767456
2026-09-15 20:00:00,759.87,805.4031,45.53308,45.53308
2026-09-15 21:00:00,701.77,773.28925,71.519226,71.519226
2026-09-15 22:00:00,704.87,734.87024,30.000244,30.000244
2026-09-15 23:00:00,713.89,703.28766,-10.602356,10.602356
2026-09-16 00:00:00,609.4,673.1295,63.729492,63.729492
2026-09-16 01:00:00,658.97003,661.60834,2.6383057,2.6383057
2026-09-16 02:00:00,665.98,652.563,-13.416992,13.416992
2026-09-16 03:00:00,659.35004,659.91876,0.5687256,0.5687256
2026-09-16 04:00:00,622.87,667.361,44.491028,44.491028
2026-09-16 05:00:00,672.54,687.3015,14.761536,14.761536
2026-09-16 06:00:00,685.83,699.44934,13.619324,13.619324
2026-09-16 07:00:00,766.63,710.97473,-55.655273,55.655273
2026-09-16 08:00:00,684.32,696.5495,12.229492,12.229492
2026-09-16 09:00:00,651.24,653.10345,1.8634644,1.8634644
2026-09-16 10:00:00,575.89,595.4808,19.59076,19.59076
2026-09-16 11:00:00,570.98,551.44806,-19.531921,19.531921
2026-09-16 12:00:00,540.06,522.80475,-17.255249,17.255249
2026-09-16 13:00:00,528.47003,527.6472,-0.82281494,0.82281494
2026-09-16 14:00:00,571.31,550.06915,-21.240845,21.240845
2026-09-16 15:00:00,579.45,586.9964,7.5463867,7.5463867
2026-09-16 16:00:00,615.53,641.31506,25.785034,25.785034
2026-09-16 17:00:00,688.91003,720.9637,32.05365,32.05365
2026-09-16 18:00:00,768.55,786.254,17.70404,17.70404
2026-09-16 19:00:00,797.58,817.63837,20.05835,20.05835
2026-09-16 20:00:00,724.76,801.66425,76.904236,76.904236
2026-09-16 21:00:00,733.33,764.0553,30.72528,30.72528
2026-09-16 22:00:00,674.6,725.09344,50.49347,50.49347
2026-09-16 23:00:00,635.79004,685.34784,49.5578,49.5578
2026-09-17 00:00:00,693.15,655.8628,-37.28723,37.28723
2026-09-17 01:00:00,654.9,652.9864,-1.9136353,1.9136353
2026-09-17 02:00:00,626.51,644.7808,18.270813,18.270813
2026-09-17 03:00:00,647.94,646.32935,-1.6106567,1.6106567
2026-09-17 04:00:00,645.89,656.5161,10.626099,10.626099
2026-09-17 05:00:00,659.03,676.6304,17.600342,17.600342
2026-09-17 06:00:00,706.79004,697.2635,-9.52655,9.52655
2026-09-17 07:00:00,724.83,710.04474,-14.785278,14.785278
2026-09-17 08:00:00,703.35,687.85266,-15.497314,15.497314
2026-09-17 09:00:00,629.03,640.32776,11.2977295,11.2977295
2026-09-17 10:00:00,573.23,592.29004,19.060059,19.060059
2026-09-17 11:00:00,520.92,548.6162,27.696228,27.696228
2026-09-17 12:00:00,539.92004,519.07904,-20.841003,20.841003
2026-09-17 13:00:00,555.76,520.3063,-35.453735,35.453735
2026-09-17 14:00:00,531.17004,548.3565,17.186462,17.186462
2026-09-17 15:00:00,586.4,591.37195,4.971924,4.971924
2026-09-17 16:00:00,651.64,647.8039,-3.8361206,3.8361206
2026-09-17 17:00:00,706.38,729.573,23.192993,23.192993
2026-09-17 18:00:00,751.01,799.8026,48.792603,48.792603
2026-09-17 19:00:00,807.12,829.6245,22.504517,22.504517
2026-09-17 20:00:00,788.11,816.12695,28.016968,28.016968
2026-09-17 21:00:00,736.26,780.08154,43.821533,43.821533
2026-09-17 22:00:00,722.63,731.0969,8.466919,8.466919
2026-09-17 23:00:00,700.32,691.2617,-9.058289,9.058289
2026-09-18 00:00:00,706.53,657.37384,-49.15619,49.15619
2026-09-18 01:00:00,656.60004,654.0079,-2.592163,2.592163
2026-09-18 02:00:00,659.63,655.03406,-4.5959473,4.5959473
2026-09-18 03:00:00,626.25,656.97974,30.729736,30.729736
2026-09-18 04:00:00,678.55,672.28925,-6.260742,6.260742
2026-09-18 05:00:00,674.16003,695.0275,20.867493,20.867493
2026-09-18 06:00:00,706.15,709.80005,3.6500244,3.6500244
2026-09-18 07:00:00,663.23,718.8557,55.625732,55.625732
2026-09-18 08:00:00,651.91003,699.0032,47.09314,47.09314
2026-09-18 09:00:00,644.21,649.4294,5.2193604,5.2193604
2026-09-18 10:00:00,546.97003,600.607,53.636963,53.636963
2026-09-18 11:00:00,560.98,553.35565,-7.6243286,7.6243286
2026-09-18 12:00:00,548.62,520.412,-28.208008,28.208008
2026-09-18 13:00:00,581.59,524.59576,-56.994263,56.994263
2026-09-18 14:00:00,532.77,552.15173,19.381714,19.381714
2026-09-18 15:00:00,600.92,589.3216,-11.598389,11.598389
2026-09-18 16:00:00,702.64,654.3246,-48.31543,48.31543
2026-09-18 17:00:00,678.0,731.20404,53.20404,53.20404
2026-09-18 18:00:00,781.1,797.59326,16.493286,16.493286
2026-09-18 19:00:00,784.83997,823.3504,38.510437,38.510437
2026-09-18 20:00:00,751.98,811.08563,59.10565,59.10565
2026-09-18 21:00:00,702.35,771.8058,69.45581,69.45581
2026-09-18 22:00:00,699.32,724.8566,25.536621,25.536621
2026-09-18 23:00:00,694.17,686.874,-7.2959595,7.2959595
2026-09-19 00:00:00,547.13,653.57623,106.44623,106.44623
2026-09-19 01:00:00,528.76,581.58795,52.82794,52.82794
2026-09-19 02:00:00,564.46,549.99927,-14.460754,14.460754
2026-09-19 03:00:00,557.11,556.3047,-0.80529785,0.80529785
2026-09-19 04:00:00,618.64,555.3273,-63.312744,63.312744
2026-09-19 05:00:00,584.48,572.4119,-12.068054,12.068054
2026-09-19 06:00:00,610.79004,586.4627,-24.327332,24.327332
2026-09-19 07:00:00,587.93,606.4036,18.473633,18.473633
2026-09-19 08:00:00,601.21,578.99896,-22.21106,22.21106
2026-09-19 09:00:00,516.91003,541.16895,24.258911,24.258911
2026-09-19 10:00:00,478.33002,493.87695,15.546936,15.546936
2026-09-19 11:00:00,440.38,448.4383,8.058289,8.058289
2026-09-19 12:00:00,445.83002,421.6744,-24.15561,24.15561
2026-09-19 13:00:00,427.53003,419.6983,-7.831726,7.831726
2026-09-19 14:00:00,441.91003,445.08728,3.177246,3.177246
2026-09-19 15:00:00,499.92,487.28418,-12.635834,12.635834
2026-09-19 16:00:00,564.7,556.6743,-8.025696,8.025696
2026-09-19 17:00:00,620.76,629.50665,8.746643,8.746643
2026-09-19 18:00:00,676.66003,689.7237,13.06366,13.06366
2026-09-19 19:00:00,684.12,723.4391,39.31909,39.31909
2026-09-19 20:00:00,677.02,712.46686,35.44684,35.44684
2026-09-19 21:00:00,646.84,681.66895,34.82892,34.82892
2026-09-19 22:00:00,613.44,647.86304,34.423035,34.423035
2026-09-19 23:00:00,565.11,619.25275,54.14276,54.14276
2026-09-20 00:00:00,550.80005,595.93524,45.135193,45.135193
2026-09-20 01:00:00,578.48,575.10974,-3.3702393,3.3702393
2026-09-20 02:00:00,564.12,560.0984,-4.0216064,4.0216064
2026-09-20 03:00:00,559.26,554.2817,-4.9783325,4.9783325
2026-09-20 04:00:00,548.60004,557.72906,9.129028,9.129028
2026-09-20 05:00:00,567.27,560.62274,-6.647278,6.647278
2026-09-20 06:00:00,577.1,572.3773,-4.7226562,4.7226562
2026-09-20 07:00:00,590.62,588.5475,-2.0725098,2.0725098
2026-09-20 08:00:00,585.07,572.2347,-12.835327,12.835327
2026-09-20 09:00:00,538.36,538.6223,0.2623291,0.2623291
2026-09-20 10:00:00,443.95,490.71814,46.768127,46.768127
2026-09-20 11:00:00,478.78003,449.1359,-29.644135,29.644135
2026-09-20 12:00:00,407.89,427.6557,19.765686,19.765686
2026-09-20 13:00:00,377.52002,418.21106,40.69104,40.69104
2026-09-20 14:00:00,432.54004,438.0529,5.512848,5.512848
2026-09-20 15:00:00,449.7,490.5534,40.853394,40.853394
2026-09-20 16:00:00,497.29004,551.6196,54.32959,54.32959
2026-09-20 17:00:00,603.19,615.6109,12.420898,12.420898
2026-09-20 18:00:00,688.43,699.8873,11.457336,11.457336
2026-09-20 19:00:00,663.67,731.49304,67.82306,67.82306
2026-09-20 20:00:00,599.11,707.33435,108.224365,108.224365
2026-09-20 21:00:00,609.16003,666.9921,57.832092,57.832092
2026-09-20 22:00:00,600.60004,636.2799,35.67987,35.67987
2026-09-20 23:00:00,540.27,613.86035,73.59033,73.59033
2026-09-21 00:00:00,651.89,595.03375,-56.856262,56.856262
2026-09-21 01:00:00,622.8,656.93427,34.134277,34.134277
2026-09-21 02:00:00,650.5,664.6392,14.139221,14.139221
2026-09-21 03:00:00,647.55,666.4256,18.87561,18.87561
2026-09-21 04:00:00,656.66003,670.62854,13.968506,13.968506
2026-09-21 05:00:00,666.5,674.55695,8.056946,8.056946
2026-09-21 06:00:00,677.14,684.5121,7.3720703,7.3720703
2026-09-21 07:00:00,729.22003,688.40784,-40.812195,40.812195
2026-09-21 08:00:00,674.63,669.21857,-5.411438,5.411438
2026-09-21 09:00:00,686.13,628.01776,-58.112244,58.112244
2026-09-21 10:00:00,615.23,586.4448,-28.785156,28.785156
2026-09-21 11:00:00,587.78,548.77124,-39.00879,39.00879
2026-09-21 12:00:00,523.39,521.84393,-1.5460815,1.5460815
2026-09-21 13:00:00,522.78,524.1426,1.3625488,1.3625488
2026-09-21 14:00:00,525.62,542.9799,17.359924,17.359924
2026-09-21 15:00:00,591.77,574.9527,-16.817322,16.817322
2026-09-21 16:00:00,635.62,632.63635,-2.9836426,2.9836426
2026-09-21 17:00:00,699.27,699.6869,0.41687012,0.41687012
2026-09-21 18:00:00,754.45,781.6782,27.22821,27.22821
2026-09-21 19:00:00,795.8,808.4178,12.617798,12.617798
2026-09-21 20:00:00,801.52,797.7874,-3.732605,3.732605
2026-09-21 21:00:00,733.35,767.0454,33.695435,33.695435
2026-09-21 22:00:00,693.1,730.6474,37.547424,37.547424
2026-09-21 23:00:00,638.19,701.29156,63.101562,63.101562
2026-09-22 00:00:00,643.73,669.831,26.101013,26.101013
2026-09-22 01:00:00,666.83,664.6859,-2.144104,2.144104
2026-09-22 02:00:00,648.01,657.94775,9.937744,9.937744
2026-09-22 03:00:00,602.39,655.5229,53.132874,53.132874
2026-09-22 04:00:00,653.38,662.97955,9.599548,9.599548
2026-09-22 05:00:00,673.65,672.3508,-1.2991943,1.2991943
2026-09-22 06:00:00,704.39,689.3779,-15.012085,15.012085
2026-09-22 07:00:00,744.63,701.29144,-43.338562,43.338562
2026-09-22 08:00:00,720.69,687.8463,-32.84369,32.84369
2026-09-22 09:00:00,633.3,650.6744,17.37439,17.37439
2026-09-22 10:00:00,595.28,597.2873,2.0072632,2.0072632
2026-09-22 11:00:00,546.29004,550.28723,3.9971924,3.9971924
2026-09-22 12:00:00,548.23,520.33466,-27.895325,27.895325
2026-09-22 13:00:00,528.9,521.5869,-7.3131104,7.3131104
2026-09-22 14:00:00,560.93,542.7017,-18.228271,18.228271
2026-09-22 15:00:00,572.68,586.02295,13.342957,13.342957
2026-09-22 16:00:00,599.63,645.90906,46.279053,46.279053
2026-09-22 17:00:00,683.39,711.08105,27.69104,27.69104
2026-09-22 18:00:00,758.99,777.1583,18.168335,18.168335
2026-09-22 19:00:00,808.04004,809.95276,1.9127197,1.9127197
2026-09-22 20:00:00,771.8,799.6597,27.859741,27.859741
2026-09-22 21:00:00,728.81,768.5661,39.756104,39.756104
2026-09-22 22:00:00,735.28,732.23584,-3.0441895,3.0441895
2026-09-22 23:00:00,669.52,698.6221,29.10205,29.10205
2026-09-23 00:00:00,640.4,666.4332,26.033203,26.033203
2026-09-23 01:00:00,652.11,661.43774,9.327759,9.327759
2026-09-23 02:00:00,650.39,649.79944,-0.5905762,0.5905762
2026-09-23 03:00:00,636.26,654.50446,18.244446,18.244446
2026-09-23 04:00:00,636.69,663.03235,26.342346,26.342346
2026-09-23 05:00:00,668.67,665.58563,-3.0843506,3.0843506
2026-09-23 06:00:00,670.94,701.70917,30.769165,30.769165
2026-09-23 07:00:00,694.89,702.4469,7.556885,7.556885
2026-09-23 08:00:00,664.42,677.9663,13.546326,13.546326
2026-09-23 09:00:00,643.8,627.3847,-16.415283,16.415283
2026-09-23 10:00:00,599.75,581.9568,-17.793213,17.793213
2026-09-23 11:00:00,550.69,543.7218,-6.9682007,6.9682007
2026-09-23 12:00:00,524.97003,516.024,-8.946045,8.946045
2026-09-23 13:00:00,535.43,523.4494,-11.980591,11.980591
2026-09-23 14:00:00,564.95,541.51263,-23.437378,23.437378
2026-09-23 15:00:00,571.0,595.8678,24.867798,24.867798
2026-09-23 16:00:00,633.12,654.48193,21.361938,21.361938
2026-09-23 17:00:00,742.21,721.4977,-20.712341,20.712341
2026-09-23 18:00:00,746.13,794.4281,48.298096,48.298096
2026-09-23 19:00:00,782.17004,822.6645,40.494446,40.494446
2026-09-23 20:00:00,751.41003,809.1689,57.75885,57.75885
2026-09-23 21:00:00,723.06,771.62445,48.564453,48.564453
2026-09-23 22:00:00,686.65,732.83044,46.18042,46.18042
2026-09-23 23:00:00,673.14,695.3399,22.19989,22.19989
2026-09-24 00:00:00,666.96,666.1301,-0.829895,0.829895
2026-09-24 01:00:00,647.67,654.8404,7.17041,7.17041
2026-09-24 02:00:00,673.65,646.8596,-26.790405,26.790405
2026-09-24 03:00:00,648.4,653.31476,4.914734,4.914734
2026-09-24 04:00:00,636.98,670.74634,33.766357,33.766357
2026-09-24 05:00:00,672.77,679.1271,6.3570557,6.3570557
2026-09-24 06:00:00,672.44,691.8328,19.392822,19.392822
2026-09-24 07:00:00,695.35,698.62244,3.272461,3.272461
2026-09-24 08:00:00,669.25,674.3146,5.064575,5.064575
2026-09-24 09:00:00,684.51,630.8578,-53.65222,53.65222
2026-09-24 10:00:00,610.88,589.3615,-21.518494,21.518494
2026-09-24 11:00:00,536.63,548.4749,11.84491,11.84491
2026-09-24 12:00:00,528.87,519.94684,-8.923157,8.923157
2026-09-24 13:00:00,547.83,521.422,-26.40802,26.40802
2026-09-24 14:00:00,552.97003,543.9476,-9.022461,9.022461
2026-09-24 15:00:00,568.28,580.13086,11.85083,11.85083
2026-09-24 16:00:00,561.0,642.129,81.12903,81.12903
2026-09-24 17:00:00,679.66003,709.4988,29.838745,29.838745
2026-09-24 18:00:00,745.39,776.43555,31.045532,31.045532
2026-09-24 19:00:00,798.89,819.92224,21.032227,21.032227
2026-09-24 20:00:00,793.06,810.96796,17.907959,17.907959
2026-09-24 21:00:00,716.1,776.75055,60.650574,60.650574
2026-09-24 22:00:00,713.41003,730.56055,17.150513,17.150513
2026-09-24 23:00:00,651.33,687.65344,36.323425,36.323425
2026-09-25 00:00:00,662.63,650.7129,-11.917114,11.917114
2026-09-25 01:00:00,598.43,641.5579,43.12793,43.12793
2026-09-25 02:00:00,626.92,632.28296,5.362976,5.362976
2026-09-25 03:00:00,626.99,635.0875,8.097534,8.097534
2026-09-25 04:00:00,622.45,650.10724,27.657227,27.657227
2026-09-25 05:00:00,677.39,672.769,-4.6210327,4.6210327
2026-09-25 06:00:00,658.51,691.764,33.253967,33.253967
2026-09-25 07:00:00,689.23,708.26544,19.035461,19.035461
2026-09-25 08:00:00,682.14,685.6467,3.5067139,3.5067139
2026-09-25 09:00:00,593.97003,641.8572,47.887146,47.887146
2026-09-25 10:00:00,563.59,587.0175,23.42749,23.42749
2026-09-25 11:00:00,566.32,541.92804,-24.391968,24.391968
2026-09-25 12:00:00,545.04004,513.7751,-31.264954,31.264954
2026-09-25 13:00:00,563.77,514.87994,-48.890076,48.890076
2026-09-25 14:00:00,573.11,542.8231,-30.286865,30.286865
2026-09-25 15:00:00,562.28,589.25726,26.977234,26.977234
2026-09-25 16:00:00,637.08,649.00024,11.920227,11.920227
2026-09-25 17:00:00,732.0,726.0706,-5.9293823,5.9293823
2026-09-25 18:00:00,784.24,786.5125,2.272522,2.272522
2026-09-25 19:00:00,761.14,815.48267,54.34265,54.34265
2026-09-25 20:00:00,781.64,808.06464,26.424622,26.424622
2026-09-25 21:00:00,710.75,772.20636,61.45636,61.45636
2026-09-25 22:00:00,688.83,725.2066,36.376587,36.376587
2026-09-25 23:00:00,680.58,680.7198,0.13977051,0.13977051
2026-09-26 00:00:00,548.9,650.2758,101.37579,101.37579
2026-09-26 01:00:00,528.69,580.2839,51.593872,51.593872
2026-09-26 02:00:00,503.18,552.21625,49.036255,49.036255
2026-09-26 03:00:00,533.53,541.1772,7.647156,7.647156
2026-09-26 04:00:00,546.98,546.0321,-0.947876,0.947876
2026-09-26 05:00:00,513.86,557.48413,43.624146,43.624146
2026-09-26 06:00:00,572.06,568.1341,-3.9259033,3.9259033
2026-09-26 07:00:00,581.44,593.96985,12.529846,12.529846
2026-09-26 08:00:00,566.85,578.42365,11.573669,11.573669
2026-09-26 09:00:00,513.29004,532.39624,19.106201,19.106201
2026-09-26 10:00:00,446.03003,483.91196,37.881927,37.881927
2026-09-26 11:00:00,416.18,443.92838,27.748383,27.748383
2026-09-26 12:00:00,414.76,413.00104,-1.7589722,1.7589722
2026-09-26 13:00:00,405.47003,413.82318,8.353149,8.353149
2026-09-26 14:00:00,405.29,427.8089,22.51889,22.51889
2026-09-26 15:00:00,468.97003,472.11914,3.149109,3.149109
2026-09-26 16:00:00,523.78,535.5883,11.808289,11.808289
2026-09-26 17:00:00,585.3,609.53296,24.232971,24.232971
2026-09-26 18:00:00,663.34,673.8992,10.559143,10.559143
2026-09-26 19:00:00,689.37,708.4622,19.092224,19.092224
2026-09-26 20:00:00,692.81,695.85675,3.046753,3.046753
2026-09-26 21:00:00,548.13,668.51263,120.38263,120.38263
2026-09-26 22:00:00,567.42004,621.8087,54.38867,54.38867
2026-09-26 23:00:00,591.08,596.67694,5.596924,5.596924
2026-09-27 00:00:00,509.11002,583.01904,73.90903,73.90903
2026-09-27 01:00:00,567.55,563.3826,-4.1673584,4.1673584
2026-09-27 02:00:00,537.61,551.3368,13.726807,13.726807
2026-09-27 03:00:00,543.85004,544.7269,0.8768921,0.8768921
2026-09-27 04:00:00,532.02,550.52704,18.507019,18.507019
2026-09-27 05:00:00,583.25,558.07526,-25.174744,25.174744
2026-09-27 06:00:00,595.32,567.2002,-28.119812,28.119812
2026-09-27 07:00:00,612.45,584.14734,-28.302673,28.302673
2026-09-27 08:00:00,537.88,579.0511,41.17108,41.17108
2026-09-27 09:00:00,517.60004,540.0285,22.428467,22.428467
2026-09-27 10:00:00,413.64,497.852,84.211975,84.211975
2026-09-27 11:00:00,459.42,446.0185,-13.40152,13.40152
2026-09-27 12:00:00,443.88,420.59845,-23.281555,23.281555
2026-09-27 13:00:00,410.76,416.29083,5.5308228,5.5308228
2026-09-27 14:00:00,441.32,436.7528,-4.5671997,4.5671997
2026-09-27 15:00:00,443.56,480.66272,37.102722,37.102722
2026-09-27 16:00:00,532.81,533.9878,1.1777954,1.1777954
2026-09-27 17:00:00,574.64,594.77057,20.130554,20.130554
2026-09-27 18:00:00,625.23,666.04083,40.810852,40.810852
2026-09-27 19:00:00,653.18,700.1335,46.95349,46.95349
2026-09-27 20:00:00,660.57,687.2578,26.687805,26.687805
2026-09-27 21:00:00,625.38,662.7159,37.335876,37.335876
2026-09-27 22:00:00,564.17004,633.675,69.504944,69.504944
2026-09-27 23:00:00,538.05005,606.1692,68.11914,68.11914
2026-09-28 00:00:00,606.0,588.20953,-17.790466,17.790466
2026-09-28 01:00:00,626.34,645.8774,19.537354,19.537354
2026-09-28 02:00:00,657.74,654.6874,-3.0526123,3.0526123
2026-09-28 03:00:00,654.10004,655.26575,1.1657104,1.1657104
2026-09-28 04:00:00,675.65,662.73755,-12.912476,12.912476
2026-09-28 05:00:00,613.22003,668.78174,55.561707,55.561707
2026-09-28 06:00:00,708.43,673.03735,-35.39264,35.39264
2026-09-28 07:00:00,663.13,686.04926,22.91925,22.91925
2026-09-28 08:00:00,684.47003,667.7702,-16.69983,16.69983
2026-09-28 09:00:00,640.08,628.4412,-11.638794,11.638794
2026-09-28 10:00:00,573.56,585.75525,12.195251,12.195251
2026-09-28 11:00:00,553.83,542.9696,-10.860413,10.860413
2026-09-28 12:00:00,564.39,513.577,-50.81299,50.81299
2026-09-28 13:00:00,530.48004,517.2053,-13.274719,13.274719
2026-09-28 14:00:00,524.51,533.1741,8.6640625,8.6640625
2026-09-28 15:00:00,567.81,575.1239,7.313904,7.313904
2026-09-28 16:00:00,607.5,624.5889,17.088928,17.088928
2026-09-28 17:00:00,684.31,694.1528,9.842773,9.842773
2026-09-28 18:00:00,747.42,770.88586,23.465881,23.465881
2026-09-28 19:00:00,786.32,800.3486,14.028564,14.028564
2026-09-28 20:00:00,727.23,793.1046,65.87463,65.87463
2026-09-28 21:00:00,737.44,764.457,27.016968,27.016968
2026-09-28 22:00:00,695.38,732.0454,36.665405,36.665405
2026-09-28 23:00:00,689.49,697.3218,7.831787,7.831787
2026-09-29 00:00:00,634.61,672.39215,37.782166,37.782166
2026-09-29 01:00:00,658.52,666.81445,8.294434,8.294434
2026-09-29 02:00:00,618.73,655.3634,36.633423,36.633423
2026-09-29 03:00:00,624.38,652.3801,28.000122,28.000122
2026-09-29 04:00:00,657.15,658.4197,1.2696533,1.2696533
2026-09-29 05:00:00,650.67,663.2931,12.623108,12.623108
2026-09-29 06:00:00,704.65,680.4423,-24.207703,24.207703
2026-09-29 07:00:00,658.27,699.07904,40.80902,40.80902
2026-09-29 08:00:00,682.13,677.5729,-4.557129,4.557129
2026-09-29 09:00:00,655.63,635.2149,-20.4151,20.4151
2026-09-29 10:00:00,596.39,588.05835,-8.331665,8.331665
2026-09-29 11:00:00,579.91003,548.65546,-31.254578,31.254578
2026-09-29 12:00:00,544.52,522.63574,-21.884277,21.884277
2026-09-29 13:00:00,510.78003,523.37177,12.591736,12.591736
2026-09-29 14:00:00,528.35004,542.5022,14.152161,14.152161
2026-09-29 15:00:00,593.63,583.1873,-10.442688,10.442688
2026-09-29 16:00:00,637.15,636.53,-0.6199951,0.6199951
2026-09-29 17:00:00,685.89,703.72516,17.835144,17.835144
2026-09-29 18:00:00,759.85,771.29535,11.445374,11.445374
2026-09-29 19:00:00,748.26,794.47217,46.21216,46.21216
2026-09-29 20:00:00,750.25,782.5905,32.340515,32.340515
2026-09-29 21:00:00,752.91003,745.0623,-7.8477173,7.8477173
2026-09-29 22:00:00,689.79004,709.9706,20.180542,20.180542
2026-09-29 23:00:00,653.09,676.96716,23.877136,23.877136
2026-09-30 00:00:00,640.01,650.46826,10.458252,10.458252
2026-09-30 01:00:00,633.97003,645.81,11.839966,11.839966
2026-09-30 02:00:00,638.37,643.6142,5.2442017,5.2442017
2026-09-30 03:00:00,658.28,649.8164,-8.463623,8.463623
2026-09-30 04:00:00,651.48,658.81287,7.3328857,7.3328857
2026-09-30 05:00:00,612.91003,687.609,74.698975,74.698975
2026-09-30 06:00:00,728.05,698.47614,-29.573853,29.573853
2026-09-30 07:00:00,698.44,702.6145,4.1744995,4.1744995
2026-09-30 08:00:00,669.8,677.42456,7.6245728,7.6245728
2026-09-30 09:00:00,656.64,633.111,-23.528992,23.528992
2026-09-30 10:00:00,636.93,585.6726,-51.257385,51.257385
2026-09-30 11:00:00,560.86,556.33856,-4.5214233,4.5214233
2026-09-30 12:00:00,521.25,520.6963,-0.55371094,0.55371094
2026-09-30 13:00:00,521.35004,516.95374,-4.3963013,4.3963013
2026-09-30 14:00:00,555.2,535.1918,-20.00824,20.00824
2026-09-30 15:00:00,554.64,579.75934,25.119324,25.119324
2026-09-30 16:00:00,632.24,645.48553,13.245544,13.245544
2026-09-30 17:00:00,667.14,714.0391,46.89911,46.89911
2026-09-30 18:00:00,797.95,779.0884,-18.861633,18.861633
2026-09-30 19:00:00,742.83,807.75073,64.920715,64.920715
2026-09-30 20:00:00,753.71,782.833,29.122986,29.122986
2026-09-30 21:00:00,740.66003,747.0468,6.38678,6.38678
2026-09-30 22:00:00,693.97003,709.9656,15.995544,15.995544
2026-09-30 23:00:00,666.35,681.44556,15.095581,15.095581
2026-10-01 00:00:00,632.05,658.7267,26.676697,26.676697
2026-10-01 01:00:00,654.15,639.82697,-14.323059,14.323059
2026-10-01 02:00:00,620.62,634.2867,13.666687,13.666687
2026-10-01 03:00:00,636.16003,643.72754,7.567505,7.567505
2026-10-01 04:00:00,668.12,649.8627,-18.257324,18.257324
2026-10-01 05:00:00,655.96,671.1938,15.233765,15.233765
2026-10-01 06:00:00,715.24,690.79694,-24.443054,24.443054
2026-10-01 07:00:00,687.15,703.951,16.800964,16.800964
2026-10-01 08:00:00,710.17,678.1683,-32.00171,32.00171
2026-10-01 09:00:00,686.37,630.22217,-56.147827,56.147827
2026-10-01 10:00:00,591.98,588.14874,-3.8312378,3.8312378
2026-10-01 11:00:00,580.07,546.92926,-33.140747,33.140747
2026-10-01 12:00:00,553.71,518.66864,-35.04138,35.04138
2026-10-01 13:00:00,512.53,523.6557,11.125671,11.125671
2026-10-01 14:00:00,585.21,546.9547,-38.25531,38.25531
2026-10-01 15:00:00,554.02,597.1334,43.113403,43.113403
2026-10-01 16:00:00,622.91003,651.61847,28.708435,28.708435
2026-10-01 17:00:00,698.95,717.64935,18.69934,18.69934
2026-10-01 18:00:00,770.03,784.34985,14.319824,14.319824
2026-10-01 19:00:00,767.95,812.77356,44.823547,44.823547
2026-10-01 20:00:00,751.29004,798.5232,47.233154,47.233154
2026-10-01 21:00:00,727.36,759.0769,31.716919,31.716919
2026-10-01 22:00:00,730.34,714.48395,-15.856079,15.856079
2026-10-01 23:00:00,677.08,680.35443,3.274414,3.274414
2026-10-02 00:00:00,678.99,651.0964,-27.893616,27.893616
2026-10-02 01:00:00,629.73,635.21814,5.488159,5.488159
2026-10-02 02:00:00,670.24,628.0148,-42.22522,42.22522
2026-10-02 03:00:00,632.13,640.31824,8.188232,8.188232
2026-10-02 04:00:00,611.69,657.3908,45.700806,45.700806
2026-10-02 05:00:00,654.52,667.3495,12.829468,12.829468
2026-10-02 06:00:00,679.63,689.9156,10.2855835,10.2855835
2026-10-02 07:00:00,655.65,706.18097,50.530945,50.530945
2026-10-02 08:00:00,731.71,678.5645,-53.145508,53.145508
2026-10-02 09:00:00,596.96,645.34424,48.384216,48.384216
2026-10-02 10:00:00,603.88,591.72375,-12.15625,12.15625
2026-10-02 11:00:00,540.05,550.8768,10.826782,10.826782
2026-10-02 12:00:00,552.87,518.81555,-34.054443,34.054443
2026-10-02 13:00:00,522.13,514.9796,-7.1503906,7.1503906
2026-10-02 14:00:00,569.55,537.1484,-32.40161,32.40161
2026-10-02 15:00:00,596.98,587.6744,-9.305603,9.305603
2026-10-02 16:00:00,623.0,649.3364,26.336426,26.336426
2026-10-02 17:00:00,703.29004,715.43414,12.144104,12.144104
2026-10-02 18:00:00,747.87,773.33215,25.462158,25.462158
2026-10-02 19:00:00,709.72003,805.2359,95.51587,95.51587
2026-10-02 20:00:00,736.33,792.89355,56.563538,56.563538
2026-10-02 21:00:00,760.93,758.17633,-2.753662,2.753662
2026-10-02 22:00:00,703.4,715.62537,12.225342,12.225342
2026-10-02 23:00:00,651.29004,668.7564,17.46637,17.46637
2026-10-03 00:00:00,535.09,634.558,99.46796,99.46796
2026-10-03 01:00:00,543.71,567.01544,23.30542,23.30542
2026-10-03 02:00:00,543.93,544.12213,0.19213867,0.19213867
2026-10-03 03:00:00,577.23,540.29474,-36.93524,36.93524
2026-10-03 04:00:00,551.78,553.52576,1.7457275,1.7457275
2026-10-03 05:00:00,578.44,569.11316,-9.326843,9.326843
2026-10-03 06:00:00,597.59,585.235,-12.3550415,12.3550415
2026-10-03 07:00:00,570.84,600.3766,29.53656,29.53656
2026-10-03 08:00:00,585.55,572.84,-12.709961,12.709961
2026-10-03 09:00:00,530.38,530.69116,0.31115723,0.31115723
2026-10-03 10:00:00,470.38,483.60126,13.221252,13.221252
2026-10-03 11:00:00,472.78003,444.55084,-28.229187,28.229187
2026-10-03 12:00:00,454.91003,424.13245,-30.777588,30.777588
2026-10-03 13:00:00,412.44,421.55182,9.111816,9.111816
2026-10-03 14:00:00,479.30002,435.93527,-43.364746,43.364746
2026-10-03 15:00:00,493.76,484.15955,-9.600464,9.600464
2026-10-03 16:00:00,551.98,540.4622,-11.517761,11.517761
2026-10-03 17:00:00,592.38,609.2208,16.84082,16.84082
2026-10-03 18:00:00,603.56,669.9163,66.35632,66.35632
2026-10-03 19:00:00,634.04004,696.1072,62.06714,62.06714
2026-10-03 20:00:00,650.16003,683.38824,33.22821,33.22821
2026-10-03 21:00:00,588.07,650.3956,62.325623,62.325623
2026-10-03 22:00:00,576.55,617.7465,41.196533,41.196533
2026-10-03 23:00:00,560.92004,594.9656,34.045532,34.045532
2026-10-04 00:00:00,512.17004,576.94946,64.77942,64.77942
2026-10-04 01:00:00,543.54004,556.2102,12.670166,12.670166
2026-10-04 02:00:00,539.08,547.19293,8.112915,8.112915
2026-10-04 03:00:00,506.86002,542.34564,35.485626,35.485626
2026-10-04 04:00:00,541.58,545.1172,3.5371704,3.5371704
2026-10-04 05:00:00,590.95,550.2902,-40.65979,40.65979
2026-10-04 06:00:00,580.13,565.55304,-14.576965,14.576965
2026-10-04 07:00:00,543.46,571.3934,27.93335,27.93335
2026-10-04 08:00:00,538.96,550.23315,11.273132,11.273132
2026-10-04 09:00:00,550.04004,521.52313,-28.516907,28.516907
2026-10-04 10:00:00,447.58002,486.20984,38.62982,38.62982
2026-10-04 11:00:00,476.07,443.79877,-32.27124,32.27124
2026-10-04 12:00:00,406.13,428.22864,22.098633,22.098633
2026-10-04 13:00:00,412.52002,421.14758,8.627563,8.627563
2026-10-04 14:00:00,439.55002,444.85587,5.305847,5.305847
2026-10-04 15:00:00,475.76,485.68716,9.927155,9.927155
2026-10-04 16:00:00,539.64,543.013,3.3729858,3.3729858
2026-10-04 17:00:00,587.59,614.0646,26.474548,26.474548
2026-10-04 18:00:00,664.76,674.83655,10.076538,10.076538
2026-10-04 19:00:00,665.87,698.51904,32.649048,32.649048
2026-10-04 20:00:00,623.86,685.7739,61.91394,61.91394
2026-10-04 21:00:00,603.53,650.5875,47.057495,47.057495
2026-10-04 22:00:00,579.79004,618.4603,38.670288,38.670288
2026-10-04 23:00:00,525.14,596.22894,71.08893,71.08893
2026-10-05 00:00:00,616.78,577.6234,-39.156616,39.156616
2026-10-05 01:00:00,670.52,644.1856,-26.334412,26.334412
2026-10-05 02:00:00,618.39,610.70593,-7.684082,7.684082
2026-10-05 03:00:00,632.45,621.12305,-11.326965,11.326965
2026-10-05 04:00:00,643.57,635.245,-8.325012,8.325012
2026-10-05 05:00:00,675.61,649.8176,-25.792358,25.792358
2026-10-05 06:00:00,696.39,666.144,-30.246033,30.246033
2026-10-05 07:00:00,663.53,674.0022,10.472168,10.472168
2026-10-05 08:00:00,696.04,645.9232,-50.11676,50.11676
2026-10-05 09:00:00,635.81,613.8333,-21.976685,21.976685
2026-10-05 10:00:00,579.08,575.78406,-3.2959595,3.2959595
2026-10-05 11:00:00,607.46,537.0629,-70.397095,70.397095
2026-10-05 12:00:00,528.4,515.86,-12.540039,12.540039
2026-10-05 13:00:00,541.9,514.94556,-26.954468,26.954468
2026-10-05 14:00:00,532.29004,532.29834,0.008300781,0.008300781
2026-10-05 15:00:00,590.7,570.07745,-20.622559,20.622559
2026-10-05 16:00:00,592.15,623.1086,30.958557,30.958557
2026-10-05 17:00:00,683.74,685.63464,1.8946533,1.8946533
2026-10-05 18:00:00,728.5,751.75745,23.257446,23.257446
2026-10-05 19:00:00,759.98,781.523,21.54303,21.54303
2026-10-05 20:00:00,741.18,780.9382,39.75818,39.75818
2026-10-05 21:00:00,737.93,753.14374,15.213745,15.213745
2026-10-05 22:00:00,672.93,723.0091,50.0791,50.0791
2026-10-05 23:00:00,649.84,688.9379,39.0979,39.0979
2026-10-06 00:00:00,639.01,664.49115,25.48114,25.48114
2026-10-06 01:00:00,666.02,655.63116,-10.388855,10.388855
2026-10-06 02:00:00,680.03,658.693,-21.337036,21.337036
2026-10-06 03:00:00,622.67,657.10706,34.437073,34.437073
2026-10-06 04:00:00,632.38,662.1267,29.746704,29.746704
2026-10-06 05:00:00,667.56,677.3958,9.835815,9.835815
2026-10-06 06:00:00,698.33,689.6932,-8.636841,8.636841
2026-10-06 07:00:00,726.55,699.1807,-27.369263,27.369263
2026-10-06 08:00:00,694.5,683.1155,-11.3845215,11.3845215
2026-10-06 09:00:00,660.79,642.52673,-18.263245,18.263245
2026-10-06 10:00:00,609.56,596.20746,-13.352539,13.352539
2026-10-06 11:00:00,545.61,553.1906,7.5806274,7.5806274
2026-10-06 12:00:00,543.15,517.8308,-25.319214,25.319214
2026-10-06 13:00:00,519.51,514.1387,-5.371338,5.371338
2026-10-06 14:00:00,132.90002,528.9174,396.0174,396.0174
2026-10-06 15:00:00,616.68,548.2032,-68.47681,68.47681
2026-10-06 16:00:00,1181.62,609.35474,-572.26526,572.26526
2026-10-06 17:00:00,707.77,680.93,-26.840027,26.840027
2026-10-06 18:00:00,728.92,749.0188,20.098816,20.098816
2026-10-06 19:00:00,749.74,785.93335,36.19336,36.19336
2026-10-06 20:00:00,770.92,784.17065,13.250671,13.250671
2026-10-06 21:00:00,701.31,752.41864,51.108643,51.108643
2026-10-06 22:00:00,730.69,714.32117,-16.368835,16.368835
2026-10-06 23:00:00,661.71,685.74976,24.039734,24.039734
2026-10-07 00:00:00,680.31,657.2781,-23.031921,23.031921
2026-10-07 01:00:00,597.86,651.9278,54.06781,54.06781
2026-10-07 02:00:00,629.73,638.8646,9.134644,9.134644
2026-10-07 03:00:00,676.18,639.97156,-36.208435,36.208435
2026-10-07 04:00:00,644.14,651.8359,7.695862,7.695862
2026-10-07 05:00:00,661.2,661.9581,0.7581177,0.7581177
2026-10-07 06:00:00,689.03,681.41187,-7.618164,7.618164
2026-10-07 07:00:00,666.55,690.6108,24.060791,24.060791
2026-10-07 08:00:00,667.76,668.7298,0.9697876,0.9697876
2026-10-07 09:00:00,662.13,626.7741,-35.355896,35.355896
2026-10-07 10:00:00,537.18,577.79376,40.61377,40.61377
2026-10-07 11:00:00,562.64,533.8162,-28.823792,28.823792
2026-10-07 12:00:00,549.71,509.17914,-40.530884,40.530884
2026-10-07 13:00:00,515.67004,513.29645,-2.3735962,2.3735962
2026-10-07 14:00:00,570.31,530.27484,-40.035156,40.035156
2026-10-07 15:00:00,585.03,584.7127,-0.31732178,0.31732178
2026-10-07 16:00:00,638.41003,639.2386,0.82855225,0.82855225
2026-10-07 17:00:00,691.72003,705.67035,13.950317,13.950317
2026-10-07 18:00:00,737.06,770.4866,33.426575,33.426575
2026-10-07 19:00:00,760.19,798.2008,38.010803,38.010803
2026-10-07 20:00:00,741.53,779.9354,38.405396,38.405396
2026-10-07 21:00:00,734.37,743.09015,8.720154,8.720154
2026-10-07 22:00:00,716.74,711.6836,-5.0563965,5.0563965
2026-10-07 23:00:00,669.05,679.22534,10.175354,10.175354
2026-10-08 00:00:00,619.33,648.10364,28.77362,28.77362
2026-10-08 01:00:00,582.97003,635.36285,52.392822,52.392822
2026-10-08 02:00:00,642.34,629.0713,-13.268738,13.268738
2026-10-08 03:00:00,654.63,633.0234,-21.606628,21.606628
2026-10-08 04:00:00,624.0,656.4032,32.4032,32.4032
2026-10-08 05:00:00,662.64,670.45526,7.8152466,7.8152466
2026-10-08 06:00:00,659.0,682.23175,23.23175,23.23175
2026-10-08 07:00:00,705.35,696.52936,-8.820618,8.820618
2026-10-08 08:00:00,637.99,674.5011,36.51111,36.51111
2026-10-08 09:00:00,646.88,627.7866,-19.093384,19.093384
2026-10-08 10:00:00,582.79004,580.628,-2.1620483,2.1620483
2026-10-08 11:00:00,557.51,540.73065,-16.779358,16.779358
2026-10-08 12:00:00,545.82,510.4234,-35.396606,35.396606
2026-10-08 13:00:00,563.22003,518.9291,-44.290955,44.290955
2026-10-08 14:00:00,574.29004,546.41943,-27.870605,27.870605
2026-10-08 15:00:00,566.79004,582.3193,15.529236,15.529236
2026-10-08 16:00:00,674.15,642.65137,-31.498657,31.498657
2026-10-08 17:00:00,688.39,711.5459,23.155884,23.155884
2026-10-08 18:00:00,708.26,770.15186,61.891846,61.891846
2026-10-08 19:00:00,748.09,793.568,45.477966,45.477966
2026-10-08 20:00:00,720.64,781.0463,60.40631,60.40631
2026-10-08 21:00:00,693.72003,743.6744,49.954346,49.954346
2026-10-08 22:00:00,676.97003,704.2274,27.257385,27.257385
2026-10-08 23:00:00,641.96,669.94244,27.982422,27.982422
2026-10-09 00:00:00,637.45,636.6574,-0.79260254,0.79260254
2026-10-09 01:00:00,623.10004,628.87585,5.775818,5.775818
2026-10-09 02:00:00,677.44,625.1181,-52.3219,52.3219
2026-10-09 03:00:00,639.11,635.6496,-3.4603882,3.4603882
2026-10-09 04:00:00,608.85004,664.9068,56.056763,56.056763
2026-10-09 05:00:00,675.91003,666.4474,-9.4626465,9.4626465
2026-10-09 06:00:00,694.26,684.39075,-9.869263,9.869263
2026-10-09 07:00:00,661.29,700.2982,39.00824,39.00824
2026-10-09 08:00:00,667.65,678.444,10.793945,10.793945
2026-10-09 09:00:00,619.18,637.5994,18.419434,18.419434
2026-10-09 10:00:00,596.38,587.697,-8.682983,8.682983
2026-10-09 11:00:00,526.08,548.339,22.258972,22.258972
2026-10-09 12:00:00,551.26,513.18384,-38.07617,38.07617
2026-10-09 13:00:00,541.63,510.8038,-30.826202,30.826202
2026-10-09 14:00:00,573.60004,523.2137,-50.386353,50.386353
2026-10-09 15:00:00,554.04004,571.34515,17.305115,17.305115
2026-10-09 16:00:00,630.55,618.92236,-11.6276245,11.6276245
2026-10-09 17:00:00,699.27,701.23395,1.9639282,1.9639282
2026-10-09 18:00:00,749.85,768.5264,18.676453,18.676453
2026-10-09 19:00:00,777.52,804.33344,26.813416,26.813416
2026-10-09 20:00:00,758.77,792.68445,33.91443,33.91443
2026-10-09 21:00:00,716.81,754.54663,37.736633,37.736633
2026-10-09 22:00:00,711.71,708.03827,-3.671753,3.671753
2026-10-09 23:00:00,682.89,674.75586,-8.134155,8.134155
2026-10-10 00:00:00,549.32,640.2091,90.8891,90.8891
2026-10-10 01:00:00,512.84,571.75165,58.91162,58.91162
2026-10-10 02:00:00,483.66003,539.92596,56.26593,56.26593
2026-10-10 03:00:00,519.85004,541.0967,21.246643,21.246643
2026-10-10 04:00:00,523.47003,539.02747,15.557434,15.557434
2026-10-10 05:00:00,592.73,552.2772,-40.45276,40.45276
2026-10-10 06:00:00,530.54004,572.1991,41.659058,41.659058
2026-10-10 07:00:00,634.49,582.2672,-52.22278,52.22278
2026-10-10 08:00:00,580.49,571.85974,-8.630249,8.630249
2026-10-10 09:00:00,563.15,532.8971,-30.25293,30.25293
2026-10-10 10:00:00,535.41003,493.32294,-42.087097,42.087097
2026-10-10 11:00:00,453.56,456.6407,3.0806885,3.0806885
2026-10-10 12:00:00,431.18002,419.50964,-11.67038,11.67038
2026-10-10 13:00:00,424.73,411.524,-13.206024,13.206024
2026-10-10 14:00:00,443.43002,427.9519,-15.478119,15.478119
2026-10-10 15:00:00,461.22003,468.05154,6.8315125,6.8315125
2026-10-10 16:00:00,523.07,527.5568,4.4868164,4.4868164
2026-10-10 17:00:00,579.41003,599.1626,19.752563,19.752563
2026-10-10 18:00:00,624.52,657.5092,32.989197,32.989197
2026-10-10 19:00:00,667.0,684.0625,17.0625,17.0625
2026-10-10 20:00:00,614.03,676.3419,62.31189,62.31189
2026-10-10 21:00:00,606.37,641.8353,35.465332,35.465332
2026-10-10 22:00:00,584.94,608.3178,23.377808,23.377808
2026-10-10 23:00:00,503.54004,586.65155,83.11151,83.11151
2026-10-11 00:00:00,476.41003,565.77466,89.364624,89.364624
2026-10-11 01:00:00,531.27,540.38525,9.115234,9.115234
2026-10-11 02:00:00,486.89,526.08044,39.19043,39.19043
2026-10-11 03:00:00,527.75,524.1367,-3.6132812,3.6132812
2026-10-11 04:00:00,523.05,530.71515,7.665161,7.665161
2026-10-11 05:00:00,561.35004,536.21454,-25.135498,25.135498
2026-10-11 06:00:00,586.4,554.05005,-32.349976,32.349976
2026-10-11 07:00:00,550.59,573.7634,23.1734,23.1734
2026-10-11 08:00:00,594.24,555.5952,-38.644775,38.644775
2026-10-11 09:00:00,551.84,526.1941,-25.645935,25.645935
2026-10-11 10:00:00,491.11002,494.46033,3.3503113,3.3503113
2026-10-11 11:00:00,485.57,450.5952,-34.974792,34.974792
2026-10-11 12:00:00,435.18002,428.91867,-6.2613525,6.2613525
2026-10-11 13:00:00,417.17,421.3649,4.1948853,4.1948853
2026-10-11 14:00:00,450.76,440.66904,-10.090973,10.090973
2026-10-11 15:00:00,483.55002,484.5794,1.0293884,1.0293884
2026-10-11 16:00:00,524.29004,532.07465,7.784607,7.784607
2026-10-11 17:00:00,599.83,588.8147,-11.01532,11.01532
2026-10-11 18:00:00,642.42,651.63464,9.214661,9.214661
2026-10-11 19:00:00,597.26,689.3468,92.08679,92.08679
2026-10-11 20:00:00,668.82,676.1733,7.3532715,7.3532715
2026-10-11 21:00:00,610.47003,646.20197,35.731934,35.731934
2026-10-11 22:00:00,592.67,617.4996,24.82959,24.82959
2026-10-11 23:00:00,548.12,594.6098,46.489807,46.489807
2026-10-12 00:00:00,597.55,580.04315,-17.506836,17.506836
2026-10-12 01:00:00,590.54004,629.36975,38.829712,38.829712
2026-10-12 02:00:00,612.77,636.0388,23.268799,23.268799
2026-10-12 03:00:00,636.07,645.75323,9.683228,9.683228
2026-10-12 04:00:00,620.83,653.61926,32.789246,32.789246
2026-10-12 05:00:00,681.8,652.9437,-28.856262,28.856262
2026-10-12 06:00:00,675.39,667.9532,-7.4368286,7.4368286
2026-10-12 07:00:00,720.85,684.5851,-36.264893,36.264893
2026-10-12 08:00:00,683.37,669.92224,-13.447754,13.447754
2026-10-12 09:00:00,649.0,629.5089,-19.491089,19.491089
2026-10-12 10:00:00,574.97003,585.8128,10.842773,10.842773
2026-10-12 11:00:00,537.36,544.1336,6.7736206,6.7736206
2026-10-12 12:00:00,510.01,511.06384,1.053833,1.053833
2026-10-12 13:00:00,510.19,509.85776,-0.33224487,0.33224487
2026-10-12 14:00:00,536.2,531.6851,-4.5148926,4.5148926
2026-10-12 15:00:00,606.52,571.81696,-34.703064,34.703064
2026-10-12 16:00:00,675.05,623.92145,-51.12854,51.12854
2026-10-12 17:00:00,656.21,690.0037,33.7937,33.7937
2026-10-12 18:00:00,740.83,739.02454,-1.805481,1.805481
2026-10-12 19:00:00,754.17,770.6815,16.511536,16.511536
2026-10-12 20:00:00,739.87,763.9256,24.055603,24.055603
2026-10-12 21:00:00,692.88,734.05975,41.17975,41.17975
2026-10-12 22:00:00,699.67,701.4234,1.753418,1.753418
2026-10-12 23:00:00,658.08,674.92896,16.848938,16.848938
2026-10-13 00:00:00,643.52,655.33746,11.817444,11.817444
2026-10-13 01:00:00,628.97003,652.4672,23.497192,23.497192
2026-10-13 02:00:00,584.51,640.62256,56.11255,56.11255
2026-10-13 03:00:00,617.42,653.88007,36.460083,36.460083
2026-10-13 04:00:00,655.14,653.42694,-1.7130737,1.7130737
2026-10-13 05:00:00,663.14,664.66675,1.5267334,1.5267334
2026-10-13 06:00:00,688.84,684.3193,-4.520752,4.520752
2026-10-13 07:00:00,712.94,689.947,-22.992981,22.992981
2026-10-13 08:00:00,660.25,667.6687,7.418701,7.418701
2026-10-13 09:00:00,654.31,633.5773,-20.732727,20.732727
2026-10-13 10:00:00,656.61,589.1541,-67.45587,67.45587
2026-10-13 11:00:00,584.54004,555.5518,-28.98822,28.98822
2026-10-13 12:00:00,554.96,526.7212,-28.23883,28.23883
2026-10-13 13:00:00,551.81,524.28284,-27.52716,27.52716
2026-10-13 14:00:00,572.71,543.09314,-29.616882,29.616882
2026-10-13 15:00:00,588.52,578.3992,-10.12085,10.12085
2026-10-13 16:00:00,634.23,634.3834,0.15344238,0.15344238
2026-10-13 17:00:00,716.49,692.22003,-24.269958,24.269958
2026-10-13 18:00:00,685.03,754.88293,69.852905,69.852905
2026-10-13 19:00:00,714.58,777.80945,63.22943,63.22943
2026-10-13 20:00:00,711.31,763.91046,52.600464,52.600464
2026-10-13 21:00:00,700.85,731.32874,30.47876,30.47876
2026-10-13 22:00:00,688.91003,695.7111,6.8010864,6.8010864
2026-10-13 23:00:00,686.55,666.2577,-20.292297,20.292297
2026-10-14 00:00:00,605.95,645.54205,39.59204,39.59204
2026-10-14 01:00:00,664.06,634.2866,-29.773376,29.773376
2026-10-14 02:00:00,616.41003,631.1101,14.700073,14.700073
2026-10-14 03:00:00,648.19,643.0761,-5.1138916,5.1138916
2026-10-14 04:00:00,636.22003,652.72363,16.503601,16.503601
2026-10-14 05:00:00,628.64,663.6767,35.036682,35.036682
2026-10-14 06:00:00,709.96,680.4671,-29.49292,29.49292
2026-10-14 07:00:00,673.31,695.7889,22.478882,22.478882
2026-10-14 08:00:00,637.69,666.7552,29.065186,29.065186
2026-10-14 09:00:00,649.48,619.08875,-30.391235,30.391235
2026-10-14 10:00:00,619.19,573.8631,-45.326904,45.326904
2026-10-14 11:00:00,596.7,540.6654,-56.034607,56.034607
2026-10-14 12:00:00,559.61,518.7886,-40.82141,40.82141
2026-10-14 13:00:00,551.01,512.7212,-38.28882,38.28882
2026-10-14 14:00:00,526.58,533.04236,6.4623413,6.4623413
2026-10-14 15:00:00,536.12,574.78534,38.665344,38.665344
2026-10-14 16:00:00,591.46,629.29956,37.83954,37.83954
2026-10-14 17:00:00,707.2,690.74786,-16.452148,16.452148
2026-10-14 18:00:00,747.53,725.7739,-21.756104,21.756104
2026-10-14 19:00:00,750.47,775.396,24.926025,24.926025
2026-10-14 20:00:00,763.18,773.8142,10.634216,10.634216
2026-10-14 21:00:00,728.96,746.97046,18.010437,18.010437
2026-10-14 22:00:00,679.83,707.6384,27.80841,27.80841
2026-10-14 23:00:00,669.92,672.43933,2.5193481,2.5193481
2026-10-15 00:00:00,601.44,643.4493,42.009277,42.009277
2026-10-15 01:00:00,687.51,634.2213,-53.288696,53.288696
2026-10-15 02:00:00,581.99,628.39056,46.400574,46.400574
2026-10-15 03:00:00,617.87,628.422,10.552002,10.552002
2026-10-15 04:00:00,619.19,641.7235,22.533508,22.533508
2026-10-15 05:00:00,650.01,672.4149,22.404907,22.404907
2026-10-15 06:00:00,680.61,684.4553,3.845337,3.845337
2026-10-15 07:00:00,728.28,697.6589,-30.621155,30.621155
2026-10-15 08:00:00,692.59,687.4147,-5.175354,5.175354
2026-10-15 09:00:00,646.22003,648.2069,1.9868774,1.9868774
2026-10-15 10:00:00,617.08,598.4316,-18.648438,18.648438
2026-10-15 11:00:00,542.35004,549.90155,7.5515137,7.5515137
2026-10-15 12:00:00,545.57,514.2653,-31.304688,31.304688
2026-10-15 13:00:00,526.53,512.28613,-14.2438965,14.2438965
2026-10-15 14:00:00,513.88,533.53375,19.653748,19.653748
2026-10-15 15:00:00,564.21,576.5761,12.366089,12.366089
2026-10-15 16:00:00,617.23,629.43896,12.208984,12.208984
2026-10-15 17:00:00,736.75,695.28326,-41.466736,41.466736
2026-10-15 18:00:00,735.41003,773.27295,37.862915,37.862915
2026-10-15 19:00:00,747.32,801.0868,53.766785,53.766785
2026-10-15 20:00:00,727.39,782.0752,54.68518,54.68518
2026-10-15 21:00:00,673.69,736.93463,63.24463,63.24463
2026-10-15 22:00:00,660.06,695.9965,35.936523,35.936523
2026-10-15 23:00:00,638.0,663.3066,25.30658,25.30658
2026-10-16 00:00:00,652.34,631.27795,-21.062073,21.062073
2026-10-16 01:00:00,624.88,623.9386,-0.94140625,0.94140625
2026-10-16 02:00:00,628.05,620.0962,-7.9537964,7.9537964
2026-10-16 03:00:00,654.88,626.19434,-28.685669,28.685669
2026-10-16 04:00:00,657.48,643.118,-14.3619995,14.3619995
2026-10-16 05:00:00,670.22003,660.0168,-10.203247,10.203247
2026-10-16 06:00:00,715.37,681.57654,-33.793457,33.793457
2026-10-16 07:00:00,676.05,699.03186,22.981873,22.981873
2026-10-16 08:00:00,622.46,680.28754,57.827515,57.827515
2026-10-16 09:00:00,655.03,636.35974,-18.670288,18.670288
2026-10-16 10:00:00,584.51,594.5906,10.080566,10.080566
2026-10-16 11:00:00,581.61,549.3054,-32.304565,32.304565
2026-10-16 12:00:00,536.44,519.99927,-16.440735,16.440735
2026-10-16 13:00:00,605.74,515.9456,-89.79437,89.79437
2026-10-16 14:00:00,574.15,541.14825,-33.00177,33.00177
2026-10-16 15:00:00,589.67,574.03076,-15.639221,15.639221
2026-10-16 16:00:00,657.19,631.0603,-26.1297,26.1297
2026-10-16 17:00:00,661.83,703.5616,41.731567,41.731567
2026-10-16 18:00:00,724.09,771.3022,47.21216,47.21216
2026-10-16 19:00:00,730.09,794.5856,64.495544,64.495544
2026-10-16 20:00:00,734.72003,775.86865,41.14862,41.14862
2026-10-16 21:00:00,674.72003,735.2719,60.55188,60.55188
2026-10-16 22:00:00,649.27,689.55237,40.28235,40.28235
2026-10-16 23:00:00,639.36,651.57043,12.210449,12.210449
2026-10-17 00:00:00,471.98,619.0435,147.0635,147.0635
2026-10-17 01:00:00,505.83002,550.4647,44.634705,44.634705
2026-10-17 02:00:00,484.45,535.46045,51.010437,51.010437
2026-10-17 03:00:00,508.98,518.9945,10.014496,10.014496
2026-10-17 04:00:00,489.40002,531.88416,42.48413,42.48413
2026-10-17 05:00:00,579.31,539.5474,-39.762573,39.762573
2026-10-17 06:00:00,603.66003,558.19556,-45.464478,45.464478
2026-10-17 07:00:00,565.42004,581.30725,15.887207,15.887207
2026-10-17 08:00:00,584.51,562.22986,-22.280151,22.280151
2026-10-17 09:00:00,561.75,532.5097,-29.240295,29.240295
2026-10-17 10:00:00,505.69,491.03168,-14.658325,14.658325
2026-10-17 11:00:00,427.89,448.31308,20.423065,20.423065
2026-10-17 12:00:00,398.48,426.5614,28.08139,28.08139
2026-10-17 13:00:00,461.74002,416.47754,-45.26248,45.26248
2026-10-17 14:00:00,411.17004,439.0877,27.917664,27.917664
2026-10-17 15:00:00,483.48004,478.1681,-5.3119507,5.3119507
2026-10-17 16:00:00,502.79,541.6245,38.834503,38.834503
2026-10-17 17:00:00,554.92,603.5625,48.642517,48.642517
2026-10-17 18:00:00,616.41003,665.11774,48.707703,48.707703
2026-10-17 19:00:00,652.79,684.79614,32.006165,32.006165
2026-10-17 20:00:00,630.04004,673.016,42.975952,42.975952
2026-10-17 21:00:00,569.3,639.3491,70.04913,70.04913
2026-10-17 22:00:00,564.54004,607.92725,43.387207,43.387207
2026-10-17 23:00:00,523.09,586.3961,63.30609,63.30609
2026-10-18 00:00:00,511.78,568.9803,57.200287,57.200287
2026-10-18 01:00:00,524.66003,549.66644,25.006409,25.006409
2026-10-18 02:00:00,505.88,538.7279,32.8479,32.8479
2026-10-18 03:00:00,518.25,533.50696,15.256958,15.256958
2026-10-18 04:00:00,517.65,529.87067,12.220642,12.220642
2026-10-18 05:00:00,561.45,534.3255,-27.124512,27.124512
2026-10-18 06:00:00,580.72003,548.1215,-32.59851,32.59851
2026-10-18 07:00:00,586.48,569.127,-17.352966,17.352966
2026-10-18 08:00:00,568.34,553.1969,-15.143127,15.143127
2026-10-18 09:00:00,579.0,522.55786,-56.44214,56.44214
2026-10-18 10:00:00,491.81,490.81326,-0.9967346,0.9967346
2026-10-18 11:00:00,452.65002,453.1796,0.52957153,0.52957153
2026-10-18 12:00:00,405.64,426.96362,21.323608,21.323608
2026-10-18 13:00:00,465.64,416.2556,-49.3844,49.3844
2026-10-18 14:00:00,463.05002,439.76587,-23.28415,23.28415
2026-10-18 15:00:00,485.71002,481.7698,-3.940216,3.940216
2026-10-18 16:00:00,487.13,531.9178,44.78778,44.78778
2026-10-18 17:00:00,590.32,588.34686,-1.9731445,1.9731445
2026-10-18 18:00:00,622.99,656.8321,33.842102,33.842102
2026-10-18 19:00:00,657.71,683.21466,25.504639,25.504639
2026-10-18 20:00:00,630.13,670.31433,40.184326,40.184326
2026-10-18 21:00:00,596.64,637.6151,40.975098,40.975098
2026-10-18 22:00:00,557.39,608.66223,51.272217,51.272217
2026-10-18 23:00:00,543.08,586.99615,43.916138,43.916138
2026-10-19 00:00:00,641.14,569.9587,-71.181335,71.181335
2026-10-19 01:00:00,649.52,635.4635,-14.056519,14.056519
2026-10-19 02:00:00,606.08,639.86487,33.78485,33.78485
2026-10-19 03:00:00,628.58,656.3955,27.81549,27.81549
2026-10-19 04:00:00,616.22003,651.5837,35.363647,35.363647
2026-10-19 05:00:00,650.53,655.9711,5.441101,5.441101
2026-10-19 06:00:00,670.18,666.7389,-3.441101,3.441101
2026-10-19 07:00:00,675.34,677.34705,2.007019,2.007019
2026-10-19 08:00:00,680.36,660.12775,-20.232239,20.232239
2026-10-19 09:00:00,680.59,626.34247,-54.24756,54.24756
2026-10-19 10:00:00,569.99,588.8741,18.884094,18.884094
2026-10-19 11:00:00,557.84,541.78235,-16.057678,16.057678
2026-10-19 12:00:00,523.52,512.3948,-11.125244,11.125244
2026-10-19 13:00:00,524.38,510.64627,-13.733734,13.733734
2026-10-19 14:00:00,586.24,532.0281,-54.211914,54.211914
2026-10-19 15:00:00,590.92,570.5887,-20.331299,20.331299
2026-10-19 16:00:00,613.97003,622.19214,8.222107,8.222107
2026-10-19 17:00:00,715.09,687.6327,-27.457336,27.457336
2026-10-19 18:00:00,739.46,751.962,12.501953,12.501953
2026-10-19 19:00:00,727.66003,780.1713,52.51129,52.51129
2026-10-19 20:00:00,732.74,765.0937,32.3537,32.3537
2026-10-19 21:00:00,705.87,734.4694,28.599426,28.599426
2026-10-19 22:00:00,690.38,703.324,12.94397,12.94397
2026-10-19 23:00:00,660.0,673.3626,13.36261,13.36261
2026-10-20 00:00:00,622.72003,652.72815,30.008118,30.008118
2026-10-20 01:00:00,641.29004,644.8646,3.574585,3.574585
2026-10-20 02:00:00,619.67,638.2652,18.595215,18.595215
2026-10-20 03:00:00,631.45,635.9469,4.496887,4.496887
2026-10-20 04:00:00,683.39,639.9536,-43.4364,43.4364
2026-10-20 05:00:00,625.52,651.7552,26.235168,26.235168
2026-10-20 06:00:00,707.81,662.38257,-45.42743,45.42743
2026-10-20 07:00:00,672.35004,675.0956,2.7455444,2.7455444
2026-10-20 08:00:00,688.07,649.21094,-38.85907,38.85907
2026-10-20 09:00:00,643.07,610.44904,-32.62097,32.62097
2026-10-20 10:00:00,574.48,572.4761,-2.0039062,2.0039062
2026-10-20 11:00:00,537.76,535.97626,-1.7837524,1.7837524
2026-10-20 12:00:00,517.62,504.95435,-12.665649,12.665649
2026-10-20 13:00:00,537.39,512.02295,-25.367065,25.367065
2026-10-20 14:00:00,544.97003,536.00793,-8.962097,8.962097
2026-10-20 15:00:00,585.71,577.186,-8.524048,8.524048
2026-10-20 16:00:00,659.82,633.29425,-26.525757,26.525757
2026-10-20 17:00:00,662.17,636.49207,-25.677917,25.677917
2026-10-20 18:00:00,721.38,694.82574,-26.55426,26.55426
2026-10-20 19:00:00,732.29004,732.57043,0.2803955,0.2803955
2026-10-20 20:00:00,756.74,730.8855,-25.854492,25.854492
2026-10-20 21:00:00,698.35,712.0006,13.650635,13.650635
2026-10-20 22:00:00,685.46,684.8399,-0.6201172,0.6201172
2026-10-20 23:00:00,620.99,657.64606,36.656067,36.656067
2026-10-21 00:00:00,625.76,632.4908,6.730774,6.730774
2026-10-21 01:00:00,633.83,623.5939,-10.236145,10.236145
2026-10-21 02:00:00,621.99,626.16455,4.1745605,4.1745605
2026-10-21 03:00:00,619.31,631.98193,12.671936,12.671936
2026-10-21 04:00:00,609.23,640.0246,30.794617,30.794617
2026-10-21 05:00:00,699.41003,653.8336,-45.576416,45.576416
2026-10-21 06:00:00,688.17,671.12335,-17.04663,17.04663
2026-10-21 07:00:00,746.14,689.0681,-57.0719,57.0719
2026-10-21 08:00:00,692.59,669.68225,-22.907776,22.907776
2026-10-21 09:00:00,657.14,627.6785,-29.461487,29.461487
2026-10-21 10:00:00,590.55,577.8224,-12.7276,12.7276
2026-10-21 11:00:00,556.47003,535.7605,-20.709534,20.709534
2026-10-21 12:00:00,537.28,509.0802,-28.19983,28.19983
2026-10-21 13:00:00,555.32,511.61728,-43.70273,43.70273
2026-10-21 14:00:00,575.49,540.84186,-34.648132,34.648132
2026-10-21 15:00:00,563.72003,573.3649,9.644897,9.644897
2026-10-21 16:00:00,608.15,623.32355,15.173523,15.173523
2026-10-21 17:00:00,668.27,686.95593,18.685913,18.685913
2026-10-21 18:00:00,745.43,755.2677,9.8377075,9.8377075
2026-10-21 19:00:00,737.1,779.94464,42.844666,42.844666
2026-10-21 20:00:00,732.31,766.19824,33.888245,33.888245
2026-10-21 21:00:00,745.32,730.3277,-14.99231,14.99231
2026-10-21 22:00:00,669.24,695.56793,26.327942,26.327942
2026-10-21 23:00:00,625.76,658.1895,32.429504,32.429504
2026-10-22 00:00:00,660.37,628.1681,-32.201904,32.201904
2026-10-22 01:00:00,624.35004,621.45264,-2.8974,2.8974
2026-10-22 02:00:00,651.84,617.103,-34.737,34.737
2026-10-22 03:00:00,657.08,627.8725,-29.20752,29.20752
2026-10-22 04:00:00,649.29004,647.9412,-1.3488159,1.3488159
2026-10-22 05:00:00,670.13,656.4887,-13.641296,13.641296
2026-10-22 06:00:00,672.82,666.2784,-6.541626,6.541626
2026-10-22 07:00:00,685.83,685.69867,-0.13134766,0.13134766
2026-10-22 08:00:00,707.79004,670.75525,-37.03479,37.03479
2026-10-22 09:00:00,646.29,635.54724,-10.742737,10.742737
2026-10-22 10:00:00,578.69,591.37054,12.680542,12.680542
2026-10-22 11:00:00,510.58002,548.036,37.455994,37.455994
2026-10-22 12:00:00,540.61,510.7478,-29.862183,29.862183
2026-10-22 13:00:00,497.43,509.79254,12.362549,12.362549
2026-10-22 14:00:00,583.13,526.42456,-56.705444,56.705444
2026-10-22 15:00:00,594.54004,570.4657,-24.07434,24.07434
2026-10-22 16:00:00,628.78,629.5514,0.7713623,0.7713623
2026-10-22 17:00:00,705.85,701.1341,-4.7158813,4.7158813
2026-10-22 18:00:00,736.64,764.32886,27.688843,27.688843
2026-10-22 19:00:00,753.6,788.10876,34.50879,34.50879
2026-10-22 20:00:00,713.65,770.8248,57.174805,57.174805
2026-10-22 21:00:00,720.61,742.233,21.622986,21.622986
2026-10-22 22:00:00,668.63,711.5337,42.903687,42.903687
2026-10-22 23:00:00,654.27,676.30133,22.031311,22.031311
2026-10-23 00:00:00,599.94,644.26337,44.323364,44.323364
2026-10-23 01:00:00,598.36,622.1075,23.747498,23.747498
2026-10-23 02:00:00,611.84,613.00995,1.1699219,1.1699219
2026-10-23 03:00:00,626.8,621.5459,-5.2540894,5.2540894
2026-10-23 04:00:00,663.74,637.03375,-26.706238,26.706238
2026-10-23 05:00:00,590.47003,663.23584,72.76581,72.76581
2026-10-23 06:00:00,731.98,668.8822,-63.09778,63.09778
2026-10-23 07:00:00,690.41003,696.1729,5.7628784,5.7628784
2026-10-23 08:00:00,687.34,683.78345,-3.5565796,3.5565796
2026-10-23 09:00:00,646.12,646.38605,0.26605225,0.26605225
2026-10-23 10:00:00,585.5,594.91736,9.417358,9.417358
2026-10-23 11:00:00,566.45,551.383,-15.067017,15.067017
2026-10-23 12:00:00,545.2,519.1078,-26.092224,26.092224
2026-10-23 13:00:00,537.65,517.9371,-19.712952,19.712952
2026-10-23 14:00:00,506.39,535.83844,29.448425,29.448425
2026-10-23 15:00:00,551.38,568.7779,17.397888,17.397888
2026-10-23 16:00:00,643.36,627.46814,-15.891846,15.891846
2026-10-23 17:00:00,699.93,692.1215,-7.8084717,7.8084717
2026-10-23 18:00:00,723.58,755.4448,31.864807,31.864807
2026-10-23 19:00:00,738.67,780.07623,41.40625,41.40625
2026-10-23 20:00:00,712.28,761.7837,49.503662,49.503662
2026-10-23 21:00:00,720.9,714.2562,-6.643799,6.643799
2026-10-23 22:00:00,674.32,675.3499,1.0299072,1.0299072
2026-10-23 23:00:00,639.58,641.95154,2.371521,2.371521
2026-10-24 00:00:00,501.23,618.28375,117.05374,117.05374
2026-10-24 01:00:00,526.64,553.69604,27.05603,27.05603
2026-10-24 02:00:00,511.87003,528.63995,16.769928,16.769928
2026-10-24 03:00:00,529.06,534.2619,5.2019043,5.2019043
2026-10-24 04:00:00,527.82,528.878,1.0579834,1.0579834
2026-10-24 05:00:00,558.27,546.30365,-11.96637,11.96637
2026-10-24 06:00:00,587.2,590.9331,3.7330933,3.7330933
2026-10-24 07:00:00,591.8,592.3116,0.5115967,0.5115967
2026-10-24 08:00:00,569.68,574.6653,4.9852905,4.9852905
2026-10-24 09:00:00,467.42,535.7882,68.368195,68.368195
2026-10-24 10:00:00,485.81,483.96283,-1.847168,1.847168
2026-10-24 11:00:00,453.25,446.6569,-6.593109,6.593109
2026-10-24 12:00:00,441.74002,425.93512,-15.804901,15.804901
2026-10-24 13:00:00,399.29004,419.53723,20.247192,20.247192
2026-10-24 14:00:00,414.0,437.09268,23.092682,23.092682
2026-10-24 15:00:00,441.23,474.4755,33.245483,33.245483
2026-10-24 16:00:00,555.7,528.91125,-26.788757,26.788757
2026-10-24 17:00:00,579.37,600.93475,21.564758,21.564758
2026-10-24 18:00:00,636.5,652.5804,16.080383,16.080383
2026-10-24 19:00:00,589.51,677.3666,87.85657,87.85657
2026-10-24 20:00:00,620.31,655.0111,34.70111,34.70111
2026-10-24 21:00:00,606.78,627.70703,20.927002,20.927002
2026-10-24 22:00:00,579.66003,599.9736,20.313538,20.313538
2026-10-24 23:00:00,525.72003,578.5499,52.829895,52.829895
2026-10-25 00:00:00,494.71002,560.179,65.468994,65.468994
2026-10-25 01:00:00,496.88,541.53705,44.657043,44.657043
2026-10-25 02:00:00,530.1,520.5111,-9.588867,9.588867
2026-10-25 03:00:00,480.24002,523.09265,42.85263,42.85263
2026-10-25 04:00:00,528.38,519.09534,-9.284668,9.284668
2026-10-25 05:00:00,483.90002,534.95465,51.054626,51.054626
2026-10-25 06:00:00,595.60004,540.725,-54.87506,54.87506
2026-10-25 07:00:00,577.45,566.8449,-10.605103,10.605103
2026-10-25 08:00:00,599.79004,555.17737,-44.61267,44.61267
2026-10-25 09:00:00,527.0,528.26166,1.2616577,1.2616577
2026-10-25 10:00:00,478.42,492.49786,14.07785,14.07785
2026-10-25 11:00:00,444.94,450.81042,5.8704224,5.8704224
2026-10-25 12:00:00,419.0,423.7669,4.7669067,4.7669067
2026-10-25 13:00:00,386.39,417.93573,31.545715,31.545715
2026-10-25 14:00:00,423.82,436.64197,12.82196,12.82196
2026-10-25 15:00:00,418.26,473.7243,55.464294,55.464294
2026-10-25 16:00:00,528.85,517.121,-11.729004,11.729004
2026-10-25 17:00:00,564.01,588.13104,24.121033,24.121033
2026-10-25 18:00:00,639.14,643.6675,4.527466,4.527466
2026-10-25 19:00:00,673.60004,673.88513,0.2850952,0.2850952
2026-10-25 20:00:00,580.38,658.7629,78.38287,78.38287
2026-10-25 21:00:00,598.18,625.35913,27.179138,27.179138
2026-10-25 22:00:00,550.62,601.44995,50.829956,50.829956
2026-10-25 23:00:00,547.45,583.1836,35.73358,35.73358
2026-10-26 00:00:00,609.33,568.5484,-40.781616,40.781616
2026-10-26 01:00:00,624.38,631.207,6.8269653,6.8269653
2026-10-26 02:00:00,599.15,631.1859,32.03589,32.03589
2026-10-26 03:00:00,612.65,631.4174,18.767395,18.767395
2026-10-26 04:00:00,631.7,641.8218,10.121765,10.121765
2026-10-26 05:00:00,620.3,658.80725,38.507263,38.507263
2026-10-26 06:00:00,651.89,659.0536,7.163574,7.163574
2026-10-26 07:00:00,692.89,672.7545,-20.135498,20.135498
2026-10-26 08:00:00,674.72003,660.3563,-14.3637085,14.3637085
2026-10-26 09:00:00,663.92,626.95685,-36.963135,36.963135
2026-10-26 10:00:00,601.0,585.56226,-15.437744,15.437744
2026-10-26 11:00:00,546.72003,545.5492,-1.1708374,1.1708374
2026-10-26 12:00:00,538.38,511.41653,-26.96347,26.96347
2026-10-26 13:00:00,529.18,509.54358,-19.636414,19.636414
2026-10-26 14:00:00,518.73,531.3304,12.600403,12.600403
2026-10-26 15:00:00,594.54004,561.2054,-33.334656,33.334656
2026-10-26 16:00:00,621.51,616.21686,-5.293152,5.293152
2026-10-26 17:00:00,639.35004,672.54126,33.191223,33.191223
2026-10-26 18:00:00,707.76,733.1263,25.366272,25.366272
2026-10-26 19:00:00,783.71,755.15027,-28.559753,28.559753
2026-10-26 20:00:00,742.5,744.6247,2.1246948,2.1246948
2026-10-26 21:00:00,728.99,721.2555,-7.734497,7.734497
2026-10-26 22:00:00,640.23,692.26465,52.034668,52.034668
2026-10-26 23:00:00,660.5,664.44257,3.942566,3.942566
2026-10-27 00:00:00,604.88,640.7572,35.877197,35.877197
2026-10-27 01:00:00,593.06,635.6123,42.552307,42.552307
2026-10-27 02:00:00,626.53,632.7627,6.232666,6.232666
2026-10-27 03:00:00,605.45,630.54596,25.095947,25.095947
2026-10-27 04:00:00,623.26,633.0305,9.770508,9.770508
2026-10-27 05:00:00,638.34,655.0099,16.66986,16.66986
2026-10-27 06:00:00,623.37,665.6039,42.233887,42.233887
2026-10-27 07:00:00,643.88,683.04626,39.16626,39.16626
2026-10-27 08:00:00,695.46,660.5402,-34.9198,34.9198
2026-10-27 09:00:00,616.53,628.7165,12.186462,12.186462
2026-10-27 10:00:00,621.13,581.93915,-39.190857,39.190857
2026-10-27 11:00:00,560.48,543.63617,-16.843811,16.843811
2026-10-27 12:00:00,503.43,515.2472,11.8172,11.8172
2026-10-27 13:00:00,531.88,507.7155,-24.16449,24.16449
2026-10-27 14:00:00,550.45,522.98065,-27.46936,27.46936
2026-10-27 15:00:00,593.94,558.55505,-35.38495,35.38495
2026-10-27 16:00:00,630.66003,620.75616,-9.90387,9.90387
2026-10-27 17:00:00,665.4,686.71594,21.315918,21.315918
2026-10-27 18:00:00,731.71,738.7029,6.992859,6.992859
2026-10-27 19:00:00,751.92,767.44324,15.523254,15.523254
2026-10-27 20:00:00,705.88,753.49115,47.611145,47.611145
2026-10-27 21:00:00,716.26,714.42566,-1.8343506,1.8343506
2026-10-27 22:00:00,661.02,687.18646,26.166443,26.166443
2026-10-27 23:00:00,654.71,668.70996,13.999939,13.999939
2026-10-28 00:00:00,611.27,642.9894,31.71936,31.71936
2026-10-28 01:00:00,577.47003,632.6395,55.169495,55.169495
2026-10-28 02:00:00,630.01,620.8382,-9.171814,9.171814
2026-10-28 03:00:00,671.41003,624.7998,-46.61023,46.61023
2026-10-28 04:00:00,613.75,647.5574,33.807373,33.807373
2026-10-28 05:00:00,650.0,665.9294,15.929382,15.929382
2026-10-28 06:00:00,673.38,670.81274,-2.5672607,2.5672607
2026-10-28 07:00:00,701.01,686.6687,-14.341309,14.341309
2026-10-28 08:00:00,678.75,667.4023,-11.347717,11.347717
2026-10-28 09:00:00,616.63,620.7517,4.121704,4.121704
2026-10-28 10:00:00,591.84,574.44604,-17.393982,17.393982
2026-10-28 11:00:00,528.69,538.3757,9.685669,9.685669
2026-10-28 12:00:00,551.54004,506.95724,-44.582794,44.582794
2026-10-28 13:00:00,539.81,509.3686,-30.441406,30.441406
2026-10-28 14:00:00,544.98,526.4779,-18.502075,18.502075
2026-10-28 15:00:00,576.98,562.20264,-14.777344,14.777344
2026-10-28 16:00:00,626.72003,623.01843,-3.7015991,3.7015991
2026-10-28 17:00:00,701.89,680.3965,-21.49353,21.49353
2026-10-28 18:00:00,758.67,750.0672,-8.602783,8.602783
2026-10-28 19:00:00,742.84,773.3967,30.556702,30.556702
2026-10-28 20:00:00,714.12,760.41425,46.29425,46.29425
2026-10-28 21:00:00,674.4,726.58154,52.18152,52.18152
2026-10-28 22:00:00,684.77,690.8486,6.0785522,6.0785522
2026-10-28 23:00:00,617.45,661.1248,43.674805,43.674805
2026-10-29 00:00:00,609.86,631.3615,21.501526,21.501526
2026-10-29 01:00:00,608.07,620.535,12.464966,12.464966
2026-10-29 02:00:00,662.55,609.48517,-53.06482,53.06482
2026-10-29 03:00:00,651.07,617.3056,-33.764404,33.764404
2026-10-29 04:00:00,671.89,629.7306,-42.159424,42.159424
2026-10-29 05:00:00,639.15,650.5118,11.361755,11.361755
2026-10-29 06:00:00,711.39,671.17926,-40.210754,40.210754
2026-10-29 07:00:00,673.0,690.592,17.59198,17.59198
2026-10-29 08:00:00,674.38,664.59686,-9.783142,9.783142
2026-10-29 09:00:00,608.82,627.0815,18.261475,18.261475
2026-10-29 10:00:00,603.3,586.65686,-16.643127,16.643127
2026-10-29 11:00:00,567.39,553.15594,-14.23407,14.23407
2026-10-29 12:00:00,511.40002,519.24506,7.8450317,7.8450317
2026-10-29 13:00:00,524.3,511.9542,-12.345795,12.345795
2026-10-29 14:00:00,581.05,534.6276,-46.422363,46.422363
2026-10-29 15:00:00,563.92004,575.5845,11.664429,11.664429
2026-10-29 16:00:00,615.88,620.6894,4.809387,4.809387
2026-10-29 17:00:00,685.66003,684.27496,-1.3850708,1.3850708
2026-10-29 18:00:00,756.24,756.8478,0.6077881,0.6077881
2026-10-29 19:00:00,724.31,781.9184,57.6084,57.6084
2026-10-29 20:00:00,689.84,762.2705,72.43048,72.43048
2026-10-29 21:00:00,707.81,719.84314,12.033142,12.033142
2026-10-29 22:00:00,687.39,678.80524,-8.584778,8.584778
2026-10-29 23:00:00,668.15,648.8577,-19.292297,19.292297
2026-10-30 00:00:00,626.88,620.8857,-5.9943237,5.9943237
2026-10-30 01:00:00,596.65,615.3198,18.6698,18.6698
2026-10-30 02:00:00,636.7,604.6463,-32.05371,32.05371
2026-10-30 03:00:00,642.77,614.37006,-28.399963,28.399963
2026-10-30 04:00:00,619.09,632.5586,13.468567,13.468567
2026-10-30 05:00:00,666.98,659.08636,-7.8936157,7.8936157
2026-10-30 06:00:00,637.99,671.4502,33.460205,33.460205
2026-10-30 07:00:00,720.23,677.8999,-42.33008,42.33008
2026-10-30 08:00:00,657.71,665.19086,7.480835,7.480835
2026-10-30 09:00:00,586.26,621.9023,35.642273,35.642273
2026-10-30 10:00:00,573.38,570.11426,-3.265747,3.265747
2026-10-30 11:00:00,566.01,533.03644,-32.97357,32.97357
2026-10-30 12:00:00,561.84,508.31702,-53.52301,53.52301
2026-10-30 13:00:00,548.23,511.3091,-36.920868,36.920868
2026-10-30 14:00:00,506.46002,531.21606,24.756042,24.756042
2026-10-30 15:00:00,551.91003,573.7668,21.85675,21.85675
2026-10-30 16:00:00,601.72003,626.5381,24.818054,24.818054
2026-10-30 17:00:00,678.8,685.1136,6.3135986,6.3135986
2026-10-30 18:00:00,705.89,746.8478,40.957764,40.957764
2026-10-30 19:00:00,740.51,782.5049,41.994873,41.994873
2026-10-30 20:00:00,750.29004,774.2978,24.007751,24.007751
2026-10-30 21:00:00,701.1,745.1977,44.097717,44.097717
2026-10-30 22:00:00,697.6,702.87915,5.279175,5.279175
2026-10-30 23:00:00,639.35004,665.0904,25.740356,25.740356
2026-10-31 00:00:00,537.19,632.4338,95.243774,95.243774
2026-10-31 01:00:00,532.79004,566.91254,34.122498,34.122498
2026-10-31 02:00:00,522.47003,552.6294,30.159363,30.159363
2026-10-31 03:00:00,518.60004,532.8466,14.246582,14.246582
2026-10-31 04:00:00,555.3,536.38354,-18.916443,18.916443
2026-10-31 05:00:00,563.14,546.3804,-16.759644,16.759644
2026-10-31 06:00:00,563.67004,558.3744,-5.2956543,5.2956543
2026-10-31 07:00:00,552.01,580.20715,28.197144,28.197144
2026-10-31 08:00:00,564.03,553.6516,-10.378418,10.378418
2026-10-31 09:00:00,485.87003,517.325,31.454987,31.454987
2026-10-31 10:00:00,480.36002,472.07135,-8.288666,8.288666
2026-10-31 11:00:00,434.28003,441.52222,7.2421875,7.2421875
2026-10-31 12:00:00,404.34003,419.182,14.84198,14.84198
2026-10-31 13:00:00,428.69003,416.19672,-12.493317,12.493317
2026-10-31 14:00:00,438.26,440.00247,1.7424622,1.7424622
2026-10-31 15:00:00,476.62,474.81128,-1.8087158,1.8087158
2026-10-31 16:00:00,516.1,522.903,6.8030396,6.8030396
2026-10-31 17:00:00,585.45,586.0413,0.5913086,0.5913086
2026-10-31 18:00:00,638.05,643.6041,5.554138,5.554138
2026-10-31 19:00:00,626.15,662.9859,36.835876,36.835876
2026-10-31 20:00:00,618.29004,650.87036,32.580322,32.580322
2026-10-31 21:00:00,590.83,622.01215,31.182129,31.182129
2026-10-31 22:00:00,596.98,592.70294,-4.2770386,4.2770386
2026-10-31 23:00:00,551.06,575.69006,24.630066,24.630066
2026-11-01 00:00:00,495.7,559.9177,64.21771,64.21771
2026-11-01 01:00:00,475.26,532.23724,56.977234,56.977234
2026-11-01 02:00:00,542.31,517.7457,-24.56427,24.56427
2026-11-01 03:00:00,523.36,511.97946,-11.380524,11.380524
2026-11-01 04:00:00,561.22003,515.3139,-45.906128,45.906128
2026-11-01 05:00:00,571.59,529.2742,-42.315857,42.315857
2026-11-01 06:00:00,559.13,541.757,-17.372986,17.372986
2026-11-01 07:00:00,566.94,561.2444,-5.6956177,5.6956177
2026-11-01 08:00:00,583.48,550.4595,-33.020508,33.020508
2026-11-01 09:00:00,514.4,524.394,9.9939575,9.9939575
2026-11-01 10:00:00,483.31,487.3578,4.0477905,4.0477905
2026-11-01 11:00:00,460.69,455.26593,-5.4240723,5.4240723
2026-11-01 12:00:00,410.34003,432.73218,22.39215,22.39215
2026-11-01 13:00:00,464.44,422.39938,-42.04062,42.04062
2026-11-01 14:00:00,443.92004,447.62994,3.7099,3.7099
2026-11-01 15:00:00,432.72003,480.64948,47.929443,47.929443
2026-11-01 16:00:00,520.57,523.4801,2.9100952,2.9100952
2026-11-01 17:00:00,588.81,582.6221,-6.1879272,6.1879272
2026-11-01 18:00:00,641.9,644.7096,2.8095703,2.8095703
2026-11-01 19:00:00,612.5,665.0295,52.52948,52.52948
2026-11-01 20:00:00,629.76,653.4334,23.6734,23.6734
2026-11-01 21:00:00,593.66003,626.1961,32.53607,32.53607
2026-11-01 22:00:00,553.47003,597.1522,43.68219,43.68219
2026-11-01 23:00:00,541.63,571.2281,29.598083,29.598083
2026-11-02 00:00:00,632.5,554.7547,-77.7453,77.7453
2026-11-02 01:00:00,652.65,614.18005,-38.46997,38.46997
2026-11-02 02:00:00,628.22003,627.79,-0.4300537,0.4300537
2026-11-02 03:00:00,632.88,635.487,2.6069946,2.6069946
2026-11-02 04:00:00,640.87,644.546,3.6760254,3.6760254
2026-11-02 05:00:00,689.84,647.45306,-42.386963,42.386963
2026-11-02 06:00:00,648.25,663.7973,15.547302,15.547302
2026-11-02 07:00:00,712.22003,671.01794,-41.202087,41.202087
2026-11-02 08:00:00,676.84,664.87146,-11.968567,11.968567
2026-11-02 09:00:00,639.2,628.5951,-10.604919,10.604919
2026-11-02 10:00:00,602.51,583.59546,-18.91455,18.91455
2026-11-02 11:00:00,582.31,544.6257,-37.684326,37.684326
2026-11-02 12:00:00,540.9,517.6726,-23.227417,23.227417
2026-11-02 13:00:00,545.76,514.15625,-31.60376,31.60376
2026-11-02 14:00:00,538.54004,533.9929,-4.547119,4.547119
2026-11-02 15:00:00,593.53,562.6231,-30.906921,30.906921
2026-11-02 16:00:00,617.63,603.86334,-13.766663,13.766663
2026-11-02 17:00:00,632.35004,659.73083,27.380798,27.380798
2026-11-02 18:00:00,730.0,722.36194,-7.6380615,7.6380615
2026-11-02 19:00:00,799.44,732.3037,-67.13629,67.13629
2026-11-02 20:00:00,767.45,734.6429,-32.80713,32.80713
2026-11-02 21:00:00,723.71,702.74023,-20.969788,20.969788
2026-11-02 22:00:00,658.66003,689.73724,31.07721,31.07721
2026-11-02 23:00:00,667.88,669.02655,1.1465454,1.1465454
2026-11-03 00:00:00,619.93,645.14075,25.210754,25.210754
2026-11-03 01:00:00,581.34,644.2858,62.9458,62.9458
2026-11-03 02:00:00,617.06,630.8707,13.81073,13.81073
2026-11-03 03:00:00,594.94,636.33374,41.393738,41.393738
2026-11-03 04:00:00,626.47003,635.5257,9.055664,9.055664
2026-11-03 05:00:00,698.46,649.5718,-48.888245,48.888245
2026-11-03 06:00:00,651.43,667.8388,16.408813,16.408813
2026-11-03 07:00:00,693.35,687.7213,-5.628662,5.628662
2026-11-03 08:00:00,639.19,670.4585,31.268494,31.268494
2026-11-03 09:00:00,614.59,639.04224,24.45221,24.45221
2026-11-03 10:00:00,575.39,593.73846,18.34845,18.34845
2026-11-03 11:00:00,518.79004,553.3376,34.547546,34.547546
2026-11-03 12:00:00,520.91003,517.4122,-3.4978638,3.4978638
2026-11-03 13:00:00,519.67004,505.90405,-13.765991,13.765991
2026-11-03 14:00:00,543.99,523.67883,-20.311157,20.311157
2026-11-03 15:00:00,574.67,562.4631,-12.206909,12.206909
2026-11-03 16:00:00,579.68,605.46936,25.789368,25.789368
2026-11-03 17:00:00,643.86,669.2734,25.413391,25.413391
2026-11-03 18:00:00,728.76,722.5949,-6.1651,6.1651
2026-11-03 19:00:00,754.64,751.1413,-3.4987183,3.4987183
2026-11-03 20:00:00,670.91003,734.7744,63.86438,63.86438
2026-11-03 21:00:00,715.24,704.26965,-10.970337,10.970337
2026-11-03 22:00:00,637.57,676.3312,38.76117,38.76117
2026-11-03 23:00:00,650.33,647.85913,-2.4708862,2.4708862
2026-11-04 00:00:00,614.15,627.3762,13.226196,13.226196
2026-11-04 01:00:00,637.92,625.3061,-12.613892,12.613892
2026-11-04 02:00:00,656.26,628.3882,-27.871826,27.871826
2026-11-04 03:00:00,628.53,623.92163,-4.6083984,4.6083984
2026-11-04 04:00:00,638.49,633.35565,-5.1343384,5.1343384
2026-11-04 05:00:00,603.37,657.1073,53.737305,53.737305
2026-11-04 06:00:00,664.65,658.6678,-5.982239,5.982239
2026-11-04 07:00:00,665.56,674.6771,9.117126,9.117126
2026-11-04 08:00:00,663.43,652.85266,-10.577332,10.577332
2026-11-04 09:00:00,646.13,614.148,-31.981995,31.981995
2026-11-04 10:00:00,589.92,574.9856,-14.934387,14.934387
2026-11-04 11:00:00,540.91003,537.2079,-3.7021484,3.7021484
2026-11-04 12:00:00,575.54004,509.14212,-66.39792,66.39792
2026-11-04 13:00:00,562.96,512.7273,-50.232727,50.232727
2026-11-04 14:00:00,546.36,538.4595,-7.9005127,7.9005127
2026-11-04 15:00:00,554.63,573.5322,18.902222,18.902222
2026-11-04 16:00:00,601.46,611.37354,9.913513,9.913513
2026-11-04 17:00:00,699.76,673.4271,-26.332886,26.332886
2026-11-04 18:00:00,732.23,739.70166,7.4716797,7.4716797
2026-11-04 19:00:00,771.55,753.58057,-17.969421,17.969421
2026-11-04 20:00:00,705.86,743.2477,37.387695,37.387695
2026-11-04 21:00:00,705.93,709.8817,3.9517212,3.9517212
2026-11-04 22:00:00,646.71,669.6647,22.95465,22.95465
2026-11-04 23:00:00,648.48,639.658,-8.82196,8.82196
2026-11-05 00:00:00,624.81,618.23224,-6.577759,6.577759
2026-11-05 01:00:00,625.24,612.2756,-12.9644165,12.9644165
2026-11-05 02:00:00,611.91003,608.39734,-3.5126953,3.5126953
2026-11-05 03:00:00,597.04004,615.2186,18.178589,18.178589
2026-11-05 04:00:00,629.32,633.05,3.7299805,3.7299805
2026-11-05 05:00:00,664.61,642.2564,-22.353577,22.353577
2026-11-05 06:00:00,618.99,659.2385,40.248535,40.248535
2026-11-05 07:00:00,703.88,670.475,-33.40503,33.40503
2026-11-05 08:00:00,675.09,656.6243,-18.465698,18.465698
2026-11-05 09:00:00,625.4,620.65894,-4.741089,4.741089
2026-11-05 10:00:00,590.25,579.9546,-10.29541,10.29541
2026-11-05 11:00:00,574.03,542.80194,-31.228088,31.228088
2026-11-05 12:00:00,555.48,511.48352,-43.99646,43.99646
2026-11-05 13:00:00,515.12,507.9987,-7.1213074,7.1213074
2026-11-05 14:00:00,598.22003,527.48474,-70.73529,70.73529
2026-11-05 15:00:00,587.36,575.18134,-12.17865,12.17865
2026-11-05 16:00:00,621.31,630.85046,9.540466,9.540466
2026-11-05 17:00:00,660.38,678.65845,18.278442,18.278442
2026-11-05 18:00:00,720.84,742.6129,21.772888,21.772888
2026-11-05 19:00:00,704.53,768.7036,64.173584,64.173584
2026-11-05 20:00:00,762.4,752.3379,-10.062134,10.062134
2026-11-05 21:00:00,699.86,722.24304,22.383057,22.383057
2026-11-05 22:00:00,657.38,678.55676,21.176758,21.176758
2026-11-05 23:00:00,654.60004,642.01526,-12.584778,12.584778
2026-11-06 00:00:00,620.52,623.2796,2.7595825,2.7595825
2026-11-06 01:00:00,582.46,608.5149,26.05487,26.05487
2026-11-06 02:00:00,622.76,608.0032,-14.756836,14.756836
2026-11-06 03:00:00,603.29004,611.53424,8.244202,8.244202
2026-11-06 04:00:00,628.23,639.9099,11.679932,11.679932
2026-11-06 05:00:00,683.29004,642.05206,-41.237976,41.237976
2026-11-06 06:00:00,679.73,667.75226,-11.977722,11.977722
2026-11-06 07:00:00,698.02,681.92664,-16.093384,16.093384
2026-11-06 08:00:00,690.2,668.73425,-21.46576,21.46576
2026-11-06 09:00:00,654.05,634.7426,-19.307373,19.307373
2026-11-06 10:00:00,612.33,592.70654,-19.623474,19.623474
2026-11-06 11:00:00,579.21,553.2974,-25.912598,25.912598
2026-11-06 12:00:00,549.77,521.38794,-28.38208,28.38208
2026-11-06 13:00:00,553.94,514.8438,-39.09619,39.09619
2026-11-06 14:00:00,528.30005,537.2715,8.971436,8.971436
2026-11-06 15:00:00,557.06,568.7042,11.644226,11.644226
2026-11-06 16:00:00,625.26,618.09705,-7.162964,7.162964
2026-11-06 17:00:00,685.57,680.1034,-5.466614,5.466614
2026-11-06 18:00:00,711.54,736.1815,24.64154,24.64154
2026-11-06 19:00:00,737.03,767.5617,30.531677,30.531677
2026-11-06 20:00:00,719.74,749.5368,29.796814,29.796814
2026-11-06 21:00:00,726.4,716.80035,-9.59967,9.59967
2026-11-06 22:00:00,658.76,676.04486,17.284851,17.284851
2026-11-06 23:00:00,626.82,638.1563,11.336304,11.336304
2026-11-07 00:00:00,481.28003,607.6262,126.34619,126.34619
2026-11-07 01:00:00,477.27002,538.551,61.281006,61.281006
2026-11-07 02:00:00,478.68,516.5044,37.8244,37.8244
2026-11-07 03:00:00,517.41003,513.35675,-4.0532837,4.0532837
2026-11-07 04:00:00,493.98,527.83826,33.858246,33.858246
2026-11-07 05:00:00,503.97003,537.05634,33.086304,33.086304
2026-11-07 06:00:00,519.27,550.7295,31.459473,31.459473
2026-11-07 07:00:00,570.72003,568.70886,-2.0111694,2.0111694
2026-11-07 08:00:00,494.84003,555.28326,60.443237,60.443237
2026-11-07 09:00:00,501.15002,511.83377,10.683746,10.683746
2026-11-07 10:00:00,506.23,479.98907,-26.240936,26.240936
2026-11-07 11:00:00,465.97003,451.92813,-14.041901,14.041901
2026-11-07 12:00:00,391.95,430.1483,38.198273,38.198273
2026-11-07 13:00:00,448.80002,412.6562,-36.14383,36.14383
2026-11-07 14:00:00,420.99,433.5659,12.575897,12.575897
2026-11-07 15:00:00,442.68002,466.47772,23.797699,23.797699
2026-11-07 16:00:00,518.4,517.2046,-1.1954346,1.1954346
2026-11-07 17:00:00,561.47003,570.88214,9.412109,9.412109
2026-11-07 18:00:00,582.21,633.51025,51.300232,51.300232
2026-11-07 19:00:00,614.17,650.5511,36.381104,36.381104
2026-11-07 20:00:00,605.67,640.18115,34.51117,34.51117
2026-11-07 21:00:00,619.97003,616.677,-3.2930298,3.2930298
2026-11-07 22:00:00,538.48,593.06506,54.585083,54.585083
2026-11-07 23:00:00,520.01,574.13257,54.12256,54.12256
2026-11-08 00:00:00,489.79,553.6455,63.8555,63.8555
2026-11-08 01:00:00,490.47003,532.59436,42.12433,42.12433
2026-11-08 02:00:00,515.15,515.8438,0.6937866,0.6937866
2026-11-08 03:00:00,538.16003,517.6549,-20.505127,20.505127
2026-11-08 04:00:00,503.31,514.8739,11.563904,11.563904
2026-11-08 05:00:00,485.93002,518.9077,32.97769,32.97769
2026-11-08 06:00:00,559.89,525.2706,-34.619385,34.619385
2026-11-08 07:00:00,526.28,546.5278,20.247742,20.247742
2026-11-08 08:00:00,555.62,536.29724,-19.322754,19.322754
2026-11-08 09:00:00,517.26,511.40598,-5.8540344,5.8540344
2026-11-08 10:00:00,461.04,474.953,13.912994,13.912994
2026-11-08 11:00:00,464.03003,448.9596,-15.070435,15.070435
2026-11-08 12:00:00,427.82,432.00232,4.182312,4.182312
2026-11-08 13:00:00,386.36002,424.3706,38.01059,38.01059
2026-11-08 14:00:00,394.03003,441.812,47.781982,47.781982
2026-11-08 15:00:00,470.94,475.28516,4.345154,4.345154
2026-11-08 16:00:00,540.54004,526.6869,-13.853149,13.853149
2026-11-08 17:00:00,542.21,585.60486,43.394836,43.394836
2026-11-08 18:00:00,606.68,638.47363,31.79364,31.79364
2026-11-08 19:00:00,606.0,661.85736,55.85736,55.85736
2026-11-08 20:00:00,619.14,648.0408,28.900757,28.900757
2026-11-08 21:00:00,580.18,622.1677,41.987732,41.987732
2026-11-08 22:00:00,559.88,593.44385,33.563843,33.563843
2026-11-08 23:00:00,512.95,572.49915,59.549133,59.549133
2026-11-09 00:00:00,597.93,555.07214,-42.85785,42.85785
2026-11-09 01:00:00,604.4,613.6577,9.25769,9.25769
2026-11-09 02:00:00,607.04004,618.454,11.41394,11.41394
2026-11-09 03:00:00,625.66003,626.83875,1.1787109,1.1787109
2026-11-09 04:00:00,640.68,639.9181,-0.76190186,0.76190186
2026-11-09 05:00:00,654.82,641.41235,-13.407654,13.407654
2026-11-09 06:00:00,648.42,654.34393,5.92395,5.92395
2026-11-09 07:00:00,701.86,662.0806,-39.779358,39.779358
2026-11-09 08:00:00,675.31,659.8717,-15.438293,15.438293
2026-11-09 09:00:00,666.15,627.1639,-38.986145,38.986145
2026-11-09 10:00:00,606.10004,588.1557,-17.944336,17.944336
2026-11-09 11:00:00,509.73,548.51605,38.78604,38.78604
2026-11-09 12:00:00,500.23,515.3372,15.107208,15.107208
2026-11-09 13:00:00,578.08,509.40662,-68.6734,68.6734
2026-11-09 14:00:00,566.42004,533.6652,-32.75482,32.75482
2026-11-09 15:00:00,567.12,570.6237,3.5037231,3.5037231
2026-11-09 16:00:00,661.49,616.5666,-44.9234,44.9234
2026-11-09 17:00:00,630.15,668.0259,37.875854,37.875854
2026-11-09 18:00:00,704.34,722.74304,18.403015,18.403015
2026-11-09 19:00:00,742.48,740.2948,-2.1851807,2.1851807
2026-11-09 20:00:00,721.15,732.7299,11.579895,11.579895
2026-11-09 21:00:00,713.91003,701.2723,-12.637756,12.637756
2026-11-09 22:00:00,696.8,674.4594,-22.340576,22.340576
2026-11-09 23:00:00,652.0,656.1184,4.118408,4.118408
2026-11-10 00:00:00,574.0,635.9117,61.911682,61.911682
2026-11-10 01:00:00,652.68,622.8951,-29.784912,29.784912
2026-11-10 02:00:00,609.15,622.5454,13.395386,13.395386
2026-11-10 03:00:00,609.87,634.05865,24.18866,24.18866
2026-11-10 04:00:00,589.55,644.9045,55.354492,55.354492
2026-11-10 05:00:00,649.11,643.0891,-6.020874,6.020874
2026-11-10 06:00:00,632.44,656.2975,23.857483,23.857483
2026-11-10 07:00:00,664.31,664.53705,0.22705078,0.22705078
2026-11-10 08:00:00,646.38,645.3854,-0.9946289,0.9946289
2026-11-10 09:00:00,626.7,611.26166,-15.4383545,15.4383545
2026-11-10 10:00:00,583.46,572.2322,-11.227844,11.227844
2026-11-10 11:00:00,509.94,535.2103,25.270325,25.270325
2026-11-10 12:00:00,534.48,501.85107,-32.628906,32.628906
2026-11-10 13:00:00,539.67004,500.4989,-39.171143,39.171143
2026-11-10 14:00:00,536.23,523.0299,-13.200073,13.200073
2026-11-10 15:00:00,630.61,563.68115,-66.92883,66.92883
2026-11-10 16:00:00,588.97003,612.2965,23.326477,23.326477
2026-11-10 17:00:00,683.73,667.1714,-16.558594,16.558594
2026-11-10 18:00:00,735.76,723.9688,-11.791199,11.791199
2026-11-10 19:00:00,716.95,737.6438,20.693787,20.693787
2026-11-10 20:00:00,738.18,722.8677,-15.312317,15.312317
2026-11-10 21:00:00,668.97003,696.861,27.890991,27.890991
2026-11-10 22:00:00,649.38,664.62573,15.245728,15.245728
2026-11-10 23:00:00,641.44,638.1446,-3.2954102,3.2954102
2026-11-11 00:00:00,597.65,616.3568,18.706787,18.706787
2026-11-11 01:00:00,607.81,607.8325,0.022521973,0.022521973
2026-11-11 02:00:00,573.07,606.3802,33.31018,33.31018
2026-11-11 03:00:00,651.79004,610.2773,-41.512756,41.512756
2026-11-11 04:00:00,636.47003,630.62024,-5.8497925,5.8497925
2026-11-11 05:00:00,650.03,655.9837,5.9536743,5.9536743
2026-11-11 06:00:00,661.47003,663.0487,1.5786743,1.5786743
2026-11-11 07:00:00,642.59,673.38245,30.79242,30.79242
2026-11-11 08:00:00,697.7,650.5841,-47.115906,47.115906
2026-11-11 09:00:00,645.57,618.82294,-26.74707,26.74707
2026-11-11 10:00:00,559.81,576.0383,16.228333,16.228333
2026-11-11 11:00:00,530.64,539.6145,8.974487,8.974487
2026-11-11 12:00:00,545.53,510.41608,-35.113953,35.113953
2026-11-11 13:00:00,535.41003,508.3329,-27.077148,27.077148
2026-11-11 14:00:00,548.85004,528.4401,-20.409912,20.409912
2026-11-11 15:00:00,522.47003,568.6899,46.21985,46.21985
2026-11-11 16:00:00,615.17,612.3897,-2.7802734,2.7802734
2026-11-11 17:00:00,652.06,668.04034,15.980347,15.980347
2026-11-11 18:00:00,690.64,724.72955,34.08954,34.08954
2026-11-11 19:00:00,725.28,755.88336,30.603333,30.603333
2026-11-11 20:00:00,708.82,739.6759,30.855896,30.855896
2026-11-11 21:00:00,644.5,708.8613,64.36133,64.36133
2026-11-11 22:00:00,657.91003,669.28973,11.3797,11.3797
2026-11-11 23:00:00,652.98,641.22095,-11.759033,11.759033
2026-11-12 00:00:00,625.51,620.1474,-5.36261,5.36261
2026-11-12 01:00:00,631.99,625.8795,-6.1104736,6.1104736
2026-11-12 02:00:00,597.44,612.01624,14.576233,14.576233
2026-11-12 03:00:00,605.03,633.23035,28.200317,28.200317
2026-11-12 04:00:00,599.72003,634.2556,34.535583,34.535583
2026-11-12 05:00:00,597.96,647.5552,49.595154,49.595154
2026-11-12 06:00:00,679.16003,658.7837,-20.376343,20.376343
2026-11-12 07:00:00,671.9,680.7012,8.801147,8.801147
2026-11-12 08:00:00,665.55,659.08984,-6.460144,6.460144
2026-11-12 09:00:00,669.83,622.7638,-47.066223,47.066223
2026-11-12 10:00:00,588.38,582.8903,-5.489685,5.489685
2026-11-12 11:00:00,571.11,541.0807,-30.029297,30.029297
2026-11-12 12:00:00,518.07,516.06805,-2.0019531,2.0019531
2026-11-12 13:00:00,564.55,511.9428,-52.607178,52.607178
2026-11-12 14:00:00,567.72003,538.2552,-29.464844,29.464844
2026-11-12 15:00:00,528.35004,576.59644,48.2464,48.2464
2026-11-12 16:00:00,595.06,626.2504,31.19043,31.19043
2026-11-12 17:00:00,664.71,679.27124,14.561218,14.561218
2026-11-12 18:00:00,702.09,744.12537,42.03534,42.03534
2026-11-12 19:00:00,753.28,768.6899,15.409851,15.409851
2026-11-12 20:00:00,748.39,749.4742,1.0841675,1.0841675
2026-11-12 21:00:00,675.08,716.32166,41.24164,41.24164
2026-11-12 22:00:00,649.34,672.13983,22.799805,22.799805
2026-11-12 23:00:00,640.93,637.13055,-3.7994385,3.7994385
2026-11-13 00:00:00,651.64,611.97473,-39.665283,39.665283
2026-11-13 01:00:00,631.98,602.3252,-29.654785,29.654785
2026-11-13 02:00:00,609.72003,601.383,-8.337036,8.337036
2026-11-13 03:00:00,604.24,606.3261,2.0861206,2.0861206
2026-11-13 04:00:00,635.48,627.88196,-7.5980225,7.5980225
2026-11-13 05:00:00,649.86,637.6736,-12.186401,12.186401
2026-11-13 06:00:00,674.78,659.31195,-15.468079,15.468079
2026-11-13 07:00:00,651.8,680.03723,28.237244,28.237244
2026-11-13 08:00:00,668.33,663.11615,-5.213867,5.213867
2026-11-13 09:00:00,643.0,629.0074,-13.992615,13.992615
2026-11-13 10:00:00,582.52,584.8647,2.3446655,2.3446655
2026-11-13 11:00:00,576.24,546.12506,-30.11493,30.11493
2026-11-13 12:00:00,558.55,518.04895,-40.501038,40.501038
2026-11-13 13:00:00,529.8,508.55386,-21.246124,21.246124
2026-11-13 14:00:00,553.12,522.2676,-30.852417,30.852417
2026-11-13 15:00:00,538.3,558.6363,20.336304,20.336304
2026-11-13 16:00:00,618.47003,617.2123,-1.2577515,1.2577515
2026-11-13 17:00:00,706.15,678.26996,-27.880066,27.880066
2026-11-13 18:00:00,744.48,733.9345,-10.545471,10.545471
2026-11-13 19:00:00,685.84,763.76465,77.92462,77.92462
2026-11-13 20:00:00,711.66003,749.90894,38.2489,38.2489
2026-11-13 21:00:00,694.32,707.746,13.425964,13.425964
2026-11-13 22:00:00,603.54004,668.65967,65.11963,65.11963
2026-11-13 23:00:00,639.46,627.7558,-11.704224,11.704224
2026-11-14 00:00:00,459.02002,606.8348,147.81476,147.81476
2026-11-14 01:00:00,489.04,538.1695,49.129486,49.129486
2026-11-14 02:00:00,494.83002,515.39923,20.569214,20.569214
2026-11-14 03:00:00,489.95,508.96088,19.010864,19.010864
2026-11-14 04:00:00,510.77002,520.4531,9.683105,9.683105
2026-11-14 05:00:00,486.44,523.80383,37.36383,37.36383
2026-11-14 06:00:00,575.38,532.94586,-42.434143,42.434143
2026-11-14 07:00:00,565.24,563.48065,-1.7593384,1.7593384
2026-11-14 08:00:00,570.9,552.46063,-18.439392,18.439392
2026-11-14 09:00:00,562.07,523.95184,-38.118164,38.118164
2026-11-14 10:00:00,522.06,491.97266,-30.087341,30.087341
2026-11-14 11:00:00,449.15002,459.19254,10.042511,10.042511
2026-11-14 12:00:00,440.73,432.75998,-7.9700317,7.9700317
2026-11-14 13:00:00,466.10004,423.3717,-42.728333,42.728333
2026-11-14 14:00:00,404.41003,445.04312,40.633087,40.633087
2026-11-14 15:00:00,455.11002,469.6206,14.51059,14.51059
2026-11-14 16:00:00,483.44,514.9884,31.5484,31.5484
2026-11-14 17:00:00,552.83,570.4035,17.573486,17.573486
2026-11-14 18:00:00,593.02,633.1102,40.09021,40.09021
2026-11-14 19:00:00,620.02,647.2236,27.203552,27.203552
2026-11-14 20:00:00,626.67,630.86633,4.19635,4.19635
2026-11-14 21:00:00,560.03,604.4227,44.3927,44.3927
2026-11-14 22:00:00,574.74,576.8458,2.105835,2.105835
2026-11-14 23:00:00,525.08,559.9085,34.82849,34.82849
2026-11-15 00:00:00,492.86002,544.4599,51.599884,51.599884
2026-11-15 01:00:00,490.23004,523.80743,33.577393,33.577393
2026-11-15 02:00:00,499.97003,511.9023,11.9322815,11.9322815
2026-11-15 03:00:00,491.90002,504.3719,12.471863,12.471863
2026-11-15 04:00:00,489.32,503.00598,13.685974,13.685974
2026-11-15 05:00:00,525.86,508.60516,-17.254822,17.254822
2026-11-15 06:00:00,554.43,521.58545,-32.844543,32.844543
2026-11-15 07:00:00,578.74,542.83795,-35.90204,35.90204
2026-11-15 08:00:00,596.21,534.59705,-61.612976,61.612976
2026-11-15 09:00:00,531.45,512.2471,-19.202942,19.202942
2026-11-15 10:00:00,464.30002,479.61008,15.310059,15.310059
2026-11-15 11:00:00,443.89,448.68195,4.791931,4.791931
2026-11-15 12:00:00,478.55002,428.05096,-50.499054,50.499054
2026-11-15 13:00:00,473.86002,424.74133,-49.118683,49.118683
2026-11-15 14:00:00,454.19,445.7718,-8.418213,8.418213
2026-11-15 15:00:00,502.2,483.3802,-18.819824,18.819824
2026-11-15 16:00:00,510.46002,525.3953,14.935303,14.935303
2026-11-15 17:00:00,574.23,571.41376,-2.8162231,2.8162231
2026-11-15 18:00:00,615.99,623.13165,7.1416626,7.1416626
2026-11-15 19:00:00,642.36,652.7663,10.406311,10.406311
2026-11-15 20:00:00,634.2,642.5284,8.328369,8.328369
2026-11-15 21:00:00,553.11,616.83026,63.720276,63.720276
2026-11-15 22:00:00,528.30005,587.2261,58.926025,58.926025
2026-11-15 23:00:00,523.76,567.49963,43.739624,43.739624
2026-11-16 00:00:00,604.99,556.2418,-48.74817,48.74817
2026-11-16 01:00:00,588.28,611.23425,22.954224,22.954224
2026-11-16 02:00:00,580.89,616.5484,35.658386,35.658386
2026-11-16 03:00:00,605.67,617.934,12.264038,12.264038
2026-11-16 04:00:00,610.53,631.13855,20.60852,20.60852
2026-11-16 05:00:00,654.39,629.9348,-24.4552,24.4552
2026-11-16 06:00:00,692.97003,668.89905,-24.070984,24.070984
2026-11-16 07:00:00,660.02,674.3378,14.31781,14.31781
2026-11-16 08:00:00,685.61,649.2027,-36.407288,36.407288
2026-11-16 09:00:00,605.82,616.3907,10.570679,10.570679
2026-11-16 10:00:00,640.82,567.5748,-73.24518,73.24518
2026-11-16 11:00:00,549.57,537.2595,-12.310486,12.310486
2026-11-16 12:00:00,537.18,506.41687,-30.763123,30.763123
2026-11-16 13:00:00,534.58,503.75076,-30.829254,30.829254
2026-11-16 14:00:00,564.61,525.11127,-39.49872,39.49872
2026-11-16 15:00:00,581.23,559.81006,-21.419922,21.419922
2026-11-16 16:00:00,588.76,607.7766,19.016602,19.016602
2026-11-16 17:00:00,660.2,664.1386,3.9385986,3.9385986
2026-11-16 18:00:00,718.43,715.84326,-2.586731,2.586731
2026-11-16 19:00:00,706.35,738.8524,32.50244,32.50244
2026-11-16 20:00:00,716.11,737.39575,21.285767,21.285767
2026-11-16 21:00:00,661.44,714.884,53.44397,53.44397
2026-11-16 22:00:00,669.53,682.3755,12.845459,12.845459
2026-11-16 23:00:00,616.18,660.3125,44.132507,44.132507
2026-11-17 00:00:00,631.28,634.21136,2.9313354,2.9313354
2026-11-17 01:00:00,601.68,626.725,25.044983,25.044983
2026-11-17 02:00:00,594.9,616.80194,21.901917,21.901917
2026-11-17 03:00:00,597.58,618.6503,21.070312,21.070312
2026-11-17 04:00:00,660.84,628.1293,-32.710754,32.710754
2026-11-17 05:00:00,652.64,645.06555,-7.574463,7.574463
2026-11-17 06:00:00,665.89,657.7473,-8.1427,8.1427
2026-11-17 07:00:00,717.88,674.72534,-43.154663,43.154663
2026-11-17 08:00:00,725.35,660.814,-64.53595,64.53595
2026-11-17 09:00:00,636.25,633.2014,-3.048584,3.048584
2026-11-17 10:00:00,600.22003,592.3107,-7.9093018,7.9093018
2026-11-17 11:00:00,537.72003,553.28754,15.567505,15.567505
2026-11-17 12:00:00,561.81,520.7183,-41.091675,41.091675
2026-11-17 13:00:00,512.42004,516.9974,4.5773315,4.5773315
2026-11-17 14:00:00,560.86,528.5663,-32.2937,32.2937
2026-11-17 15:00:00,581.23,569.22327,-12.006714,12.006714
2026-11-17 16:00:00,628.33,614.6263,-13.703735,13.703735
2026-11-17 17:00:00,649.09,667.8479,18.757874,18.757874
2026-11-17 18:00:00,752.07,725.1711,-26.898926,26.898926
2026-11-17 19:00:00,781.71,744.4792,-37.230835,37.230835
2026-11-17 20:00:00,736.81,738.0079,1.197876,1.197876
2026-11-17 21:00:00,711.87,710.3441,-1.5258789,1.5258789
2026-11-17 22:00:00,621.51,679.32043,57.810425,57.810425
2026-11-17 23:00:00,617.5,644.6147,27.114685,27.114685
2026-11-18 00:00:00,645.06,617.8119,-27.248108,27.248108
2026-11-18 01:00:00,640.89,615.6092,-25.280823,25.280823
2026-11-18 02:00:00,623.48,611.7692,-11.710754,11.710754
2026-11-18 03:00:00,607.57,614.1114,6.541382,6.541382
2026-11-18 04:00:00,623.04004,628.5245,5.484436,5.484436
2026-11-18 05:00:00,650.16003,643.3541,-6.805908,6.805908
2026-11-18 06:00:00,685.76,665.3644,-20.39563,20.39563
2026-11-18 07:00:00,685.44,688.0128,2.572815,2.572815
2026-11-18 08:00:00,640.89,671.30176,30.411743,30.411743
2026-11-18 09:00:00,647.10004,632.8329,-14.267151,14.267151
2026-11-18 10:00:00,575.9,589.0123,13.112305,13.112305
2026-11-18 11:00:00,583.17,550.4815,-32.688477,32.688477
2026-11-18 12:00:00,553.52,523.19885,-30.321167,30.321167
2026-11-18 13:00:00,546.86,514.4231,-32.43689,32.43689
2026-11-18 14:00:00,544.89,529.80414,-15.085876,15.085876
2026-11-18 15:00:00,582.57,565.64417,-16.925842,16.925842
2026-11-18 16:00:00,578.67004,619.73486,41.06482,41.06482
2026-11-18 17:00:00,648.62,674.5532,25.933228,25.933228
2026-11-18 18:00:00,706.54004,726.12134,19.581299,19.581299
2026-11-18 19:00:00,724.23,742.5619,18.33191,18.33191
2026-11-18 20:00:00,724.78,734.5897,9.809692,9.809692
2026-11-18 21:00:00,673.15,705.82306,32.673035,32.673035
2026-11-18 22:00:00,626.23,669.90875,43.678772,43.678772
2026-11-18 23:00:00,590.45,637.8767,47.426697,47.426697
2026-11-19 00:00:00,581.61,611.76416,30.154175,30.154175
2026-11-19 01:00:00,627.52,601.84216,-25.677856,25.677856
2026-11-19 02:00:00,607.60004,599.26013,-8.339905,8.339905
2026-11-19 03:00:00,631.4,611.19617,-20.203857,20.203857
2026-11-19 04:00:00,618.44,626.3155,7.8754883,7.8754883
2026-11-19 05:00:00,636.88,638.3036,1.423584,1.423584
2026-11-19 06:00:00,674.17,662.75574,-11.414246,11.414246
2026-11-19 07:00:00,695.83,672.6197,-23.210327,23.210327
2026-11-19 08:00:00,694.02,657.62555,-36.39447,36.39447
2026-11-19 09:00:00,644.88,629.1131,-15.766907,15.766907
2026-11-19 10:00:00,579.88,588.0866,8.206604,8.206604
2026-11-19 11:00:00,524.57,544.37354,19.803528,19.803528
2026-11-19 12:00:00,543.13,509.781,-33.349,33.349
2026-11-19 13:00:00,518.7,504.3689,-14.331116,14.331116
2026-11-19 14:00:00,564.7,526.1152,-38.58484,38.58484
2026-11-19 15:00:00,557.48,569.0968,11.616821,11.616821
2026-11-19 16:00:00,560.39,619.11096,58.720947,58.720947
2026-11-19 17:00:00,651.64,677.0577,25.417664,25.417664
2026-11-19 18:00:00,735.22003,739.9349,4.7148438,4.7148438
2026-11-19 19:00:00,724.75,759.91003,35.160034,35.160034
2026-11-19 20:00:00,719.79004,752.7744,32.984375,32.984375
2026-11-19 21:00:00,692.79,715.46783,22.677856,22.677856
2026-11-19 22:00:00,629.43,671.6148,42.184814,42.184814
2026-11-19 23:00:00,592.85004,634.68835,41.838318,41.838318
2026-11-20 00:00:00,609.03,606.32916,-2.7008667,2.7008667
2026-11-20 01:00:00,602.14,594.4868,-7.6531982,7.6531982
2026-11-20 02:00:00,624.25,590.6531,-33.596924,33.596924
2026-11-20 03:00:00,613.32,613.2774,-0.04260254,0.04260254
2026-11-20 04:00:00,561.82,624.4154,62.595398,62.595398
2026-11-20 05:00:00,659.09,633.20807,-25.881958,25.881958
2026-11-20 06:00:00,689.91003,664.6268,-25.283264,25.283264
2026-11-20 07:00:00,683.47003,681.1321,-2.3379517,2.3379517
2026-11-20 08:00:00,654.49,666.02277,11.532776,11.532776
2026-11-20 09:00:00,626.53,630.2157,3.685669,3.685669
2026-11-20 10:00:00,584.75,590.3547,5.6046753,5.6046753
2026-11-20 11:00:00,575.34,550.0731,-25.266907,25.266907
2026-11-20 12:00:00,556.65,521.6402,-35.009827,35.009827
2026-11-20 13:00:00,543.65,517.44934,-26.200684,26.200684
2026-11-20 14:00:00,502.30002,534.28406,31.98404,31.98404
2026-11-20 15:00:00,531.62,559.8632,28.243225,28.243225
2026-11-20 16:00:00,653.75,620.592,-33.15802,33.15802
2026-11-20 17:00:00,674.55,679.0926,4.5426025,4.5426025
2026-11-20 18:00:00,94.58008,734.04834,639.46826,639.46826
2026-11-20 19:00:00,772.03,707.9321,-64.0979,64.0979
2026-11-20 20:00:00,751.79004,712.1135,-39.676514,39.676514
2026-11-20 21:00:00,693.54004,687.3073,-6.232727,6.232727
2026-11-20 22:00:00,639.39,657.07806,17.68805,17.68805
2026-11-20 23:00:00,634.67,622.59644,-12.073547,12.073547
2026-11-21 00:00:00,485.94,599.17615,113.236145,113.236145
2026-11-21 01:00:00,504.2,537.0153,32.815308,32.815308
2026-11-21 02:00:00,504.34003,516.027,11.686951,11.686951
2026-11-21 03:00:00,541.93,527.1362,-14.793762,14.793762
2026-11-21 04:00:00,515.15,525.3891,10.239075,10.239075
2026-11-21 05:00:00,532.36,533.9115,1.5515137,1.5515137
2026-11-21 06:00:00,562.34,542.931,-19.408997,19.408997
2026-11-21 07:00:00,580.65,565.2001,-15.449951,15.449951
2026-11-21 08:00:00,533.09,554.32825,21.23822,21.23822
2026-11-21 09:00:00,553.73,526.84375,-26.88623,26.88623
2026-11-21 10:00:00,499.86002,491.80603,-8.053986,8.053986
2026-11-21 11:00:00,424.74,458.6886,33.94861,33.94861
2026-11-21 12:00:00,382.21002,430.3908,48.180786,48.180786
2026-11-21 13:00:00,390.06,415.11902,25.059021,25.059021
2026-11-21 14:00:00,459.48,433.4014,-26.078613,26.078613
2026-11-21 15:00:00,468.91003,466.19147,-2.718567,2.718567
2026-11-21 16:00:00,514.67,510.17105,-4.498932,4.498932
2026-11-21 17:00:00,570.38,567.39404,-2.985962,2.985962
2026-11-21 18:00:00,624.49,620.2908,-4.1992188,4.1992188
2026-11-21 19:00:00,591.68,647.9798,56.299805,56.299805
2026-11-21 20:00:00,582.03,633.1965,51.166443,51.166443
2026-11-21 21:00:00,580.95,604.80597,23.855957,23.855957
2026-11-21 22:00:00,512.8,579.0613,66.26129,66.26129
2026-11-21 23:00:00,492.81,554.7523,61.94232,61.94232
2026-11-22 00:00:00,527.80005,539.5805,11.780457,11.780457
2026-11-22 01:00:00,516.09,522.5549,6.4648438,6.4648438
2026-11-22 02:00:00,441.86002,518.19885,76.33884,76.33884
2026-11-22 03:00:00,481.7,497.98523,16.285217,16.285217
2026-11-22 04:00:00,504.02002,502.97034,-1.0496826,1.0496826
2026-11-22 05:00:00,498.96002,514.15515,15.195129,15.195129
2026-11-22 06:00:00,571.19,527.8068,-43.38318,43.38318
2026-11-22 07:00:00,522.61,551.23047,28.620483,28.620483
2026-11-22 08:00:00,556.32,533.466,-22.854004,22.854004
2026-11-22 09:00:00,535.61,510.61835,-24.991638,24.991638
2026-11-22 10:00:00,494.44,485.94678,-8.493225,8.493225
2026-11-22 11:00:00,441.88,452.95117,11.071167,11.071167
2026-11-22 12:00:00,385.23,435.3783,50.148285,50.148285
2026-11-22 13:00:00,435.56,423.5368,-12.023193,12.023193
2026-11-22 14:00:00,419.43002,446.075,26.644989,26.644989
2026-11-22 15:00:00,449.44,479.17657,29.736572,29.736572
2026-11-22 16:00:00,468.42,518.2813,49.861298,49.861298
2026-11-22 17:00:00,560.68,566.2776,5.597595,5.597595
2026-11-22 18:00:00,616.04004,620.5701,4.5300903,4.5300903
2026-11-22 19:00:00,625.35004,640.06915,14.719116,14.719116
2026-11-22 20:00:00,559.79004,626.90594,67.115906,67.115906
2026-11-22 21:00:00,595.91003,598.7031,2.7930908,2.7930908
2026-11-22 22:00:00,549.52,577.4333,27.913269,27.913269
2026-11-22 23:00:00,530.83,558.9182,28.088196,28.088196
2026-11-23 00:00:00,599.56,548.3913,-51.1687,51.1687
2026-11-23 01:00:00,606.06,602.97687,-3.08313,3.08313
2026-11-23 02:00:00,603.64,609.4451,5.8051147,5.8051147
2026-11-23 03:00:00,614.99,614.6291,-0.36090088,0.36090088
2026-11-23 04:00:00,591.66003,619.9537,28.29364,28.29364
2026-11-23 05:00:00,630.57,646.18677,15.61676,15.61676
2026-11-23 06:00:00,676.81,646.9047,-29.905273,29.905273
2026-11-23 07:00:00,670.1,664.25085,-5.849121,5.849121
2026-11-23 08:00:00,686.11,647.9551,-38.154907,38.154907
2026-11-23 09:00:00,685.87,618.796,-67.073975,67.073975
2026-11-23 10:00:00,595.02,580.68634,-14.333679,14.333679
2026-11-23 11:00:00,556.42004,545.70984,-10.710205,10.710205
2026-11-23 12:00:00,597.35004,513.96826,-83.381775,83.381775
2026-11-23 13:00:00,556.14,511.3724,-44.76761,44.76761
2026-11-23 14:00:00,589.83,536.6171,-53.21289,53.21289
2026-11-23 15:00:00,578.38,573.5292,-4.85083,4.85083
2026-11-23 16:00:00,596.78,612.2648,15.484741,15.484741
2026-11-23 17:00:00,692.1,657.7342,-34.365784,34.365784
2026-11-23 18:00:00,703.48,715.49445,12.014465,12.014465
2026-11-23 19:00:00,784.25,738.3107,-45.93927,45.93927
2026-11-23 20:00:00,735.18,731.7377,-3.4423218,3.4423218
2026-11-23 21:00:00,647.44,705.2644,57.8244,57.8244
2026-11-23 22:00:00,653.64,676.33405,22.69403,22.69403
2026-11-23 23:00:00,640.05,652.1942,12.144226,12.144226
2026-11-24 00:00:00,590.12,631.853,41.733032,41.733032
2026-11-24 01:00:00,620.8,623.7458,2.9458008,2.9458008
2026-11-24 02:00:00,596.38,614.5494,18.169373,18.169373
2026-11-24 03:00:00,637.72003,620.6432,-17.076843,17.076843
2026-11-24 04:00:00,601.08,627.84436,26.764343,26.764343
2026-11-24 05:00:00,664.28,636.0972,-28.1828,28.1828
2026-11-24 06:00:00,667.03,654.2702,-12.759827,12.759827
2026-11-24 07:00:00,656.86,673.82825,16.968262,16.968262
2026-11-24 08:00:00,641.39,647.9318,6.541809,6.541809
2026-11-24 09:00:00,625.09,614.0902,-10.999817,10.999817
2026-11-24 10:00:00,563.95,574.2811,10.331116,10.331116
2026-11-24 11:00:00,558.75,534.36206,-24.38794,24.38794
2026-11-24 12:00:00,502.28003,510.79306,8.513031,8.513031
2026-11-24 13:00:00,508.55002,513.9862,5.4361877,5.4361877
2026-11-24 14:00:00,546.36,526.1102,-20.249756,20.249756
2026-11-24 15:00:00,588.58,562.1291,-26.450928,26.450928
2026-11-24 16:00:00,587.22003,615.1358,27.915771,27.915771
2026-11-24 17:00:00,661.17,668.7139,7.5439453,7.5439453
2026-11-24 18:00:00,706.41003,722.3462,15.936157,15.936157
2026-11-24 19:00:00,742.9,734.43036,-8.469666,8.469666
2026-11-24 20:00:00,702.17,721.75415,19.584167,19.584167
2026-11-24 21:00:00,661.17,690.4298,29.259827,29.259827
2026-11-24 22:00:00,651.48,657.8827,6.40271,6.40271
2026-11-24 23:00:00,611.02,634.67377,23.653748,23.653748
2026-11-25 00:00:00,593.25,614.506,21.255981,21.255981
2026-11-25 01:00:00,644.36,603.7774,-40.58258,40.58258
2026-11-25 02:00:00,583.41003,604.1681,20.758057,20.758057
2026-11-25 03:00:00,615.88,620.90045,5.020447,5.020447
2026-11-25 04:00:00,624.63,625.0775,0.44750977,0.44750977
2026-11-25 05:00:00,630.7,644.2831,13.583069,13.583069
2026-11-25 06:00:00,684.56,655.4099,-29.150085,29.150085
2026-11-25 07:00:00,653.91003,672.491,18.580994,18.580994
2026-11-25 08:00:00,653.63,647.33374,-6.2962646,6.2962646
2026-11-25 09:00:00,630.24,607.8853,-22.354675,22.354675
2026-11-25 10:00:00,626.14,571.32446,-54.81555,54.81555
2026-11-25 11:00:00,558.97003,539.643,-19.327026,19.327026
2026-11-25 12:00:00,513.93,508.07562,-5.85437,5.85437
2026-11-25 13:00:00,549.22003,502.16238,-47.057648,47.057648
2026-11-25 14:00:00,534.57,524.1757,-10.394287,10.394287
2026-11-25 15:00:00,551.24,564.2012,12.961182,12.961182
2026-11-25 16:00:00,633.42,610.8571,-22.562866,22.562866
2026-11-25 17:00:00,692.1,701.5207,9.420715,9.420715
2026-11-25 18:00:00,698.14,750.065,51.924988,51.924988
2026-11-25 19:00:00,743.11,765.19293,22.082947,22.082947
2026-11-25 20:00:00,684.62,747.35925,62.739258,62.739258
2026-11-25 21:00:00,698.19,707.334,9.143982,9.143982
2026-11-25 22:00:00,662.9,673.6161,10.716064,10.716064
2026-11-25 23:00:00,624.02,641.91693,17.896912,17.896912
2026-11-26 00:00:00,599.60004,612.8772,13.277161,13.277161
2026-11-26 01:00:00,613.0,607.02185,-5.9781494,5.9781494
2026-11-26 02:00:00,601.31,598.8798,-2.4301758,2.4301758
2026-11-26 03:00:00,639.29004,602.3176,-36.972412,36.972412
2026-11-26 04:00:00,654.26,619.7891,-34.470886,34.470886
2026-11-26 05:00:00,645.28,638.2138,-7.066223,7.066223
2026-11-26 06:00:00,682.51,656.02576,-26.484253,26.484253
2026-11-26 07:00:00,662.14,676.4716,14.331604,14.331604
2026-11-26 08:00:00,674.41003,662.4426,-11.967407,11.967407
2026-11-26 09:00:00,656.26,630.20984,-26.05017,26.05017
2026-11-26 10:00:00,571.61,595.8249,24.214905,24.214905
2026-11-26 11:00:00,598.39,554.49634,-43.893677,43.893677
2026-11-26 12:00:00,601.98,522.0728,-79.907166,79.907166
2026-11-26 13:00:00,537.47003,514.29877,-23.171265,23.171265
2026-11-26 14:00:00,582.60004,525.72504,-56.875,56.875
2026-11-26 15:00:00,552.0,561.3957,9.395691,9.395691
2026-11-26 16:00:00,545.53,608.83765,63.307617,63.307617
2026-11-26 17:00:00,654.65,657.3116,2.66156,2.66156
2026-11-26 18:00:00,694.03,706.8757,12.845642,12.845642
2026-11-26 19:00:00,739.25,731.6138,-7.6362305,7.6362305
2026-11-26 20:00:00,691.65,723.3203,31.670288,31.670288
2026-11-26 21:00:00,699.72003,687.45764,-12.26239,12.26239
2026-11-26 22:00:00,673.37,652.5209,-20.849121,20.849121
2026-11-26 23:00:00,579.0,630.7467,51.746704,51.746704
2026-11-27 00:00:00,580.48,606.42224,25.94226,25.94226
2026-11-27 01:00:00,577.8,596.35114,18.551147,18.551147
2026-11-27 02:00:00,552.62,594.665,42.044983,42.044983
2026-11-27 03:00:00,630.59,598.0825,-32.507507,32.507507
2026-11-27 04:00:00,597.33,616.39526,19.065247,19.065247
2026-11-27 05:00:00,646.47003,632.14667,-14.323364,14.323364
2026-11-27 06:00:00,651.26,648.55756,-2.7024536,2.7024536
2026-11-27 07:00:00,651.74,671.4046,19.664612,19.664612
2026-11-27 08:00:00,664.74,654.4083,-10.331665,10.331665
2026-11-27 09:00:00,624.4,627.5514,3.1513672,3.1513672
2026-11-27 10:00:00,591.8,587.38684,-4.413147,4.413147
2026-11-27 11:00:00,552.96,547.84076,-5.1192627,5.1192627
2026-11-27 12:00:00,566.02,515.1531,-50.866943,50.866943
2026-11-27 13:00:00,544.29004,511.75018,-32.539856,32.539856
2026-11-27 14:00:00,551.07,534.9033,-16.166687,16.166687
2026-11-27 15:00:00,552.24,572.4173,20.177307,20.177307
2026-11-27 16:00:00,608.03,622.7873,14.757263,14.757263
2026-11-27 17:00:00,675.14,673.0981,-2.0419312,2.0419312
2026-11-27 18:00:00,708.92,731.6375,22.71753,22.71753
2026-11-27 19:00:00,755.1,748.683,-6.416992,6.416992
2026-11-27 20:00:00,720.06,731.8679,11.807922,11.807922
2026-11-27 21:00:00,683.42,690.19543,6.7754517,6.7754517
2026-11-27 22:00:00,626.13,654.7047,28.574707,28.574707
2026-11-27 23:00:00,601.33,619.8001,18.470093,18.470093
2026-11-28 00:00:00,473.65002,594.47345,120.823425,120.823425
2026-11-28 01:00:00,495.43,529.88715,34.457153,34.457153
2026-11-28 02:00:00,507.2,517.7384,10.538391,10.538391
2026-11-28 03:00:00,491.72003,508.05408,16.334045,16.334045
2026-11-28 04:00:00,492.22003,510.7547,18.534668,18.534668
2026-11-28 05:00:00,525.04004,518.5945,-6.4455566,6.4455566
2026-11-28 06:00:00,583.73,539.78284,-43.947144,43.947144
2026-11-28 07:00:00,539.75,563.5864,23.836426,23.836426
2026-11-28 08:00:00,564.22003,548.4197,-15.800354,15.800354
2026-11-28 09:00:00,523.35,523.0735,-0.27648926,0.27648926
2026-11-28 10:00:00,452.31003,486.8843,34.57428,34.57428
2026-11-28 11:00:00,457.53003,450.07678,-7.453247,7.453247
2026-11-28 12:00:00,458.48004,433.0135,-25.466553,25.466553
2026-11-28 13:00:00,422.52002,425.80075,3.2807312,3.2807312
2026-11-28 14:00:00,446.34003,441.05145,-5.288574,5.288574
2026-11-28 15:00:00,469.30002,475.87097,6.5709534,6.5709534
2026-11-28 16:00:00,515.54004,521.06506,5.5250244,5.5250244
2026-11-28 17:00:00,522.06,569.02686,46.966858,46.966858
2026-11-28 18:00:00,617.35004,613.57837,-3.7716675,3.7716675
2026-11-28 19:00:00,630.43,636.5705,6.140503,6.140503
2026-11-28 20:00:00,596.18,624.54236,28.362366,28.362366
2026-11-28 21:00:00,546.56,597.833,51.27301,51.27301
2026-11-28 22:00:00,584.09,574.68787,-9.402161,9.402161
2026-11-28 23:00:00,536.91003,557.7648,20.854736,20.854736
2026-11-29 00:00:00,513.18,544.09656,30.916565,30.916565
2026-11-29 01:00:00,523.13,525.0366,1.9066162,1.9066162
2026-11-29 02:00:00,531.13,520.3536,-10.776428,10.776428
2026-11-29 03:00:00,495.48,516.1913,20.711273,20.711273
2026-11-29 04:00:00,540.64,515.58264,-25.057373,25.057373
2026-11-29 05:00:00,512.79004,525.69507,12.905029,12.905029
2026-11-29 06:00:00,539.47003,532.6063,-6.8637085,6.8637085
2026-11-29 07:00:00,565.49,557.2913,-8.198669,8.198669
2026-11-29 08:00:00,523.29004,543.1643,19.874268,19.874268
2026-11-29 09:00:00,549.93,513.81976,-36.11023,36.11023
2026-11-29 10:00:00,473.63,477.5011,3.8710938,3.8710938
2026-11-29 11:00:00,444.14,449.65137,5.5113525,5.5113525
2026-11-29 12:00:00,437.24002,429.14948,-8.090546,8.090546
2026-11-29 13:00:00,401.68,424.477,22.796997,22.796997
2026-11-29 14:00:00,399.23,441.151,41.92099,41.92099
2026-11-29 15:00:00,429.67,470.86172,41.19171,41.19171
2026-11-29 16:00:00,503.74,515.9691,12.229126,12.229126
2026-11-29 17:00:00,512.3,567.2144,54.91443,54.91443
2026-11-29 18:00:00,585.95,624.9086,38.95862,38.95862
2026-11-29 19:00:00,594.76,650.66705,55.907043,55.907043
2026-11-29 20:00:00,600.89,643.4344,42.544373,42.544373
2026-11-29 21:00:00,567.42004,614.75586,47.335815,47.335815
2026-11-29 22:00:00,531.41003,587.1936,55.78357,55.78357
2026-11-29 23:00:00,502.45,561.65857,59.208557,59.208557
2026-11-30 00:00:00,624.63,545.4059,-79.22412,79.22412
2026-11-30 01:00:00,613.43,600.788,-12.641968,12.641968
2026-11-30 02:00:00,626.54004,615.60455,-10.935486,10.935486
2026-11-30 03:00:00,610.92,618.4312,7.5112305,7.5112305
2026-11-30 04:00:00,633.98,629.6137,-4.366272,4.366272
2026-11-30 05:00:00,615.31,631.7866,16.476624,16.476624
2026-11-30 06:00:00,658.97003,655.7385,-3.2315063,3.2315063
2026-11-30 07:00:00,709.19,666.66876,-42.52124,42.52124
2026-11-30 08:00:00,685.54,657.9997,-27.540283,27.540283
2026-11-30 09:00:00,658.3,628.41907,-29.88092,29.88092
2026-11-30 10:00:00,598.81,590.04285,-8.767151,8.767151
2026-11-30 11:00:00,537.34,550.3858,13.045776,13.045776
2026-11-30 12:00:00,533.34,517.85126,-15.48877,15.48877
2026-11-30 13:00:00,499.32,508.6425,9.322479,9.322479
2026-11-30 14:00:00,555.31,526.63403,-28.675964,28.675964
2026-11-30 15:00:00,588.57,556.6594,-31.910583,31.910583
2026-11-30 16:00:00,607.63,600.2503,-7.3796997,7.3796997
2026-11-30 17:00:00,627.82,651.7413,23.921265,23.921265
2026-11-30 18:00:00,660.92,703.7617,42.841736,42.841736
2026-11-30 19:00:00,751.68,719.4248,-32.255188,32.255188
2026-11-30 20:00:00,722.37,713.1189,-9.251099,9.251099
2026-11-30 21:00:00,670.16003,693.6613,23.501282,23.501282
2026-11-30 22:00:00,661.28,672.5983,11.318298,11.318298
2026-11-30 23:00:00,609.83,646.50214,36.67212,36.67212
2026-12-01 00:00:00,595.3,626.63727,31.33728,31.33728
2026-12-01 01:00:00,663.2,617.23206,-45.967957,45.967957
2026-12-01 02:00:00,599.3,618.91315,19.61316,19.61316
2026-12-01 03:00:00,550.23,619.0949,68.86493,68.86493
2026-12-01 04:00:00,610.49,625.308,14.817993,14.817993
2026-12-01 05:00:00,603.36,632.6035,29.24353,29.24353
2026-12-01 06:00:00,639.04004,640.2491,1.2090454,1.2090454
2026-12-01 07:00:00,661.16003,662.4713,1.3112793,1.3112793
2026-12-01 08:00:00,642.83,642.0384,-0.791626,0.791626
2026-12-01 09:00:00,670.02,608.45135,-61.568665,61.568665
2026-12-01 10:00:00,590.81,575.2938,-15.516174,15.516174
2026-12-01 11:00:00,593.06,543.2582,-49.80182,49.80182
2026-12-01 12:00:00,505.09003,521.56165,16.471619,16.471619
2026-12-01 13:00:00,534.94,515.49866,-19.441345,19.441345
2026-12-01 14:00:00,551.12,536.60925,-14.510742,14.510742
2026-12-01 15:00:00,535.94,565.0032,29.063171,29.063171
2026-12-01 16:00:00,602.15,608.09515,5.9451294,5.9451294
2026-12-01 17:00:00,666.34,660.26263,-6.0773926,6.0773926
2026-12-01 18:00:00,707.97,714.5621,6.592102,6.592102
2026-12-01 19:00:00,755.31,721.1284,-34.18158,34.18158
2026-12-01 20:00:00,743.37,707.8528,-35.517212,35.517212
2026-12-01 21:00:00,716.53,682.48004,-34.049988,34.049988
2026-12-01 22:00:00,683.53,653.7489,-29.781128,29.781128
2026-12-01 23:00:00,616.34,632.49915,16.159119,16.159119
2026-12-02 00:00:00,612.08,610.4812,-1.5988159,1.5988159
2026-12-02 01:00:00,603.78,607.70557,3.925537,3.925537
2026-12-02 02:00:00,625.51,600.5078,-25.002197,25.002197
2026-12-02 03:00:00,649.37,607.19104,-42.178955,42.178955
2026-12-02 04:00:00,643.16003,617.2928,-25.867249,25.867249
2026-12-02 05:00:00,664.65,630.21857,-34.431458,34.431458
2026-12-02 06:00:00,645.92,656.9676,11.047607,11.047607
2026-12-02 07:00:00,683.42,664.5768,-18.8432,18.8432
2026-12-02 08:00:00,693.38,655.46606,-37.91394,37.91394
2026-12-02 09:00:00,630.12,626.3578,-3.762207,3.762207
2026-12-02 10:00:00,554.19,583.28076,29.09076,29.09076
2026-12-02 11:00:00,606.49,544.357,-62.132996,62.132996
2026-12-02 12:00:00,514.59,517.1706,2.5805664,2.5805664
2026-12-02 13:00:00,514.35004,506.80786,-7.5421753,7.5421753
2026-12-02 14:00:00,508.62,526.3323,17.71228,17.71228
2026-12-02 15:00:00,575.79004,560.75305,-15.036987,15.036987
2026-12-02 16:00:00,600.09,600.53107,0.44104004,0.44104004
2026-12-02 17:00:00,686.9,658.8262,-28.073853,28.073853
2026-12-02 18:00:00,732.19,716.5982,-15.591797,15.591797
2026-12-02 19:00:00,725.07,750.8051,25.735107,25.735107
2026-12-02 20:00:00,702.75,732.9181,30.16809,30.16809
2026-12-02 21:00:00,733.49,701.7501,-31.739868,31.739868
2026-12-02 22:00:00,652.24,667.96014,15.720154,15.720154
2026-12-02 23:00:00,661.29,636.2748,-25.015198,25.015198
2026-12-03 00:00:00,622.77,611.55035,-11.219666,11.219666
2026-12-03 01:00:00,628.24,601.45337,-26.786621,26.786621
2026-12-03 02:00:00,589.95,600.4469,10.496887,10.496887
2026-12-03 03:00:00,612.2,602.95087,-9.2491455,9.2491455
2026-12-03 04:00:00,644.68,614.9479,-29.732117,29.732117
2026-12-03 05:00:00,606.69,627.1418,20.451782,20.451782
2026-12-03 06:00:00,655.3,641.471,-13.8289795,13.8289795
2026-12-03 07:00:00,688.47003,660.2001,-28.269958,28.269958
2026-12-03 08:00:00,649.65,652.4235,2.7734985,2.7734985
2026-12-03 09:00:00,588.56,616.8815,28.321472,28.321472
2026-12-03 10:00:00,626.04004,575.64856,-50.39148,50.39148
2026-12-03 11:00:00,552.94,544.50116,-8.438843,8.438843
2026-12-03 12:00:00,565.49,513.31366,-52.17633,52.17633
2026-12-03 13:00:00,553.06,509.798,-43.261993,43.261993
2026-12-03 14:00:00,553.10004,545.1237,-7.9763184,7.9763184
2026-12-03 15:00:00,559.27,596.8496,37.57959,37.57959
2026-12-03 16:00:00,575.88,631.30164,55.42163,55.42163
2026-12-03 17:00:00,668.37,663.51184,-4.8581543,4.8581543
2026-12-03 18:00:00,728.63,705.57635,-23.05365,23.05365
2026-12-03 19:00:00,725.02,726.7336,1.713562,1.713562
2026-12-03 20:00:00,727.7,720.28625,-7.4137573,7.4137573
2026-12-03 21:00:00,692.83,692.66833,-0.16168213,0.16168213
2026-12-03 22:00:00,644.53,660.0326,15.502563,15.502563
2026-12-03 23:00:00,624.92,629.7925,4.8724976,4.8724976
2026-12-04 00:00:00,597.08,603.08,6.0,6.0
2026-12-04 01:00:00,610.78,589.28546,-21.494568,21.494568
2026-12-04 02:00:00,616.46,590.0924,-26.367615,26.367615
2026-12-04 03:00:00,542.34,609.774,67.43396,67.43396
2026-12-04 04:00:00,604.23,623.2622,19.032227,19.032227
2026-12-04 05:00:00,673.91003,630.0124,-43.897644,43.897644
2026-12-04 06:00:00,649.74,652.6691,2.9291382,2.9291382
2026-12-04 07:00:00,701.25,671.4386,-29.811401,29.811401
2026-12-04 08:00:00,659.07,664.45184,5.381836,5.381836
2026-12-04 09:00:00,664.49,630.7464,-33.74359,33.74359
2026-12-04 10:00:00,602.29004,592.1687,-10.121338,10.121338
2026-12-04 11:00:00,576.05,555.25543,-20.794556,20.794556
2026-12-04 12:00:00,557.58,525.1444,-32.435608,32.435608
2026-12-04 13:00:00,505.19,514.4801,9.2901,9.2901
2026-12-04 14:00:00,569.32,530.12683,-39.193176,39.193176
2026-12-04 15:00:00,563.48,562.43256,-1.0474243,1.0474243
2026-12-04 16:00:00,638.93,613.0634,-25.866577,25.866577
2026-12-04 17:00:00,652.84,672.96875,20.128723,20.128723
2026-12-04 18:00:00,730.56,728.2791,-2.2808838,2.2808838
2026-12-04 19:00:00,723.22,745.31256,22.09259,22.09259
2026-12-04 20:00:00,709.28,736.58356,27.303528,27.303528
2026-12-04 21:00:00,694.66003,696.6057,1.9456787,1.9456787
2026-12-04 22:00:00,623.84,654.80945,30.969421,30.969421
2026-12-04 23:00:00,619.64,619.2091,-0.4309082,0.4309082
2026-12-05 00:00:00,531.18,594.8853,63.705322,63.705322
2026-12-05 01:00:00,501.59003,535.544,33.95398,33.95398
2026-12-05 02:00:00,495.97003,509.52365,13.553619,13.553619
2026-12-05 03:00:00,540.74,510.21475,-30.525238,30.525238
2026-12-05 04:00:00,504.42,516.81226,12.392242,12.392242
2026-12-05 05:00:00,545.72003,524.5247,-21.195312,21.195312
2026-12-05 06:00:00,557.13,542.4205,-14.709534,14.709534
2026-12-05 07:00:00,615.88,566.3955,-49.484497,49.484497
2026-12-05 08:00:00,582.92,559.2467,-23.673279,23.673279
2026-12-05 09:00:00,542.75,536.16736,-6.5826416,6.5826416
2026-12-05 10:00:00,443.87,503.79852,59.928528,59.928528
2026-12-05 11:00:00,433.47003,466.85126,33.381226,33.381226
2026-12-05 12:00:00,472.48,435.71362,-36.766388,36.766388
2026-12-05 13:00:00,461.10004,428.2543,-32.845734,32.845734
2026-12-05 14:00:00,411.74,444.55798,32.817993,32.817993
2026-12-05 15:00:00,466.91003,470.31906,3.409027,3.409027
2026-12-05 16:00:00,483.29,511.8609,28.570892,28.570892
2026-12-05 17:00:00,565.57,565.3482,-0.22180176,0.22180176
2026-12-05 18:00:00,573.89,610.5407,36.650696,36.650696
2026-12-05 19:00:00,612.01,626.2407,14.230713,14.230713
2026-12-05 20:00:00,626.5,618.4158,-8.0842285,8.0842285
2026-12-05 21:00:00,564.71,594.0515,29.341492,29.341492
2026-12-05 22:00:00,541.41003,569.23615,27.82611,27.82611
2026-12-05 23:00:00,538.87,552.6272,13.757202,13.757202
2026-12-06 00:00:00,520.53,540.8283,20.298279,20.298279
2026-12-06 01:00:00,487.25,524.0138,36.763794,36.763794
2026-12-06 02:00:00,478.72003,507.03137,28.31134,28.31134
2026-12-06 03:00:00,494.54,497.4163,2.8762817,2.8762817
2026-12-06 04:00:00,495.01,501.74756,6.737549,6.737549
2026-12-06 05:00:00,492.37003,506.61795,14.247925,14.247925
2026-12-06 06:00:00,574.42,519.5643,-54.855713,54.855713
2026-12-06 07:00:00,528.26,539.95416,11.694153,11.694153
2026-12-06 08:00:00,561.29004,541.89685,-19.393188,19.393188
2026-12-06 09:00:00,533.47003,521.9251,-11.544922,11.544922
2026-12-06 10:00:00,468.25,491.36792,23.11792,23.11792
2026-12-06 11:00:00,477.26,460.4526,-16.807404,16.807404
2026-12-06 12:00:00,457.30002,443.1093,-14.190704,14.190704
2026-12-06 13:00:00,417.37,434.2497,16.8797,16.8797
2026-12-06 14:00:00,431.88,443.81195,11.931946,11.931946
2026-12-06 15:00:00,471.34003,477.80457,6.4645386,6.4645386
2026-12-06 16:00:00,490.76,511.46594,20.705933,20.705933
2026-12-06 17:00:00,578.39,559.19977,-19.190247,19.190247
2026-12-06 18:00:00,605.98,617.72986,11.749878,11.749878
2026-12-06 19:00:00,622.3,632.7104,10.4104,10.4104
2026-12-06 20:00:00,596.94,616.2897,19.34967,19.34967
2026-12-06 21:00:00,561.31,591.45013,30.140137,30.140137
2026-12-06 22:00:00,531.93,566.00366,34.07367,34.07367
2026-12-06 23:00:00,500.39,548.33435,47.944336,47.944336
2026-12-07 00:00:00,651.69,536.2939,-115.39612,115.39612
2026-12-07 01:00:00,604.85004,601.6745,-3.175537,3.175537
2026-12-07 02:00:00,594.4,615.56714,21.167114,21.167114
2026-12-07 03:00:00,622.06,615.45605,-6.603943,6.603943
2026-12-07 04:00:00,652.71,620.5417,-32.168335,32.168335
2026-12-07 05:00:00,607.39,634.0203,26.63031,26.63031
2026-12-07 06:00:00,664.49,668.80865,4.3186646,4.3186646
2026-12-07 07:00:00,672.89,665.6659,-7.224121,7.224121
2026-12-07 08:00:00,637.46,647.4054,9.945374,9.945374
2026-12-07 09:00:00,601.37,613.9482,12.578186,12.578186
2026-12-07 10:00:00,566.84,575.5316,8.691589,8.691589
2026-12-07 11:00:00,559.68,537.0732,-22.606812,22.606812
2026-12-07 12:00:00,505.07,514.88464,9.814636,9.814636
2026-12-07 13:00:00,523.46,507.37137,-16.088654,16.088654
2026-12-07 14:00:00,542.48,523.93365,-18.546326,18.546326
2026-12-07 15:00:00,545.33,555.4674,10.13739,10.13739
2026-12-07 16:00:00,631.23,594.5727,-36.657288,36.657288
2026-12-07 17:00:00,668.39,648.6265,-19.763489,19.763489
2026-12-07 18:00:00,704.73,711.72864,6.998657,6.998657
2026-12-07 19:00:00,724.92,734.8419,9.921936,9.921936
2026-12-07 20:00:00,727.75,724.63635,-3.1136475,3.1136475
2026-12-07 21:00:00,658.9,699.10266,40.202637,40.202637
2026-12-07 22:00:00,618.29004,668.7512,50.46118,50.46118
2026-12-07 23:00:00,583.65,640.204,56.553955,56.553955
2026-12-08 00:00:00,509.96002,619.04626,109.08624,109.08624
2026-12-08 01:00:00,486.2,557.2123,71.01227,71.01227
2026-12-08 02:00:00,450.69,539.3139,88.6239,88.6239
2026-12-08 03:00:00,547.3,532.0671,-15.23291,15.23291
2026-12-08 04:00:00,571.97003,540.5497,-31.42035,31.42035
2026-12-08 05:00:00,530.64,548.84564,18.205627,18.205627
2026-12-08 06:00:00,611.55,550.11005,-61.43994,61.43994
2026-12-08 07:00:00,579.26,551.1103,-28.14972,28.14972
2026-12-08 08:00:00,592.72003,536.685,-56.035034,56.035034
2026-12-08 09:00:00,557.65,517.3068,-40.3432,40.3432
2026-12-08 10:00:00,490.27002,486.83533,-3.4346924,3.4346924
2026-12-08 11:00:00,438.63,463.95926,25.329254,25.329254
2026-12-08 12:00:00,424.79004,444.4255,19.635468,19.635468
2026-12-08 13:00:00,393.14,448.969,55.82898,55.82898
2026-12-08 14:00:00,405.49002,465.3002,59.81018,59.81018
2026-12-08 15:00:00,439.93,490.34622,50.41623,50.41623
2026-12-08 16:00:00,539.74,521.07043,-18.669556,18.669556
2026-12-08 17:00:00,581.07,566.6447,-14.425293,14.425293
2026-12-08 18:00:00,579.39,609.2706,29.880615,29.880615
2026-12-08 19:00:00,641.96,628.2438,-13.716248,13.716248
2026-12-08 20:00:00,630.56,630.99725,0.43725586,0.43725586
2026-12-08 21:00:00,560.26,621.6834,61.4234,61.4234
2026-12-08 22:00:00,525.03,612.79065,87.76062,87.76062
2026-12-08 23:00:00,531.22003,589.7047,58.48468,58.48468
2026-12-09 00:00:00,602.09,576.3079,-25.782104,25.782104
2026-12-09 01:00:00,586.61,593.0502,6.4401855,6.4401855
2026-12-09 02:00:00,609.01,595.40454,-13.605469,13.605469
2026-12-09 03:00:00,609.15,609.5706,0.42059326,0.42059326
2026-12-09 04:00:00,616.09,622.7081,6.618103,6.618103
2026-12-09 05:00:00,588.06,631.92847,43.86847,43.86847
2026-12-09 06:00:00,685.79,653.11884,-32.671143,32.671143
2026-12-09 07:00:00,683.15,661.28955,-21.860474,21.860474
2026-12-09 08:00:00,710.9,645.7699,-65.13013,65.13013
2026-12-09 09:00:00,653.63,620.07184,-33.558167,33.558167
2026-12-09 10:00:00,614.45,576.8847,-37.565308,37.565308
2026-12-09 11:00:00,569.58,541.9518,-27.628235,27.628235
2026-12-09 12:00:00,503.52002,516.31244,12.792419,12.792419
2026-12-09 13:00:00,555.23,508.90277,-46.32721,46.32721
2026-12-09 14:00:00,543.73,533.30975,-10.420227,10.420227
2026-12-09 15:00:00,559.62,567.1568,7.536804,7.536804
2026-12-09 16:00:00,589.21,618.4331,29.223083,29.223083
2026-12-09 17:00:00,657.77,670.76434,12.994324,12.994324
2026-12-09 18:00:00,657.24,719.5917,62.351685,62.351685
2026-12-09 19:00:00,748.22003,735.33624,-12.883789,12.883789
2026-12-09 20:00:00,720.49,728.9839,8.4938965,8.4938965
2026-12-09 21:00:00,701.9,695.1269,-6.7731323,6.7731323
2026-12-09 22:00:00,630.3,660.87244,30.572449,30.572449
2026-12-09 23:00:00,620.26,630.2405,9.980469,9.980469
2026-12-10 00:00:00,615.23,609.2717,-5.958252,5.958252
2026-12-10 01:00:00,618.60004,602.4203,-16.179749,16.179749
2026-12-10 02:00:00,613.82,600.0003,-13.819702,13.819702
2026-12-10 03:00:00,600.55,606.44653,5.8965454,5.8965454
2026-12-10 04:00:00,618.18,615.63,-2.5499878,2.5499878
2026-12-10 05:00:00,627.10004,637.5472,10.447144,10.447144
2026-12-10 06:00:00,635.35004,653.57605,18.226013,18.226013
2026-12-10 07:00:00,672.71,671.39923,-1.310791,1.310791
2026-12-10 08:00:00,671.22003,656.706,-14.514038,14.514038
2026-12-10 09:00:00,633.46,624.84503,-8.61499,8.61499
2026-12-10 10:00:00,584.3,587.1,2.7999878,2.7999878
2026-12-10 11:00:00,575.26,546.0079,-29.252136,29.252136
2026-12-10 12:00:00,548.38,518.52515,-29.854858,29.854858
2026-12-10 13:00:00,515.92004,513.7166,-2.2034302,2.2034302
2026-12-10 14:00:00,585.75,527.69794,-58.052063,58.052063
2026-12-10 15:00:00,559.5,570.45416,10.954163,10.954163
2026-12-10 16:00:00,587.78,617.4234,29.643372,29.643372
2026-12-10 17:00:00,633.47003,677.29755,43.827515,43.827515
2026-12-10 18:00:00,726.53,726.0203,-0.5097046,0.5097046
2026-12-10 19:00:00,736.2,747.3976,11.197571,11.197571
2026-12-10 20:00:00,721.53,734.577,13.046997,13.046997
2026-12-10 21:00:00,719.03,696.9616,-22.06842,22.06842
2026-12-10 22:00:00,630.9,663.043,32.143005,32.143005
2026-12-10 23:00:00,629.46,629.1937,-0.2662964,0.2662964
2026-12-11 00:00:00,625.63,605.9238,-19.706177,19.706177
2026-12-11 01:00:00,597.08,593.5362,-3.5438232,3.5438232
2026-12-11 02:00:00,621.11,588.05475,-33.055237,33.055237
2026-12-11 03:00:00,633.48,597.097,-36.382996,36.382996
2026-12-11 04:00:00,636.0,612.949,-23.051025,23.051025
2026-12-11 05:00:00,667.87,629.2027,-38.667297,38.667297
2026-12-11 06:00:00,699.75,659.2658,-40.48419,40.48419
2026-12-11 07:00:00,691.99,687.2464,-4.7435913,4.7435913
2026-12-11 08:00:00,648.60004,678.1907,29.590637,29.590637
2026-12-11 09:00:00,718.86,643.0308,-75.82916,75.82916
2026-12-11 10:00:00,567.44,603.58203,36.14203,36.14203
2026-12-11 11:00:00,539.29004,556.9888,17.69873,17.69873
2026-12-11 12:00:00,561.86,518.5975,-43.262512,43.262512
2026-12-11 13:00:00,541.65,515.13654,-26.513489,26.513489
2026-12-11 14:00:00,552.51,534.5867,-17.92334,17.92334
2026-12-11 15:00:00,583.31,573.5706,-9.73938,9.73938
2026-12-11 16:00:00,612.4,623.12494,10.724915,10.724915
2026-12-11 17:00:00,638.69,666.09424,27.404236,27.404236
2026-12-11 18:00:00,728.49,716.04376,-12.446228,12.446228
2026-12-11 19:00:00,733.97,738.4389,4.468933,4.468933
2026-12-11 20:00:00,729.48,719.5345,-9.945496,9.945496
2026-12-11 21:00:00,687.44,684.8855,-2.5545044,2.5545044
2026-12-11 22:00:00,626.33,649.12836,22.79834,22.79834
2026-12-11 23:00:00,645.25,614.79785,-30.452148,30.452148
2026-12-12 00:00:00,465.67,592.2098,126.539764,126.539764
2026-12-12 01:00:00,509.57,529.6544,20.084412,20.084412
2026-12-12 02:00:00,557.12,507.79785,-49.322144,49.322144
2026-12-12 03:00:00,494.18002,511.03754,16.857513,16.857513
2026-12-12 04:00:00,491.47003,511.30292,19.832886,19.832886
2026-12-12 05:00:00,531.47003,519.3039,-12.166138,12.166138
2026-12-12 06:00:00,551.09,536.9987,-14.091309,14.091309
2026-12-12 07:00:00,560.34,558.5398,-1.8002319,1.8002319
2026-12-12 08:00:00,551.04004,545.15894,-5.8811035,5.8811035
2026-12-12 09:00:00,503.44,522.7541,19.314087,19.314087
2026-12-12 10:00:00,451.92,489.01312,37.09311,37.09311
2026-12-12 11:00:00,411.86002,463.18146,51.32144,51.32144
2026-12-12 12:00:00,443.60004,434.67688,-8.923157,8.923157
2026-12-12 13:00:00,444.42,428.039,-16.381012,16.381012
2026-12-12 14:00:00,445.74002,446.1526,0.41256714,0.41256714
2026-12-12 15:00:00,467.57,476.01593,8.445923,8.445923
2026-12-12 16:00:00,490.18,514.03735,23.85736,23.85736
2026-12-12 17:00:00,565.55,557.3689,-8.181091,8.181091
2026-12-12 18:00:00,550.97003,611.5878,60.617798,60.617798
2026-12-12 19:00:00,606.79004,628.3206,21.530579,21.530579
2026-12-12 20:00:00,565.5,623.2812,57.78119,57.78119
2026-12-12 21:00:00,574.56,598.87463,24.314636,24.314636
2026-12-12 22:00:00,536.89,576.1086,39.218567,39.218567
2026-12-12 23:00:00,562.27,553.3685,-8.901489,8.901489
2026-12-13 00:00:00,526.31,541.37537,15.065369,15.065369
2026-12-13 01:00:00,507.34,516.56445,9.224457,9.224457
2026-12-13 02:00:00,486.79,499.9956,13.205597,13.205597
2026-12-13 03:00:00,471.99,496.9831,24.993103,24.993103
2026-12-13 04:00:00,558.59,499.9024,-58.687622,58.687622
2026-12-13 05:00:00,522.94,516.2114,-6.7285767,6.7285767
2026-12-13 06:00:00,561.47003,528.6892,-32.780823,32.780823
2026-12-13 07:00:00,539.41003,552.45776,13.0477295,13.0477295
2026-12-13 08:00:00,599.28,539.9112,-59.368835,59.368835
2026-12-13 09:00:00,517.2,520.7479,3.5479126,3.5479126
2026-12-13 10:00:00,463.33002,490.03854,26.708527,26.708527
2026-12-13 11:00:00,452.69,457.18195,4.4919434,4.4919434
2026-12-13 12:00:00,462.99002,434.67194,-28.318085,28.318085
2026-12-13 13:00:00,413.38,428.27454,14.894531,14.894531
2026-12-13 14:00:00,435.81,443.9487,8.138702,8.138702
2026-12-13 15:00:00,475.75,472.87842,-2.871582,2.871582
2026-12-13 16:00:00,510.1,516.5683,6.468292,6.468292
2026-12-13 17:00:00,531.2,560.37213,29.17212,29.17212
2026-12-13 18:00:00,632.72003,601.1779,-31.542114,31.542114
2026-12-13 19:00:00,618.92,635.49426,16.57428,16.57428
2026-12-13 20:00:00,578.45,624.97705,46.52704,46.52704
2026-12-13 21:00:00,608.0,603.005,-4.994995,4.994995
2026-12-13 22:00:00,552.04004,578.50635,26.466309,26.466309
2026-12-13 23:00:00,521.0,556.5019,35.501892,35.501892
2026-12-14 00:00:00,648.19,541.65875,-106.53125,106.53125
2026-12-14 01:00:00,642.51,604.4411,-38.06891,38.06891
2026-12-14 02:00:00,582.89,615.9136,33.02356,33.02356
2026-12-14 03:00:00,612.49,611.95166,-0.5383301,0.5383301
2026-12-14 04:00:00,585.05,616.15076,31.100769,31.100769
2026-12-14 05:00:00,637.69,625.24243,-12.447571,12.447571
2026-12-14 06:00:00,675.05,639.0857,-35.964294,35.964294
2026-12-14 07:00:00,651.93,652.33704,0.40704346,0.40704346
2026-12-14 08:00:00,690.71,647.19745,-43.512573,43.512573
2026-12-14 09:00:00,617.93,622.1689,4.2388916,4.2388916
2026-12-14 10:00:00,611.74,580.9725,-30.767517,30.767517
2026-12-14 11:00:00,604.13,545.2612,-58.868774,58.868774
2026-12-14 12:00:00,556.73,521.43585,-35.29413,35.29413
2026-12-14 13:00:00,524.88,514.4733,-10.406677,10.406677
2026-12-14 14:00:00,569.33,531.4147,-37.915344,37.915344
2026-12-14 15:00:00,571.81,561.41327,-10.3967285,10.3967285
2026-12-14 16:00:00,575.41003,610.5108,35.10077,35.10077
2026-12-14 17:00:00,636.08,658.3409,22.260864,22.260864
2026-12-14 18:00:00,714.5,709.8162,-4.683777,4.683777
2026-12-14 19:00:00,767.54,727.27515,-40.26483,40.26483
2026-12-14 20:00:00,705.84,716.9104,11.070374,11.070374
2026-12-14 21:00:00,696.36,691.59,-4.7699585,4.7699585
2026-12-14 22:00:00,635.68,665.4614,29.781433,29.781433
2026-12-14 23:00:00,639.51,639.44025,-0.06976318,0.06976318
2026-12-15 00:00:00,572.32,624.71124,52.391235,52.391235
2026-12-15 01:00:00,634.74,614.5175,-20.222473,20.222473
2026-12-15 02:00:00,637.5,610.6543,-26.845703,26.845703
2026-12-15 03:00:00,604.53,612.1441,7.6140747,7.6140747
2026-12-15 04:00:00,651.52,619.75464,-31.76538,31.76538
2026-12-15 05:00:00,571.68,632.45184,60.77185,60.77185
2026-12-15 06:00:00,648.60004,647.1152,-1.4848633,1.4848633
2026-12-15 07:00:00,697.38,670.1422,-27.237793,27.237793
2026-12-15 08:00:00,663.33,651.37756,-11.952454,11.952454
2026-12-15 09:00:00,581.44,617.1008,35.660828,35.660828
2026-12-15 10:00:00,581.66003,577.3186,-4.3414307,4.3414307
2026-12-15 11:00:00,528.01,538.46436,10.454346,10.454346
2026-12-15 12:00:00,569.2,508.5912,-60.608826,60.608826
2026-12-15 13:00:00,489.45,509.5393,20.089294,20.089294
2026-12-15 14:00:00,546.93,529.5366,-17.393372,17.393372
2026-12-15 15:00:00,500.66003,564.1273,63.467285,63.467285
2026-12-15 16:00:00,602.08,594.1025,-7.977539,7.977539
2026-12-15 17:00:00,629.25,656.9604,27.710388,27.710388
2026-12-15 18:00:00,705.6,711.4571,5.8571167,5.8571167
2026-12-15 19:00:00,699.95,732.71,32.76001,32.76001
2026-12-15 20:00:00,700.39,714.1507,13.760681,13.760681
2026-12-15 21:00:00,686.54004,691.80396,5.263916,5.263916
2026-12-15 22:00:00,666.39,662.5924,-3.7976074,3.7976074
2026-12-15 23:00:00,622.46,636.85657,14.396545,14.396545
2026-12-16 00:00:00,609.05,616.3366,7.286621,7.286621
2026-12-16 01:00:00,629.41003,603.27997,-26.130066,26.130066
2026-12-16 02:00:00,584.94,603.70526,18.765259,18.765259
2026-12-16 03:00:00,625.9,605.8489,-20.051147,20.051147
2026-12-16 04:00:00,612.68,615.17725,2.4972534,2.4972534
2026-12-16 05:00:00,683.82,628.3239,-55.496094,55.496094
2026-12-16 06:00:00,641.91003,648.0424,6.1323853,6.1323853
2026-12-16 07:00:00,639.05,666.6635,27.613525,27.613525
2026-12-16 08:00:00,660.33,648.83374,-11.496277,11.496277
2026-12-16 09:00:00,618.81,616.49286,-2.3171387,2.3171387
2026-12-16 10:00:00,614.11,573.04456,-41.06543,41.06543
2026-12-16 11:00:00,544.62,544.43835,-0.18164062,0.18164062
2026-12-16 12:00:00,543.68,515.80676,-27.87323,27.87323
2026-12-16 13:00:00,563.45,513.51373,-49.93628,49.93628
2026-12-16 14:00:00,584.79004,533.92914,-50.8609,50.8609
2026-12-16 15:00:00,583.04004,565.8255,-17.214539,17.214539
2026-12-16 16:00:00,596.13,618.69745,22.567444,22.567444
2026-12-16 17:00:00,651.09,670.2356,19.145569,19.145569
2026-12-16 18:00:00,701.73,722.29614,20.566162,20.566162
2026-12-16 19:00:00,692.16003,738.3048,46.144775,46.144775
2026-12-16 20:00:00,748.35,721.10944,-27.24054,27.24054
2026-12-16 21:00:00,700.21,715.4987,15.288696,15.288696
2026-12-16 22:00:00,643.01,679.78204,36.772034,36.772034
2026-12-16 23:00:00,600.43,647.1992,46.769226,46.769226
2026-12-17 00:00:00,577.1,623.0584,45.958435,45.958435
2026-12-17 01:00:00,615.98,610.73334,-5.246643,5.246643
2026-12-17 02:00:00,640.36,608.8247,-31.535278,31.535278
2026-12-17 03:00:00,565.86,626.70496,60.84497,60.84497
2026-12-17 04:00:00,618.34,619.5823,1.2422485,1.2422485
2026-12-17 05:00:00,601.63,632.9252,31.295166,31.295166
2026-12-17 06:00:00,637.57,648.72015,11.1501465,11.1501465
2026-12-17 07:00:00,669.47003,670.8149,1.3448486,1.3448486
2026-12-17 08:00:00,705.61,654.54517,-51.06482,51.06482
2026-12-17 09:00:00,632.83,627.6281,-5.2019043,5.2019043
2026-12-17 10:00:00,622.18,587.3285,-34.8515,34.8515
2026-12-17 11:00:00,540.86,550.332,9.471985,9.471985
2026-12-17 12:00:00,547.03,514.84735,-32.18268,32.18268
2026-12-17 13:00:00,530.32,506.836,-23.484009,23.484009
2026-12-17 14:00:00,593.43,517.7156,-75.71442,75.71442
2026-12-17 15:00:00,575.15,553.9209,-21.229126,21.229126
2026-12-17 16:00:00,620.96,603.87726,-17.082764,17.082764
2026-12-17 17:00:00,667.32,658.6149,-8.705078,8.705078
2026-12-17 18:00:00,699.05,716.23157,17.18158,17.18158
2026-12-17 19:00:00,694.49,741.7867,47.29669,47.29669
2026-12-17 20:00:00,707.22,725.5956,18.37561,18.37561
2026-12-17 21:00:00,696.74,690.6995,-6.0404663,6.0404663
2026-12-17 22:00:00,642.25,661.4365,19.186523,19.186523
2026-12-17 23:00:00,628.45,627.3483,-1.1016846,1.1016846
2026-12-18 00:00:00,598.54004,600.21686,1.6768188,1.6768188
2026-12-18 01:00:00,602.03,588.7391,-13.290955,13.290955
2026-12-18 02:00:00,584.88,585.7643,0.88427734,0.88427734
2026-12-18 03:00:00,628.16003,590.2384,-37.92163,37.92163
2026-12-18 04:00:00,631.64,609.73267,-21.907349,21.907349
2026-12-18 05:00:00,669.91003,629.8466,-40.063416,40.063416
2026-12-18 06:00:00,641.44,649.59875,8.158752,8.158752
2026-12-18 07:00:00,730.23,662.47296,-67.75702,67.75702
2026-12-18 08:00:00,661.52,654.6967,-6.823303,6.823303
2026-12-18 09:00:00,586.95,624.45416,37.50415,37.50415
2026-12-18 10:00:00,612.72003,583.7576,-28.962402,28.962402
2026-12-18 11:00:00,579.62,549.15924,-30.460754,30.460754
2026-12-18 12:00:00,512.78,520.81946,8.039429,8.039429
2026-12-18 13:00:00,501.30002,511.9706,10.670593,10.670593
2026-12-18 14:00:00,484.43,528.7183,44.28833,44.28833
2026-12-18 15:00:00,533.68,560.74756,27.067566,27.067566
2026-12-18 16:00:00,592.2,609.1361,16.936096,16.936096
2026-12-18 17:00:00,679.08,666.49066,-12.589355,12.589355
2026-12-18 18:00:00,715.57,721.35596,5.7859497,5.7859497
2026-12-18 19:00:00,732.83,743.3944,10.564392,10.564392
2026-12-18 20:00:00,699.28,726.52203,27.242004,27.242004
2026-12-18 21:00:00,679.1,683.571,4.4710083,4.4710083
2026-12-18 22:00:00,661.24,651.66174,-9.578247,9.578247
2026-12-18 23:00:00,638.22003,618.887,-19.333008,19.333008
2026-12-19 00:00:00,493.10004,595.15356,102.05353,102.05353
2026-12-19 01:00:00,518.60004,537.2623,18.662292,18.662292
2026-12-19 02:00:00,467.10004,512.1517,45.051636,45.051636
2026-12-19 03:00:00,480.04,515.8497,35.80966,35.80966
2026-12-19 04:00:00,530.11,507.58127,-22.528717,22.528717
2026-12-19 05:00:00,513.05,520.5678,7.5178223,7.5178223
2026-12-19 06:00:00,550.48,536.01324,-14.466736,14.466736
2026-12-19 07:00:00,564.58,559.26263,-5.317383,5.317383
2026-12-19 08:00:00,572.38,552.13403,-20.245972,20.245972
2026-12-19 09:00:00,521.05005,531.7262,10.676147,10.676147
2026-12-19 10:00:00,523.79004,499.2128,-24.57724,24.57724
2026-12-19 11:00:00,438.16003,468.93054,30.770508,30.770508
2026-12-19 12:00:00,444.12,437.55792,-6.5620728,6.5620728
2026-12-19 13:00:00,375.12003,430.4513,55.33127,55.33127
2026-12-19 14:00:00,410.16,440.51505,30.355042,30.355042
2026-12-19 15:00:00,438.92,467.9546,29.034576,29.034576
2026-12-19 16:00:00,492.38,502.97656,10.596558,10.596558
2026-12-19 17:00:00,506.63,552.20325,45.573242,45.573242
2026-12-19 18:00:00,600.74,612.6354,11.895386,11.895386
2026-12-19 19:00:00,577.57,636.5028,58.9328,58.9328
2026-12-19 20:00:00,577.62,622.5197,44.89972,44.89972
2026-12-19 21:00:00,535.7,598.7357,63.035706,63.035706
2026-12-19 22:00:00,535.96,572.0792,36.1192,36.1192
2026-12-19 23:00:00,493.66003,555.8005,62.14044,62.14044
2026-12-20 00:00:00,496.81,540.55,43.73999,43.73999
2026-12-20 01:00:00,461.75,518.3015,56.551514,56.551514
2026-12-20 02:00:00,460.13,498.72977,38.599762,38.599762
2026-12-20 03:00:00,489.75,493.05145,3.3014526,3.3014526
2026-12-20 04:00:00,542.62,501.17065,-41.44934,41.44934
2026-12-20 05:00:00,496.92,517.04364,20.123627,20.123627
2026-12-20 06:00:00,553.08,517.98883,-35.091187,35.091187
2026-12-20 07:00:00,564.31,541.74384,-22.566162,22.566162
2026-12-20 08:00:00,576.94,532.5227,-44.417297,44.417297
2026-12-20 09:00:00,501.90002,517.67255,15.772522,15.772522
2026-12-20 10:00:00,486.03003,486.6978,0.66778564,0.66778564
2026-12-20 11:00:00,470.80002,462.87598,-7.9240417,7.9240417
2026-12-20 12:00:00,447.99002,445.94388,-2.0461426,2.0461426
2026-12-20 13:00:00,416.57,431.94373,15.373718,15.373718
2026-12-20 14:00:00,443.95,445.24252,1.292511,1.292511
2026-12-20 15:00:00,448.49002,473.39038,24.90036,24.90036
2026-12-20 16:00:00,513.27,506.78244,-6.4875793,6.4875793
2026-12-20 17:00:00,500.24002,555.48254,55.242523,55.242523
2026-12-20 18:00:00,627.55,601.5248,-26.025208,26.025208
2026-12-20 19:00:00,592.68,625.67865,32.998657,32.998657
2026-12-20 20:00:00,598.57,620.63965,22.069641,22.069641
2026-12-20 21:00:00,592.93,596.64386,3.7138672,3.7138672
2026-12-20 22:00:00,556.18,575.22266,19.042664,19.042664
2026-12-20 23:00:00,484.5,559.4278,74.927795,74.927795
2026-12-21 00:00:00,605.68,542.0436,-63.636414,63.636414
2026-12-21 01:00:00,631.31,599.88995,-31.420044,31.420044
2026-12-21 02:00:00,618.21,610.2949,-7.9151,7.9151
2026-12-21 03:00:00,579.91003,615.3069,35.39685,35.39685
2026-12-21 04:00:00,610.8,626.60864,15.808655,15.808655
2026-12-21 05:00:00,647.01,625.9234,-21.086609,21.086609
2026-12-21 06:00:00,655.76,637.7406,-18.01941,18.01941
2026-12-21 07:00:00,669.12,653.51733,-15.602661,15.602661
2026-12-21 08:00:00,676.53,642.5786,-33.951416,33.951416
2026-12-21 09:00:00,683.72003,617.45667,-66.26337,66.26337
2026-12-21 10:00:00,600.79004,587.3675,-13.422546,13.422546
2026-12-21 11:00:00,521.52,552.3388,30.818787,30.818787
2026-12-21 12:00:00,506.35,521.7146,15.3645935,15.3645935
2026-12-21 13:00:00,550.87,512.8243,-38.045715,38.045715
2026-12-21 14:00:00,545.33,530.2233,-15.106689,15.106689
2026-12-21 15:00:00,565.09,556.4857,-8.604309,8.604309
2026-12-21 16:00:00,624.05,597.3859,-26.664062,26.664062
2026-12-21 17:00:00,692.19,658.6163,-33.57373,33.57373
2026-12-21 18:00:00,731.09,694.78613,-36.303894,36.303894
2026-12-21 19:00:00,722.72003,719.9613,-2.758728,2.758728
2026-12-21 20:00:00,710.04004,714.9883,4.948242,4.948242
2026-12-21 21:00:00,691.07,687.6556,-3.4144287,3.4144287
2026-12-21 22:00:00,600.59,659.7842,59.194153,59.194153
2026-12-21 23:00:00,667.35004,636.42145,-30.928589,30.928589
2026-12-22 00:00:00,593.18,622.5715,29.39148,29.39148
2026-12-22 01:00:00,583.22003,614.23566,31.015625,31.015625
2026-12-22 02:00:00,613.95,612.1101,-1.8399048,1.8399048
2026-12-22 03:00:00,595.42,611.1027,15.682739,15.682739
2026-12-22 04:00:00,661.09,618.95056,-42.139465,42.139465
2026-12-22 05:00:00,640.04004,638.0907,-1.9493408,1.9493408
2026-12-22 06:00:00,656.31,652.11993,-4.1900635,4.1900635
2026-12-22 07:00:00,703.36,666.38824,-36.97174,36.97174
2026-12-22 08:00:00,633.35004,654.9687,21.618652,21.618652
2026-12-22 09:00:00,634.99,616.22644,-18.76355,18.76355
2026-12-22 10:00:00,604.10004,575.6514,-28.448608,28.448608
2026-12-22 11:00:00,550.22003,540.838,-9.382019,9.382019
2026-12-22 12:00:00,501.28003,511.72577,10.44574,10.44574
2026-12-22 13:00:00,525.99,506.94794,-19.042053,19.042053
2026-12-22 14:00:00,517.92004,531.007,13.086975,13.086975
2026-12-22 15:00:00,562.67004,569.7058,7.0357666,7.0357666
2026-12-22 16:00:00,621.91003,616.9241,-4.985962,4.985962
2026-12-22 17:00:00,693.12,673.17975,-19.940247,19.940247
2026-12-22 18:00:00,722.98,726.0346,3.0546265,3.0546265
2026-12-22 19:00:00,716.95,740.38885,23.438843,23.438843
2026-12-22 20:00:00,702.59,718.63525,16.045227,16.045227
2026-12-22 21:00:00,698.9,694.2298,-4.670227,4.670227
2026-12-22 22:00:00,641.15,667.1534,26.003357,26.003357
2026-12-22 23:00:00,621.82,636.309,14.489014,14.489014
2026-12-23 00:00:00,627.21,612.9553,-14.2547,14.2547
2026-12-23 01:00:00,621.83,611.94806,-9.881958,9.881958
2026-12-23 02:00:00,582.95,605.5353,22.585266,22.585266
2026-12-23 03:00:00,599.86,618.79486,18.934875,18.934875
2026-12-23 04:00:00,656.96,620.1477,-36.812317,36.812317
2026-12-23 05:00:00,644.77,640.1238,-4.64624,4.64624
2026-12-23 06:00:00,692.93,654.6404,-38.28961,38.28961
2026-12-23 07:00:00,630.37,677.5325,47.162476,47.162476
2026-12-23 08:00:00,659.48,654.4943,-4.9856567,4.9856567
2026-12-23 09:00:00,641.23,619.6407,-21.589294,21.589294
2026-12-23 10:00:00,609.43,578.3939,-31.036072,31.036072
2026-12-23 11:00:00,587.29004,540.57544,-46.7146,46.7146
2026-12-23 12:00:00,519.89,513.85925,-6.0307617,6.0307617
2026-12-23 13:00:00,528.88,504.82333,-24.056671,24.056671
2026-12-23 14:00:00,541.54004,522.91266,-18.62738,18.62738
2026-12-23 15:00:00,588.2,558.7179,-29.482117,29.482117
2026-12-23 16:00:00,567.32,609.55115,42.23114,42.23114
2026-12-23 17:00:00,604.48,664.41876,59.93878,59.93878
2026-12-23 18:00:00,705.28,706.9063,1.6262817,1.6262817
2026-12-23 19:00:00,726.19,732.37646,6.1864624,6.1864624
2026-12-23 20:00:00,719.02,722.5829,3.5628662,3.5628662
2026-12-23 21:00:00,670.9,699.1941,28.294067,28.294067
2026-12-23 22:00:00,668.53,666.13086,-2.39917,2.39917
2026-12-23 23:00:00,636.74,636.4049,-0.335083,0.335083
2026-12-24 00:00:00,599.21,610.5955,11.385498,11.385498
2026-12-24 01:00:00,604.63,595.9618,-8.668213,8.668213
2026-12-24 02:00:00,570.35004,593.4827,23.13269,23.13269
2026-12-24 03:00:00,665.3,601.5986,-63.701416,63.701416
2026-12-24 04:00:00,613.75,620.387,6.637024,6.637024
2026-12-24 05:00:00,650.9,637.30145,-13.598572,13.598572
2026-12-24 06:00:00,656.95,654.55396,-2.3960571,2.3960571
2026-12-24 07:00:00,684.64,666.6069,-18.033142,18.033142
2026-12-24 08:00:00,675.04004,651.5856,-23.454468,23.454468
2026-12-24 09:00:00,602.88,627.8346,24.95459,24.95459
2026-12-24 10:00:00,607.12,589.0474,-18.07257,18.07257
2026-12-24 11:00:00,551.36,552.76843,1.4084473,1.4084473
2026-12-24 12:00:00,571.42,521.459,-49.961,49.961
2026-12-24 13:00:00,536.9,515.6151,-21.284912,21.284912
2026-12-24 14:00:00,542.11,524.1043,-18.005676,18.005676
2026-12-24 15:00:00,598.64,555.7771,-42.862915,42.862915
2026-12-24 16:00:00,632.12,606.4105,-25.709473,25.709473
2026-12-24 17:00:00,637.82,657.7176,19.897583,19.897583
2026-12-24 18:00:00,698.09,721.0718,22.98175,22.98175
2026-12-24 19:00:00,692.75,740.27075,47.520752,47.520752
2026-12-24 20:00:00,710.18,717.10767,6.9276733,6.9276733
2026-12-24 21:00:00,689.29,689.869,0.5790405,0.5790405
2026-12-24 22:00:00,630.94,655.8118,24.871826,24.871826
2026-12-24 23:00:00,622.12,631.57825,9.458252,9.458252
2026-12-25 00:00:00,546.44,603.42664,56.986633,56.986633
2026-12-25 01:00:00,509.38,546.1684,36.78839,36.78839
2026-12-25 02:00:00,507.1,531.15466,24.054657,24.054657
2026-12-25 03:00:00,513.82,527.34076,13.520752,13.520752
2026-12-25 04:00:00,529.99,534.62976,4.6397705,4.6397705
2026-12-25 05:00:00,489.38,538.57684,49.19684,49.19684
2026-12-25 06:00:00,565.03,541.79114,-23.238892,23.238892
2026-12-25 07:00:00,567.24,543.98315,-23.256836,23.256836
2026-12-25 08:00:00,580.12,528.4115,-51.708496,51.708496
2026-12-25 09:00:00,529.37,503.16992,-26.200073,26.200073
2026-12-25 10:00:00,536.4,477.91986,-58.480164,58.480164
2026-12-25 11:00:00,466.67,459.903,-6.7669983,6.7669983
2026-12-25 12:00:00,476.42,441.76892,-34.651093,34.651093
2026-12-25 13:00:00,406.40002,455.80594,49.405914,49.405914
2026-12-25 14:00:00,458.12,471.69446,13.574463,13.574463
2026-12-25 15:00:00,506.92,500.97998,-5.940033,5.940033
2026-12-25 16:00:00,464.63,540.4033,75.773315,75.773315
2026-12-25 17:00:00,600.63,574.28516,-26.344849,26.344849
2026-12-25 18:00:00,638.19,617.93304,-20.256958,20.256958
2026-12-25 19:00:00,624.56,642.97,18.409973,18.409973
2026-12-25 20:00:00,615.06,632.1449,17.0849,17.0849
2026-12-25 21:00:00,606.19,607.22406,1.0340576,1.0340576
2026-12-25 22:00:00,583.52,595.86194,12.341919,12.341919
2026-12-25 23:00:00,496.41003,592.0064,95.596375,95.596375
2026-12-26 00:00:00,515.34,573.43274,58.092712,58.092712
2026-12-26 01:00:00,466.76,537.9606,71.20056,71.20056
2026-12-26 02:00:00,505.32,521.87476,16.554749,16.554749
2026-12-26 03:00:00,463.09003,521.22504,58.13501,58.13501
2026-12-26 04:00:00,482.67,521.23175,38.561737,38.561737
2026-12-26 05:00:00,578.22003,521.2514,-56.968628,56.968628
2026-12-26 06:00:00,567.39,536.75415,-30.635864,30.635864
2026-12-26 07:00:00,522.27,559.0577,36.78766,36.78766
2026-12-26 08:00:00,538.19,544.16425,5.974243,5.974243
2026-12-26 09:00:00,512.0,519.5501,7.55011,7.55011
2026-12-26 10:00:00,475.48,487.41214,11.932129,11.932129
2026-12-26 11:00:00,446.30002,456.39392,10.093903,10.093903
2026-12-26 12:00:00,389.58002,435.39493,45.81491,45.81491
2026-12-26 13:00:00,395.93002,420.71936,24.789337,24.789337
2026-12-26 14:00:00,435.29004,434.71686,-0.57318115,0.57318115
2026-12-26 15:00:00,437.91003,462.95764,25.047607,25.047607
2026-12-26 16:00:00,543.17004,501.65973,-41.510315,41.510315
2026-12-26 17:00:00,525.58,554.84937,29.269348,29.269348
2026-12-26 18:00:00,594.64,602.39746,7.7574463,7.7574463
2026-12-26 19:00:00,623.56,620.89825,-2.6617432,2.6617432
2026-12-26 20:00:00,590.5,615.8793,25.379272,25.379272
2026-12-26 21:00:00,558.35004,593.0106,34.660583,34.660583
2026-12-26 22:00:00,557.59,566.6462,9.056152,9.056152
2026-12-26 23:00:00,499.95,550.6836,50.73358,50.73358
2026-12-27 00:00:00,513.31,535.1525,21.84253,21.84253
2026-12-27 01:00:00,494.35004,520.2954,25.945374,25.945374
2026-12-27 02:00:00,517.42004,504.0352,-13.384857,13.384857
2026-12-27 03:00:00,470.84003,515.00836,44.168335,44.168335
2026-12-27 04:00:00,507.69,502.09467,-5.595337,5.595337
2026-12-27 05:00:00,511.16,511.34213,0.1821289,0.1821289
2026-12-27 06:00:00,588.05,521.949,-66.10101,66.10101
2026-12-27 07:00:00,574.36,546.50696,-27.853027,27.853027
2026-12-27 08:00:00,543.65,538.52057,-5.1294556,5.1294556
2026-12-27 09:00:00,507.86002,512.2452,4.3851624,4.3851624
2026-12-27 10:00:00,456.05002,485.0949,29.044891,29.044891
2026-12-27 11:00:00,428.23,453.07495,24.84494,24.84494
2026-12-27 12:00:00,438.22003,426.93677,-11.283264,11.283264
2026-12-27 13:00:00,487.13,421.86563,-65.26437,65.26437
2026-12-27 14:00:00,437.07,444.57104,7.5010376,7.5010376
2026-12-27 15:00:00,401.25,472.41266,71.16266,71.16266
2026-12-27 16:00:00,524.4,506.1213,-18.278717,18.278717
2026-12-27 17:00:00,560.14,567.0101,6.870056,6.870056
2026-12-27 18:00:00,579.81,607.679,27.869019,27.869019
2026-12-27 19:00:00,625.41003,623.77625,-1.6337891,1.6337891
2026-12-27 20:00:00,610.82,617.41254,6.5925293,6.5925293
2026-12-27 21:00:00,584.13,592.38745,8.257446,8.257446
2026-12-27 22:00:00,507.29,570.3634,63.073395,63.073395
2026-12-27 23:00:00,526.36,548.92523,22.565247,22.565247
2026-12-28 00:00:00,569.22003,537.13416,-32.085876,32.085876
2026-12-28 01:00:00,579.76,592.06104,12.301025,12.301025
2026-12-28 02:00:00,608.8,606.21173,-2.5882568,2.5882568
2026-12-28 03:00:00,595.23,611.11255,15.882568,15.882568
2026-12-28 04:00:00,609.92,625.20917,15.289185,15.289185
2026-12-28 05:00:00,641.15,628.89514,-12.254883,12.254883
2026-12-28 06:00:00,658.07,644.7708,-13.299194,13.299194
2026-12-28 07:00:00,642.66003,659.63696,16.976929,16.976929
2026-12-28 08:00:00,669.43,641.97296,-27.457031,27.457031
2026-12-28 09:00:00,642.65,612.33966,-30.310364,30.310364
2026-12-28 10:00:00,595.93,572.40186,-23.528137,23.528137
2026-12-28 11:00:00,605.54004,544.9508,-60.589233,60.589233
2026-12-28 12:00:00,536.96,525.17,-11.790039,11.790039
2026-12-28 13:00:00,586.57,516.8476,-69.72241,69.72241
2026-12-28 14:00:00,493.98,534.7871,40.8071,40.8071
2026-12-28 15:00:00,581.66003,563.88837,-17.771667,17.771667
2026-12-28 16:00:00,605.38,607.79297,2.4129639,2.4129639
2026-12-28 17:00:00,639.60004,659.20654,19.606506,19.606506
2026-12-28 18:00:00,748.88,707.08435,-41.795654,41.795654
2026-12-28 19:00:00,688.04004,728.3321,40.292053,40.292053
2026-12-28 20:00:00,737.43,720.1004,-17.32959,17.32959
2026-12-28 21:00:00,694.03,694.9637,0.9336548,0.9336548
2026-12-28 22:00:00,657.59,664.47394,6.883911,6.883911
2026-12-28 23:00:00,614.94,642.2845,27.344482,27.344482
2026-12-29 00:00:00,636.86,619.7786,-17.08136,17.08136
2026-12-29 01:00:00,611.97003,614.5234,2.5533447,2.5533447
2026-12-29 02:00:00,624.74,609.9146,-14.825378,14.825378
2026-12-29 03:00:00,571.65,610.99744,39.347412,39.347412
2026-12-29 04:00:00,599.73,617.3165,17.586548,17.586548
2026-12-29 05:00:00,634.78,631.0857,-3.694336,3.694336
2026-12-29 06:00:00,675.93,650.04065,-25.889343,25.889343
2026-12-29 07:00:00,625.23,672.85126,47.621277,47.621277
2026-12-29 08:00:00,632.2,645.6186,13.418579,13.418579
2026-12-29 09:00:00,650.91003,610.1343,-40.775757,40.775757
2026-12-29 10:00:00,581.7,576.1872,-5.5128174,5.5128174
2026-12-29 11:00:00,552.43,540.0608,-12.369202,12.369202
2026-12-29 12:00:00,550.32,513.0631,-37.256897,37.256897
2026-12-29 13:00:00,564.45,511.3446,-53.105408,53.105408
2026-12-29 14:00:00,508.59003,532.4431,23.853088,23.853088
2026-12-29 15:00:00,544.62,562.27515,17.655151,17.655151
2026-12-29 16:00:00,589.57,602.45276,12.882751,12.882751
2026-12-29 17:00:00,677.28,651.16144,-26.118591,26.118591
2026-12-29 18:00:00,683.02,710.1608,27.140808,27.140808
2026-12-29 19:00:00,725.85,724.24084,-1.6091309,1.6091309
2026-12-29 20:00:00,685.06,718.43567,33.37567,33.37567
2026-12-29 21:00:00,692.16003,691.89667,-0.2633667,0.2633667
2026-12-29 22:00:00,665.58,662.64703,-2.9329834,2.9329834
2026-12-29 23:00:00,619.24,635.377,16.137024,16.137024
2026-12-30 00:00:00,589.76,612.81464,23.054626,23.054626
2026-12-30 01:00:00,593.73,604.38745,10.657471,10.657471
2026-12-30 02:00:00,601.68,599.69305,-1.9869385,1.9869385
2026-12-30 03:00:00,631.9,609.0419,-22.858154,22.858154
2026-12-30 04:00:00,617.45,614.3133,-3.1367188,3.1367188
2026-12-30 05:00:00,658.33,626.2488,-32.081238,32.081238
2026-12-30 06:00:00,653.18,647.99207,-5.1879272,5.1879272
2026-12-30 07:00:00,669.82,674.9893,5.1693115,5.1693115
2026-12-30 08:00:00,718.33,657.65765,-60.672363,60.672363
2026-12-30 09:00:00,634.52,626.96594,-7.554077,7.554077
2026-12-30 10:00:00,576.05,584.4168,8.366821,8.366821
2026-12-30 11:00:00,543.43,543.96704,0.53704834,0.53704834
2026-12-30 12:00:00,552.2,513.34625,-38.85376,38.85376
2026-12-30 13:00:00,539.35004,509.10004,-30.25,30.25
2026-12-30 14:00:00,541.76,525.28955,-16.470459,16.470459
2026-12-30 15:00:00,561.63,560.27484,-1.3551636,1.3551636
2026-12-30 16:00:00,619.11,600.44385,-18.666138,18.666138
2026-12-30 17:00:00,686.51,655.9609,-30.549133,30.549133
2026-12-30 18:00:00,721.27,722.3375,1.0675049,1.0675049
2026-12-30 19:00:00,721.21,743.5636,22.353577,22.353577
2026-12-30 20:00:00,697.88,723.5514,25.671387,25.671387
2026-12-30 21:00:00,698.82,688.71564,-10.10437,10.10437
2026-12-30 22:00:00,617.54004,659.1459,41.605835,41.605835
2026-12-30 23:00:00,624.19,631.82446,7.6344604,7.6344604
2026-12-31 00:00:00,588.75,608.22986,19.479858,19.479858
2026-12-31 01:00:00,589.72003,599.2532,9.533142,9.533142
2026-12-31 02:00:00,623.97003,592.0732,-31.89685,31.89685
2026-12-31 03:00:00,608.96,600.5868,-8.37323,8.37323
2026-12-31 04:00:00,644.13,616.8296,-27.300415,27.300415
2026-12-31 05:00:00,624.63,641.0657,16.435669,16.435669
2026-12-31 06:00:00,673.69,653.1443,-20.545715,20.545715
2026-12-31 07:00:00,635.65,675.7372,40.08716,40.08716
2026-12-31 08:00:00,685.18,657.4575,-27.722473,27.722473
2026-12-31 09:00:00,609.36,629.90125,20.54126,20.54126
2026-12-31 10:00:00,585.97003,586.9543,0.9842529,0.9842529
2026-12-31 11:00:00,568.72003,548.3023,-20.417725,20.417725
2026-12-31 12:00:00,499.69,516.4494,16.7594,16.7594
2026-12-31 13:00:00,551.62,507.25214,-44.36786,44.36786
2026-12-31 14:00:00,537.09,527.0486,-10.041443,10.041443
2026-12-31 15:00:00,542.85004,559.99945,17.149414,17.149414
2026-12-31 16:00:00,608.39,604.70245,-3.687561,3.687561
2026-12-31 17:00:00,664.63,661.93695,-2.6930542,2.6930542
2026-12-31 18:00:00,755.52,719.5843,-35.93573,35.93573
2026-12-31 19:00:00,693.28,739.268,45.987976,45.987976
2026-12-31 20:00:00,699.02,722.3254,23.305359,23.305359
2026-12-31 21:00:00,706.51,689.84515,-16.664856,16.664856
2026-12-31 22:00:00,644.4,656.8378,12.437805,12.437805
2026-12-31 23:00:00,635.14,626.16705,-8.972961,8.972961
