timestamp_objetivo,y_real_mw,y_pred_mw,error_mw,error_absoluto_mw
2026-09-13 11:00:00,429.27002,458.08447,28.814453,28.814453
2026-09-13 12:00:00,413.5,444.48102,30.981018,30.981018
2026-09-13 13:00:00,424.42004,440.16077,15.740723,15.740723
2026-09-13 14:00:00,394.81003,461.07724,66.26721,66.26721
2026-09-13 15:00:00,494.02002,497.88626,3.8662415,3.8662415
2026-09-13 16:00:00,533.33,561.59576,28.265747,28.265747
2026-09-13 17:00:00,580.42,633.98425,53.56427,53.56427
2026-09-13 18:00:00,671.75,697.4097,25.659729,25.659729
2026-09-13 19:00:00,697.47003,733.4498,35.979797,35.979797
2026-09-13 20:00:00,652.57,733.7309,81.16089,81.16089
2026-09-13 21:00:00,646.13,699.43414,53.30414,53.30414
2026-09-13 22:00:00,602.34,641.3969,39.056885,39.056885
2026-09-13 23:00:00,535.95,583.15643,47.20642,47.20642
2026-09-14 00:00:00,686.8,675.17975,-11.620239,11.620239
2026-09-14 01:00:00,662.19,688.33093,26.14093,26.14093
2026-09-14 02:00:00,694.28,672.01685,-22.263184,22.263184
2026-09-14 03:00:00,643.43,666.5546,23.124634,23.124634
2026-09-14 04:00:00,664.42,670.99005,6.5700684,6.5700684
2026-09-14 05:00:00,689.81,687.11993,-2.6900635,2.6900635
2026-09-14 06:00:00,732.53,709.6677,-22.862305,22.862305
2026-09-14 07:00:00,693.17,717.7566,24.586609,24.586609
2026-09-14 08:00:00,693.76,703.4033,9.643311,9.643311
2026-09-14 09:00:00,642.53,657.2807,14.750671,14.750671
2026-09-14 10:00:00,626.0,593.56836,-32.43164,32.43164
2026-09-14 11:00:00,495.17,551.9894,56.819366,56.819366
2026-09-14 12:00:00,584.7,533.18207,-51.517944,51.517944
2026-09-14 13:00:00,499.31,540.1018,40.79181,40.79181
2026-09-14 14:00:00,526.56,560.1435,33.583496,33.583496
2026-09-14 15:00:00,644.75,597.2909,-47.459106,47.459106
2026-09-14 16:00:00,637.64,659.74,22.099976,22.099976
2026-09-14 17:00:00,711.24,721.0335,9.793518,9.793518
2026-09-14 18:00:00,796.94,780.02026,-16.919739,16.919739
2026-09-14 19:00:00,810.01,804.7648,-5.2452393,5.2452393
2026-09-14 20:00:00,807.07,798.765,-8.304993,8.304993
2026-09-14 21:00:00,763.23,770.6488,7.4188232,7.4188232
2026-09-14 22:00:00,687.19,736.60205,49.41205,49.41205
2026-09-14 23:00:00,689.83,699.22473,9.394714,9.394714
2026-09-15 00:00:00,706.38,667.8056,-38.5744,38.5744
2026-09-15 01:00:00,675.19,663.20593,-11.98407,11.98407
2026-09-15 02:00:00,650.37,658.90234,8.532349,8.532349
2026-09-15 03:00:00,653.42,663.26654,9.846558,9.846558
2026-09-15 04:00:00,666.66003,672.9253,6.265259,6.265259
2026-09-15 05:00:00,658.86,688.8342,29.974243,29.974243
2026-09-15 06:00:00,736.48,709.50726,-26.972717,26.972717
2026-09-15 07:00:00,702.85,716.0946,13.244629,13.244629
2026-09-15 08:00:00,682.96,697.7775,14.817505,14.817505
2026-09-15 09:00:00,717.38,649.40753,-67.97247,67.97247
2026-09-15 10:00:00,584.28,593.4889,9.208862,9.208862
2026-09-15 11:00:00,558.46,554.85236,-3.607666,3.607666
2026-09-15 12:00:00,558.84,534.3936,-24.446411,24.446411
2026-09-15 13:00:00,551.35004,537.46063,-13.889404,13.889404
2026-09-15 14:00:00,534.17004,555.9926,21.82257,21.82257
2026-09-15 15:00:00,574.59,591.09564,16.505615,16.505615
2026-09-15 16:00:00,636.37,646.16797,9.797974,9.797974
2026-09-15 17:00:00,677.81,721.0931,43.28308,43.28308
2026-09-15 18:00:00,755.53,786.05756,30.527527,30.527527
2026-09-15 19:00:00,811.0,815.14215,4.142151,4.142151
2026-09-15 20:00:00,759.87,810.1456,50.275635,50.275635
2026-09-15 21:00:00,701.77,781.7674,79.997375,79.997375
2026-09-15 22:00:00,704.87,743.96655,39.096558,39.096558
2026-09-15 23:00:00,713.89,704.53906,-9.350952,9.350952
2026-09-16 00:00:00,609.4,669.81976,60.41974,60.41974
2026-09-16 01:00:00,658.97003,658.74677,-0.2232666,0.2232666
2026-09-16 02:00:00,665.98,653.7902,-12.189758,12.189758
2026-09-16 03:00:00,659.35004,660.0619,0.711853,0.711853
2026-09-16 04:00:00,622.87,671.72455,48.854553,48.854553
2026-09-16 05:00:00,672.54,693.6,21.059998,21.059998
2026-09-16 06:00:00,685.83,717.2185,31.388489,31.388489
2026-09-16 07:00:00,766.63,722.24854,-44.38147,44.38147
2026-09-16 08:00:00,684.32,701.4837,17.163696,17.163696
2026-09-16 09:00:00,651.24,650.6333,-0.60668945,0.60668945
2026-09-16 10:00:00,575.89,590.9586,15.0686035,15.0686035
2026-09-16 11:00:00,570.98,552.59863,-18.381348,18.381348
2026-09-16 12:00:00,540.06,532.7916,-7.2683716,7.2683716
2026-09-16 13:00:00,528.47003,539.52466,11.054626,11.054626
2026-09-16 14:00:00,571.31,560.1439,-11.166077,11.166077
2026-09-16 15:00:00,579.45,596.88477,17.434753,17.434753
2026-09-16 16:00:00,615.53,656.01654,40.48651,40.48651
2026-09-16 17:00:00,688.91003,733.9728,45.062744,45.062744
2026-09-16 18:00:00,768.55,795.42676,26.87677,26.87677
2026-09-16 19:00:00,797.58,814.6402,17.06018,17.06018
2026-09-16 20:00:00,724.76,803.5149,78.75488,78.75488
2026-09-16 21:00:00,733.33,771.29236,37.96234,37.96234
2026-09-16 22:00:00,674.6,732.45703,57.857056,57.857056
2026-09-16 23:00:00,635.79004,696.4566,60.666565,60.666565
2026-09-17 00:00:00,693.15,660.47437,-32.67566,32.67566
2026-09-17 01:00:00,654.9,656.65466,1.7546387,1.7546387
2026-09-17 02:00:00,626.51,653.54816,27.038147,27.038147
2026-09-17 03:00:00,647.94,653.89856,5.958557,5.958557
2026-09-17 04:00:00,645.89,663.47217,17.582153,17.582153
2026-09-17 05:00:00,659.03,683.2406,24.210571,24.210571
2026-09-17 06:00:00,706.79004,708.3341,1.5440674,1.5440674
2026-09-17 07:00:00,724.83,716.9519,-7.878113,7.878113
2026-09-17 08:00:00,703.35,699.6373,-3.7126465,3.7126465
2026-09-17 09:00:00,629.03,649.60535,20.575317,20.575317
2026-09-17 10:00:00,573.23,589.8898,16.65979,16.65979
2026-09-17 11:00:00,520.92,550.6286,29.708618,29.708618
2026-09-17 12:00:00,539.92004,531.52124,-8.398804,8.398804
2026-09-17 13:00:00,555.76,536.04584,-19.714172,19.714172
2026-09-17 14:00:00,531.17004,558.75555,27.58551,27.58551
2026-09-17 15:00:00,586.4,597.0356,10.635559,10.635559
2026-09-17 16:00:00,651.64,658.599,6.9589844,6.9589844
2026-09-17 17:00:00,706.38,738.0013,31.621277,31.621277
2026-09-17 18:00:00,751.01,801.7866,50.77661,50.77661
2026-09-17 19:00:00,807.12,824.8726,17.752625,17.752625
2026-09-17 20:00:00,788.11,813.8843,25.774292,25.774292
2026-09-17 21:00:00,736.26,784.10443,47.84442,47.84442
2026-09-17 22:00:00,722.63,746.4044,23.774414,23.774414
2026-09-17 23:00:00,700.32,706.5283,6.208313,6.208313
2026-09-18 00:00:00,706.53,657.2023,-49.32776,49.32776
2026-09-18 01:00:00,656.60004,657.2041,0.60406494,0.60406494
2026-09-18 02:00:00,659.63,657.7599,-1.8701172,1.8701172
2026-09-18 03:00:00,626.25,660.44116,34.191162,34.191162
2026-09-18 04:00:00,678.55,669.5362,-9.013794,9.013794
2026-09-18 05:00:00,674.16003,690.9047,16.74469,16.74469
2026-09-18 06:00:00,706.15,716.02856,9.87854,9.87854
2026-09-18 07:00:00,663.23,722.20966,58.979675,58.979675
2026-09-18 08:00:00,651.91003,704.1633,52.253296,52.253296
2026-09-18 09:00:00,644.21,654.4025,10.192505,10.192505
2026-09-18 10:00:00,546.97003,595.35583,48.385803,48.385803
2026-09-18 11:00:00,560.98,553.45593,-7.524048,7.524048
2026-09-18 12:00:00,548.62,533.95416,-14.6658325,14.6658325
2026-09-18 13:00:00,581.59,539.49854,-42.09149,42.09149
2026-09-18 14:00:00,532.77,562.56396,29.793945,29.793945
2026-09-18 15:00:00,600.92,600.0685,-0.85150146,0.85150146
2026-09-18 16:00:00,702.64,661.80396,-40.83606,40.83606
2026-09-18 17:00:00,678.0,739.62134,61.621338,61.621338
2026-09-18 18:00:00,781.1,803.0284,21.928406,21.928406
2026-09-18 19:00:00,784.83997,824.9109,40.070923,40.070923
2026-09-18 20:00:00,751.98,814.64355,62.663574,62.663574
2026-09-18 21:00:00,702.35,783.6917,81.341736,81.341736
2026-09-18 22:00:00,699.32,746.9457,47.62567,47.62567
2026-09-18 23:00:00,694.17,688.94415,-5.22583,5.22583
2026-09-19 00:00:00,547.13,534.10583,-13.02417,13.02417
2026-09-19 01:00:00,528.76,526.3144,-2.4456177,2.4456177
2026-09-19 02:00:00,564.46,543.0552,-21.404846,21.404846
2026-09-19 03:00:00,557.11,547.2396,-9.870361,9.870361
2026-09-19 04:00:00,618.64,553.8918,-64.74823,64.74823
2026-09-19 05:00:00,584.48,575.77515,-8.704834,8.704834
2026-09-19 06:00:00,610.79004,601.08856,-9.701477,9.701477
2026-09-19 07:00:00,587.93,607.36707,19.437073,19.437073
2026-09-19 08:00:00,601.21,591.2267,-9.983337,9.983337
2026-09-19 09:00:00,516.91003,551.4232,34.513184,34.513184
2026-09-19 10:00:00,478.33002,490.45953,12.129517,12.129517
2026-09-19 11:00:00,440.38,456.9353,16.555298,16.555298
2026-09-19 12:00:00,445.83002,443.56915,-2.2608643,2.2608643
2026-09-19 13:00:00,427.53003,441.45798,13.927948,13.927948
2026-09-19 14:00:00,441.91003,461.81552,19.905487,19.905487
2026-09-19 15:00:00,499.92,500.35226,0.43225098,0.43225098
2026-09-19 16:00:00,564.7,564.60944,-0.09057617,0.09057617
2026-09-19 17:00:00,620.76,636.9718,16.211792,16.211792
2026-09-19 18:00:00,676.66003,700.8729,24.21289,24.21289
2026-09-19 19:00:00,684.12,737.5889,53.468933,53.468933
2026-09-19 20:00:00,677.02,736.2647,59.24469,59.24469
2026-09-19 21:00:00,646.84,697.4651,50.62506,50.62506
2026-09-19 22:00:00,613.44,643.90735,30.467346,30.467346
2026-09-19 23:00:00,565.11,588.551,23.44104,23.44104
2026-09-20 00:00:00,550.80005,564.4824,13.682373,13.682373
2026-09-20 01:00:00,578.48,557.7832,-20.696777,20.696777
2026-09-20 02:00:00,564.12,556.2655,-7.854492,7.854492
2026-09-20 03:00:00,559.26,557.3048,-1.9552002,1.9552002
2026-09-20 04:00:00,548.60004,562.78955,14.189514,14.189514
2026-09-20 05:00:00,567.27,576.66,9.389954,9.389954
2026-09-20 06:00:00,577.1,596.80896,19.708984,19.708984
2026-09-20 07:00:00,590.62,607.5942,16.974182,16.974182
2026-09-20 08:00:00,585.07,593.71875,8.648743,8.648743
2026-09-20 09:00:00,538.36,554.53894,16.178955,16.178955
2026-09-20 10:00:00,443.95,494.14142,50.191406,50.191406
2026-09-20 11:00:00,478.78003,455.5309,-23.249115,23.249115
2026-09-20 12:00:00,407.89,442.4114,34.521393,34.521393
2026-09-20 13:00:00,377.52002,438.19702,60.677002,60.677002
2026-09-20 14:00:00,432.54004,454.33774,21.797699,21.797699
2026-09-20 15:00:00,449.7,491.68726,41.987244,41.987244
2026-09-20 16:00:00,497.29004,551.6144,54.32434,54.32434
2026-09-20 17:00:00,603.19,620.9216,17.731567,17.731567
2026-09-20 18:00:00,688.43,691.5435,3.1135254,3.1135254
2026-09-20 19:00:00,663.67,730.28217,66.61218,66.61218
2026-09-20 20:00:00,599.11,728.75165,129.64166,129.64166
2026-09-20 21:00:00,609.16003,687.47034,78.3103,78.3103
2026-09-20 22:00:00,600.60004,631.2582,30.658142,30.658142
2026-09-20 23:00:00,540.27,576.757,36.487,36.487
2026-09-21 00:00:00,651.89,658.26074,6.3707275,6.3707275
2026-09-21 01:00:00,622.8,671.5992,48.799194,48.799194
2026-09-21 02:00:00,650.5,658.5121,8.012085,8.012085
2026-09-21 03:00:00,647.55,656.07404,8.524048,8.524048
2026-09-21 04:00:00,656.66003,665.6221,8.962036,8.962036
2026-09-21 05:00:00,666.5,683.74207,17.242065,17.242065
2026-09-21 06:00:00,677.14,707.1077,29.967712,29.967712
2026-09-21 07:00:00,729.22003,714.468,-14.752014,14.752014
2026-09-21 08:00:00,674.63,700.5051,25.875122,25.875122
2026-09-21 09:00:00,686.13,656.30035,-29.82965,29.82965
2026-09-21 10:00:00,615.23,594.9046,-20.325378,20.325378
2026-09-21 11:00:00,587.78,551.34265,-36.437378,36.437378
2026-09-21 12:00:00,523.39,531.97235,8.582336,8.582336
2026-09-21 13:00:00,522.78,535.4513,12.671265,12.671265
2026-09-21 14:00:00,525.62,554.86383,29.243835,29.243835
2026-09-21 15:00:00,591.77,591.1296,-0.6404419,0.6404419
2026-09-21 16:00:00,635.62,650.44995,14.829956,14.829956
2026-09-21 17:00:00,699.27,722.79877,23.528748,23.528748
2026-09-21 18:00:00,754.45,787.5264,33.076416,33.076416
2026-09-21 19:00:00,795.8,812.8241,17.024109,17.024109
2026-09-21 20:00:00,801.52,804.3118,2.791809,2.791809
2026-09-21 21:00:00,733.35,773.6321,40.282104,40.282104
2026-09-21 22:00:00,693.1,737.51874,44.418762,44.418762
2026-09-21 23:00:00,638.19,701.7846,63.594604,63.594604
2026-09-22 00:00:00,643.73,668.8913,25.161316,25.161316
2026-09-22 01:00:00,666.83,658.1369,-8.693115,8.693115
2026-09-22 02:00:00,648.01,652.8565,4.8464966,4.8464966
2026-09-22 03:00:00,602.39,654.52374,52.133728,52.133728
2026-09-22 04:00:00,653.38,662.5997,9.219666,9.219666
2026-09-22 05:00:00,673.65,679.0569,5.4068604,5.4068604
2026-09-22 06:00:00,704.39,703.18365,-1.2063599,1.2063599
2026-09-22 07:00:00,744.63,713.4007,-31.22931,31.22931
2026-09-22 08:00:00,720.69,700.54553,-20.14447,20.14447
2026-09-22 09:00:00,633.3,653.2801,19.980103,19.980103
2026-09-22 10:00:00,595.28,594.3972,-0.8828125,0.8828125
2026-09-22 11:00:00,546.29004,554.2469,7.956848,7.956848
2026-09-22 12:00:00,548.23,533.5856,-14.644409,14.644409
2026-09-22 13:00:00,528.9,536.1482,7.248169,7.248169
2026-09-22 14:00:00,560.93,554.8756,-6.0543823,6.0543823
2026-09-22 15:00:00,572.68,590.45776,17.777771,17.777771
2026-09-22 16:00:00,599.63,650.16785,50.53784,50.53784
2026-09-22 17:00:00,683.39,725.51526,42.125244,42.125244
2026-09-22 18:00:00,758.99,788.9458,29.95581,29.95581
2026-09-22 19:00:00,808.04004,813.0106,4.970581,4.970581
2026-09-22 20:00:00,771.8,804.626,32.82599,32.82599
2026-09-22 21:00:00,728.81,775.68555,46.87555,46.87555
2026-09-22 22:00:00,735.28,738.06165,2.7816162,2.7816162
2026-09-22 23:00:00,669.52,701.4413,31.921265,31.921265
2026-09-23 00:00:00,640.4,667.16144,26.761414,26.761414
2026-09-23 01:00:00,652.11,657.95496,5.8449707,5.8449707
2026-09-23 02:00:00,650.39,651.501,1.1109619,1.1109619
2026-09-23 03:00:00,636.26,653.8004,17.540405,17.540405
2026-09-23 04:00:00,636.69,666.1351,29.445068,29.445068
2026-09-23 05:00:00,668.67,683.19617,14.526184,14.526184
2026-09-23 06:00:00,670.94,711.2256,40.285583,40.285583
2026-09-23 07:00:00,694.89,719.61584,24.72583,24.72583
2026-09-23 08:00:00,664.42,702.0212,37.601196,37.601196
2026-09-23 09:00:00,643.8,652.13824,8.338257,8.338257
2026-09-23 10:00:00,599.75,591.6966,-8.053406,8.053406
2026-09-23 11:00:00,550.69,550.5103,-0.1796875,0.1796875
2026-09-23 12:00:00,524.97003,531.7951,6.8250732,6.8250732
2026-09-23 13:00:00,535.43,537.3944,1.9644165,1.9644165
2026-09-23 14:00:00,564.95,559.20197,-5.748047,5.748047
2026-09-23 15:00:00,571.0,600.9053,29.905273,29.905273
2026-09-23 16:00:00,633.12,663.5313,30.411316,30.411316
2026-09-23 17:00:00,742.21,738.5971,-3.612915,3.612915
2026-09-23 18:00:00,746.13,801.2864,55.156372,55.156372
2026-09-23 19:00:00,782.17004,821.2232,39.05316,39.05316
2026-09-23 20:00:00,751.41003,808.69385,57.283813,57.283813
2026-09-23 21:00:00,723.06,777.7715,54.711487,54.711487
2026-09-23 22:00:00,686.65,740.84827,54.198242,54.198242
2026-09-23 23:00:00,673.14,702.7365,29.596497,29.596497
2026-09-24 00:00:00,666.96,668.15106,1.19104,1.19104
2026-09-24 01:00:00,647.67,658.02814,10.358154,10.358154
2026-09-24 02:00:00,673.65,653.5398,-20.11023,20.11023
2026-09-24 03:00:00,648.4,658.85443,10.454407,10.454407
2026-09-24 04:00:00,636.98,672.88794,35.90796,35.90796
2026-09-24 05:00:00,672.77,692.2697,19.499695,19.499695
2026-09-24 06:00:00,672.44,716.02606,43.58606,43.58606
2026-09-24 07:00:00,695.35,717.71936,22.369385,22.369385
2026-09-24 08:00:00,669.25,694.1254,24.875427,24.875427
2026-09-24 09:00:00,684.51,644.8187,-39.691284,39.691284
2026-09-24 10:00:00,610.88,588.3181,-22.56189,22.56189
2026-09-24 11:00:00,536.63,550.404,13.773987,13.773987
2026-09-24 12:00:00,528.87,530.4089,1.5388794,1.5388794
2026-09-24 13:00:00,547.83,534.646,-13.184021,13.184021
2026-09-24 14:00:00,552.97003,555.87836,2.9083252,2.9083252
2026-09-24 15:00:00,568.28,592.97156,24.691528,24.691528
2026-09-24 16:00:00,561.0,652.7134,91.71338,91.71338
2026-09-24 17:00:00,679.66003,727.9565,48.296448,48.296448
2026-09-24 18:00:00,745.39,791.4977,46.107666,46.107666
2026-09-24 19:00:00,798.89,817.04407,18.154053,18.154053
2026-09-24 20:00:00,793.06,810.7368,17.676819,17.676819
2026-09-24 21:00:00,716.1,781.125,65.025024,65.025024
2026-09-24 22:00:00,713.41003,741.563,28.152954,28.152954
2026-09-24 23:00:00,651.33,700.3338,49.003784,49.003784
2026-09-25 00:00:00,662.63,646.16846,-16.461548,16.461548
2026-09-25 01:00:00,598.43,647.02655,48.596558,48.596558
2026-09-25 02:00:00,626.92,643.3875,16.46753,16.46753
2026-09-25 03:00:00,626.99,645.6072,18.617188,18.617188
2026-09-25 04:00:00,622.45,657.03534,34.585327,34.585327
2026-09-25 05:00:00,677.39,678.36017,0.9701538,0.9701538
2026-09-25 06:00:00,658.51,706.7886,48.278564,48.278564
2026-09-25 07:00:00,689.23,718.30493,29.074951,29.074951
2026-09-25 08:00:00,682.14,702.38696,20.246948,20.246948
2026-09-25 09:00:00,593.97003,652.9231,58.953064,58.953064
2026-09-25 10:00:00,563.59,591.076,27.485962,27.485962
2026-09-25 11:00:00,566.32,548.6071,-17.71289,17.71289
2026-09-25 12:00:00,545.04004,529.2391,-15.800964,15.800964
2026-09-25 13:00:00,563.77,533.1817,-30.588318,30.588318
2026-09-25 14:00:00,573.11,556.0039,-17.10608,17.10608
2026-09-25 15:00:00,562.28,595.6073,33.32727,33.32727
2026-09-25 16:00:00,637.08,657.0336,19.953613,19.953613
2026-09-25 17:00:00,732.0,734.0198,2.0197754,2.0197754
2026-09-25 18:00:00,784.24,797.9142,13.674194,13.674194
2026-09-25 19:00:00,761.14,819.88385,58.743835,58.743835
2026-09-25 20:00:00,781.64,809.7001,28.060059,28.060059
2026-09-25 21:00:00,710.75,779.2176,68.46759,68.46759
2026-09-25 22:00:00,688.83,740.646,51.81598,51.81598
2026-09-25 23:00:00,680.58,685.38696,4.806946,4.806946
2026-09-26 00:00:00,548.9,534.3208,-14.579224,14.579224
2026-09-26 01:00:00,528.69,526.88104,-1.80896,1.80896
2026-09-26 02:00:00,503.18,542.78845,39.60846,39.60846
2026-09-26 03:00:00,533.53,543.0238,9.493774,9.493774
2026-09-26 04:00:00,546.98,550.04,3.0599976,3.0599976
2026-09-26 05:00:00,513.86,568.7216,54.861633,54.861633
2026-09-26 06:00:00,572.06,589.1714,17.11139,17.11139
2026-09-26 07:00:00,581.44,600.254,18.814026,18.814026
2026-09-26 08:00:00,566.85,585.02563,18.17566,18.17566
2026-09-26 09:00:00,513.29004,543.91565,30.62561,30.62561
2026-09-26 10:00:00,446.03003,487.48236,41.45233,41.45233
2026-09-26 11:00:00,416.18,452.64172,36.46173,36.46173
2026-09-26 12:00:00,414.76,436.1485,21.388489,21.388489
2026-09-26 13:00:00,405.47003,438.81714,33.347107,33.347107
2026-09-26 14:00:00,405.29,456.31055,51.02054,51.02054
2026-09-26 15:00:00,468.97003,495.43158,26.461548,26.461548
2026-09-26 16:00:00,523.78,554.3674,30.587341,30.587341
2026-09-26 17:00:00,585.3,620.7527,35.452698,35.452698
2026-09-26 18:00:00,663.34,684.58453,21.244507,21.244507
2026-09-26 19:00:00,689.37,720.401,31.031006,31.031006
2026-09-26 20:00:00,692.81,720.4485,27.638489,27.638489
2026-09-26 21:00:00,548.13,686.41986,138.28986,138.28986
2026-09-26 22:00:00,567.42004,627.48566,60.065613,60.065613
2026-09-26 23:00:00,591.08,574.81696,-16.263062,16.263062
2026-09-27 00:00:00,509.11002,554.5041,45.394073,45.394073
2026-09-27 01:00:00,567.55,547.5892,-19.960815,19.960815
2026-09-27 02:00:00,537.61,549.47925,11.869263,11.869263
2026-09-27 03:00:00,543.85004,548.69714,4.847107,4.847107
2026-09-27 04:00:00,532.02,555.2466,23.226562,23.226562
2026-09-27 05:00:00,583.25,568.756,-14.494019,14.494019
2026-09-27 06:00:00,595.32,588.0475,-7.272522,7.272522
2026-09-27 07:00:00,612.45,596.77966,-15.670349,15.670349
2026-09-27 08:00:00,537.88,585.834,47.95398,47.95398
2026-09-27 09:00:00,517.60004,549.8651,32.265076,32.265076
2026-09-27 10:00:00,413.64,491.17114,77.53113,77.53113
2026-09-27 11:00:00,459.42,452.9478,-6.4721985,6.4721985
2026-09-27 12:00:00,443.88,439.99643,-3.8835754,3.8835754
2026-09-27 13:00:00,410.76,436.00073,25.240723,25.240723
2026-09-27 14:00:00,441.32,454.80365,13.483643,13.483643
2026-09-27 15:00:00,443.56,491.52722,47.967224,47.967224
2026-09-27 16:00:00,532.81,548.97815,16.168152,16.168152
2026-09-27 17:00:00,574.64,611.8091,37.169067,37.169067
2026-09-27 18:00:00,625.23,674.57043,49.340454,49.340454
2026-09-27 19:00:00,653.18,708.66364,55.483643,55.483643
2026-09-27 20:00:00,660.57,706.56537,45.99536,45.99536
2026-09-27 21:00:00,625.38,674.17206,48.792053,48.792053
2026-09-27 22:00:00,564.17004,622.6112,58.441162,58.441162
2026-09-27 23:00:00,538.05005,569.5493,31.499268,31.499268
2026-09-28 00:00:00,606.0,656.70325,50.703247,50.703247
2026-09-28 01:00:00,626.34,662.06714,35.72711,35.72711
2026-09-28 02:00:00,657.74,649.2257,-8.514282,8.514282
2026-09-28 03:00:00,654.10004,647.49274,-6.6073,6.6073
2026-09-28 04:00:00,675.65,658.53796,-17.11206,17.11206
2026-09-28 05:00:00,613.22003,676.40027,63.180237,63.180237
2026-09-28 06:00:00,708.43,695.0168,-13.413208,13.413208
2026-09-28 07:00:00,663.13,706.397,43.266968,43.266968
2026-09-28 08:00:00,684.47003,696.28455,11.814514,11.814514
2026-09-28 09:00:00,640.08,657.1334,17.053406,17.053406
2026-09-28 10:00:00,573.56,597.19727,23.637268,23.637268
2026-09-28 11:00:00,553.83,550.4468,-3.3832397,3.3832397
2026-09-28 12:00:00,564.39,531.1549,-33.235107,33.235107
2026-09-28 13:00:00,530.48004,534.5017,4.0216675,4.0216675
2026-09-28 14:00:00,524.51,551.83655,27.326538,27.326538
2026-09-28 15:00:00,567.81,587.94214,20.132141,20.132141
2026-09-28 16:00:00,607.5,643.02136,35.521362,35.521362
2026-09-28 17:00:00,684.31,714.5489,30.238892,30.238892
2026-09-28 18:00:00,747.42,779.814,32.394043,32.394043
2026-09-28 19:00:00,786.32,808.92993,22.609924,22.609924
2026-09-28 20:00:00,727.23,803.4916,76.2616,76.2616
2026-09-28 21:00:00,737.44,775.6604,38.220398,38.220398
2026-09-28 22:00:00,695.38,739.0526,43.672607,43.672607
2026-09-28 23:00:00,689.49,699.11755,9.627563,9.627563
2026-09-29 00:00:00,634.61,663.5402,28.930237,28.930237
2026-09-29 01:00:00,658.52,652.5492,-5.970825,5.970825
2026-09-29 02:00:00,618.73,647.3856,28.65564,28.65564
2026-09-29 03:00:00,624.38,650.5179,26.137878,26.137878
2026-09-29 04:00:00,657.15,660.8964,3.746399,3.746399
2026-09-29 05:00:00,650.67,677.8215,27.15149,27.15149
2026-09-29 06:00:00,704.65,699.4801,-5.169922,5.169922
2026-09-29 07:00:00,658.27,711.8452,53.575195,53.575195
2026-09-29 08:00:00,682.13,699.42285,17.292847,17.292847
2026-09-29 09:00:00,655.63,652.0,-3.630005,3.630005
2026-09-29 10:00:00,596.39,593.24347,-3.1465454,3.1465454
2026-09-29 11:00:00,579.91003,551.8868,-28.023254,28.023254
2026-09-29 12:00:00,544.52,531.782,-12.738037,12.738037
2026-09-29 13:00:00,510.78003,535.48065,24.700623,24.700623
2026-09-29 14:00:00,528.35004,554.4556,26.10559,26.10559
2026-09-29 15:00:00,593.63,592.11316,-1.5168457,1.5168457
2026-09-29 16:00:00,637.15,649.92975,12.779724,12.779724
2026-09-29 17:00:00,685.89,722.8976,37.00757,37.00757
2026-09-29 18:00:00,759.85,782.41113,22.561157,22.561157
2026-09-29 19:00:00,748.26,803.88403,55.624023,55.624023
2026-09-29 20:00:00,750.25,792.6633,42.41333,42.41333
2026-09-29 21:00:00,752.91003,759.7411,6.8310547,6.8310547
2026-09-29 22:00:00,689.79004,720.312,30.521973,30.521973
2026-09-29 23:00:00,653.09,685.9277,32.837646,32.837646
2026-09-30 00:00:00,640.01,654.4778,14.467773,14.467773
2026-09-30 01:00:00,633.97003,648.946,14.975952,14.975952
2026-09-30 02:00:00,638.37,645.36615,6.996155,6.996155
2026-09-30 03:00:00,658.28,648.2072,-10.072815,10.072815
2026-09-30 04:00:00,651.48,660.51697,9.036987,9.036987
2026-09-30 05:00:00,612.91003,682.5245,69.61444,69.61444
2026-09-30 06:00:00,728.05,708.3813,-19.668701,19.668701
2026-09-30 07:00:00,698.44,719.0939,20.65387,20.65387
2026-09-30 08:00:00,669.8,704.82275,35.022766,35.022766
2026-09-30 09:00:00,656.64,656.4201,-0.21990967,0.21990967
2026-09-30 10:00:00,636.93,593.24023,-43.68976,43.68976
2026-09-30 11:00:00,560.86,552.074,-8.786011,8.786011
2026-09-30 12:00:00,521.25,532.1217,10.871704,10.871704
2026-09-30 13:00:00,521.35004,535.0741,13.72406,13.72406
2026-09-30 14:00:00,555.2,553.85187,-1.3481445,1.3481445
2026-09-30 15:00:00,554.64,591.61804,36.978027,36.978027
2026-09-30 16:00:00,632.24,651.38184,19.141846,19.141846
2026-09-30 17:00:00,667.14,723.6339,56.493896,56.493896
2026-09-30 18:00:00,797.95,785.3824,-12.567627,12.567627
2026-09-30 19:00:00,742.83,806.5655,63.735474,63.735474
2026-09-30 20:00:00,753.71,792.12476,38.414734,38.414734
2026-09-30 21:00:00,740.66003,759.06006,18.400024,18.400024
2026-09-30 22:00:00,693.97003,723.8023,29.832275,29.832275
2026-09-30 23:00:00,666.35,692.4191,26.069153,26.069153
2026-10-01 00:00:00,632.05,660.0092,27.959229,27.959229
2026-10-01 01:00:00,654.15,651.38666,-2.7633667,2.7633667
2026-10-01 02:00:00,620.62,645.20374,24.58374,24.58374
2026-10-01 03:00:00,636.16003,646.8958,10.735779,10.735779
2026-10-01 04:00:00,668.12,655.9707,-12.149292,12.149292
2026-10-01 05:00:00,655.96,676.49524,20.535217,20.535217
2026-10-01 06:00:00,715.24,702.52,-12.719971,12.719971
2026-10-01 07:00:00,687.15,714.5281,27.378052,27.378052
2026-10-01 08:00:00,710.17,700.4138,-9.756165,9.756165
2026-10-01 09:00:00,686.37,650.23035,-36.13965,36.13965
2026-10-01 10:00:00,591.98,593.6387,1.6586914,1.6586914
2026-10-01 11:00:00,580.07,552.44183,-27.628174,27.628174
2026-10-01 12:00:00,553.71,530.95294,-22.75708,22.75708
2026-10-01 13:00:00,512.53,536.017,23.487,23.487
2026-10-01 14:00:00,585.21,556.5438,-28.666199,28.666199
2026-10-01 15:00:00,554.02,597.47565,43.455627,43.455627
2026-10-01 16:00:00,622.91003,658.9654,36.05536,36.05536
2026-10-01 17:00:00,698.95,732.8368,33.88678,33.88678
2026-10-01 18:00:00,770.03,793.01086,22.980835,22.980835
2026-10-01 19:00:00,767.95,815.5051,47.555115,47.555115
2026-10-01 20:00:00,751.29004,803.47144,52.181396,52.181396
2026-10-01 21:00:00,727.36,769.65796,42.297974,42.297974
2026-10-01 22:00:00,730.34,729.30664,-1.0333862,1.0333862
2026-10-01 23:00:00,677.08,687.75037,10.670349,10.670349
2026-10-02 00:00:00,678.99,622.64044,-56.34955,56.34955
2026-10-02 01:00:00,629.73,632.99945,3.2694702,3.2694702
2026-10-02 02:00:00,670.24,633.1994,-37.04059,37.04059
2026-10-02 03:00:00,632.13,638.53955,6.409546,6.409546
2026-10-02 04:00:00,611.69,650.62665,38.936646,38.936646
2026-10-02 05:00:00,654.52,669.3918,14.871765,14.871765
2026-10-02 06:00:00,679.63,697.91626,18.286255,18.286255
2026-10-02 07:00:00,655.65,716.2605,60.610474,60.610474
2026-10-02 08:00:00,731.71,703.1977,-28.51233,28.51233
2026-10-02 09:00:00,596.96,659.4065,62.446472,62.446472
2026-10-02 10:00:00,603.88,595.40796,-8.472046,8.472046
2026-10-02 11:00:00,540.05,549.6972,9.647217,9.647217
2026-10-02 12:00:00,552.87,528.29675,-24.573242,24.573242
2026-10-02 13:00:00,522.13,532.35925,10.229248,10.229248
2026-10-02 14:00:00,569.55,554.07117,-15.478821,15.478821
2026-10-02 15:00:00,596.98,594.87103,-2.1089478,2.1089478
2026-10-02 16:00:00,623.0,655.2516,32.251587,32.251587
2026-10-02 17:00:00,703.29004,727.3597,24.069641,24.069641
2026-10-02 18:00:00,747.87,787.5428,39.67279,39.67279
2026-10-02 19:00:00,709.72003,812.9353,103.21527,103.21527
2026-10-02 20:00:00,736.33,801.3532,65.02319,65.02319
2026-10-02 21:00:00,760.93,769.5835,8.653503,8.653503
2026-10-02 22:00:00,703.4,727.9801,24.580078,24.580078
2026-10-02 23:00:00,651.29004,670.96716,19.677124,19.677124
2026-10-03 00:00:00,535.09,524.95874,-10.131287,10.131287
2026-10-03 01:00:00,543.71,515.2015,-28.508545,28.508545
2026-10-03 02:00:00,543.93,529.6795,-14.250488,14.250488
2026-10-03 03:00:00,577.23,536.8056,-40.424377,40.424377
2026-10-03 04:00:00,551.78,546.27905,-5.5009766,5.5009766
2026-10-03 05:00:00,578.44,561.8845,-16.555481,16.555481
2026-10-03 06:00:00,597.59,583.9748,-13.615234,13.615234
2026-10-03 07:00:00,570.84,596.61505,25.775024,25.775024
2026-10-03 08:00:00,585.55,584.0621,-1.487915,1.487915
2026-10-03 09:00:00,530.38,548.4069,18.026917,18.026917
2026-10-03 10:00:00,470.38,492.23096,21.850952,21.850952
2026-10-03 11:00:00,472.78003,456.12164,-16.658386,16.658386
2026-10-03 12:00:00,454.91003,443.9217,-10.988342,10.988342
2026-10-03 13:00:00,412.44,441.34454,28.904541,28.904541
2026-10-03 14:00:00,479.30002,456.9335,-22.366516,22.366516
2026-10-03 15:00:00,493.76,495.77536,2.0153503,2.0153503
2026-10-03 16:00:00,551.98,552.8429,0.86291504,0.86291504
2026-10-03 17:00:00,592.38,619.2788,26.898804,26.898804
2026-10-03 18:00:00,603.56,680.65137,77.09137,77.09137
2026-10-03 19:00:00,634.04004,713.7397,79.699646,79.699646
2026-10-03 20:00:00,650.16003,709.8188,59.658752,59.658752
2026-10-03 21:00:00,588.07,672.4102,84.34021,84.34021
2026-10-03 22:00:00,576.55,616.84576,40.295776,40.295776
2026-10-03 23:00:00,560.92004,562.9856,2.0655518,2.0655518
2026-10-04 00:00:00,512.17004,544.65875,32.48871,32.48871
2026-10-04 01:00:00,543.54004,537.55774,-5.9823,5.9823
2026-10-04 02:00:00,539.08,541.8489,2.7688599,2.7688599
2026-10-04 03:00:00,506.86002,542.0386,35.17856,35.17856
2026-10-04 04:00:00,541.58,547.64386,6.063843,6.063843
2026-10-04 05:00:00,590.95,558.6319,-32.318115,32.318115
2026-10-04 06:00:00,580.13,578.9116,-1.2183838,1.2183838
2026-10-04 07:00:00,543.46,587.64777,44.187744,44.187744
2026-10-04 08:00:00,538.96,575.27783,36.31781,36.31781
2026-10-04 09:00:00,550.04004,543.7568,-6.283264,6.283264
2026-10-04 10:00:00,447.58002,494.29724,46.717224,46.717224
2026-10-04 11:00:00,476.07,451.51068,-24.559326,24.559326
2026-10-04 12:00:00,406.13,440.37936,34.24936,34.24936
2026-10-04 13:00:00,412.52002,437.20905,24.689026,24.689026
2026-10-04 14:00:00,439.55002,456.06134,16.511322,16.511322
2026-10-04 15:00:00,475.76,492.5926,16.83258,16.83258
2026-10-04 16:00:00,539.64,550.05273,10.41272,10.41272
2026-10-04 17:00:00,587.59,615.78735,28.197327,28.197327
2026-10-04 18:00:00,664.76,675.8406,11.080566,11.080566
2026-10-04 19:00:00,665.87,708.46515,42.595154,42.595154
2026-10-04 20:00:00,623.86,702.66675,78.80676,78.80676
2026-10-04 21:00:00,603.53,663.4836,59.953552,59.953552
2026-10-04 22:00:00,579.79004,602.84485,23.05481,23.05481
2026-10-04 23:00:00,525.14,554.1071,28.967102,28.967102
2026-10-05 00:00:00,616.78,633.7528,16.972778,16.972778
2026-10-05 01:00:00,670.52,649.5756,-20.944397,20.944397
2026-10-05 02:00:00,618.39,623.0694,4.6793823,4.6793823
2026-10-05 03:00:00,632.45,621.34503,-11.10498,11.10498
2026-10-05 04:00:00,643.57,634.5374,-9.032593,9.032593
2026-10-05 05:00:00,675.61,653.6674,-21.942566,21.942566
2026-10-05 06:00:00,696.39,678.5216,-17.868408,17.868408
2026-10-05 07:00:00,663.53,692.86365,29.333618,29.333618
2026-10-05 08:00:00,696.04,689.8853,-6.154663,6.154663
2026-10-05 09:00:00,635.81,663.16754,27.357544,27.357544
2026-10-05 10:00:00,579.08,605.1166,26.03656,26.03656
2026-10-05 11:00:00,607.46,555.08514,-52.374878,52.374878
2026-10-05 12:00:00,528.4,531.8884,3.4884033,3.4884033
2026-10-05 13:00:00,541.9,534.10767,-7.7923584,7.7923584
2026-10-05 14:00:00,532.29004,551.36804,19.078003,19.078003
2026-10-05 15:00:00,590.7,587.043,-3.6569824,3.6569824
2026-10-05 16:00:00,592.15,645.2965,53.146484,53.146484
2026-10-05 17:00:00,683.74,712.9386,29.198608,29.198608
2026-10-05 18:00:00,728.5,773.8512,45.351196,45.351196
2026-10-05 19:00:00,759.98,800.45636,40.47638,40.47638
2026-10-05 20:00:00,741.18,793.87476,52.694763,52.694763
2026-10-05 21:00:00,737.93,764.93164,27.001648,27.001648
2026-10-05 22:00:00,672.93,727.2693,54.339294,54.339294
2026-10-05 23:00:00,649.84,685.7841,35.94409,35.94409
2026-10-06 00:00:00,639.01,654.86365,15.853638,15.853638
2026-10-06 01:00:00,666.02,649.88403,-16.135986,16.135986
2026-10-06 02:00:00,680.03,650.3593,-29.670715,29.670715
2026-10-06 03:00:00,622.67,653.6564,30.98639,30.98639
2026-10-06 04:00:00,632.38,660.7531,28.373108,28.373108
2026-10-06 05:00:00,667.56,675.4719,7.9119263,7.9119263
2026-10-06 06:00:00,698.33,696.8045,-1.5255127,1.5255127
2026-10-06 07:00:00,726.55,708.10986,-18.440125,18.440125
2026-10-06 08:00:00,694.5,700.4832,5.9832153,5.9832153
2026-10-06 09:00:00,660.79,660.0125,-0.7774658,0.7774658
2026-10-06 10:00:00,609.56,600.3838,-9.1762085,9.1762085
2026-10-06 11:00:00,545.61,553.94836,8.338379,8.338379
2026-10-06 12:00:00,543.15,531.362,-11.788025,11.788025
2026-10-06 13:00:00,519.51,533.6973,14.187317,14.187317
2026-10-06 14:00:00,132.90002,550.8379,417.93787,417.93787
2026-10-06 15:00:00,616.68,569.7746,-46.905396,46.905396
2026-10-06 16:00:00,1181.62,623.7574,-557.8626,557.8626
2026-10-06 17:00:00,707.77,704.6751,-3.0949097,3.0949097
2026-10-06 18:00:00,728.92,772.3837,43.463745,43.463745
2026-10-06 19:00:00,749.74,803.57074,53.83075,53.83075
2026-10-06 20:00:00,770.92,799.6275,28.70752,28.70752
2026-10-06 21:00:00,701.31,767.2177,65.907715,65.907715
2026-10-06 22:00:00,730.69,729.1881,-1.5018921,1.5018921
2026-10-06 23:00:00,661.71,692.7847,31.074707,31.074707
2026-10-07 00:00:00,680.31,659.7974,-20.512573,20.512573
2026-10-07 01:00:00,597.86,652.2737,54.413696,54.413696
2026-10-07 02:00:00,629.73,643.3622,13.632202,13.632202
2026-10-07 03:00:00,676.18,644.1975,-31.982483,31.982483
2026-10-07 04:00:00,644.14,655.0026,10.86261,10.86261
2026-10-07 05:00:00,661.2,671.38763,10.187622,10.187622
2026-10-07 06:00:00,689.03,695.1414,6.111389,6.111389
2026-10-07 07:00:00,666.55,705.84344,39.293457,39.293457
2026-10-07 08:00:00,667.76,693.87976,26.119751,26.119751
2026-10-07 09:00:00,662.13,648.0302,-14.0997925,14.0997925
2026-10-07 10:00:00,537.18,588.48157,51.301575,51.301575
2026-10-07 11:00:00,562.64,546.67017,-15.969849,15.969849
2026-10-07 12:00:00,549.71,525.98047,-23.729553,23.729553
2026-10-07 13:00:00,515.67004,529.08777,13.417725,13.417725
2026-10-07 14:00:00,570.31,548.45624,-21.85376,21.85376
2026-10-07 15:00:00,585.03,589.4436,4.413574,4.413574
2026-10-07 16:00:00,638.41003,650.0407,11.630676,11.630676
2026-10-07 17:00:00,691.72003,723.3853,31.665283,31.665283
2026-10-07 18:00:00,737.06,784.5125,47.452515,47.452515
2026-10-07 19:00:00,760.19,807.87585,47.685852,47.685852
2026-10-07 20:00:00,741.53,797.5986,56.068542,56.068542
2026-10-07 21:00:00,734.37,765.42096,31.050964,31.050964
2026-10-07 22:00:00,716.74,724.25684,7.5168457,7.5168457
2026-10-07 23:00:00,669.05,682.8829,13.832886,13.832886
2026-10-08 00:00:00,619.33,645.08093,25.750916,25.750916
2026-10-08 01:00:00,582.97003,635.1871,52.21704,52.21704
2026-10-08 02:00:00,642.34,634.60876,-7.731262,7.731262
2026-10-08 03:00:00,654.63,640.77673,-13.8532715,13.8532715
2026-10-08 04:00:00,624.0,656.0435,32.043518,32.043518
2026-10-08 05:00:00,662.64,678.8146,16.17456,16.17456
2026-10-08 06:00:00,659.0,703.6288,44.628784,44.628784
2026-10-08 07:00:00,705.35,715.6782,10.328247,10.328247
2026-10-08 08:00:00,637.99,700.15155,62.16156,62.16156
2026-10-08 09:00:00,646.88,651.7699,4.8898926,4.8898926
2026-10-08 10:00:00,582.79004,590.5517,7.7616577,7.7616577
2026-10-08 11:00:00,557.51,547.253,-10.257019,10.257019
2026-10-08 12:00:00,545.82,527.27435,-18.545654,18.545654
2026-10-08 13:00:00,563.22003,532.6642,-30.555847,30.555847
2026-10-08 14:00:00,574.29004,553.8987,-20.391357,20.391357
2026-10-08 15:00:00,566.79004,592.14185,25.351807,25.351807
2026-10-08 16:00:00,674.15,652.53284,-21.617188,21.617188
2026-10-08 17:00:00,688.39,726.2663,37.87628,37.87628
2026-10-08 18:00:00,708.26,787.73816,79.47815,79.47815
2026-10-08 19:00:00,748.09,808.8534,60.763367,60.763367
2026-10-08 20:00:00,720.64,795.9863,75.34631,75.34631
2026-10-08 21:00:00,693.72003,761.8056,68.08557,68.08557
2026-10-08 22:00:00,676.97003,720.3023,43.332275,43.332275
2026-10-08 23:00:00,641.96,677.49756,35.537537,35.537537
2026-10-09 00:00:00,637.45,597.8716,-39.57843,39.57843
2026-10-09 01:00:00,623.10004,620.9928,-2.1072388,2.1072388
2026-10-09 02:00:00,677.44,628.223,-49.21698,49.21698
2026-10-09 03:00:00,639.11,637.84265,-1.267334,1.267334
2026-10-09 04:00:00,608.85004,655.80554,46.955505,46.955505
2026-10-09 05:00:00,675.91003,672.99713,-2.9129028,2.9129028
2026-10-09 06:00:00,694.26,700.6693,6.4093018,6.4093018
2026-10-09 07:00:00,661.29,711.2791,49.989136,49.989136
2026-10-09 08:00:00,667.65,696.8832,29.233154,29.233154
2026-10-09 09:00:00,619.18,652.28674,33.10675,33.10675
2026-10-09 10:00:00,596.38,591.1431,-5.2368774,5.2368774
2026-10-09 11:00:00,526.08,546.7371,20.657104,20.657104
2026-10-09 12:00:00,551.26,525.74066,-25.519348,25.519348
2026-10-09 13:00:00,541.63,528.399,-13.231018,13.231018
2026-10-09 14:00:00,573.60004,546.2223,-27.377747,27.377747
2026-10-09 15:00:00,554.04004,585.1893,31.149231,31.149231
2026-10-09 16:00:00,630.55,639.55035,9.000366,9.000366
2026-10-09 17:00:00,699.27,712.3338,13.063782,13.063782
2026-10-09 18:00:00,749.85,778.15204,28.302063,28.302063
2026-10-09 19:00:00,777.52,808.1553,30.635254,30.635254
2026-10-09 20:00:00,758.77,801.34357,42.573547,42.573547
2026-10-09 21:00:00,716.81,771.8001,54.990112,54.990112
2026-10-09 22:00:00,711.71,731.85956,20.149536,20.149536
2026-10-09 23:00:00,682.89,682.37775,-0.51226807,0.51226807
2026-10-10 00:00:00,549.32,539.5325,-9.787537,9.787537
2026-10-10 01:00:00,512.84,526.40045,13.560425,13.560425
2026-10-10 02:00:00,483.66003,525.36725,41.707214,41.707214
2026-10-10 03:00:00,519.85004,530.0515,10.201477,10.201477
2026-10-10 04:00:00,523.47003,538.5539,15.083862,15.083862
2026-10-10 05:00:00,592.73,555.87463,-36.855347,36.855347
2026-10-10 06:00:00,530.54004,582.4496,51.909546,51.909546
2026-10-10 07:00:00,634.49,593.5015,-40.988464,40.988464
2026-10-10 08:00:00,580.49,585.40906,4.9190674,4.9190674
2026-10-10 09:00:00,563.15,549.299,-13.851013,13.851013
2026-10-10 10:00:00,535.41003,493.39233,-42.0177,42.0177
2026-10-10 11:00:00,453.56,456.17426,2.6142578,2.6142578
2026-10-10 12:00:00,431.18002,442.1996,11.019562,11.019562
2026-10-10 13:00:00,424.73,439.2683,14.5383,14.5383
2026-10-10 14:00:00,443.43002,454.2561,10.82608,10.82608
2026-10-10 15:00:00,461.22003,489.56268,28.342651,28.342651
2026-10-10 16:00:00,523.07,545.52405,22.45404,22.45404
2026-10-10 17:00:00,579.41003,609.92706,30.517029,30.517029
2026-10-10 18:00:00,624.52,668.8142,44.29419,44.29419
2026-10-10 19:00:00,667.0,701.4249,34.424927,34.424927
2026-10-10 20:00:00,614.03,702.3507,88.32068,88.32068
2026-10-10 21:00:00,606.37,664.99426,58.624268,58.624268
2026-10-10 22:00:00,584.94,610.2538,25.313782,25.313782
2026-10-10 23:00:00,503.54004,558.5067,54.966675,54.966675
2026-10-11 00:00:00,476.41003,536.5419,60.131836,60.131836
2026-10-11 01:00:00,531.27,530.73535,-0.53466797,0.53466797
2026-10-11 02:00:00,486.89,532.3417,45.45166,45.45166
2026-10-11 03:00:00,527.75,534.7957,7.0457153,7.0457153
2026-10-11 04:00:00,523.05,543.3203,20.270325,20.270325
2026-10-11 05:00:00,561.35004,556.3645,-4.9855347,4.9855347
2026-10-11 06:00:00,586.4,575.60297,-10.797058,10.797058
2026-10-11 07:00:00,550.59,590.4679,39.87787,39.87787
2026-10-11 08:00:00,594.24,579.4888,-14.751221,14.751221
2026-10-11 09:00:00,551.84,547.35846,-4.4815674,4.4815674
2026-10-11 10:00:00,491.11002,494.91403,3.804016,3.804016
2026-10-11 11:00:00,485.57,453.81384,-31.756165,31.756165
2026-10-11 12:00:00,435.18002,440.48914,5.3091125,5.3091125
2026-10-11 13:00:00,417.17,437.5792,20.40918,20.40918
2026-10-11 14:00:00,450.76,455.31305,4.5530396,4.5530396
2026-10-11 15:00:00,483.55002,494.21594,10.665924,10.665924
2026-10-11 16:00:00,524.29004,546.68787,22.397827,22.397827
2026-10-11 17:00:00,599.83,606.449,6.6189575,6.6189575
2026-10-11 18:00:00,642.42,663.9677,21.54773,21.54773
2026-10-11 19:00:00,597.26,696.71655,99.45654,99.45654
2026-10-11 20:00:00,668.82,690.65607,21.83606,21.83606
2026-10-11 21:00:00,610.47003,654.61304,44.143005,44.143005
2026-10-11 22:00:00,592.67,600.19293,7.522949,7.522949
2026-10-11 23:00:00,548.12,560.26483,12.144836,12.144836
2026-10-12 00:00:00,597.55,629.8444,32.294434,32.294434
2026-10-12 01:00:00,590.54004,646.66327,56.12323,56.12323
2026-10-12 02:00:00,612.77,632.1075,19.337463,19.337463
2026-10-12 03:00:00,636.07,633.9522,-2.1177979,2.1177979
2026-10-12 04:00:00,620.83,646.1345,25.304504,25.304504
2026-10-12 05:00:00,681.8,662.9612,-18.838806,18.838806
2026-10-12 06:00:00,675.39,688.71075,13.32074,13.32074
2026-10-12 07:00:00,720.85,703.9334,-16.916565,16.916565
2026-10-12 08:00:00,683.37,699.9848,16.614807,16.614807
2026-10-12 09:00:00,649.0,664.81744,15.817444,15.817444
2026-10-12 10:00:00,574.97003,602.4141,27.444092,27.444092
2026-10-12 11:00:00,537.36,550.90295,13.542969,13.542969
2026-10-12 12:00:00,510.01,528.4303,18.420288,18.420288
2026-10-12 13:00:00,510.19,530.76825,20.578247,20.578247
2026-10-12 14:00:00,536.2,549.7867,13.58667,13.58667
2026-10-12 15:00:00,606.52,584.76306,-21.756958,21.756958
2026-10-12 16:00:00,675.05,640.0831,-34.966858,34.966858
2026-10-12 17:00:00,656.21,710.11664,53.906616,53.906616
2026-10-12 18:00:00,740.83,769.6987,28.868713,28.868713
2026-10-12 19:00:00,754.17,796.01263,41.84265,41.84265
2026-10-12 20:00:00,739.87,788.4022,48.532227,48.532227
2026-10-12 21:00:00,692.88,756.5683,63.688293,63.688293
2026-10-12 22:00:00,699.67,719.6028,19.9328,19.9328
2026-10-12 23:00:00,658.08,682.1194,24.039368,24.039368
2026-10-13 00:00:00,643.52,649.392,5.8720093,5.8720093
2026-10-13 01:00:00,628.97003,640.97766,12.007629,12.007629
2026-10-13 02:00:00,584.51,637.29877,52.788757,52.788757
2026-10-13 03:00:00,617.42,645.34015,27.920166,27.920166
2026-10-13 04:00:00,655.14,654.005,-1.1350098,1.1350098
2026-10-13 05:00:00,663.14,671.6062,8.466187,8.466187
2026-10-13 06:00:00,688.84,698.5187,9.67865,9.67865
2026-10-13 07:00:00,712.94,710.7025,-2.2374878,2.2374878
2026-10-13 08:00:00,660.25,696.62244,36.372437,36.372437
2026-10-13 09:00:00,654.31,653.04065,-1.2693481,1.2693481
2026-10-13 10:00:00,656.61,593.1394,-63.47058,63.47058
2026-10-13 11:00:00,584.54004,551.47687,-33.06317,33.06317
2026-10-13 12:00:00,554.96,531.82,-23.140015,23.140015
2026-10-13 13:00:00,551.81,536.51404,-15.295959,15.295959
2026-10-13 14:00:00,572.71,558.09143,-14.618591,14.618591
2026-10-13 15:00:00,588.52,593.47876,4.95874,4.95874
2026-10-13 16:00:00,634.23,651.172,16.942017,16.942017
2026-10-13 17:00:00,716.49,719.53217,3.0421753,3.0421753
2026-10-13 18:00:00,685.03,776.92,91.88995,91.88995
2026-10-13 19:00:00,714.58,795.36096,80.780945,80.780945
2026-10-13 20:00:00,711.31,781.0226,69.712585,69.712585
2026-10-13 21:00:00,700.85,747.93536,47.08539,47.08539
2026-10-13 22:00:00,688.91003,706.8331,17.923096,17.923096
2026-10-13 23:00:00,686.55,670.4412,-16.108765,16.108765
2026-10-14 00:00:00,605.95,639.3354,33.385376,33.385376
2026-10-14 01:00:00,664.06,630.699,-33.361023,33.361023
2026-10-14 02:00:00,616.41003,630.0528,13.642761,13.642761
2026-10-14 03:00:00,648.19,639.2653,-8.924683,8.924683
2026-10-14 04:00:00,636.22003,653.86334,17.64331,17.64331
2026-10-14 05:00:00,628.64,671.70074,43.06073,43.06073
2026-10-14 06:00:00,709.96,695.0204,-14.939636,14.939636
2026-10-14 07:00:00,673.31,708.9216,35.611572,35.611572
2026-10-14 08:00:00,637.69,696.86255,59.172546,59.172546
2026-10-14 09:00:00,649.48,652.0899,2.6099243,2.6099243
2026-10-14 10:00:00,619.19,591.0618,-28.128174,28.128174
2026-10-14 11:00:00,596.7,549.80634,-46.893677,46.893677
2026-10-14 12:00:00,559.61,531.1865,-28.423462,28.423462
2026-10-14 13:00:00,551.01,532.4187,-18.591309,18.591309
2026-10-14 14:00:00,526.58,550.84424,24.264221,24.264221
2026-10-14 15:00:00,536.12,586.5288,50.408813,50.408813
2026-10-14 16:00:00,591.46,644.6843,53.224304,53.224304
2026-10-14 17:00:00,707.2,716.8107,9.610718,9.610718
2026-10-14 18:00:00,747.53,773.7013,26.171265,26.171265
2026-10-14 19:00:00,750.47,800.44653,49.976562,49.976562
2026-10-14 20:00:00,763.18,790.95044,27.770447,27.770447
2026-10-14 21:00:00,728.96,759.617,30.656982,30.656982
2026-10-14 22:00:00,679.83,719.822,39.992004,39.992004
2026-10-14 23:00:00,669.92,679.4367,9.516724,9.516724
2026-10-15 00:00:00,601.44,643.99036,42.550354,42.550354
2026-10-15 01:00:00,687.51,635.7515,-51.758484,51.758484
2026-10-15 02:00:00,581.99,635.31506,53.325073,53.325073
2026-10-15 03:00:00,617.87,638.2978,20.427795,20.427795
2026-10-15 04:00:00,619.19,649.16425,29.974243,29.974243
2026-10-15 05:00:00,650.01,671.44617,21.436157,21.436157
2026-10-15 06:00:00,680.61,696.5065,15.896484,15.896484
2026-10-15 07:00:00,728.28,709.14624,-19.13379,19.13379
2026-10-15 08:00:00,692.59,700.37836,7.78833,7.78833
2026-10-15 09:00:00,646.22003,656.42804,10.208008,10.208008
2026-10-15 10:00:00,617.08,595.2805,-21.7995,21.7995
2026-10-15 11:00:00,542.35004,549.5513,7.201233,7.201233
2026-10-15 12:00:00,545.57,526.9715,-18.59851,18.59851
2026-10-15 13:00:00,526.53,529.4745,2.944458,2.944458
2026-10-15 14:00:00,513.88,548.55286,34.67285,34.67285
2026-10-15 15:00:00,564.21,584.6042,20.394165,20.394165
2026-10-15 16:00:00,617.23,642.4409,25.210938,25.210938
2026-10-15 17:00:00,736.75,716.7725,-19.977478,19.977478
2026-10-15 18:00:00,735.41003,782.24146,46.83142,46.83142
2026-10-15 19:00:00,747.32,806.14954,58.82953,58.82953
2026-10-15 20:00:00,727.39,793.29974,65.90973,65.90973
2026-10-15 21:00:00,673.69,758.5212,84.83118,84.83118
2026-10-15 22:00:00,660.06,720.3473,60.287292,60.287292
2026-10-15 23:00:00,638.0,678.93494,40.934937,40.934937
2026-10-16 00:00:00,652.34,620.42065,-31.919373,31.919373
2026-10-16 01:00:00,624.88,622.2346,-2.6453857,2.6453857
2026-10-16 02:00:00,628.05,623.54,-4.51001,4.51001
2026-10-16 03:00:00,654.88,629.1694,-25.710632,25.710632
2026-10-16 04:00:00,657.48,643.90344,-13.576538,13.576538
2026-10-16 05:00:00,670.22003,666.15955,-4.060486,4.060486
2026-10-16 06:00:00,715.37,695.8389,-19.531067,19.531067
2026-10-16 07:00:00,676.05,710.0104,33.96039,33.96039
2026-10-16 08:00:00,622.46,699.1941,76.73407,76.73407
2026-10-16 09:00:00,655.03,652.42145,-2.6085815,2.6085815
2026-10-16 10:00:00,584.51,592.2869,7.7769165,7.7769165
2026-10-16 11:00:00,581.61,547.9903,-33.61969,33.61969
2026-10-16 12:00:00,536.44,527.3972,-9.042786,9.042786
2026-10-16 13:00:00,605.74,530.64026,-75.09973,75.09973
2026-10-16 14:00:00,574.15,553.1522,-20.997803,20.997803
2026-10-16 15:00:00,589.67,589.645,-0.024963379,0.024963379
2026-10-16 16:00:00,657.19,648.0033,-9.186707,9.186707
2026-10-16 17:00:00,661.83,721.655,59.825012,59.825012
2026-10-16 18:00:00,724.09,782.59546,58.505432,58.505432
2026-10-16 19:00:00,730.09,802.9273,72.83728,72.83728
2026-10-16 20:00:00,734.72003,789.7681,55.048096,55.048096
2026-10-16 21:00:00,674.72003,756.2704,81.550354,81.550354
2026-10-16 22:00:00,649.27,715.5539,66.283875,66.283875
2026-10-16 23:00:00,639.36,642.0122,2.6522217,2.6522217
2026-10-17 00:00:00,471.98,501.79413,29.814117,29.814117
2026-10-17 01:00:00,505.83002,496.24905,-9.580963,9.580963
2026-10-17 02:00:00,484.45,520.91846,36.468445,36.468445
2026-10-17 03:00:00,508.98,528.0412,19.061188,19.061188
2026-10-17 04:00:00,489.40002,535.7354,46.33539,46.33539
2026-10-17 05:00:00,579.31,550.4496,-28.860413,28.860413
2026-10-17 06:00:00,603.66003,574.99365,-28.666382,28.666382
2026-10-17 07:00:00,565.42004,587.7084,22.28833,22.28833
2026-10-17 08:00:00,584.51,579.24713,-5.2628784,5.2628784
2026-10-17 09:00:00,561.75,547.58215,-14.167847,14.167847
2026-10-17 10:00:00,505.69,492.44055,-13.249451,13.249451
2026-10-17 11:00:00,427.89,451.80212,23.91211,23.91211
2026-10-17 12:00:00,398.48,441.50928,43.029266,43.029266
2026-10-17 13:00:00,461.74002,439.65884,-22.081177,22.081177
2026-10-17 14:00:00,411.17004,457.66754,46.497498,46.497498
2026-10-17 15:00:00,483.48004,491.8801,8.400055,8.400055
2026-10-17 16:00:00,502.79,548.654,45.863983,45.863983
2026-10-17 17:00:00,554.92,611.3585,56.438538,56.438538
2026-10-17 18:00:00,616.41003,670.52826,54.118225,54.118225
2026-10-17 19:00:00,652.79,700.90125,48.111267,48.111267
2026-10-17 20:00:00,630.04004,698.4659,68.42584,68.42584
2026-10-17 21:00:00,569.3,662.5212,93.22119,93.22119
2026-10-17 22:00:00,564.54004,607.7714,43.231384,43.231384
2026-10-17 23:00:00,523.09,556.06335,32.973328,32.973328
2026-10-18 00:00:00,511.78,537.1082,25.328217,25.328217
2026-10-18 01:00:00,524.66003,534.3773,9.717285,9.717285
2026-10-18 02:00:00,505.88,535.4055,29.525513,29.525513
2026-10-18 03:00:00,518.25,536.2121,17.962097,17.962097
2026-10-18 04:00:00,517.65,544.64856,26.998535,26.998535
2026-10-18 05:00:00,561.45,556.56494,-4.885071,4.885071
2026-10-18 06:00:00,580.72003,572.79333,-7.926697,7.926697
2026-10-18 07:00:00,586.48,586.45825,-0.021728516,0.021728516
2026-10-18 08:00:00,568.34,578.1356,9.795593,9.795593
2026-10-18 09:00:00,579.0,546.24713,-32.75287,32.75287
2026-10-18 10:00:00,491.81,495.07147,3.2614746,3.2614746
2026-10-18 11:00:00,452.65002,452.72836,0.07833862,0.07833862
2026-10-18 12:00:00,405.64,440.33032,34.690308,34.690308
2026-10-18 13:00:00,465.64,437.04053,-28.599487,28.599487
2026-10-18 14:00:00,463.05002,455.94116,-7.108856,7.108856
2026-10-18 15:00:00,485.71002,494.2127,8.502686,8.502686
2026-10-18 16:00:00,487.13,546.8898,59.759766,59.759766
2026-10-18 17:00:00,590.32,603.66766,13.347656,13.347656
2026-10-18 18:00:00,622.99,663.26605,40.276062,40.276062
2026-10-18 19:00:00,657.71,694.08453,36.37451,36.37451
2026-10-18 20:00:00,630.13,691.4517,61.321716,61.321716
2026-10-18 21:00:00,596.64,653.9508,57.31079,57.31079
2026-10-18 22:00:00,557.39,600.7151,43.325073,43.325073
2026-10-18 23:00:00,543.08,552.77454,9.694519,9.694519
2026-10-19 00:00:00,641.14,631.51385,-9.62616,9.62616
2026-10-19 01:00:00,649.52,654.55853,5.038513,5.038513
2026-10-19 02:00:00,606.08,642.7836,36.703613,36.703613
2026-10-19 03:00:00,628.58,642.29236,13.712341,13.712341
2026-10-19 04:00:00,616.22003,650.2968,34.076782,34.076782
2026-10-19 05:00:00,650.53,666.1305,15.600464,15.600464
2026-10-19 06:00:00,670.18,688.2312,18.051208,18.051208
2026-10-19 07:00:00,675.34,700.576,25.235962,25.235962
2026-10-19 08:00:00,680.36,695.1979,14.837891,14.837891
2026-10-19 09:00:00,680.59,660.4783,-20.111755,20.111755
2026-10-19 10:00:00,569.99,602.53235,32.54236,32.54236
2026-10-19 11:00:00,557.84,552.5809,-5.2591553,5.2591553
2026-10-19 12:00:00,523.52,529.28784,5.7678223,5.7678223
2026-10-19 13:00:00,524.38,530.64056,6.260559,6.260559
2026-10-19 14:00:00,586.24,550.39716,-35.842834,35.842834
2026-10-19 15:00:00,590.92,586.3439,-4.576111,4.576111
2026-10-19 16:00:00,613.97003,641.7449,27.774841,27.774841
2026-10-19 17:00:00,715.09,708.63007,-6.459961,6.459961
2026-10-19 18:00:00,739.46,767.72656,28.26654,28.26654
2026-10-19 19:00:00,727.66003,793.20526,65.54523,65.54523
2026-10-19 20:00:00,732.74,785.2697,52.529724,52.529724
2026-10-19 21:00:00,705.87,753.9874,48.11743,48.11743
2026-10-19 22:00:00,690.38,715.04114,24.661133,24.661133
2026-10-19 23:00:00,660.0,674.6356,14.63562,14.63562
2026-10-20 00:00:00,622.72003,641.4458,18.725769,18.725769
2026-10-20 01:00:00,641.29004,630.4731,-10.816956,10.816956
2026-10-20 02:00:00,619.67,628.2009,8.530945,8.530945
2026-10-20 03:00:00,631.45,631.87744,0.4274292,0.4274292
2026-10-20 04:00:00,683.39,641.45636,-41.933655,41.933655
2026-10-20 05:00:00,625.52,660.8585,35.3385,35.3385
2026-10-20 06:00:00,707.81,680.8847,-26.925293,26.925293
2026-10-20 07:00:00,672.35004,694.4935,22.143494,22.143494
2026-10-20 08:00:00,688.07,687.26917,-0.8008423,0.8008423
2026-10-20 09:00:00,643.07,650.08905,7.019043,7.019043
2026-10-20 10:00:00,574.48,592.54504,18.065063,18.065063
2026-10-20 11:00:00,537.76,546.9111,9.151062,9.151062
2026-10-20 12:00:00,517.62,527.3905,9.770508,9.770508
2026-10-20 13:00:00,537.39,531.2997,-6.090332,6.090332
2026-10-20 14:00:00,544.97003,551.8583,6.8882446,6.8882446
2026-10-20 15:00:00,585.71,590.3598,4.6497803,4.6497803
2026-10-20 16:00:00,659.82,649.2194,-10.600586,10.600586
2026-10-20 17:00:00,662.17,703.6921,41.522095,41.522095
2026-10-20 18:00:00,721.38,754.66766,33.28766,33.28766
2026-10-20 19:00:00,732.29004,779.44824,47.158203,47.158203
2026-10-20 20:00:00,756.74,772.767,16.027039,16.027039
2026-10-20 21:00:00,698.35,741.37317,43.023193,43.023193
2026-10-20 22:00:00,685.46,704.6479,19.187866,19.187866
2026-10-20 23:00:00,620.99,667.1819,46.191895,46.191895
2026-10-21 00:00:00,625.76,634.1027,8.342712,8.342712
2026-10-21 01:00:00,633.83,628.27655,-5.553467,5.553467
2026-10-21 02:00:00,621.99,626.081,4.0910034,4.0910034
2026-10-21 03:00:00,619.31,631.41486,12.104858,12.104858
2026-10-21 04:00:00,609.23,643.0502,33.82019,33.82019
2026-10-21 05:00:00,699.41003,660.37506,-39.034973,39.034973
2026-10-21 06:00:00,688.17,685.9132,-2.256775,2.256775
2026-10-21 07:00:00,746.14,702.5543,-43.585693,43.585693
2026-10-21 08:00:00,692.59,695.8583,3.2682495,3.2682495
2026-10-21 09:00:00,657.14,652.811,-4.3290405,4.3290405
2026-10-21 10:00:00,590.55,589.23926,-1.31073,1.31073
2026-10-21 11:00:00,556.47003,546.0315,-10.438538,10.438538
2026-10-21 12:00:00,537.28,526.93756,-10.342468,10.342468
2026-10-21 13:00:00,555.32,529.694,-25.626038,25.626038
2026-10-21 14:00:00,575.49,551.40405,-24.085938,24.085938
2026-10-21 15:00:00,563.72003,588.12976,24.409729,24.409729
2026-10-21 16:00:00,608.15,645.3182,37.16815,37.16815
2026-10-21 17:00:00,668.27,716.71027,48.440247,48.440247
2026-10-21 18:00:00,745.43,777.4078,31.977783,31.977783
2026-10-21 19:00:00,737.1,798.73175,61.631775,61.631775
2026-10-21 20:00:00,732.31,785.5062,53.196228,53.196228
2026-10-21 21:00:00,745.32,752.6286,7.3085938,7.3085938
2026-10-21 22:00:00,669.24,713.2077,43.967712,43.967712
2026-10-21 23:00:00,625.76,672.8803,47.1203,47.1203
2026-10-22 00:00:00,660.37,633.938,-26.432007,26.432007
2026-10-22 01:00:00,624.35004,627.83466,3.4846191,3.4846191
2026-10-22 02:00:00,651.84,625.6726,-26.16742,26.16742
2026-10-22 03:00:00,657.08,630.8935,-26.186523,26.186523
2026-10-22 04:00:00,649.29004,645.47345,-3.8165894,3.8165894
2026-10-22 05:00:00,670.13,663.3305,-6.7994995,6.7994995
2026-10-22 06:00:00,672.82,686.11084,13.2908325,13.2908325
2026-10-22 07:00:00,685.83,699.66595,13.8359375,13.8359375
2026-10-22 08:00:00,707.79004,693.4173,-14.372742,14.372742
2026-10-22 09:00:00,646.29,655.87427,9.58429,9.58429
2026-10-22 10:00:00,578.69,596.7095,18.01947,18.01947
2026-10-22 11:00:00,510.58002,549.68976,39.10974,39.10974
2026-10-22 12:00:00,540.61,526.3307,-14.279297,14.279297
2026-10-22 13:00:00,497.43,527.78394,30.353943,30.353943
2026-10-22 14:00:00,583.13,546.7011,-36.428894,36.428894
2026-10-22 15:00:00,594.54004,585.36926,-9.170776,9.170776
2026-10-22 16:00:00,628.78,644.73627,15.956238,15.956238
2026-10-22 17:00:00,705.85,717.4129,11.562927,11.562927
2026-10-22 18:00:00,736.64,778.423,41.78296,41.78296
2026-10-22 19:00:00,753.6,799.67065,46.07068,46.07068
2026-10-22 20:00:00,713.65,787.1769,73.526855,73.526855
2026-10-22 21:00:00,720.61,755.9593,35.349304,35.349304
2026-10-22 22:00:00,668.63,719.13403,50.50403,50.50403
2026-10-22 23:00:00,654.27,680.7078,26.437805,26.437805
2026-10-23 00:00:00,599.94,624.95184,25.01184,25.01184
2026-10-23 01:00:00,598.36,625.3154,26.955444,26.955444
2026-10-23 02:00:00,611.84,622.876,11.03595,11.03595
2026-10-23 03:00:00,626.8,628.259,1.4589844,1.4589844
2026-10-23 04:00:00,663.74,643.7696,-19.970398,19.970398
2026-10-23 05:00:00,590.47003,670.14294,79.67291,79.67291
2026-10-23 06:00:00,731.98,695.8688,-36.111206,36.111206
2026-10-23 07:00:00,690.41003,710.28326,19.87323,19.87323
2026-10-23 08:00:00,687.34,698.4172,11.077148,11.077148
2026-10-23 09:00:00,646.12,656.63226,10.512268,10.512268
2026-10-23 10:00:00,585.5,593.921,8.4210205,8.4210205
2026-10-23 11:00:00,566.45,548.58484,-17.865173,17.865173
2026-10-23 12:00:00,545.2,527.2309,-17.969116,17.969116
2026-10-23 13:00:00,537.65,528.33325,-9.316772,9.316772
2026-10-23 14:00:00,506.39,548.18536,41.79535,41.79535
2026-10-23 15:00:00,551.38,582.40857,31.028564,31.028564
2026-10-23 16:00:00,643.36,638.8438,-4.5161743,4.5161743
2026-10-23 17:00:00,699.93,710.1296,10.199585,10.199585
2026-10-23 18:00:00,723.58,773.10364,49.52362,49.52362
2026-10-23 19:00:00,738.67,798.34125,59.671265,59.671265
2026-10-23 20:00:00,712.28,788.7761,76.49609,76.49609
2026-10-23 21:00:00,720.9,754.1801,33.28009,33.28009
2026-10-23 22:00:00,674.32,706.7457,32.42572,32.42572
2026-10-23 23:00:00,639.58,605.2649,-34.315125,34.315125
2026-10-24 00:00:00,501.23,489.53238,-11.697632,11.697632
2026-10-24 01:00:00,526.64,490.318,-36.32202,36.32202
2026-10-24 02:00:00,511.87003,513.5905,1.7204895,1.7204895
2026-10-24 03:00:00,529.06,528.4226,-0.63739014,0.63739014
2026-10-24 04:00:00,527.82,539.7257,11.905701,11.905701
2026-10-24 05:00:00,558.27,554.3873,-3.8826904,3.8826904
2026-10-24 06:00:00,587.2,576.80194,-10.398071,10.398071
2026-10-24 07:00:00,591.8,590.23785,-1.5621338,1.5621338
2026-10-24 08:00:00,569.68,584.0346,14.354614,14.354614
2026-10-24 09:00:00,467.42,551.777,84.356964,84.356964
2026-10-24 10:00:00,485.81,492.16772,6.357727,6.357727
2026-10-24 11:00:00,453.25,454.29242,1.0424194,1.0424194
2026-10-24 12:00:00,441.74002,442.61505,0.8750305,0.8750305
2026-10-24 13:00:00,399.29004,438.76413,39.47409,39.47409
2026-10-24 14:00:00,414.0,454.86923,40.869232,40.869232
2026-10-24 15:00:00,441.23,488.32965,47.09964,47.09964
2026-10-24 16:00:00,555.7,538.8007,-16.899292,16.899292
2026-10-24 17:00:00,579.37,605.4173,26.047302,26.047302
2026-10-24 18:00:00,636.5,661.2044,24.704407,24.704407
2026-10-24 19:00:00,589.51,694.9362,105.42621,105.42621
2026-10-24 20:00:00,620.31,683.53827,63.22827,63.22827
2026-10-24 21:00:00,606.78,645.8032,39.023193,39.023193
2026-10-24 22:00:00,579.66003,595.3905,15.730469,15.730469
2026-10-24 23:00:00,525.72003,550.4331,24.713074,24.713074
2026-10-25 00:00:00,494.71002,536.5664,41.856384,41.856384
2026-10-25 01:00:00,496.88,530.9463,34.066284,34.066284
2026-10-25 02:00:00,530.1,527.45184,-2.6481323,2.6481323
2026-10-25 03:00:00,480.24002,531.32794,51.08792,51.08792
2026-10-25 04:00:00,528.38,537.233,8.852966,8.852966
2026-10-25 05:00:00,483.90002,550.75305,66.85303,66.85303
2026-10-25 06:00:00,595.60004,565.98206,-29.617981,29.617981
2026-10-25 07:00:00,577.45,579.1161,1.6660767,1.6660767
2026-10-25 08:00:00,599.79004,572.3493,-27.440735,27.440735
2026-10-25 09:00:00,527.0,544.58215,17.582153,17.582153
2026-10-25 10:00:00,478.42,492.855,14.434998,14.434998
2026-10-25 11:00:00,444.94,450.39685,5.456848,5.456848
2026-10-25 12:00:00,419.0,437.2768,18.276794,18.276794
2026-10-25 13:00:00,386.39,434.04678,47.65677,47.65677
2026-10-25 14:00:00,423.82,451.09863,27.278625,27.278625
2026-10-25 15:00:00,418.26,485.06995,66.80994,66.80994
2026-10-25 16:00:00,528.85,533.6636,4.8135986,4.8135986
2026-10-25 17:00:00,564.01,595.16296,31.152954,31.152954
2026-10-25 18:00:00,639.14,652.5088,13.368774,13.368774
2026-10-25 19:00:00,673.60004,683.84296,10.24292,10.24292
2026-10-25 20:00:00,580.38,683.24475,102.864746,102.864746
2026-10-25 21:00:00,598.18,646.0926,47.912598,47.912598
2026-10-25 22:00:00,550.62,593.7697,43.14972,43.14972
2026-10-25 23:00:00,547.45,548.50665,1.0566406,1.0566406
2026-10-26 00:00:00,609.33,627.37555,18.045532,18.045532
2026-10-26 01:00:00,624.38,644.69055,20.310547,20.310547
2026-10-26 02:00:00,599.15,632.6097,33.459656,33.459656
2026-10-26 03:00:00,612.65,629.3373,16.687256,16.687256
2026-10-26 04:00:00,631.7,638.6876,6.98761,6.98761
2026-10-26 05:00:00,620.3,659.8224,39.5224,39.5224
2026-10-26 06:00:00,651.89,682.05005,30.160034,30.160034
2026-10-26 07:00:00,692.89,696.6198,3.7297974,3.7297974
2026-10-26 08:00:00,674.72003,695.4936,20.77356,20.77356
2026-10-26 09:00:00,663.92,664.8595,0.93951416,0.93951416
2026-10-26 10:00:00,601.0,603.1375,2.1375122,2.1375122
2026-10-26 11:00:00,546.72003,552.6555,5.935486,5.935486
2026-10-26 12:00:00,538.38,529.1703,-9.209717,9.209717
2026-10-26 13:00:00,529.18,530.521,1.3410034,1.3410034
2026-10-26 14:00:00,518.73,549.68384,30.953857,30.953857
2026-10-26 15:00:00,594.54004,582.521,-12.019043,12.019043
2026-10-26 16:00:00,621.51,636.9589,15.448914,15.448914
2026-10-26 17:00:00,639.35004,701.93567,62.585632,62.585632
2026-10-26 18:00:00,707.76,758.0221,50.262085,50.262085
2026-10-26 19:00:00,783.71,779.5162,-4.1938477,4.1938477
2026-10-26 20:00:00,742.5,769.3401,26.840088,26.840088
2026-10-26 21:00:00,728.99,737.96906,8.979065,8.979065
2026-10-26 22:00:00,640.23,701.2007,60.970703,60.970703
2026-10-26 23:00:00,660.5,663.5941,3.0941162,3.0941162
2026-10-27 00:00:00,604.88,634.45966,29.57965,29.57965
2026-10-27 01:00:00,593.06,630.7308,37.670776,37.670776
2026-10-27 02:00:00,626.53,631.38556,4.85553,4.85553
2026-10-27 03:00:00,605.45,636.4018,30.951782,30.951782
2026-10-27 04:00:00,623.26,646.1806,22.920593,22.920593
2026-10-27 05:00:00,638.34,663.6799,25.339844,25.339844
2026-10-27 06:00:00,623.37,684.1137,60.743713,60.743713
2026-10-27 07:00:00,643.88,697.7797,53.89972,53.89972
2026-10-27 08:00:00,695.46,690.5542,-4.9058228,4.9058228
2026-10-27 09:00:00,616.53,652.72845,36.198425,36.198425
2026-10-27 10:00:00,621.13,592.6854,-28.44458,28.44458
2026-10-27 11:00:00,560.48,548.0991,-12.380859,12.380859
2026-10-27 12:00:00,503.43,526.92834,23.498352,23.498352
2026-10-27 13:00:00,531.88,528.0979,-3.7821045,3.7821045
2026-10-27 14:00:00,550.45,547.2456,-3.2044067,3.2044067
2026-10-27 15:00:00,593.94,582.303,-11.637024,11.637024
2026-10-27 16:00:00,630.66003,641.18317,10.523132,10.523132
2026-10-27 17:00:00,665.4,711.3386,45.9386,45.9386
2026-10-27 18:00:00,731.71,768.0559,36.345886,36.345886
2026-10-27 19:00:00,751.92,790.75574,38.835754,38.835754
2026-10-27 20:00:00,705.88,780.67163,74.791626,74.791626
2026-10-27 21:00:00,716.26,744.68933,28.429321,28.429321
2026-10-27 22:00:00,661.02,706.2463,45.226257,45.226257
2026-10-27 23:00:00,654.71,670.2639,15.553894,15.553894
2026-10-28 00:00:00,611.27,641.1699,29.899902,29.899902
2026-10-28 01:00:00,577.47003,632.1307,54.660645,54.660645
2026-10-28 02:00:00,630.01,627.37714,-2.6328735,2.6328735
2026-10-28 03:00:00,671.41003,631.40466,-40.00537,40.00537
2026-10-28 04:00:00,613.75,648.3197,34.569702,34.569702
2026-10-28 05:00:00,650.0,669.99304,19.993042,19.993042
2026-10-28 06:00:00,673.38,692.3626,18.982605,18.982605
2026-10-28 07:00:00,701.01,708.1565,7.1464844,7.1464844
2026-10-28 08:00:00,678.75,698.5294,19.779419,19.779419
2026-10-28 09:00:00,616.63,649.8776,33.24762,33.24762
2026-10-28 10:00:00,591.84,588.49,-3.3500366,3.3500366
2026-10-28 11:00:00,528.69,547.41394,18.723938,18.723938
2026-10-28 12:00:00,551.54004,526.2558,-25.28424,25.28424
2026-10-28 13:00:00,539.81,527.74945,-12.060547,12.060547
2026-10-28 14:00:00,544.98,546.52234,1.5423584,1.5423584
2026-10-28 15:00:00,576.98,583.037,6.057007,6.057007
2026-10-28 16:00:00,626.72003,641.69946,14.979431,14.979431
2026-10-28 17:00:00,701.89,709.0124,7.1223755,7.1223755
2026-10-28 18:00:00,758.67,771.4307,12.760742,12.760742
2026-10-28 19:00:00,742.84,795.2135,52.373474,52.373474
2026-10-28 20:00:00,714.12,784.8716,70.75159,70.75159
2026-10-28 21:00:00,674.4,749.23047,74.830444,74.830444
2026-10-28 22:00:00,684.77,707.6942,22.924194,22.924194
2026-10-28 23:00:00,617.45,668.3802,50.930176,50.930176
2026-10-29 00:00:00,609.86,631.41534,21.555359,21.555359
2026-10-29 01:00:00,608.07,623.9193,15.849304,15.849304
2026-10-29 02:00:00,662.55,620.8363,-41.713684,41.713684
2026-10-29 03:00:00,651.07,626.9061,-24.16388,24.16388
2026-10-29 04:00:00,671.89,640.6802,-31.209839,31.209839
2026-10-29 05:00:00,639.15,661.20087,22.050842,22.050842
2026-10-29 06:00:00,711.39,686.10364,-25.286377,25.286377
2026-10-29 07:00:00,673.0,701.331,28.330994,28.330994
2026-10-29 08:00:00,674.38,691.42706,17.047058,17.047058
2026-10-29 09:00:00,608.82,652.4886,43.66858,43.66858
2026-10-29 10:00:00,603.3,595.37415,-7.9258423,7.9258423
2026-10-29 11:00:00,567.39,551.9634,-15.426636,15.426636
2026-10-29 12:00:00,511.40002,531.0141,19.614075,19.614075
2026-10-29 13:00:00,524.3,534.76575,10.465759,10.465759
2026-10-29 14:00:00,581.05,556.68567,-24.364319,24.364319
2026-10-29 15:00:00,563.92004,594.871,30.950928,30.950928
2026-10-29 16:00:00,615.88,650.76654,34.886536,34.886536
2026-10-29 17:00:00,685.66003,714.97577,29.315735,29.315735
2026-10-29 18:00:00,756.24,771.24615,15.006165,15.006165
2026-10-29 19:00:00,724.31,791.2549,66.944885,66.944885
2026-10-29 20:00:00,689.84,776.65936,86.819336,86.819336
2026-10-29 21:00:00,707.81,745.5676,37.75763,37.75763
2026-10-29 22:00:00,687.39,706.9465,19.556458,19.556458
2026-10-29 23:00:00,668.15,666.9557,-1.1943359,1.1943359
2026-10-30 00:00:00,626.88,610.02655,-16.853455,16.853455
2026-10-30 01:00:00,596.65,612.74664,16.096619,16.096619
2026-10-30 02:00:00,636.7,614.3479,-22.352112,22.352112
2026-10-30 03:00:00,642.77,621.52484,-21.245178,21.245178
2026-10-30 04:00:00,619.09,634.54456,15.454529,15.454529
2026-10-30 05:00:00,666.98,657.71814,-9.261841,9.261841
2026-10-30 06:00:00,637.99,685.0133,47.023315,47.023315
2026-10-30 07:00:00,720.23,697.2943,-22.935669,22.935669
2026-10-30 08:00:00,657.71,693.24036,35.530334,35.530334
2026-10-30 09:00:00,586.26,654.88245,68.62244,68.62244
2026-10-30 10:00:00,573.38,590.5344,17.154419,17.154419
2026-10-30 11:00:00,566.01,544.9744,-21.035583,21.035583
2026-10-30 12:00:00,561.84,525.1885,-36.65155,36.65155
2026-10-30 13:00:00,548.23,528.6709,-19.559082,19.559082
2026-10-30 14:00:00,506.46002,549.4855,43.02545,43.02545
2026-10-30 15:00:00,551.91003,584.7623,32.852295,32.852295
2026-10-30 16:00:00,601.72003,641.1821,39.462097,39.462097
2026-10-30 17:00:00,678.8,708.23975,29.439758,29.439758
2026-10-30 18:00:00,705.89,767.5724,61.682373,61.682373
2026-10-30 19:00:00,740.51,792.1715,51.6615,51.6615
2026-10-30 20:00:00,750.29004,783.84845,33.55841,33.55841
2026-10-30 21:00:00,701.1,753.7328,52.632812,52.632812
2026-10-30 22:00:00,697.6,712.8743,15.274353,15.274353
2026-10-30 23:00:00,639.35004,653.9158,14.565735,14.565735
2026-10-31 00:00:00,537.19,510.66797,-26.522034,26.522034
2026-10-31 01:00:00,532.79004,508.18286,-24.607178,24.607178
2026-10-31 02:00:00,522.47003,526.7395,4.26947,4.26947
2026-10-31 03:00:00,518.60004,534.3705,15.770447,15.770447
2026-10-31 04:00:00,555.3,541.2068,-14.093201,14.093201
2026-10-31 05:00:00,563.14,555.91296,-7.227051,7.227051
2026-10-31 06:00:00,563.67004,578.3755,14.705444,14.705444
2026-10-31 07:00:00,552.01,588.5433,36.533264,36.533264
2026-10-31 08:00:00,564.03,576.3009,12.270874,12.270874
2026-10-31 09:00:00,485.87003,545.4433,59.573273,59.573273
2026-10-31 10:00:00,480.36002,488.39722,8.037201,8.037201
2026-10-31 11:00:00,434.28003,451.89572,17.615692,17.615692
2026-10-31 12:00:00,404.34003,442.2527,37.91266,37.91266
2026-10-31 13:00:00,428.69003,439.85004,11.160004,11.160004
2026-10-31 14:00:00,438.26,456.26666,18.006653,18.006653
2026-10-31 15:00:00,476.62,490.57886,13.958862,13.958862
2026-10-31 16:00:00,516.1,540.31335,24.213379,24.213379
2026-10-31 17:00:00,585.45,600.33905,14.889038,14.889038
2026-10-31 18:00:00,638.05,656.87146,18.821472,18.821472
2026-10-31 19:00:00,626.15,683.5922,57.4422,57.4422
2026-10-31 20:00:00,618.29004,676.73846,58.448425,58.448425
2026-10-31 21:00:00,590.83,641.98285,51.152832,51.152832
2026-10-31 22:00:00,596.98,590.4371,-6.5429077,6.5429077
2026-10-31 23:00:00,551.06,546.3993,-4.6607056,4.6607056
2026-11-01 00:00:00,495.7,543.9664,48.266357,48.266357
2026-11-01 01:00:00,475.26,533.28296,58.02295,58.02295
2026-11-01 02:00:00,542.31,524.4933,-17.816711,17.816711
2026-11-01 03:00:00,523.36,527.79285,4.4328613,4.4328613
2026-11-01 04:00:00,561.22003,535.3459,-25.874146,25.874146
2026-11-01 05:00:00,571.59,546.0311,-25.558899,25.558899
2026-11-01 06:00:00,559.13,563.1738,4.0438232,4.0438232
2026-11-01 07:00:00,566.94,575.9663,9.026306,9.026306
2026-11-01 08:00:00,583.48,567.6558,-15.824158,15.824158
2026-11-01 09:00:00,514.4,543.12787,28.727844,28.727844
2026-11-01 10:00:00,483.31,493.77386,10.463867,10.463867
2026-11-01 11:00:00,460.69,453.58984,-7.1001587,7.1001587
2026-11-01 12:00:00,410.34003,440.93536,30.595337,30.595337
2026-11-01 13:00:00,464.44,437.88904,-26.550964,26.550964
2026-11-01 14:00:00,443.92004,457.20425,13.28421,13.28421
2026-11-01 15:00:00,432.72003,491.7451,59.025055,59.025055
2026-11-01 16:00:00,520.57,537.5373,16.967285,16.967285
2026-11-01 17:00:00,588.81,593.88837,5.078369,5.078369
2026-11-01 18:00:00,641.9,651.5342,9.634155,9.634155
2026-11-01 19:00:00,612.5,683.02924,70.529236,70.529236
2026-11-01 20:00:00,629.76,675.6561,45.89612,45.89612
2026-11-01 21:00:00,593.66003,638.89075,45.230713,45.230713
2026-11-01 22:00:00,553.47003,583.4676,29.997559,29.997559
2026-11-01 23:00:00,541.63,541.48096,-0.14904785,0.14904785
2026-11-02 00:00:00,632.5,608.91943,-23.580566,23.580566
2026-11-02 01:00:00,652.65,634.1568,-18.493225,18.493225
2026-11-02 02:00:00,628.22003,626.4711,-1.7489014,1.7489014
2026-11-02 03:00:00,632.88,626.1848,-6.6951904,6.6951904
2026-11-02 04:00:00,640.87,636.7676,-4.102417,4.102417
2026-11-02 05:00:00,689.84,652.87,-36.97003,36.97003
2026-11-02 06:00:00,648.25,676.4757,28.225708,28.225708
2026-11-02 07:00:00,712.22003,689.57336,-22.646667,22.646667
2026-11-02 08:00:00,676.84,692.8688,16.028748,16.028748
2026-11-02 09:00:00,639.2,667.27936,28.079346,28.079346
2026-11-02 10:00:00,602.51,603.63574,1.1257324,1.1257324
2026-11-02 11:00:00,582.31,549.32666,-32.983337,32.983337
2026-11-02 12:00:00,540.9,528.09863,-12.801392,12.801392
2026-11-02 13:00:00,545.76,529.9392,-15.820801,15.820801
2026-11-02 14:00:00,538.54004,549.153,10.612976,10.612976
2026-11-02 15:00:00,593.53,581.67694,-11.853088,11.853088
2026-11-02 16:00:00,617.63,632.4327,14.802673,14.802673
2026-11-02 17:00:00,632.35004,696.80035,64.45032,64.45032
2026-11-02 18:00:00,730.0,752.547,22.546997,22.546997
2026-11-02 19:00:00,799.44,778.2016,-21.238403,21.238403
2026-11-02 20:00:00,767.45,790.1474,22.697388,22.697388
2026-11-02 21:00:00,723.71,766.2644,42.554382,42.554382
2026-11-02 22:00:00,658.66003,724.80585,66.14581,66.14581
2026-11-02 23:00:00,667.88,681.91205,14.032043,14.032043
2026-11-03 00:00:00,619.93,644.01556,24.085571,24.085571
2026-11-03 01:00:00,581.34,635.2159,53.875854,53.875854
2026-11-03 02:00:00,617.06,628.7936,11.733582,11.733582
2026-11-03 03:00:00,594.94,631.5408,36.60077,36.60077
2026-11-03 04:00:00,626.47003,639.60034,13.13031,13.13031
2026-11-03 05:00:00,698.46,656.0454,-42.41461,42.41461
2026-11-03 06:00:00,651.43,680.03656,28.606567,28.606567
2026-11-03 07:00:00,693.35,702.0171,8.667114,8.667114
2026-11-03 08:00:00,639.19,701.58606,62.396057,62.396057
2026-11-03 09:00:00,614.59,670.25745,55.66742,55.66742
2026-11-03 10:00:00,575.39,606.50275,31.112732,31.112732
2026-11-03 11:00:00,518.79004,554.56396,35.773926,35.773926
2026-11-03 12:00:00,520.91003,529.4856,8.575562,8.575562
2026-11-03 13:00:00,519.67004,529.9538,10.283752,10.283752
2026-11-03 14:00:00,543.99,548.32086,4.3308716,4.3308716
2026-11-03 15:00:00,574.67,582.3345,7.6644897,7.6644897
2026-11-03 16:00:00,579.68,632.43994,52.75995,52.75995
2026-11-03 17:00:00,643.86,693.8104,49.95044,49.95044
2026-11-03 18:00:00,728.76,748.40106,19.641052,19.641052
2026-11-03 19:00:00,754.64,777.64636,23.006348,23.006348
2026-11-03 20:00:00,670.91003,772.7762,101.86615,101.86615
2026-11-03 21:00:00,715.24,743.39325,28.15326,28.15326
2026-11-03 22:00:00,637.57,700.2167,62.646667,62.646667
2026-11-03 23:00:00,650.33,661.0407,10.710693,10.710693
2026-11-04 00:00:00,614.15,627.27783,13.127808,13.127808
2026-11-04 01:00:00,637.92,620.0034,-17.916565,17.916565
2026-11-04 02:00:00,656.26,623.0018,-33.25824,33.25824
2026-11-04 03:00:00,628.53,629.84454,1.3145142,1.3145142
2026-11-04 04:00:00,638.49,640.38635,1.8963623,1.8963623
2026-11-04 05:00:00,603.37,659.6113,56.241333,56.241333
2026-11-04 06:00:00,664.65,678.3428,13.692749,13.692749
2026-11-04 07:00:00,665.56,693.5067,27.946716,27.946716
2026-11-04 08:00:00,663.43,688.46704,25.037048,25.037048
2026-11-04 09:00:00,646.13,653.0227,6.8927,6.8927
2026-11-04 10:00:00,589.92,593.63684,3.716858,3.716858
2026-11-04 11:00:00,540.91003,548.52655,7.616516,7.616516
2026-11-04 12:00:00,575.54004,525.4376,-50.102417,50.102417
2026-11-04 13:00:00,562.96,529.5216,-33.438416,33.438416
2026-11-04 14:00:00,546.36,551.23175,4.871765,4.871765
2026-11-04 15:00:00,554.63,587.65643,33.02643,33.02643
2026-11-04 16:00:00,601.46,639.7838,38.32379,38.32379
2026-11-04 17:00:00,699.76,703.01025,3.2502441,3.2502441
2026-11-04 18:00:00,732.23,760.95825,28.728271,28.728271
2026-11-04 19:00:00,771.55,782.5232,10.973206,10.973206
2026-11-04 20:00:00,705.86,771.73926,65.87927,65.87927
2026-11-04 21:00:00,705.93,738.0236,32.093628,32.093628
2026-11-04 22:00:00,646.71,696.7833,50.073303,50.073303
2026-11-04 23:00:00,648.48,657.183,8.703003,8.703003
2026-11-05 00:00:00,624.81,620.1045,-4.7055054,4.7055054
2026-11-05 01:00:00,625.24,619.1345,-6.1054688,6.1054688
2026-11-05 02:00:00,611.91003,619.09375,7.183716,7.183716
2026-11-05 03:00:00,597.04004,622.95795,25.917908,25.917908
2026-11-05 04:00:00,629.32,633.1354,3.8153687,3.8153687
2026-11-05 05:00:00,664.61,647.79767,-16.812317,16.812317
2026-11-05 06:00:00,618.99,672.7068,53.716797,53.716797
2026-11-05 07:00:00,703.88,687.74066,-16.139343,16.139343
2026-11-05 08:00:00,675.09,689.1995,14.109497,14.109497
2026-11-05 09:00:00,625.4,656.5042,31.104187,31.104187
2026-11-05 10:00:00,590.25,593.2709,3.020874,3.020874
2026-11-05 11:00:00,574.03,546.1202,-27.909851,27.909851
2026-11-05 12:00:00,555.48,523.7336,-31.746399,31.746399
2026-11-05 13:00:00,515.12,526.2561,11.136108,11.136108
2026-11-05 14:00:00,598.22003,545.92993,-52.2901,52.2901
2026-11-05 15:00:00,587.36,584.61676,-2.743225,2.743225
2026-11-05 16:00:00,621.31,642.1426,20.83258,20.83258
2026-11-05 17:00:00,660.38,706.4675,46.087524,46.087524
2026-11-05 18:00:00,720.84,765.2541,44.414062,44.414062
2026-11-05 19:00:00,704.53,788.7456,84.215576,84.215576
2026-11-05 20:00:00,762.4,779.04834,16.648315,16.648315
2026-11-05 21:00:00,699.86,748.1393,48.279297,48.279297
2026-11-05 22:00:00,657.38,706.1035,48.72351,48.72351
2026-11-05 23:00:00,654.60004,661.5962,6.996155,6.996155
2026-11-06 00:00:00,620.52,587.08624,-33.433777,33.433777
2026-11-06 01:00:00,582.46,599.6254,17.165405,17.165405
2026-11-06 02:00:00,622.76,606.9729,-15.787109,15.787109
2026-11-06 03:00:00,603.29004,617.14294,13.852905,13.852905
2026-11-06 04:00:00,628.23,633.3021,5.0721436,5.0721436
2026-11-06 05:00:00,683.29004,650.3151,-32.974915,32.974915
2026-11-06 06:00:00,679.73,679.88293,0.1529541,0.1529541
2026-11-06 07:00:00,698.02,695.6955,-2.324524,2.324524
2026-11-06 08:00:00,690.2,696.81366,6.6136475,6.6136475
2026-11-06 09:00:00,654.05,661.49194,7.4419556,7.4419556
2026-11-06 10:00:00,612.33,598.80475,-13.525269,13.525269
2026-11-06 11:00:00,579.21,548.8645,-30.34552,30.34552
2026-11-06 12:00:00,549.77,525.1391,-24.63092,24.63092
2026-11-06 13:00:00,553.94,529.2193,-24.720703,24.720703
2026-11-06 14:00:00,528.30005,552.1105,23.810425,23.810425
2026-11-06 15:00:00,557.06,586.3076,29.24762,29.24762
2026-11-06 16:00:00,625.26,637.9794,12.71936,12.71936
2026-11-06 17:00:00,685.57,701.8803,16.310303,16.310303
2026-11-06 18:00:00,711.54,761.1602,49.62024,49.62024
2026-11-06 19:00:00,737.03,786.97797,49.947937,49.947937
2026-11-06 20:00:00,719.74,780.43756,60.69757,60.69757
2026-11-06 21:00:00,726.4,749.3226,22.922546,22.922546
2026-11-06 22:00:00,658.76,705.0831,46.32312,46.32312
2026-11-06 23:00:00,626.82,623.49335,-3.3266602,3.3266602
2026-11-07 00:00:00,481.28003,492.9457,11.66568,11.66568
2026-11-07 01:00:00,477.27002,482.0326,4.7625732,4.7625732
2026-11-07 02:00:00,478.68,497.90793,19.227936,19.227936
2026-11-07 03:00:00,517.41003,512.945,-4.465027,4.465027
2026-11-07 04:00:00,493.98,524.5178,30.537811,30.537811
2026-11-07 05:00:00,503.97003,538.70624,34.736206,34.736206
2026-11-07 06:00:00,519.27,562.8901,43.620056,43.620056
2026-11-07 07:00:00,570.72003,578.50085,7.7808228,7.7808228
2026-11-07 08:00:00,494.84003,574.44366,79.60364,79.60364
2026-11-07 09:00:00,501.15002,544.4313,43.28125,43.28125
2026-11-07 10:00:00,506.23,494.04617,-12.183838,12.183838
2026-11-07 11:00:00,465.97003,453.91238,-12.057648,12.057648
2026-11-07 12:00:00,391.95,441.13104,49.18103,49.18103
2026-11-07 13:00:00,448.80002,434.8627,-13.937317,13.937317
2026-11-07 14:00:00,420.99,452.08157,31.091583,31.091583
2026-11-07 15:00:00,442.68002,485.7419,43.06189,43.06189
2026-11-07 16:00:00,518.4,535.79456,17.394531,17.394531
2026-11-07 17:00:00,561.47003,592.8472,31.377197,31.377197
2026-11-07 18:00:00,582.21,649.8686,67.65857,67.65857
2026-11-07 19:00:00,614.17,677.20544,63.03546,63.03546
2026-11-07 20:00:00,605.67,671.7829,66.112915,66.112915
2026-11-07 21:00:00,619.97003,635.0701,15.100098,15.100098
2026-11-07 22:00:00,538.48,584.3695,45.889526,45.889526
2026-11-07 23:00:00,520.01,543.4942,23.484192,23.484192
2026-11-08 00:00:00,489.79,537.7456,47.955597,47.955597
2026-11-08 01:00:00,490.47003,529.18854,38.718506,38.718506
2026-11-08 02:00:00,515.15,521.2128,6.062805,6.062805
2026-11-08 03:00:00,538.16003,520.80005,-17.359985,17.359985
2026-11-08 04:00:00,503.31,527.0753,23.76532,23.76532
2026-11-08 05:00:00,485.93002,536.64197,50.711945,50.711945
2026-11-08 06:00:00,559.89,547.6957,-12.194336,12.194336
2026-11-08 07:00:00,526.28,559.8021,33.522095,33.522095
2026-11-08 08:00:00,555.62,553.5175,-2.102478,2.102478
2026-11-08 09:00:00,517.26,534.73175,17.47174,17.47174
2026-11-08 10:00:00,461.04,494.6725,33.632477,33.632477
2026-11-08 11:00:00,464.03003,449.40594,-14.624084,14.624084
2026-11-08 12:00:00,427.82,438.29623,10.476227,10.476227
2026-11-08 13:00:00,386.36002,435.93738,49.577362,49.577362
2026-11-08 14:00:00,394.03003,451.05728,57.027252,57.027252
2026-11-08 15:00:00,470.94,483.643,12.703003,12.703003
2026-11-08 16:00:00,540.54004,534.19476,-6.345276,6.345276
2026-11-08 17:00:00,542.21,592.7057,50.495667,50.495667
2026-11-08 18:00:00,606.68,648.3842,41.704224,41.704224
2026-11-08 19:00:00,606.0,678.31116,72.31116,72.31116
2026-11-08 20:00:00,619.14,672.1122,52.972168,52.972168
2026-11-08 21:00:00,580.18,635.88446,55.704468,55.704468
2026-11-08 22:00:00,559.88,579.82355,19.943542,19.943542
2026-11-08 23:00:00,512.95,537.9146,24.9646,24.9646
2026-11-09 00:00:00,597.93,602.3573,4.427307,4.427307
2026-11-09 01:00:00,604.4,631.03613,26.636108,26.636108
2026-11-09 02:00:00,607.04004,620.35376,13.313721,13.313721
2026-11-09 03:00:00,625.66003,619.42096,-6.2390747,6.2390747
2026-11-09 04:00:00,640.68,631.0454,-9.6345825,9.6345825
2026-11-09 05:00:00,654.82,647.02875,-7.79126,7.79126
2026-11-09 06:00:00,648.42,668.9182,20.49823,20.49823
2026-11-09 07:00:00,701.86,682.201,-19.658997,19.658997
2026-11-09 08:00:00,675.31,687.92236,12.612366,12.612366
2026-11-09 09:00:00,666.15,665.12384,-1.0261841,1.0261841
2026-11-09 10:00:00,606.10004,605.09796,-1.0020752,1.0020752
2026-11-09 11:00:00,509.73,549.8922,40.1622,40.1622
2026-11-09 12:00:00,500.23,527.10834,26.878326,26.878326
2026-11-09 13:00:00,578.08,527.63605,-50.44397,50.44397
2026-11-09 14:00:00,566.42004,546.585,-19.835022,19.835022
2026-11-09 15:00:00,567.12,584.0497,16.929688,16.929688
2026-11-09 16:00:00,661.49,638.64294,-22.847046,22.847046
2026-11-09 17:00:00,630.15,702.7053,72.5553,72.5553
2026-11-09 18:00:00,704.34,755.7829,51.44287,51.44287
2026-11-09 19:00:00,742.48,775.7201,33.240112,33.240112
2026-11-09 20:00:00,721.15,766.585,45.434998,45.434998
2026-11-09 21:00:00,713.91003,732.54144,18.631409,18.631409
2026-11-09 22:00:00,696.8,691.19714,-5.602844,5.602844
2026-11-09 23:00:00,652.0,654.9145,2.9144897,2.9144897
2026-11-10 00:00:00,574.0,626.802,52.802002,52.802002
2026-11-10 01:00:00,652.68,616.93555,-35.744446,35.744446
2026-11-10 02:00:00,609.15,617.8608,8.710754,8.710754
2026-11-10 03:00:00,609.87,626.17676,16.306763,16.306763
2026-11-10 04:00:00,589.55,638.7788,49.22882,49.22882
2026-11-10 05:00:00,649.11,652.44684,3.336853,3.336853
2026-11-10 06:00:00,632.44,673.8573,41.417297,41.417297
2026-11-10 07:00:00,664.31,687.83777,23.527771,23.527771
2026-11-10 08:00:00,646.38,685.9312,39.55121,39.55121
2026-11-10 09:00:00,626.7,652.9272,26.227173,26.227173
2026-11-10 10:00:00,583.46,593.2687,9.808655,9.808655
2026-11-10 11:00:00,509.94,546.6715,36.731506,36.731506
2026-11-10 12:00:00,534.48,522.4235,-12.0564575,12.0564575
2026-11-10 13:00:00,539.67004,522.2783,-17.391724,17.391724
2026-11-10 14:00:00,536.23,540.48193,4.251953,4.251953
2026-11-10 15:00:00,630.61,578.56165,-52.04834,52.04834
2026-11-10 16:00:00,588.97003,635.691,46.720947,46.720947
2026-11-10 17:00:00,683.73,701.73663,18.006653,18.006653
2026-11-10 18:00:00,735.76,757.53174,21.771729,21.771729
2026-11-10 19:00:00,716.95,780.2676,63.317566,63.317566
2026-11-10 20:00:00,738.18,768.33203,30.152039,30.152039
2026-11-10 21:00:00,668.97003,737.3248,68.3548,68.3548
2026-11-10 22:00:00,649.38,695.764,46.383972,46.383972
2026-11-10 23:00:00,641.44,654.359,12.919006,12.919006
2026-11-11 00:00:00,597.65,618.7932,21.143188,21.143188
2026-11-11 01:00:00,607.81,612.3859,4.5759277,4.5759277
2026-11-11 02:00:00,573.07,609.50415,36.434143,36.434143
2026-11-11 03:00:00,651.79004,616.43726,-35.352783,35.352783
2026-11-11 04:00:00,636.47003,632.1462,-4.3238525,4.3238525
2026-11-11 05:00:00,650.03,654.87024,4.84021,4.84021
2026-11-11 06:00:00,661.47003,678.18536,16.715332,16.715332
2026-11-11 07:00:00,642.59,693.2491,50.659058,50.659058
2026-11-11 08:00:00,697.7,689.36523,-8.334778,8.334778
2026-11-11 09:00:00,645.57,656.53973,10.969727,10.969727
2026-11-11 10:00:00,559.81,595.3969,35.586914,35.586914
2026-11-11 11:00:00,530.64,547.39026,16.750244,16.750244
2026-11-11 12:00:00,545.53,524.4558,-21.074219,21.074219
2026-11-11 13:00:00,535.41003,527.068,-8.342041,8.342041
2026-11-11 14:00:00,548.85004,546.716,-2.1340332,2.1340332
2026-11-11 15:00:00,522.47003,583.0116,60.541565,60.541565
2026-11-11 16:00:00,615.17,635.29376,20.12378,20.12378
2026-11-11 17:00:00,652.06,698.58826,46.52826,46.52826
2026-11-11 18:00:00,690.64,754.1272,63.487183,63.487183
2026-11-11 19:00:00,725.28,778.2481,52.96808,52.96808
2026-11-11 20:00:00,708.82,766.8677,58.04767,58.04767
2026-11-11 21:00:00,644.5,733.7922,89.292175,89.292175
2026-11-11 22:00:00,657.91003,691.48425,33.57422,33.57422
2026-11-11 23:00:00,652.98,650.79614,-2.183838,2.183838
2026-11-12 00:00:00,625.51,617.4988,-8.01123,8.01123
2026-11-12 01:00:00,631.99,619.25,-12.73999,12.73999
2026-11-12 02:00:00,597.44,620.93304,23.493042,23.493042
2026-11-12 03:00:00,605.03,630.0178,24.987793,24.987793
2026-11-12 04:00:00,599.72003,638.5174,38.797363,38.797363
2026-11-12 05:00:00,597.96,655.49695,57.536926,57.536926
2026-11-12 06:00:00,679.16003,677.2084,-1.9516602,1.9516602
2026-11-12 07:00:00,671.9,694.9195,23.01947,23.01947
2026-11-12 08:00:00,665.55,691.8531,26.3031,26.3031
2026-11-12 09:00:00,669.83,653.4817,-16.348328,16.348328
2026-11-12 10:00:00,588.38,593.89185,5.511841,5.511841
2026-11-12 11:00:00,571.11,548.84937,-22.26062,22.26062
2026-11-12 12:00:00,518.07,527.7607,9.690674,9.690674
2026-11-12 13:00:00,564.55,528.9808,-35.569214,35.569214
2026-11-12 14:00:00,567.72003,551.45337,-16.266663,16.266663
2026-11-12 15:00:00,528.35004,587.26874,58.9187,58.9187
2026-11-12 16:00:00,595.06,642.031,46.97101,46.97101
2026-11-12 17:00:00,664.71,707.29535,42.585327,42.585327
2026-11-12 18:00:00,702.09,765.5536,63.463562,63.463562
2026-11-12 19:00:00,753.28,788.8113,35.53125,35.53125
2026-11-12 20:00:00,748.39,776.2145,27.824463,27.824463
2026-11-12 21:00:00,675.08,743.72003,68.640015,68.640015
2026-11-12 22:00:00,649.34,702.97815,53.638123,53.638123
2026-11-12 23:00:00,640.93,654.81757,13.887573,13.887573
2026-11-13 00:00:00,651.64,581.11273,-70.52728,70.52728
2026-11-13 01:00:00,631.98,590.9817,-40.99829,40.99829
2026-11-13 02:00:00,609.72003,600.6536,-9.066406,9.066406
2026-11-13 03:00:00,604.24,608.2281,3.9880981,3.9880981
2026-11-13 04:00:00,635.48,622.06024,-13.419739,13.419739
2026-11-13 05:00:00,649.86,640.9091,-8.950867,8.950867
2026-11-13 06:00:00,674.78,667.93835,-6.841675,6.841675
2026-11-13 07:00:00,651.8,688.0295,36.229492,36.229492
2026-11-13 08:00:00,668.33,690.4513,22.121277,22.121277
2026-11-13 09:00:00,643.0,662.2923,19.292297,19.292297
2026-11-13 10:00:00,582.52,601.4358,18.915771,18.915771
2026-11-13 11:00:00,576.24,548.54407,-27.695923,27.695923
2026-11-13 12:00:00,558.55,525.748,-32.802002,32.802002
2026-11-13 13:00:00,529.8,528.4923,-1.3076782,1.3076782
2026-11-13 14:00:00,553.12,547.2224,-5.897583,5.897583
2026-11-13 15:00:00,538.3,582.0035,43.70349,43.70349
2026-11-13 16:00:00,618.47003,635.619,17.148987,17.148987
2026-11-13 17:00:00,706.15,700.0188,-6.1312256,6.1312256
2026-11-13 18:00:00,744.48,756.7082,12.22821,12.22821
2026-11-13 19:00:00,685.84,784.62634,98.786316,98.786316
2026-11-13 20:00:00,711.66003,778.10706,66.44702,66.44702
2026-11-13 21:00:00,694.32,746.76984,52.44983,52.44983
2026-11-13 22:00:00,603.54004,703.6909,100.15088,100.15088
2026-11-13 23:00:00,639.46,621.34753,-18.112488,18.112488
2026-11-14 00:00:00,459.02002,493.3172,34.29718,34.29718
2026-11-14 01:00:00,489.04,485.98035,-3.0596619,3.0596619
2026-11-14 02:00:00,494.83002,496.8448,2.0147705,2.0147705
2026-11-14 03:00:00,489.95,512.0334,22.083374,22.083374
2026-11-14 04:00:00,510.77002,523.4844,12.714355,12.714355
2026-11-14 05:00:00,486.44,537.8497,51.409668,51.409668
2026-11-14 06:00:00,575.38,556.0009,-19.37909,19.37909
2026-11-14 07:00:00,565.24,569.16327,3.9232788,3.9232788
2026-11-14 08:00:00,570.9,565.66364,-5.236389,5.236389
2026-11-14 09:00:00,562.07,540.81335,-21.256653,21.256653
2026-11-14 10:00:00,522.06,495.60242,-26.45758,26.45758
2026-11-14 11:00:00,449.15002,453.16336,4.013336,4.013336
2026-11-14 12:00:00,440.73,440.0827,-0.64730835,0.64730835
2026-11-14 13:00:00,466.10004,436.8318,-29.26825,29.26825
2026-11-14 14:00:00,404.41003,454.50296,50.092926,50.092926
2026-11-14 15:00:00,455.11002,484.8185,29.708496,29.708496
2026-11-14 16:00:00,483.44,532.3132,48.87317,48.87317
2026-11-14 17:00:00,552.83,586.30505,33.475037,33.475037
2026-11-14 18:00:00,593.02,641.61505,48.59503,48.59503
2026-11-14 19:00:00,620.02,669.97876,49.95874,49.95874
2026-11-14 20:00:00,626.67,663.51056,36.840576,36.840576
2026-11-14 21:00:00,560.03,628.03546,68.00543,68.00543
2026-11-14 22:00:00,574.74,578.834,4.093994,4.093994
2026-11-14 23:00:00,525.08,534.75867,9.67865,9.67865
2026-11-15 00:00:00,492.86002,534.77985,41.91983,41.91983
2026-11-15 01:00:00,490.23004,522.8233,32.59326,32.59326
2026-11-15 02:00:00,499.97003,516.47656,16.50653,16.50653
2026-11-15 03:00:00,491.90002,519.3948,27.494751,27.494751
2026-11-15 04:00:00,489.32,523.36633,34.046326,34.046326
2026-11-15 05:00:00,525.86,532.0602,6.2001953,6.2001953
2026-11-15 06:00:00,554.43,547.52905,-6.90094,6.90094
2026-11-15 07:00:00,578.74,559.4844,-19.255615,19.255615
2026-11-15 08:00:00,596.21,554.2109,-41.999146,41.999146
2026-11-15 09:00:00,531.45,534.8695,3.4194946,3.4194946
2026-11-15 10:00:00,464.30002,495.36334,31.063324,31.063324
2026-11-15 11:00:00,443.89,448.87946,4.989441,4.989441
2026-11-15 12:00:00,478.55002,437.05072,-41.4993,41.4993
2026-11-15 13:00:00,473.86002,436.34784,-37.512177,37.512177
2026-11-15 14:00:00,454.19,455.9607,1.7706909,1.7706909
2026-11-15 15:00:00,502.2,491.97607,-10.223938,10.223938
2026-11-15 16:00:00,510.46002,539.3989,28.938904,28.938904
2026-11-15 17:00:00,574.23,590.52655,16.29657,16.29657
2026-11-15 18:00:00,615.99,640.6738,24.683838,24.683838
2026-11-15 19:00:00,642.36,670.9076,28.547607,28.547607
2026-11-15 20:00:00,634.2,663.61774,29.417725,29.417725
2026-11-15 21:00:00,553.11,626.076,72.966,72.966
2026-11-15 22:00:00,528.30005,570.2844,41.984375,41.984375
2026-11-15 23:00:00,523.76,543.2873,19.527283,19.527283
2026-11-16 00:00:00,604.99,598.8065,-6.1834717,6.1834717
2026-11-16 01:00:00,588.28,626.9107,38.630676,38.630676
2026-11-16 02:00:00,580.89,617.111,36.22101,36.22101
2026-11-16 03:00:00,605.67,612.8048,7.1348267,7.1348267
2026-11-16 04:00:00,610.53,625.68304,15.153015,15.153015
2026-11-16 05:00:00,654.39,642.4644,-11.925598,11.925598
2026-11-16 06:00:00,692.97003,671.51917,-21.450867,21.450867
2026-11-16 07:00:00,660.02,688.21533,28.195312,28.195312
2026-11-16 08:00:00,685.61,688.7308,3.1207886,3.1207886
2026-11-16 09:00:00,605.82,662.29865,56.478638,56.478638
2026-11-16 10:00:00,640.82,598.61633,-42.203674,42.203674
2026-11-16 11:00:00,549.57,545.16644,-4.4035645,4.4035645
2026-11-16 12:00:00,537.18,524.7665,-12.413513,12.413513
2026-11-16 13:00:00,534.58,527.8431,-6.7369385,6.7369385
2026-11-16 14:00:00,564.61,548.9218,-15.688171,15.688171
2026-11-16 15:00:00,581.23,584.9437,3.713745,3.713745
2026-11-16 16:00:00,588.76,638.3737,49.61371,49.61371
2026-11-16 17:00:00,660.2,699.056,38.856018,38.856018
2026-11-16 18:00:00,718.43,754.0416,35.611633,35.611633
2026-11-16 19:00:00,706.35,779.39124,73.04126,73.04126
2026-11-16 20:00:00,716.11,775.76794,59.65796,59.65796
2026-11-16 21:00:00,661.44,744.4328,82.9928,82.9928
2026-11-16 22:00:00,669.53,699.0672,29.53717,29.53717
2026-11-16 23:00:00,616.18,661.4011,45.22113,45.22113
2026-11-17 00:00:00,631.28,629.72565,-1.5543823,1.5543823
2026-11-17 01:00:00,601.68,623.5176,21.837585,21.837585
2026-11-17 02:00:00,594.9,621.7721,26.87207,26.87207
2026-11-17 03:00:00,597.58,623.53406,25.95404,25.95404
2026-11-17 04:00:00,660.84,632.3244,-28.515625,28.515625
2026-11-17 05:00:00,652.64,650.7233,-1.916687,1.916687
2026-11-17 06:00:00,665.89,672.34515,6.455139,6.455139
2026-11-17 07:00:00,717.88,688.38745,-29.492554,29.492554
2026-11-17 08:00:00,725.35,687.73944,-37.610535,37.610535
2026-11-17 09:00:00,636.25,659.13947,22.889465,22.889465
2026-11-17 10:00:00,600.22003,596.1904,-4.029602,4.029602
2026-11-17 11:00:00,537.72003,549.129,11.408997,11.408997
2026-11-17 12:00:00,561.81,527.5581,-34.251892,34.251892
2026-11-17 13:00:00,512.42004,530.75757,18.337524,18.337524
2026-11-17 14:00:00,560.86,548.4384,-12.42157,12.42157
2026-11-17 15:00:00,581.23,585.515,4.285034,4.285034
2026-11-17 16:00:00,628.33,638.4346,10.104553,10.104553
2026-11-17 17:00:00,649.09,699.731,50.64099,50.64099
2026-11-17 18:00:00,752.07,753.19366,1.1236572,1.1236572
2026-11-17 19:00:00,781.71,774.4668,-7.243225,7.243225
2026-11-17 20:00:00,736.81,766.68884,29.878845,29.878845
2026-11-17 21:00:00,711.87,736.43585,24.565857,24.565857
2026-11-17 22:00:00,621.51,696.3932,74.88318,74.88318
2026-11-17 23:00:00,617.5,656.48236,38.98236,38.98236
2026-11-18 00:00:00,645.06,621.9502,-23.109802,23.109802
2026-11-18 01:00:00,640.89,616.8739,-24.016113,24.016113
2026-11-18 02:00:00,623.48,617.4044,-6.0755615,6.0755615
2026-11-18 03:00:00,607.57,623.90533,16.335327,16.335327
2026-11-18 04:00:00,623.04004,635.2514,12.211365,12.211365
2026-11-18 05:00:00,650.16003,652.852,2.6919556,2.6919556
2026-11-18 06:00:00,685.76,677.5377,-8.22229,8.22229
2026-11-18 07:00:00,685.44,697.26025,11.820251,11.820251
2026-11-18 08:00:00,640.89,697.5533,56.66327,56.66327
2026-11-18 09:00:00,647.10004,662.0565,14.956482,14.956482
2026-11-18 10:00:00,575.9,598.06525,22.165222,22.165222
2026-11-18 11:00:00,583.17,550.1088,-33.061157,33.061157
2026-11-18 12:00:00,553.52,527.70514,-25.81488,25.81488
2026-11-18 13:00:00,546.86,527.8522,-19.007812,19.007812
2026-11-18 14:00:00,544.89,545.63696,0.74694824,0.74694824
2026-11-18 15:00:00,582.57,579.57556,-2.9944458,2.9944458
2026-11-18 16:00:00,578.67004,634.39996,55.72992,55.72992
2026-11-18 17:00:00,648.62,698.5151,49.89508,49.89508
2026-11-18 18:00:00,706.54004,753.82825,47.288208,47.288208
2026-11-18 19:00:00,724.23,776.16,51.929993,51.929993
2026-11-18 20:00:00,724.78,768.45416,43.674133,43.674133
2026-11-18 21:00:00,673.15,735.5313,62.381287,62.381287
2026-11-18 22:00:00,626.23,692.19885,65.96887,65.96887
2026-11-18 23:00:00,590.45,650.23114,59.781128,59.781128
2026-11-19 00:00:00,581.61,613.3211,31.71112,31.71112
2026-11-19 01:00:00,627.52,607.52905,-19.990967,19.990967
2026-11-19 02:00:00,607.60004,606.7863,-0.8137207,0.8137207
2026-11-19 03:00:00,631.4,616.7807,-14.619324,14.619324
2026-11-19 04:00:00,618.44,630.77246,12.3324585,12.3324585
2026-11-19 05:00:00,636.88,651.26196,14.381958,14.381958
2026-11-19 06:00:00,674.17,678.3861,4.2161255,4.2161255
2026-11-19 07:00:00,695.83,695.03564,-0.79437256,0.79437256
2026-11-19 08:00:00,694.02,692.03455,-1.9854736,1.9854736
2026-11-19 09:00:00,644.88,655.727,10.846985,10.846985
2026-11-19 10:00:00,579.88,593.48395,13.603943,13.603943
2026-11-19 11:00:00,524.57,545.8688,21.298767,21.298767
2026-11-19 12:00:00,543.13,522.3902,-20.739807,20.739807
2026-11-19 13:00:00,518.7,524.1434,5.4433594,5.4433594
2026-11-19 14:00:00,564.7,544.2,-20.5,20.5
2026-11-19 15:00:00,557.48,582.7145,25.234497,25.234497
2026-11-19 16:00:00,560.39,637.361,76.97101,76.97101
2026-11-19 17:00:00,651.64,699.55817,47.91815,47.91815
2026-11-19 18:00:00,735.22003,755.1245,19.90448,19.90448
2026-11-19 19:00:00,724.75,779.42615,54.676147,54.676147
2026-11-19 20:00:00,719.79004,772.488,52.697937,52.697937
2026-11-19 21:00:00,692.79,741.1076,48.317627,48.317627
2026-11-19 22:00:00,629.43,699.6001,70.170105,70.170105
2026-11-19 23:00:00,592.85004,652.6749,59.82489,59.82489
2026-11-20 00:00:00,609.03,579.68713,-29.342896,29.342896
2026-11-20 01:00:00,602.14,588.0777,-14.062317,14.062317
2026-11-20 02:00:00,624.25,599.7012,-24.548828,24.548828
2026-11-20 03:00:00,613.32,611.3026,-2.017395,2.017395
2026-11-20 04:00:00,561.82,624.44073,62.620728,62.620728
2026-11-20 05:00:00,659.09,640.05304,-19.036987,19.036987
2026-11-20 06:00:00,689.91003,669.3802,-20.529846,20.529846
2026-11-20 07:00:00,683.47003,687.9434,4.4733887,4.4733887
2026-11-20 08:00:00,654.49,689.4569,34.96692,34.96692
2026-11-20 09:00:00,626.53,661.2513,34.721252,34.721252
2026-11-20 10:00:00,584.75,600.2792,15.529175,15.529175
2026-11-20 11:00:00,575.34,550.4594,-24.880615,24.880615
2026-11-20 12:00:00,556.65,526.7877,-29.862305,29.862305
2026-11-20 13:00:00,543.65,527.9268,-15.723206,15.723206
2026-11-20 14:00:00,502.30002,547.16956,44.869537,44.869537
2026-11-20 15:00:00,531.62,578.54645,46.926453,46.926453
2026-11-20 16:00:00,653.75,631.2472,-22.502808,22.502808
2026-11-20 17:00:00,674.55,698.47723,23.927246,23.927246
2026-11-20 18:00:00,94.58008,756.2006,661.62054,661.62054
2026-11-20 19:00:00,772.03,760.1157,-11.914307,11.914307
2026-11-20 20:00:00,751.79004,753.1373,1.34729,1.34729
2026-11-20 21:00:00,693.54004,725.75696,32.21692,32.21692
2026-11-20 22:00:00,639.39,685.6407,46.25067,46.25067
2026-11-20 23:00:00,634.67,602.24786,-32.42212,32.42212
2026-11-21 00:00:00,485.94,485.3637,-0.57629395,0.57629395
2026-11-21 01:00:00,504.2,481.26923,-22.930786,22.930786
2026-11-21 02:00:00,504.34003,500.3372,-4.002838,4.002838
2026-11-21 03:00:00,541.93,516.7512,-25.178772,25.178772
2026-11-21 04:00:00,515.15,529.8674,14.717346,14.717346
2026-11-21 05:00:00,532.36,540.48615,8.12616,8.12616
2026-11-21 06:00:00,562.34,557.5359,-4.804138,4.804138
2026-11-21 07:00:00,580.65,569.93207,-10.717957,10.717957
2026-11-21 08:00:00,533.09,566.35596,33.26593,33.26593
2026-11-21 09:00:00,553.73,543.0154,-10.7146,10.7146
2026-11-21 10:00:00,499.86002,498.87347,-0.98654175,0.98654175
2026-11-21 11:00:00,424.74,453.58755,28.847565,28.847565
2026-11-21 12:00:00,382.21002,442.00784,59.79782,59.79782
2026-11-21 13:00:00,390.06,437.96796,47.90796,47.90796
2026-11-21 14:00:00,459.48,455.22275,-4.257263,4.257263
2026-11-21 15:00:00,468.91003,486.5147,17.604675,17.604675
2026-11-21 16:00:00,514.67,532.23047,17.560486,17.560486
2026-11-21 17:00:00,570.38,587.94147,17.561462,17.561462
2026-11-21 18:00:00,624.49,642.0314,17.541382,17.541382
2026-11-21 19:00:00,591.68,674.3274,82.6474,82.6474
2026-11-21 20:00:00,582.03,669.2866,87.25659,87.25659
2026-11-21 21:00:00,580.95,632.4991,51.549072,51.549072
2026-11-21 22:00:00,512.8,580.4388,67.638794,67.638794
2026-11-21 23:00:00,492.81,533.4598,40.64978,40.64978
2026-11-22 00:00:00,527.80005,529.4812,1.6811523,1.6811523
2026-11-22 01:00:00,516.09,526.9523,10.862244,10.862244
2026-11-22 02:00:00,441.86002,522.49786,80.63785,80.63785
2026-11-22 03:00:00,481.7,519.9008,38.200806,38.200806
2026-11-22 04:00:00,504.02002,525.61115,21.591125,21.591125
2026-11-22 05:00:00,498.96002,536.37744,37.41742,37.41742
2026-11-22 06:00:00,571.19,551.84875,-19.341248,19.341248
2026-11-22 07:00:00,522.61,566.563,43.953003,43.953003
2026-11-22 08:00:00,556.32,562.2357,5.9157104,5.9157104
2026-11-22 09:00:00,535.61,539.87,4.26001,4.26001
2026-11-22 10:00:00,494.44,500.64972,6.209717,6.209717
2026-11-22 11:00:00,441.88,451.09766,9.217651,9.217651
2026-11-22 12:00:00,385.23,437.9826,52.752594,52.752594
2026-11-22 13:00:00,435.56,435.69077,0.13076782,0.13076782
2026-11-22 14:00:00,419.43002,453.15515,33.72513,33.72513
2026-11-22 15:00:00,449.44,487.13367,37.693665,37.693665
2026-11-22 16:00:00,468.42,532.86316,64.443146,64.443146
2026-11-22 17:00:00,560.68,582.34045,21.660461,21.660461
2026-11-22 18:00:00,616.04004,634.5707,18.53064,18.53064
2026-11-22 19:00:00,625.35004,664.53986,39.18982,39.18982
2026-11-22 20:00:00,559.79004,661.5848,101.79474,101.79474
2026-11-22 21:00:00,595.91003,623.0227,27.11267,27.11267
2026-11-22 22:00:00,549.52,570.12274,20.602722,20.602722
2026-11-22 23:00:00,530.83,532.3965,1.5664673,1.5664673
2026-11-23 00:00:00,599.56,595.1988,-4.361206,4.361206
2026-11-23 01:00:00,606.06,626.41345,20.353455,20.353455
2026-11-23 02:00:00,603.64,615.52875,11.888733,11.888733
2026-11-23 03:00:00,614.99,614.8259,-0.1640625,0.1640625
2026-11-23 04:00:00,591.66003,623.5495,31.889465,31.889465
2026-11-23 05:00:00,630.57,644.7712,14.201172,14.201172
2026-11-23 06:00:00,676.81,666.7113,-10.098694,10.098694
2026-11-23 07:00:00,670.1,683.3135,13.213501,13.213501
2026-11-23 08:00:00,686.11,685.75336,-0.35662842,0.35662842
2026-11-23 09:00:00,685.87,663.60474,-22.265259,22.265259
2026-11-23 10:00:00,595.02,603.09216,8.072144,8.072144
2026-11-23 11:00:00,556.42004,550.80896,-5.611084,5.611084
2026-11-23 12:00:00,597.35004,525.9429,-71.407166,71.407166
2026-11-23 13:00:00,556.14,527.7929,-28.347107,28.347107
2026-11-23 14:00:00,589.83,548.3156,-41.514404,41.514404
2026-11-23 15:00:00,578.38,586.15125,7.77124,7.77124
2026-11-23 16:00:00,596.78,639.9869,43.20685,43.20685
2026-11-23 17:00:00,692.1,699.35046,7.2504883,7.2504883
2026-11-23 18:00:00,703.48,752.48456,49.004578,49.004578
2026-11-23 19:00:00,784.25,774.7331,-9.516907,9.516907
2026-11-23 20:00:00,735.18,765.7373,30.557312,30.557312
2026-11-23 21:00:00,647.44,731.6658,84.22577,84.22577
2026-11-23 22:00:00,653.64,689.84076,36.200745,36.200745
2026-11-23 23:00:00,640.05,651.8708,11.820801,11.820801
2026-11-24 00:00:00,590.12,621.65045,31.530457,31.530457
2026-11-24 01:00:00,620.8,613.79065,-7.0093384,7.0093384
2026-11-24 02:00:00,596.38,614.8503,18.470276,18.470276
2026-11-24 03:00:00,637.72003,621.49347,-16.226562,16.226562
2026-11-24 04:00:00,601.08,632.49896,31.418945,31.418945
2026-11-24 05:00:00,664.28,647.2389,-17.041138,17.041138
2026-11-24 06:00:00,667.03,671.1641,4.134094,4.134094
2026-11-24 07:00:00,656.86,691.2948,34.434814,34.434814
2026-11-24 08:00:00,641.39,687.92145,46.531433,46.531433
2026-11-24 09:00:00,625.09,650.93,25.839966,25.839966
2026-11-24 10:00:00,563.95,590.79175,26.841736,26.841736
2026-11-24 11:00:00,558.75,545.36554,-13.38446,13.38446
2026-11-24 12:00:00,502.28003,524.43066,22.150635,22.150635
2026-11-24 13:00:00,508.55002,526.39734,17.84732,17.84732
2026-11-24 14:00:00,546.36,546.5598,0.1998291,0.1998291
2026-11-24 15:00:00,588.58,585.3627,-3.2173462,3.2173462
2026-11-24 16:00:00,587.22003,642.64215,55.42212,55.42212
2026-11-24 17:00:00,661.17,707.1111,45.9411,45.9411
2026-11-24 18:00:00,706.41003,758.47284,52.062805,52.062805
2026-11-24 19:00:00,742.9,775.5731,32.673096,32.673096
2026-11-24 20:00:00,702.17,761.02466,58.854675,58.854675
2026-11-24 21:00:00,661.17,727.0905,65.92053,65.92053
2026-11-24 22:00:00,651.48,687.28503,35.805054,35.805054
2026-11-24 23:00:00,611.02,650.17163,39.15161,39.15161
2026-11-25 00:00:00,593.25,619.6614,26.411377,26.411377
2026-11-25 01:00:00,644.36,610.1095,-34.25049,34.25049
2026-11-25 02:00:00,583.41003,610.6818,27.27179,27.27179
2026-11-25 03:00:00,615.88,618.4447,2.5646973,2.5646973
2026-11-25 04:00:00,624.63,628.308,3.6779785,3.6779785
2026-11-25 05:00:00,630.7,647.1861,16.486084,16.486084
2026-11-25 06:00:00,684.56,669.6727,-14.887268,14.887268
2026-11-25 07:00:00,653.91003,687.8988,33.98877,33.98877
2026-11-25 08:00:00,653.63,687.19586,33.565857,33.565857
2026-11-25 09:00:00,630.24,653.8711,23.631104,23.631104
2026-11-25 10:00:00,626.14,593.70557,-32.43445,32.43445
2026-11-25 11:00:00,558.97003,547.05493,-11.9151,11.9151
2026-11-25 12:00:00,513.93,523.1928,9.262817,9.262817
2026-11-25 13:00:00,549.22003,523.46655,-25.753479,25.753479
2026-11-25 14:00:00,534.57,543.09406,8.524048,8.524048
2026-11-25 15:00:00,551.24,579.61145,28.37146,28.37146
2026-11-25 16:00:00,633.42,634.02814,0.6081543,0.6081543
2026-11-25 17:00:00,692.1,710.876,18.776001,18.776001
2026-11-25 18:00:00,698.14,767.5943,69.454285,69.454285
2026-11-25 19:00:00,743.11,788.4796,45.36963,45.36963
2026-11-25 20:00:00,684.62,776.93884,92.31885,92.31885
2026-11-25 21:00:00,698.19,741.7012,43.51117,43.51117
2026-11-25 22:00:00,662.9,699.3222,36.42218,36.42218
2026-11-25 23:00:00,624.02,660.17303,36.153015,36.153015
2026-11-26 00:00:00,599.60004,624.36926,24.769226,24.769226
2026-11-26 01:00:00,613.0,615.84204,2.842041,2.842041
2026-11-26 02:00:00,601.31,612.8164,11.506409,11.506409
2026-11-26 03:00:00,639.29004,616.6283,-22.661743,22.661743
2026-11-26 04:00:00,654.26,628.9887,-25.271301,25.271301
2026-11-26 05:00:00,645.28,647.7738,2.4937744,2.4937744
2026-11-26 06:00:00,682.51,672.2686,-10.241394,10.241394
2026-11-26 07:00:00,662.14,689.2687,27.128662,27.128662
2026-11-26 08:00:00,674.41003,687.61096,13.200928,13.200928
2026-11-26 09:00:00,656.26,656.24457,-0.0154418945,0.0154418945
2026-11-26 10:00:00,571.61,598.07916,26.469177,26.469177
2026-11-26 11:00:00,598.39,548.39734,-49.992676,49.992676
2026-11-26 12:00:00,601.98,523.921,-78.05896,78.05896
2026-11-26 13:00:00,537.47003,523.6744,-13.795654,13.795654
2026-11-26 14:00:00,582.60004,539.9199,-42.680115,42.680115
2026-11-26 15:00:00,552.0,576.21,24.210022,24.210022
2026-11-26 16:00:00,545.53,629.1373,83.6073,83.6073
2026-11-26 17:00:00,654.65,687.9345,33.284485,33.284485
2026-11-26 18:00:00,694.03,742.85187,48.82184,48.82184
2026-11-26 19:00:00,739.25,770.7334,31.483398,31.483398
2026-11-26 20:00:00,691.65,765.85547,74.205444,74.205444
2026-11-26 21:00:00,699.72003,732.31,32.589966,32.589966
2026-11-26 22:00:00,673.37,691.3566,17.986633,17.986633
2026-11-26 23:00:00,579.0,643.3277,64.3277,64.3277
2026-11-27 00:00:00,580.48,560.25964,-20.220337,20.220337
2026-11-27 01:00:00,577.8,579.24365,1.4436646,1.4436646
2026-11-27 02:00:00,552.62,598.5312,45.911194,45.911194
2026-11-27 03:00:00,630.59,606.5766,-24.013428,24.013428
2026-11-27 04:00:00,597.33,621.81683,24.486816,24.486816
2026-11-27 05:00:00,646.47003,642.6609,-3.809143,3.809143
2026-11-27 06:00:00,651.26,672.0877,20.827698,20.827698
2026-11-27 07:00:00,651.74,690.64,38.900024,38.900024
2026-11-27 08:00:00,664.74,688.73035,23.990356,23.990356
2026-11-27 09:00:00,624.4,654.9535,30.553467,30.553467
2026-11-27 10:00:00,591.8,593.399,1.598999,1.598999
2026-11-27 11:00:00,552.96,542.99585,-9.964172,9.964172
2026-11-27 12:00:00,566.02,519.4729,-46.54712,46.54712
2026-11-27 13:00:00,544.29004,521.91925,-22.370789,22.370789
2026-11-27 14:00:00,551.07,543.39185,-7.6781616,7.6781616
2026-11-27 15:00:00,552.24,582.75085,30.510864,30.510864
2026-11-27 16:00:00,608.03,638.95386,30.923828,30.923828
2026-11-27 17:00:00,675.14,702.2515,27.111511,27.111511
2026-11-27 18:00:00,708.92,760.3121,51.39209,51.39209
2026-11-27 19:00:00,755.1,782.54266,27.442688,27.442688
2026-11-27 20:00:00,720.06,770.27454,50.21454,50.21454
2026-11-27 21:00:00,683.42,736.2478,52.82782,52.82782
2026-11-27 22:00:00,626.13,689.49567,63.36566,63.36566
2026-11-27 23:00:00,601.33,596.168,-5.1619873,5.1619873
2026-11-28 00:00:00,473.65002,481.78458,8.134552,8.134552
2026-11-28 01:00:00,495.43,474.3287,-21.101288,21.101288
2026-11-28 02:00:00,507.2,494.0808,-13.119202,13.119202
2026-11-28 03:00:00,491.72003,509.75317,18.033142,18.033142
2026-11-28 04:00:00,492.22003,521.1716,28.951538,28.951538
2026-11-28 05:00:00,525.04004,534.0939,9.053833,9.053833
2026-11-28 06:00:00,583.73,554.0782,-29.651794,29.651794
2026-11-28 07:00:00,539.75,569.7869,30.036926,30.036926
2026-11-28 08:00:00,564.22003,565.3085,1.08844,1.08844
2026-11-28 09:00:00,523.35,541.69775,18.347778,18.347778
2026-11-28 10:00:00,452.31003,497.05087,44.740845,44.740845
2026-11-28 11:00:00,457.53003,452.6007,-4.9293213,4.9293213
2026-11-28 12:00:00,458.48004,440.06836,-18.411682,18.411682
2026-11-28 13:00:00,422.52002,437.51807,14.998047,14.998047
2026-11-28 14:00:00,446.34003,453.8341,7.4940796,7.4940796
2026-11-28 15:00:00,469.30002,487.51886,18.218842,18.218842
2026-11-28 16:00:00,515.54004,536.6672,21.127136,21.127136
2026-11-28 17:00:00,522.06,590.309,68.24902,68.24902
2026-11-28 18:00:00,617.35004,637.4915,20.14148,20.14148
2026-11-28 19:00:00,630.43,664.1686,33.738586,33.738586
2026-11-28 20:00:00,596.18,656.0696,59.889587,59.889587
2026-11-28 21:00:00,546.56,618.40436,71.84436,71.84436
2026-11-28 22:00:00,584.09,568.4541,-15.635925,15.635925
2026-11-28 23:00:00,536.91003,528.22736,-8.682678,8.682678
2026-11-29 00:00:00,513.18,544.59924,31.41925,31.41925
2026-11-29 01:00:00,523.13,533.1013,9.971313,9.971313
2026-11-29 02:00:00,531.13,528.2065,-2.923523,2.923523
2026-11-29 03:00:00,495.48,530.22546,34.745453,34.745453
2026-11-29 04:00:00,540.64,531.9852,-8.654785,8.654785
2026-11-29 05:00:00,512.79004,540.8626,28.07257,28.07257
2026-11-29 06:00:00,539.47003,553.5629,14.0928955,14.0928955
2026-11-29 07:00:00,565.49,566.5128,1.0228271,1.0228271
2026-11-29 08:00:00,523.29004,562.6489,39.358887,39.358887
2026-11-29 09:00:00,549.93,540.14685,-9.783142,9.783142
2026-11-29 10:00:00,473.63,497.74646,24.116455,24.116455
2026-11-29 11:00:00,444.14,450.75662,6.6166077,6.6166077
2026-11-29 12:00:00,437.24002,438.1875,0.94747925,0.94747925
2026-11-29 13:00:00,401.68,436.44342,34.763428,34.763428
2026-11-29 14:00:00,399.23,453.6466,54.416595,54.416595
2026-11-29 15:00:00,429.67,487.01355,57.343536,57.343536
2026-11-29 16:00:00,503.74,535.4887,31.748718,31.748718
2026-11-29 17:00:00,512.3,589.345,77.04498,77.04498
2026-11-29 18:00:00,585.95,643.6675,57.71747,57.71747
2026-11-29 19:00:00,594.76,673.80347,79.04346,79.04346
2026-11-29 20:00:00,600.89,664.7652,63.875183,63.875183
2026-11-29 21:00:00,567.42004,625.18506,57.765015,57.765015
2026-11-29 22:00:00,531.41003,572.24994,40.839905,40.839905
2026-11-29 23:00:00,502.45,539.5847,37.134705,37.134705
2026-11-30 00:00:00,624.63,578.93427,-45.69574,45.69574
2026-11-30 01:00:00,613.43,613.3705,-0.059509277,0.059509277
2026-11-30 02:00:00,626.54004,613.44214,-13.0979,13.0979
2026-11-30 03:00:00,610.92,617.1168,6.1968384,6.1968384
2026-11-30 04:00:00,633.98,629.0781,-4.9018555,4.9018555
2026-11-30 05:00:00,615.31,645.3482,30.038208,30.038208
2026-11-30 06:00:00,658.97003,668.9396,9.969543,9.969543
2026-11-30 07:00:00,709.19,684.6981,-24.491882,24.491882
2026-11-30 08:00:00,685.54,689.10846,3.5684814,3.5684814
2026-11-30 09:00:00,658.3,666.4988,8.1987915,8.1987915
2026-11-30 10:00:00,598.81,605.5619,6.751892,6.751892
2026-11-30 11:00:00,537.34,551.6717,14.331665,14.331665
2026-11-30 12:00:00,533.34,526.81757,-6.522461,6.522461
2026-11-30 13:00:00,499.32,526.6311,27.311096,27.311096
2026-11-30 14:00:00,555.31,541.2044,-14.105591,14.105591
2026-11-30 15:00:00,588.57,573.50494,-15.065063,15.065063
2026-11-30 16:00:00,607.63,622.6095,14.979492,14.979492
2026-11-30 17:00:00,627.82,683.1571,55.337097,55.337097
2026-11-30 18:00:00,660.92,736.6654,75.74542,75.74542
2026-11-30 19:00:00,751.68,758.8765,7.196533,7.196533
2026-11-30 20:00:00,722.37,752.9495,30.579529,30.579529
2026-11-30 21:00:00,670.16003,724.1377,53.97766,53.97766
2026-11-30 22:00:00,661.28,685.2018,23.921753,23.921753
2026-11-30 23:00:00,609.83,647.63776,37.80774,37.80774
2026-12-01 00:00:00,595.3,618.0732,22.773193,22.773193
2026-12-01 01:00:00,663.2,611.5791,-51.62091,51.62091
2026-12-01 02:00:00,599.3,616.21173,16.911743,16.911743
2026-12-01 03:00:00,550.23,620.41815,70.18817,70.18817
2026-12-01 04:00:00,610.49,628.0703,17.580322,17.580322
2026-12-01 05:00:00,603.36,641.54755,38.18756,38.18756
2026-12-01 06:00:00,639.04004,660.69476,21.654724,21.654724
2026-12-01 07:00:00,661.16003,680.7613,19.601257,19.601257
2026-12-01 08:00:00,642.83,681.1306,38.3006,38.3006
2026-12-01 09:00:00,670.02,650.5212,-19.49884,19.49884
2026-12-01 10:00:00,590.81,592.3408,1.5308228,1.5308228
2026-12-01 11:00:00,593.06,546.3422,-46.717773,46.717773
2026-12-01 12:00:00,505.09003,524.0402,18.950195,18.950195
2026-12-01 13:00:00,534.94,525.92004,-9.0199585,9.0199585
2026-12-01 14:00:00,551.12,547.2943,-3.8256836,3.8256836
2026-12-01 15:00:00,535.94,582.4289,46.48889,46.48889
2026-12-01 16:00:00,602.15,635.4023,33.25226,33.25226
2026-12-01 17:00:00,666.34,693.98804,27.64801,27.64801
2026-12-01 18:00:00,707.97,744.68774,36.717773,36.717773
2026-12-01 19:00:00,755.31,764.4232,9.11322,9.11322
2026-12-01 20:00:00,743.37,753.89667,10.526672,10.526672
2026-12-01 21:00:00,716.53,721.93616,5.406128,5.406128
2026-12-01 22:00:00,683.53,681.5567,-1.9733276,1.9733276
2026-12-01 23:00:00,616.34,643.16095,26.820923,26.820923
2026-12-02 00:00:00,612.08,613.2237,1.1436768,1.1436768
2026-12-02 01:00:00,603.78,603.38116,-0.39886475,0.39886475
2026-12-02 02:00:00,625.51,602.6808,-22.829224,22.829224
2026-12-02 03:00:00,649.37,610.57684,-38.79315,38.79315
2026-12-02 04:00:00,643.16003,623.5383,-19.621704,19.621704
2026-12-02 05:00:00,664.65,639.6076,-25.04242,25.04242
2026-12-02 06:00:00,645.92,666.01263,20.092651,20.092651
2026-12-02 07:00:00,683.42,683.41504,-0.0049438477,0.0049438477
2026-12-02 08:00:00,693.38,687.50824,-5.871765,5.871765
2026-12-02 09:00:00,630.12,660.44946,30.329468,30.329468
2026-12-02 10:00:00,554.19,599.1717,44.98169,44.98169
2026-12-02 11:00:00,606.49,547.78827,-58.70172,58.70172
2026-12-02 12:00:00,514.59,523.6566,9.066589,9.066589
2026-12-02 13:00:00,514.35004,523.2242,8.8741455,8.8741455
2026-12-02 14:00:00,508.62,542.254,33.634033,33.634033
2026-12-02 15:00:00,575.79004,574.846,-0.94403076,0.94403076
2026-12-02 16:00:00,600.09,623.6802,23.590149,23.590149
2026-12-02 17:00:00,686.9,683.31915,-3.5808716,3.5808716
2026-12-02 18:00:00,732.19,738.954,6.763977,6.763977
2026-12-02 19:00:00,725.07,769.94525,44.875244,44.875244
2026-12-02 20:00:00,702.75,764.70386,61.953857,61.953857
2026-12-02 21:00:00,733.49,734.0049,0.5148926,0.5148926
2026-12-02 22:00:00,652.24,691.6416,39.40161,39.40161
2026-12-02 23:00:00,661.29,650.29364,-10.996338,10.996338
2026-12-03 00:00:00,622.77,613.6703,-9.099731,9.099731
2026-12-03 01:00:00,628.24,604.2681,-23.971863,23.971863
2026-12-03 02:00:00,589.95,603.4147,13.464661,13.464661
2026-12-03 03:00:00,612.2,607.8749,-4.3251343,4.3251343
2026-12-03 04:00:00,644.68,618.7824,-25.897583,25.897583
2026-12-03 05:00:00,606.69,635.9101,29.220093,29.220093
2026-12-03 06:00:00,655.3,657.77875,2.4787598,2.4787598
2026-12-03 07:00:00,688.47003,675.9282,-12.541809,12.541809
2026-12-03 08:00:00,649.65,680.68317,31.033142,31.033142
2026-12-03 09:00:00,588.56,653.61554,65.05554,65.05554
2026-12-03 10:00:00,626.04004,594.77094,-31.269104,31.269104
2026-12-03 11:00:00,552.94,546.17535,-6.7646484,6.7646484
2026-12-03 12:00:00,565.49,522.1792,-43.31079,43.31079
2026-12-03 13:00:00,553.06,524.5859,-28.474121,28.474121
2026-12-03 14:00:00,553.10004,562.77673,9.676697,9.676697
2026-12-03 15:00:00,559.27,613.6002,54.3302,54.3302
2026-12-03 16:00:00,575.88,689.7905,113.91052,113.91052
2026-12-03 17:00:00,668.37,760.46,92.09003,92.09003
2026-12-03 18:00:00,728.63,801.6011,72.97107,72.97107
2026-12-03 19:00:00,725.02,796.17145,71.15143,71.15143
2026-12-03 20:00:00,727.7,767.09503,39.39502,39.39502
2026-12-03 21:00:00,692.83,728.5475,35.71747,35.71747
2026-12-03 22:00:00,644.53,677.96356,33.433533,33.433533
2026-12-03 23:00:00,624.92,591.4717,-33.448303,33.448303
2026-12-04 00:00:00,597.08,506.42746,-90.65256,90.65256
2026-12-04 01:00:00,610.78,530.93304,-79.846985,79.846985
2026-12-04 02:00:00,616.46,595.1951,-21.264893,21.264893
2026-12-04 03:00:00,542.34,604.2245,61.88446,61.88446
2026-12-04 04:00:00,604.23,615.0876,10.857605,10.857605
2026-12-04 05:00:00,673.91003,632.675,-41.235046,41.235046
2026-12-04 06:00:00,649.74,661.23926,11.499268,11.499268
2026-12-04 07:00:00,701.25,682.1912,-19.058777,19.058777
2026-12-04 08:00:00,659.07,687.4238,28.35382,28.35382
2026-12-04 09:00:00,664.49,659.12115,-5.3688354,5.3688354
2026-12-04 10:00:00,602.29004,599.19635,-3.093689,3.093689
2026-12-04 11:00:00,576.05,547.2687,-28.781311,28.781311
2026-12-04 12:00:00,557.58,524.99255,-32.587463,32.587463
2026-12-04 13:00:00,505.19,526.02136,20.83136,20.83136
2026-12-04 14:00:00,569.32,544.7084,-24.611633,24.611633
2026-12-04 15:00:00,563.48,577.3711,13.891113,13.891113
2026-12-04 16:00:00,638.93,629.623,-9.307007,9.307007
2026-12-04 17:00:00,652.84,693.25037,40.41034,40.41034
2026-12-04 18:00:00,730.56,750.09094,19.530945,19.530945
2026-12-04 19:00:00,723.22,776.9076,53.687622,53.687622
2026-12-04 20:00:00,709.28,770.3789,61.098877,61.098877
2026-12-04 21:00:00,694.66003,737.7027,43.042664,43.042664
2026-12-04 22:00:00,623.84,691.0259,67.18585,67.18585
2026-12-04 23:00:00,619.64,599.7848,-19.855225,19.855225
2026-12-05 00:00:00,531.18,478.84995,-52.330048,52.330048
2026-12-05 01:00:00,501.59003,472.86053,-28.729492,28.729492
2026-12-05 02:00:00,495.97003,487.7859,-8.184143,8.184143
2026-12-05 03:00:00,540.74,503.83472,-36.905273,36.905273
2026-12-05 04:00:00,504.42,518.52124,14.101227,14.101227
2026-12-05 05:00:00,545.72003,529.14246,-16.577576,16.577576
2026-12-05 06:00:00,557.13,546.5399,-10.590088,10.590088
2026-12-05 07:00:00,615.88,558.8936,-56.98639,56.98639
2026-12-05 08:00:00,582.92,560.1931,-22.726868,22.726868
2026-12-05 09:00:00,542.75,544.0752,1.3251953,1.3251953
2026-12-05 10:00:00,443.87,504.2337,60.36371,60.36371
2026-12-05 11:00:00,433.47003,454.6775,21.207458,21.207458
2026-12-05 12:00:00,472.48,438.75946,-33.72055,33.72055
2026-12-05 13:00:00,461.10004,437.7767,-23.323334,23.323334
2026-12-05 14:00:00,411.74,456.1159,44.375916,44.375916
2026-12-05 15:00:00,466.91003,486.6954,19.78537,19.78537
2026-12-05 16:00:00,483.29,530.76245,47.472443,47.472443
2026-12-05 17:00:00,565.57,581.34644,15.776428,15.776428
2026-12-05 18:00:00,573.89,629.85754,55.96753,55.96753
2026-12-05 19:00:00,612.01,654.3672,42.357178,42.357178
2026-12-05 20:00:00,626.5,649.3139,22.813904,22.813904
2026-12-05 21:00:00,564.71,616.57117,51.861145,51.861145
2026-12-05 22:00:00,541.41003,570.3681,28.958069,28.958069
2026-12-05 23:00:00,538.87,528.9734,-9.896606,9.896606
2026-12-06 00:00:00,520.53,533.06006,12.530029,12.530029
2026-12-06 01:00:00,487.25,525.5803,38.330322,38.330322
2026-12-06 02:00:00,478.72003,518.5446,39.824585,39.824585
2026-12-06 03:00:00,494.54,516.8236,22.2836,22.2836
2026-12-06 04:00:00,495.01,520.40515,25.395142,25.395142
2026-12-06 05:00:00,492.37003,530.0981,37.728058,37.728058
2026-12-06 06:00:00,574.42,542.6297,-31.790283,31.790283
2026-12-06 07:00:00,528.26,557.5442,29.28418,29.28418
2026-12-06 08:00:00,561.29004,556.57666,-4.713379,4.713379
2026-12-06 09:00:00,533.47003,540.5197,7.0496826,7.0496826
2026-12-06 10:00:00,468.25,499.7803,31.530304,31.530304
2026-12-06 11:00:00,477.26,452.4433,-24.816711,24.816711
2026-12-06 12:00:00,457.30002,439.0149,-18.285126,18.285126
2026-12-06 13:00:00,417.37,436.683,19.313019,19.313019
2026-12-06 14:00:00,431.88,453.12595,21.245941,21.245941
2026-12-06 15:00:00,471.34003,486.0099,14.669861,14.669861
2026-12-06 16:00:00,490.76,528.4235,37.663513,37.663513
2026-12-06 17:00:00,578.39,575.5961,-2.7938843,2.7938843
2026-12-06 18:00:00,605.98,627.55133,21.57135,21.57135
2026-12-06 19:00:00,622.3,653.0016,30.7016,30.7016
2026-12-06 20:00:00,596.94,647.93134,50.991333,50.991333
2026-12-06 21:00:00,561.31,607.7257,46.41571,46.41571
2026-12-06 22:00:00,531.93,557.1477,25.217712,25.217712
2026-12-06 23:00:00,500.39,536.2184,35.82837,35.82837
2026-12-07 00:00:00,651.69,583.2811,-68.408875,68.408875
2026-12-07 01:00:00,604.85004,619.4021,14.552063,14.552063
2026-12-07 02:00:00,594.4,615.89294,21.49292,21.49292
2026-12-07 03:00:00,622.06,613.4736,-8.586426,8.586426
2026-12-07 04:00:00,652.71,623.41034,-29.299683,29.299683
2026-12-07 05:00:00,607.39,640.51166,33.121643,33.121643
2026-12-07 06:00:00,664.49,667.85254,3.3625488,3.3625488
2026-12-07 07:00:00,672.89,683.23627,10.346252,10.346252
2026-12-07 08:00:00,637.46,685.5815,48.12146,48.12146
2026-12-07 09:00:00,601.37,664.2343,62.86432,62.86432
2026-12-07 10:00:00,566.84,604.54596,37.705933,37.705933
2026-12-07 11:00:00,559.68,548.635,-11.044983,11.044983
2026-12-07 12:00:00,505.07,526.202,21.132019,21.132019
2026-12-07 13:00:00,523.46,525.5456,2.0855713,2.0855713
2026-12-07 14:00:00,542.48,542.6808,0.20080566,0.20080566
2026-12-07 15:00:00,545.33,576.402,31.07196,31.07196
2026-12-07 16:00:00,631.23,626.032,-5.197998,5.197998
2026-12-07 17:00:00,668.39,685.65295,17.26294,17.26294
2026-12-07 18:00:00,704.73,743.7317,39.00171,39.00171
2026-12-07 19:00:00,724.92,770.3311,45.411133,45.411133
2026-12-07 20:00:00,727.75,764.00665,36.256653,36.256653
2026-12-07 21:00:00,658.9,731.1183,72.21826,72.21826
2026-12-07 22:00:00,618.29004,688.8522,70.56213,70.56213
2026-12-07 23:00:00,583.65,647.19965,63.54962,63.54962
2026-12-08 00:00:00,509.96002,617.8504,107.89038,107.89038
2026-12-08 01:00:00,486.2,569.7671,83.56708,83.56708
2026-12-08 02:00:00,450.69,539.3684,88.678406,88.678406
2026-12-08 03:00:00,547.3,531.12274,-16.177246,16.177246
2026-12-08 04:00:00,571.97003,542.83417,-29.135864,29.135864
2026-12-08 05:00:00,530.64,562.5942,31.954163,31.954163
2026-12-08 06:00:00,611.55,583.09845,-28.451538,28.451538
2026-12-08 07:00:00,579.26,606.2661,27.006104,27.006104
2026-12-08 08:00:00,592.72003,605.8513,13.131287,13.131287
2026-12-08 09:00:00,557.65,576.9145,19.264465,19.264465
2026-12-08 10:00:00,490.27002,515.08923,24.819214,24.819214
2026-12-08 11:00:00,438.63,464.20428,25.57428,25.57428
2026-12-08 12:00:00,424.79004,445.45654,20.666504,20.666504
2026-12-08 13:00:00,393.14,444.54514,51.40512,51.40512
2026-12-08 14:00:00,405.49002,469.24634,63.756317,63.756317
2026-12-08 15:00:00,439.93,514.7159,74.78589,74.78589
2026-12-08 16:00:00,539.74,570.08826,30.348267,30.348267
2026-12-08 17:00:00,581.07,628.74854,47.678528,47.678528
2026-12-08 18:00:00,579.39,676.0651,96.67511,96.67511
2026-12-08 19:00:00,641.96,698.7883,56.82831,56.82831
2026-12-08 20:00:00,630.56,695.70465,65.14465,65.14465
2026-12-08 21:00:00,560.26,662.83905,102.57904,102.57904
2026-12-08 22:00:00,525.03,615.9788,90.94879,90.94879
2026-12-08 23:00:00,531.22003,573.38995,42.16992,42.16992
2026-12-09 00:00:00,602.09,564.2728,-37.8172,37.8172
2026-12-09 01:00:00,586.61,595.2505,8.640503,8.640503
2026-12-09 02:00:00,609.01,609.46124,0.4512329,0.4512329
2026-12-09 03:00:00,609.15,621.22253,12.07251,12.07251
2026-12-09 04:00:00,616.09,627.2911,11.20105,11.20105
2026-12-09 05:00:00,588.06,639.16547,51.10547,51.10547
2026-12-09 06:00:00,685.79,660.80005,-24.98993,24.98993
2026-12-09 07:00:00,683.15,679.1854,-3.9645996,3.9645996
2026-12-09 08:00:00,710.9,687.8546,-23.04541,23.04541
2026-12-09 09:00:00,653.63,673.0377,19.407715,19.407715
2026-12-09 10:00:00,614.45,616.97723,2.5272217,2.5272217
2026-12-09 11:00:00,569.58,551.61365,-17.96637,17.96637
2026-12-09 12:00:00,503.52002,524.1907,20.670654,20.670654
2026-12-09 13:00:00,555.23,524.01825,-31.211731,31.211731
2026-12-09 14:00:00,543.73,543.30945,-0.42053223,0.42053223
2026-12-09 15:00:00,559.62,577.54486,17.924866,17.924866
2026-12-09 16:00:00,589.21,633.4455,44.235474,44.235474
2026-12-09 17:00:00,657.77,696.038,38.268005,38.268005
2026-12-09 18:00:00,657.24,750.1408,92.90082,92.90082
2026-12-09 19:00:00,748.22003,773.08026,24.86023,24.86023
2026-12-09 20:00:00,720.49,765.2383,44.74829,44.74829
2026-12-09 21:00:00,701.9,732.15204,30.252014,30.252014
2026-12-09 22:00:00,630.3,687.2476,56.94763,56.94763
2026-12-09 23:00:00,620.26,642.50354,22.24353,22.24353
2026-12-10 00:00:00,615.23,604.2306,-10.99939,10.99939
2026-12-10 01:00:00,618.60004,598.39557,-20.204468,20.204468
2026-12-10 02:00:00,613.82,600.9517,-12.868286,12.868286
2026-12-10 03:00:00,600.55,609.2156,8.665588,8.665588
2026-12-10 04:00:00,618.18,621.62366,3.4436646,3.4436646
2026-12-10 05:00:00,627.10004,640.09045,12.9904175,12.9904175
2026-12-10 06:00:00,635.35004,665.27246,29.922424,29.922424
2026-12-10 07:00:00,672.71,685.94104,13.231018,13.231018
2026-12-10 08:00:00,671.22003,688.2901,17.070068,17.070068
2026-12-10 09:00:00,633.46,658.9602,25.500183,25.500183
2026-12-10 10:00:00,584.3,596.1146,11.814636,11.814636
2026-12-10 11:00:00,575.26,547.81433,-27.445679,27.445679
2026-12-10 12:00:00,548.38,524.55585,-23.824158,23.824158
2026-12-10 13:00:00,515.92004,523.17615,7.2561035,7.2561035
2026-12-10 14:00:00,585.75,539.21674,-46.533264,46.533264
2026-12-10 15:00:00,559.5,576.51636,17.016357,17.016357
2026-12-10 16:00:00,587.78,630.94366,43.163635,43.163635
2026-12-10 17:00:00,633.47003,695.50977,62.039734,62.039734
2026-12-10 18:00:00,726.53,748.6623,22.132263,22.132263
2026-12-10 19:00:00,736.2,772.9723,36.772278,36.772278
2026-12-10 20:00:00,721.53,764.0001,42.470093,42.470093
2026-12-10 21:00:00,719.03,730.9301,11.900085,11.900085
2026-12-10 22:00:00,630.9,689.4564,58.556396,58.556396
2026-12-10 23:00:00,629.46,643.8792,14.419189,14.419189
2026-12-11 00:00:00,625.63,578.4702,-47.15979,47.15979
2026-12-11 01:00:00,597.08,584.3198,-12.760193,12.760193
2026-12-11 02:00:00,621.11,588.53766,-32.572327,32.572327
2026-12-11 03:00:00,633.48,600.8409,-32.6391,32.6391
2026-12-11 04:00:00,636.0,613.8212,-22.178772,22.178772
2026-12-11 05:00:00,667.87,634.7165,-33.153503,33.153503
2026-12-11 06:00:00,699.75,664.6928,-35.05719,35.05719
2026-12-11 07:00:00,691.99,688.38324,-3.6067505,3.6067505
2026-12-11 08:00:00,648.60004,696.0449,47.444885,47.444885
2026-12-11 09:00:00,718.86,670.3237,-48.536255,48.536255
2026-12-11 10:00:00,567.44,608.6731,41.233093,41.233093
2026-12-11 11:00:00,539.29004,553.2348,13.944763,13.944763
2026-12-11 12:00:00,561.86,525.2737,-36.586304,36.586304
2026-12-11 13:00:00,541.65,528.0121,-13.637939,13.637939
2026-12-11 14:00:00,552.51,547.6963,-4.8137207,4.8137207
2026-12-11 15:00:00,583.31,581.83484,-1.4751587,1.4751587
2026-12-11 16:00:00,612.4,632.70483,20.30481,20.30481
2026-12-11 17:00:00,638.69,689.84265,51.15265,51.15265
2026-12-11 18:00:00,728.49,742.7245,14.234497,14.234497
2026-12-11 19:00:00,733.97,767.85803,33.88806,33.88806
2026-12-11 20:00:00,729.48,761.5305,32.050537,32.050537
2026-12-11 21:00:00,687.44,730.78687,43.346863,43.346863
2026-12-11 22:00:00,626.33,685.6452,59.315186,59.315186
2026-12-11 23:00:00,645.25,592.59845,-52.65155,52.65155
2026-12-12 00:00:00,465.67,473.36902,7.699005,7.699005
2026-12-12 01:00:00,509.57,466.41138,-43.15863,43.15863
2026-12-12 02:00:00,557.12,490.64722,-66.47278,66.47278
2026-12-12 03:00:00,494.18002,509.176,14.995972,14.995972
2026-12-12 04:00:00,491.47003,518.52374,27.05371,27.05371
2026-12-12 05:00:00,531.47003,530.2782,-1.1918335,1.1918335
2026-12-12 06:00:00,551.09,546.6956,-4.394409,4.394409
2026-12-12 07:00:00,560.34,559.7058,-0.6342163,0.6342163
2026-12-12 08:00:00,551.04004,559.4448,8.404785,8.404785
2026-12-12 09:00:00,503.44,539.6118,36.171814,36.171814
2026-12-12 10:00:00,451.92,496.28485,44.364838,44.364838
2026-12-12 11:00:00,411.86002,451.6599,39.799896,39.799896
2026-12-12 12:00:00,443.60004,439.6289,-3.9711304,3.9711304
2026-12-12 13:00:00,444.42,435.2787,-9.141327,9.141327
2026-12-12 14:00:00,445.74002,452.2384,6.4983826,6.4983826
2026-12-12 15:00:00,467.57,483.61725,16.047241,16.047241
2026-12-12 16:00:00,490.18,529.1363,38.9563,38.9563
2026-12-12 17:00:00,565.55,580.3424,14.792419,14.792419
2026-12-12 18:00:00,550.97003,632.8004,81.83038,81.83038
2026-12-12 19:00:00,606.79004,659.96216,53.17212,53.17212
2026-12-12 20:00:00,565.5,656.37805,90.87805,90.87805
2026-12-12 21:00:00,574.56,622.6817,48.121704,48.121704
2026-12-12 22:00:00,536.89,573.9756,37.08557,37.08557
2026-12-12 23:00:00,562.27,532.45715,-29.812866,29.812866
2026-12-13 00:00:00,526.31,539.40094,13.090942,13.090942
2026-12-13 01:00:00,507.34,528.729,21.389008,21.389008
2026-12-13 02:00:00,486.79,518.821,32.030975,32.030975
2026-12-13 03:00:00,471.99,516.2687,44.278687,44.278687
2026-12-13 04:00:00,558.59,518.7157,-39.87433,39.87433
2026-12-13 05:00:00,522.94,530.60474,7.664734,7.664734
2026-12-13 06:00:00,561.47003,543.07007,-18.399963,18.399963
2026-12-13 07:00:00,539.41003,554.94543,15.5354,15.5354
2026-12-13 08:00:00,599.28,548.7207,-50.559326,50.559326
2026-12-13 09:00:00,517.2,534.037,16.836975,16.836975
2026-12-13 10:00:00,463.33002,500.40466,37.074646,37.074646
2026-12-13 11:00:00,452.69,452.1,-0.58999634,0.58999634
2026-12-13 12:00:00,462.99002,436.36255,-26.627472,26.627472
2026-12-13 13:00:00,413.38,435.59253,22.212524,22.212524
2026-12-13 14:00:00,435.81,454.07928,18.269287,18.269287
2026-12-13 15:00:00,475.75,488.54065,12.790649,12.790649
2026-12-13 16:00:00,510.1,533.5161,23.416107,23.416107
2026-12-13 17:00:00,531.2,579.5111,48.311096,48.311096
2026-12-13 18:00:00,632.72003,625.5529,-7.1671143,7.1671143
2026-12-13 19:00:00,618.92,654.4519,35.53192,35.53192
2026-12-13 20:00:00,578.45,650.99615,72.54614,72.54614
2026-12-13 21:00:00,608.0,614.9618,6.961792,6.961792
2026-12-13 22:00:00,552.04004,560.655,8.61499,8.61499
2026-12-13 23:00:00,521.0,537.0895,16.089478,16.089478
2026-12-14 00:00:00,648.19,585.58777,-62.602234,62.602234
2026-12-14 01:00:00,642.51,623.8955,-18.614502,18.614502
2026-12-14 02:00:00,582.89,617.5391,34.64911,34.64911
2026-12-14 03:00:00,612.49,613.8776,1.3876343,1.3876343
2026-12-14 04:00:00,585.05,620.515,35.465027,35.465027
2026-12-14 05:00:00,637.69,634.86206,-2.827942,2.827942
2026-12-14 06:00:00,675.05,655.33167,-19.718323,19.718323
2026-12-14 07:00:00,651.93,671.1561,19.226135,19.226135
2026-12-14 08:00:00,690.71,678.0324,-12.677612,12.677612
2026-12-14 09:00:00,617.93,662.05505,44.12506,44.12506
2026-12-14 10:00:00,611.74,604.5439,-7.196106,7.196106
2026-12-14 11:00:00,604.13,547.50616,-56.62384,56.62384
2026-12-14 12:00:00,556.73,525.3515,-31.378479,31.378479
2026-12-14 13:00:00,524.88,525.6705,0.7904663,0.7904663
2026-12-14 14:00:00,569.33,541.78815,-27.54187,27.54187
2026-12-14 15:00:00,571.81,575.0292,3.2191772,3.2191772
2026-12-14 16:00:00,575.41003,627.956,52.54596,52.54596
2026-12-14 17:00:00,636.08,687.01135,50.931335,50.931335
2026-12-14 18:00:00,714.5,737.92053,23.420532,23.420532
2026-12-14 19:00:00,767.54,762.58875,-4.951233,4.951233
2026-12-14 20:00:00,705.84,755.5255,49.685486,49.685486
2026-12-14 21:00:00,696.36,723.1011,26.741089,26.741089
2026-12-14 22:00:00,635.68,681.4314,45.751404,45.751404
2026-12-14 23:00:00,639.51,641.5736,2.0635986,2.0635986
2026-12-15 00:00:00,572.32,614.0283,41.708313,41.708313
2026-12-15 01:00:00,634.74,605.7558,-28.984192,28.984192
2026-12-15 02:00:00,637.5,606.9537,-30.546326,30.546326
2026-12-15 03:00:00,604.53,616.6904,12.1604,12.1604
2026-12-15 04:00:00,651.52,628.0259,-23.49414,23.49414
2026-12-15 05:00:00,571.68,644.6838,73.003784,73.003784
2026-12-15 06:00:00,648.60004,663.4928,14.892761,14.892761
2026-12-15 07:00:00,697.38,683.4021,-13.977905,13.977905
2026-12-15 08:00:00,663.33,683.6604,20.330383,20.330383
2026-12-15 09:00:00,581.44,650.1949,68.75488,68.75488
2026-12-15 10:00:00,581.66003,589.5797,7.9196777,7.9196777
2026-12-15 11:00:00,528.01,543.7482,15.73822,15.73822
2026-12-15 12:00:00,569.2,522.1456,-47.054382,47.054382
2026-12-15 13:00:00,489.45,525.2253,35.77527,35.77527
2026-12-15 14:00:00,546.93,546.1465,-0.7835083,0.7835083
2026-12-15 15:00:00,500.66003,582.9944,82.33435,82.33435
2026-12-15 16:00:00,602.08,628.86346,26.783447,26.783447
2026-12-15 17:00:00,629.25,690.08466,60.834656,60.834656
2026-12-15 18:00:00,705.6,742.77576,37.17578,37.17578
2026-12-15 19:00:00,699.95,770.07684,70.12683,70.12683
2026-12-15 20:00:00,700.39,760.27136,59.881348,59.881348
2026-12-15 21:00:00,686.54004,730.25604,43.716003,43.716003
2026-12-15 22:00:00,666.39,689.94727,23.557251,23.557251
2026-12-15 23:00:00,622.46,648.8044,26.34436,26.34436
2026-12-16 00:00:00,609.05,616.3345,7.284485,7.284485
2026-12-16 01:00:00,629.41003,608.6063,-20.80371,20.80371
2026-12-16 02:00:00,584.94,607.40125,22.461243,22.461243
2026-12-16 03:00:00,625.9,611.2873,-14.612732,14.612732
2026-12-16 04:00:00,612.68,621.2106,8.530579,8.530579
2026-12-16 05:00:00,683.82,638.1713,-45.64868,45.64868
2026-12-16 06:00:00,641.91003,662.3009,20.39087,20.39087
2026-12-16 07:00:00,639.05,679.78723,40.737244,40.737244
2026-12-16 08:00:00,660.33,682.7541,22.424072,22.424072
2026-12-16 09:00:00,618.81,655.7995,36.989502,36.989502
2026-12-16 10:00:00,614.11,597.219,-16.890991,16.890991
2026-12-16 11:00:00,544.62,548.4634,3.8433838,3.8433838
2026-12-16 12:00:00,543.68,524.11487,-19.565125,19.565125
2026-12-16 13:00:00,563.45,524.30286,-39.147156,39.147156
2026-12-16 14:00:00,584.79004,543.5993,-41.190735,41.190735
2026-12-16 15:00:00,583.04004,579.3163,-3.723755,3.723755
2026-12-16 16:00:00,596.13,636.88446,40.754456,40.754456
2026-12-16 17:00:00,651.09,701.6488,50.558777,50.558777
2026-12-16 18:00:00,701.73,757.6364,55.906433,55.906433
2026-12-16 19:00:00,692.16003,779.23474,87.07471,87.07471
2026-12-16 20:00:00,748.35,766.03265,17.682678,17.682678
2026-12-16 21:00:00,700.21,743.1031,42.893066,42.893066
2026-12-16 22:00:00,643.01,705.9817,62.97168,62.97168
2026-12-16 23:00:00,600.43,665.44476,65.01477,65.01477
2026-12-17 00:00:00,577.1,628.4109,51.310913,51.310913
2026-12-17 01:00:00,615.98,615.9713,-0.008666992,0.008666992
2026-12-17 02:00:00,640.36,614.51776,-25.842224,25.842224
2026-12-17 03:00:00,565.86,623.69525,57.835266,57.835266
2026-12-17 04:00:00,618.34,629.501,11.16095,11.16095
2026-12-17 05:00:00,601.63,646.0785,44.448486,44.448486
2026-12-17 06:00:00,637.57,670.09204,32.522034,32.522034
2026-12-17 07:00:00,669.47003,689.76184,20.29181,20.29181
2026-12-17 08:00:00,705.61,685.9666,-19.643372,19.643372
2026-12-17 09:00:00,632.83,660.1284,27.2984,27.2984
2026-12-17 10:00:00,622.18,599.64624,-22.533752,22.533752
2026-12-17 11:00:00,540.86,548.30255,7.442566,7.442566
2026-12-17 12:00:00,547.03,522.05774,-24.97229,24.97229
2026-12-17 13:00:00,530.32,521.6208,-8.699219,8.699219
2026-12-17 14:00:00,593.43,538.3084,-55.121582,55.121582
2026-12-17 15:00:00,575.15,571.5131,-3.6369019,3.6369019
2026-12-17 16:00:00,620.96,624.10486,3.1448364,3.1448364
2026-12-17 17:00:00,667.32,683.89465,16.574646,16.574646
2026-12-17 18:00:00,699.05,740.14386,41.093872,41.093872
2026-12-17 19:00:00,694.49,768.00397,73.51398,73.51398
2026-12-17 20:00:00,707.22,762.1847,54.96472,54.96472
2026-12-17 21:00:00,696.74,730.6407,33.900696,33.900696
2026-12-17 22:00:00,642.25,689.225,46.974976,46.974976
2026-12-17 23:00:00,628.45,643.8299,15.379883,15.379883
2026-12-18 00:00:00,598.54004,570.7787,-27.761353,27.761353
2026-12-18 01:00:00,602.03,575.7045,-26.3255,26.3255
2026-12-18 02:00:00,584.88,584.6179,-0.26208496,0.26208496
2026-12-18 03:00:00,628.16003,594.6988,-33.461243,33.461243
2026-12-18 04:00:00,631.64,609.5749,-22.065125,22.065125
2026-12-18 05:00:00,669.91003,632.3632,-37.546814,37.546814
2026-12-18 06:00:00,641.44,661.17303,19.733032,19.733032
2026-12-18 07:00:00,730.23,681.1506,-49.079407,49.079407
2026-12-18 08:00:00,661.52,686.13525,24.615234,24.615234
2026-12-18 09:00:00,586.95,657.7917,70.841675,70.841675
2026-12-18 10:00:00,612.72003,596.4572,-16.262817,16.262817
2026-12-18 11:00:00,579.62,542.2658,-37.354187,37.354187
2026-12-18 12:00:00,512.78,521.0298,8.249756,8.249756
2026-12-18 13:00:00,501.30002,522.2993,20.999298,20.999298
2026-12-18 14:00:00,484.43,542.148,57.718018,57.718018
2026-12-18 15:00:00,533.68,575.9962,42.316223,42.316223
2026-12-18 16:00:00,592.2,624.5358,32.335815,32.335815
2026-12-18 17:00:00,679.08,683.1859,4.105896,4.105896
2026-12-18 18:00:00,715.57,739.692,24.12201,24.12201
2026-12-18 19:00:00,732.83,768.5144,35.684387,35.684387
2026-12-18 20:00:00,699.28,764.2147,64.93469,64.93469
2026-12-18 21:00:00,679.1,731.25885,52.158875,52.158875
2026-12-18 22:00:00,661.24,686.86774,25.627747,25.627747
2026-12-18 23:00:00,638.22003,600.66846,-37.551575,37.551575
2026-12-19 00:00:00,493.10004,479.27728,-13.822754,13.822754
2026-12-19 01:00:00,518.60004,476.8508,-41.749237,41.749237
2026-12-19 02:00:00,467.10004,495.02692,27.92688,27.92688
2026-12-19 03:00:00,480.04,508.69153,28.65152,28.65152
2026-12-19 04:00:00,530.11,518.4698,-11.640198,11.640198
2026-12-19 05:00:00,513.05,532.1093,19.059326,19.059326
2026-12-19 06:00:00,550.48,549.883,-0.59698486,0.59698486
2026-12-19 07:00:00,564.58,561.99774,-2.5822754,2.5822754
2026-12-19 08:00:00,572.38,561.9695,-10.410522,10.410522
2026-12-19 09:00:00,521.05005,545.03613,23.986084,23.986084
2026-12-19 10:00:00,523.79004,502.61783,-21.17221,21.17221
2026-12-19 11:00:00,438.16003,454.18335,16.023315,16.023315
2026-12-19 12:00:00,444.12,436.29376,-7.826233,7.826233
2026-12-19 13:00:00,375.12003,437.263,62.142975,62.142975
2026-12-19 14:00:00,410.16,453.70892,43.54892,43.54892
2026-12-19 15:00:00,438.92,485.00174,46.081726,46.081726
2026-12-19 16:00:00,492.38,527.08057,34.70056,34.70056
2026-12-19 17:00:00,506.63,576.9651,70.33508,70.33508
2026-12-19 18:00:00,600.74,629.19995,28.45996,28.45996
2026-12-19 19:00:00,577.57,660.18823,82.618225,82.618225
2026-12-19 20:00:00,577.62,657.9319,80.31189,80.31189
2026-12-19 21:00:00,535.7,626.9885,91.28851,91.28851
2026-12-19 22:00:00,535.96,577.7111,41.7511,41.7511
2026-12-19 23:00:00,493.66003,535.40576,41.745728,41.745728
2026-12-20 00:00:00,496.81,532.0561,35.246094,35.246094
2026-12-20 01:00:00,461.75,519.7982,58.048218,58.048218
2026-12-20 02:00:00,460.13,514.9161,54.78607,54.78607
2026-12-20 03:00:00,489.75,513.3943,23.644287,23.644287
2026-12-20 04:00:00,542.62,519.7895,-22.830505,22.830505
2026-12-20 05:00:00,496.92,531.02856,34.10855,34.10855
2026-12-20 06:00:00,553.08,544.3607,-8.719299,8.719299
2026-12-20 07:00:00,564.31,555.2394,-9.070618,9.070618
2026-12-20 08:00:00,576.94,549.414,-27.526001,27.526001
2026-12-20 09:00:00,501.90002,531.29175,29.391724,29.391724
2026-12-20 10:00:00,486.03003,489.8595,3.8294678,3.8294678
2026-12-20 11:00:00,470.80002,448.98303,-21.816986,21.816986
2026-12-20 12:00:00,447.99002,437.45728,-10.532745,10.532745
2026-12-20 13:00:00,416.57,435.3296,18.759583,18.759583
2026-12-20 14:00:00,443.95,452.65912,8.709106,8.709106
2026-12-20 15:00:00,448.49002,487.41254,38.922516,38.922516
2026-12-20 16:00:00,513.27,527.79114,14.521118,14.521118
2026-12-20 17:00:00,500.24002,575.68835,75.44833,75.44833
2026-12-20 18:00:00,627.55,622.25586,-5.2941284,5.2941284
2026-12-20 19:00:00,592.68,649.43677,56.756775,56.756775
2026-12-20 20:00:00,598.57,645.78864,47.218628,47.218628
2026-12-20 21:00:00,592.93,610.0958,17.165833,17.165833
2026-12-20 22:00:00,556.18,559.29333,3.1133423,3.1133423
2026-12-20 23:00:00,484.5,545.3702,60.87018,60.87018
2026-12-21 00:00:00,605.68,574.7242,-30.95581,30.95581
2026-12-21 01:00:00,631.31,618.4941,-12.815918,12.815918
2026-12-21 02:00:00,618.21,613.49634,-4.713684,4.713684
2026-12-21 03:00:00,579.91003,610.02893,30.118896,30.118896
2026-12-21 04:00:00,610.8,618.8078,8.0078125,8.0078125
2026-12-21 05:00:00,647.01,634.3406,-12.669434,12.669434
2026-12-21 06:00:00,655.76,655.3483,-0.41168213,0.41168213
2026-12-21 07:00:00,669.12,670.9283,1.8082886,1.8082886
2026-12-21 08:00:00,676.53,676.09094,-0.4390869,0.4390869
2026-12-21 09:00:00,683.72003,661.001,-22.719055,22.719055
2026-12-21 10:00:00,600.79004,608.80347,8.013428,8.013428
2026-12-21 11:00:00,521.52,551.3797,29.85968,29.85968
2026-12-21 12:00:00,506.35,526.9525,20.602509,20.602509
2026-12-21 13:00:00,550.87,525.9585,-24.911499,24.911499
2026-12-21 14:00:00,545.33,542.8031,-2.5269165,2.5269165
2026-12-21 15:00:00,565.09,573.9562,8.86615,8.86615
2026-12-21 16:00:00,624.05,624.2151,0.1651001,0.1651001
2026-12-21 17:00:00,692.19,685.14307,-7.046936,7.046936
2026-12-21 18:00:00,731.09,735.732,4.641968,4.641968
2026-12-21 19:00:00,722.72003,763.3517,40.631653,40.631653
2026-12-21 20:00:00,710.04004,759.93384,49.8938,49.8938
2026-12-21 21:00:00,691.07,728.3529,37.282898,37.282898
2026-12-21 22:00:00,600.59,687.1467,86.5567,86.5567
2026-12-21 23:00:00,667.35004,646.7742,-20.575867,20.575867
2026-12-22 00:00:00,593.18,615.8595,22.679504,22.679504
2026-12-22 01:00:00,583.22003,608.7864,25.566345,25.566345
2026-12-22 02:00:00,613.95,609.75275,-4.1972656,4.1972656
2026-12-22 03:00:00,595.42,613.60724,18.187256,18.187256
2026-12-22 04:00:00,661.09,623.3445,-37.745544,37.745544
2026-12-22 05:00:00,640.04004,642.3765,2.3364868,2.3364868
2026-12-22 06:00:00,656.31,664.037,7.7269897,7.7269897
2026-12-22 07:00:00,703.36,681.6784,-21.68158,21.68158
2026-12-22 08:00:00,633.35004,686.6065,53.25647,53.25647
2026-12-22 09:00:00,634.99,657.33704,22.347046,22.347046
2026-12-22 10:00:00,604.10004,596.8946,-7.2054443,7.2054443
2026-12-22 11:00:00,550.22003,549.39685,-0.82318115,0.82318115
2026-12-22 12:00:00,501.28003,524.7377,23.457642,23.457642
2026-12-22 13:00:00,525.99,527.0023,1.0123291,1.0123291
2026-12-22 14:00:00,517.92004,546.9724,29.052368,29.052368
2026-12-22 15:00:00,562.67004,581.71814,19.048096,19.048096
2026-12-22 16:00:00,621.91003,636.511,14.600952,14.600952
2026-12-22 17:00:00,693.12,697.2277,4.107727,4.107727
2026-12-22 18:00:00,722.98,749.84985,26.869873,26.869873
2026-12-22 19:00:00,716.95,771.30615,54.35614,54.35614
2026-12-22 20:00:00,702.59,759.4523,56.862244,56.862244
2026-12-22 21:00:00,698.9,727.28436,28.384338,28.384338
2026-12-22 22:00:00,641.15,686.68823,45.538208,45.538208
2026-12-22 23:00:00,621.82,646.2589,24.438904,24.438904
2026-12-23 00:00:00,627.21,612.15375,-15.056274,15.056274
2026-12-23 01:00:00,621.83,610.3477,-11.4823,11.4823
2026-12-23 02:00:00,582.95,611.77075,28.82074,28.82074
2026-12-23 03:00:00,599.86,616.90735,17.047363,17.047363
2026-12-23 04:00:00,656.96,626.1052,-30.854797,30.854797
2026-12-23 05:00:00,644.77,645.4636,0.6936035,0.6936035
2026-12-23 06:00:00,692.93,668.4558,-24.474182,24.474182
2026-12-23 07:00:00,630.37,688.6505,58.280518,58.280518
2026-12-23 08:00:00,659.48,687.46216,27.982178,27.982178
2026-12-23 09:00:00,641.23,654.7547,13.524719,13.524719
2026-12-23 10:00:00,609.43,595.3692,-14.060791,14.060791
2026-12-23 11:00:00,587.29004,546.1126,-41.17743,41.17743
2026-12-23 12:00:00,519.89,522.87524,2.9852295,2.9852295
2026-12-23 13:00:00,528.88,523.7435,-5.1364746,5.1364746
2026-12-23 14:00:00,541.54004,542.65314,1.1130981,1.1130981
2026-12-23 15:00:00,588.2,575.99603,-12.2039795,12.2039795
2026-12-23 16:00:00,567.32,631.25464,63.93463,63.93463
2026-12-23 17:00:00,604.48,691.295,86.815,86.815
2026-12-23 18:00:00,705.28,740.8533,35.573242,35.573242
2026-12-23 19:00:00,726.19,766.7838,40.59381,40.59381
2026-12-23 20:00:00,719.02,759.94476,40.924744,40.924744
2026-12-23 21:00:00,670.9,729.53705,58.637024,58.637024
2026-12-23 22:00:00,668.53,687.6952,19.165161,19.165161
2026-12-23 23:00:00,636.74,644.54767,7.807678,7.807678
2026-12-24 00:00:00,599.21,607.0956,7.885559,7.885559
2026-12-24 01:00:00,604.63,599.2552,-5.374817,5.374817
2026-12-24 02:00:00,570.35004,599.98663,29.636597,29.636597
2026-12-24 03:00:00,665.3,604.8278,-60.472168,60.472168
2026-12-24 04:00:00,613.75,620.19403,6.444031,6.444031
2026-12-24 05:00:00,650.9,638.83203,-12.067993,12.067993
2026-12-24 06:00:00,656.95,662.80566,5.855652,5.855652
2026-12-24 07:00:00,684.64,679.42725,-5.2127686,5.2127686
2026-12-24 08:00:00,675.04004,682.7117,7.671631,7.671631
2026-12-24 09:00:00,602.88,660.0494,57.169373,57.169373
2026-12-24 10:00:00,607.12,600.72296,-6.3970337,6.3970337
2026-12-24 11:00:00,551.36,548.1947,-3.1652832,3.1652832
2026-12-24 12:00:00,571.42,523.22815,-48.191833,48.191833
2026-12-24 13:00:00,536.9,523.9483,-12.951721,12.951721
2026-12-24 14:00:00,542.11,538.71814,-3.3918457,3.3918457
2026-12-24 15:00:00,598.64,572.09436,-26.545654,26.545654
2026-12-24 16:00:00,632.12,623.9755,-8.14447,8.14447
2026-12-24 17:00:00,637.82,685.34033,47.520325,47.520325
2026-12-24 18:00:00,698.09,743.7864,45.69635,45.69635
2026-12-24 19:00:00,692.75,770.7829,78.0329,78.0329
2026-12-24 20:00:00,710.18,763.2882,53.108215,53.108215
2026-12-24 21:00:00,689.29,732.73535,43.445374,43.445374
2026-12-24 22:00:00,630.94,689.5946,58.654602,58.654602
2026-12-24 23:00:00,622.12,642.75793,20.63794,20.63794
2026-12-25 00:00:00,546.44,562.8544,16.414368,16.414368
2026-12-25 01:00:00,509.38,527.31146,17.931458,17.931458
2026-12-25 02:00:00,507.1,511.47223,4.372223,4.372223
2026-12-25 03:00:00,513.82,516.69525,2.8752441,2.8752441
2026-12-25 04:00:00,529.99,531.2444,1.2543945,1.2543945
2026-12-25 05:00:00,489.38,552.62665,63.246643,63.246643
2026-12-25 06:00:00,565.03,574.2883,9.258301,9.258301
2026-12-25 07:00:00,567.24,595.53015,28.290161,28.290161
2026-12-25 08:00:00,580.12,590.0713,9.951294,9.951294
2026-12-25 09:00:00,529.37,556.767,27.397034,27.397034
2026-12-25 10:00:00,536.4,502.54303,-33.856995,33.856995
2026-12-25 11:00:00,466.67,458.35803,-8.311981,8.311981
2026-12-25 12:00:00,476.42,440.64862,-35.771393,35.771393
2026-12-25 13:00:00,406.40002,447.31268,40.91266,40.91266
2026-12-25 14:00:00,458.12,474.77747,16.65747,16.65747
2026-12-25 15:00:00,506.92,518.889,11.968964,11.968964
2026-12-25 16:00:00,464.63,571.0897,106.45972,106.45972
2026-12-25 17:00:00,600.63,617.2182,16.588196,16.588196
2026-12-25 18:00:00,638.19,662.99744,24.807434,24.807434
2026-12-25 19:00:00,624.56,686.23706,61.677063,61.677063
2026-12-25 20:00:00,615.06,678.6257,63.565674,63.565674
2026-12-25 21:00:00,606.19,638.76605,32.57605,32.57605
2026-12-25 22:00:00,583.52,592.5352,9.015198,9.015198
2026-12-25 23:00:00,496.41003,572.4727,76.06268,76.06268
2026-12-26 00:00:00,515.34,565.76434,50.424316,50.424316
2026-12-26 01:00:00,466.76,554.0487,87.2887,87.2887
2026-12-26 02:00:00,505.32,540.16473,34.844727,34.844727
2026-12-26 03:00:00,463.09003,536.70734,73.61731,73.61731
2026-12-26 04:00:00,482.67,533.6665,50.99649,50.99649
2026-12-26 05:00:00,578.22003,537.7875,-40.432556,40.432556
2026-12-26 06:00:00,567.39,550.61005,-16.779968,16.779968
2026-12-26 07:00:00,522.27,565.73285,43.46283,43.46283
2026-12-26 08:00:00,538.19,563.8467,25.656677,25.656677
2026-12-26 09:00:00,512.0,547.5263,35.526306,35.526306
2026-12-26 10:00:00,475.48,508.29114,32.811127,32.811127
2026-12-26 11:00:00,446.30002,455.41376,9.113739,9.113739
2026-12-26 12:00:00,389.58002,438.7576,49.17758,49.17758
2026-12-26 13:00:00,395.93002,434.57516,38.64514,38.64514
2026-12-26 14:00:00,435.29004,450.01868,14.728638,14.728638
2026-12-26 15:00:00,437.91003,480.3235,42.413452,42.413452
2026-12-26 16:00:00,543.17004,522.4689,-20.701172,20.701172
2026-12-26 17:00:00,525.58,573.5915,48.011475,48.011475
2026-12-26 18:00:00,594.64,621.73175,27.091736,27.091736
2026-12-26 19:00:00,623.56,649.38245,25.822449,25.822449
2026-12-26 20:00:00,590.5,648.7721,58.272095,58.272095
2026-12-26 21:00:00,558.35004,618.4484,60.09839,60.09839
2026-12-26 22:00:00,557.59,570.2559,12.665894,12.665894
2026-12-26 23:00:00,499.95,529.14465,29.194641,29.194641
2026-12-27 00:00:00,513.31,524.1421,10.832092,10.832092
2026-12-27 01:00:00,494.35004,521.66754,27.317505,27.317505
2026-12-27 02:00:00,517.42004,516.3081,-1.1119385,1.1119385
2026-12-27 03:00:00,470.84003,518.29407,47.45404,47.45404
2026-12-27 04:00:00,507.69,523.90564,16.215637,16.215637
2026-12-27 05:00:00,511.16,534.79266,23.63266,23.63266
2026-12-27 06:00:00,588.05,546.8697,-41.180298,41.180298
2026-12-27 07:00:00,574.36,560.33997,-14.02002,14.02002
2026-12-27 08:00:00,543.65,556.5906,12.940552,12.940552
2026-12-27 09:00:00,507.86002,535.3417,27.481659,27.481659
2026-12-27 10:00:00,456.05002,498.12396,42.073944,42.073944
2026-12-27 11:00:00,428.23,449.85406,21.624054,21.624054
2026-12-27 12:00:00,438.22003,436.39374,-1.826294,1.826294
2026-12-27 13:00:00,487.13,434.61932,-52.51068,52.51068
2026-12-27 14:00:00,437.07,455.33325,18.263245,18.263245
2026-12-27 15:00:00,401.25,487.136,85.88599,85.88599
2026-12-27 16:00:00,524.4,526.60815,2.20813,2.20813
2026-12-27 17:00:00,560.14,580.11926,19.979248,19.979248
2026-12-27 18:00:00,579.81,627.56506,47.755066,47.755066
2026-12-27 19:00:00,625.41003,652.8326,27.422546,27.422546
2026-12-27 20:00:00,610.82,648.3343,37.514282,37.514282
2026-12-27 21:00:00,584.13,614.1264,29.996399,29.996399
2026-12-27 22:00:00,507.29,561.8842,54.594208,54.594208
2026-12-27 23:00:00,526.36,527.95294,1.5929565,1.5929565
2026-12-28 00:00:00,569.22003,563.48083,-5.739197,5.739197
2026-12-28 01:00:00,579.76,611.86206,32.10205,32.10205
2026-12-28 02:00:00,608.8,609.0011,0.20111084,0.20111084
2026-12-28 03:00:00,595.23,610.81226,15.582275,15.582275
2026-12-28 04:00:00,609.92,621.8583,11.938293,11.938293
2026-12-28 05:00:00,641.15,637.56836,-3.581665,3.581665
2026-12-28 06:00:00,658.07,660.1389,2.0689087,2.0689087
2026-12-28 07:00:00,642.66003,676.27,33.609985,33.609985
2026-12-28 08:00:00,669.43,680.03656,10.606567,10.606567
2026-12-28 09:00:00,642.65,659.95953,17.30951,17.30951
2026-12-28 10:00:00,595.93,600.23645,4.3064575,4.3064575
2026-12-28 11:00:00,605.54004,547.53894,-58.0011,58.0011
2026-12-28 12:00:00,536.96,527.77325,-9.186768,9.186768
2026-12-28 13:00:00,586.57,528.3606,-58.20941,58.20941
2026-12-28 14:00:00,493.98,546.89435,52.914337,52.914337
2026-12-28 15:00:00,581.66003,580.8407,-0.81933594,0.81933594
2026-12-28 16:00:00,605.38,632.88275,27.502747,27.502747
2026-12-28 17:00:00,639.60004,691.79675,52.196716,52.196716
2026-12-28 18:00:00,748.88,742.46924,-6.4107666,6.4107666
2026-12-28 19:00:00,688.04004,766.6728,78.63275,78.63275
2026-12-28 20:00:00,737.43,760.041,22.611023,22.611023
2026-12-28 21:00:00,694.03,728.8563,34.826294,34.826294
2026-12-28 22:00:00,657.59,686.5399,28.94989,28.94989
2026-12-28 23:00:00,614.94,646.2057,31.265686,31.265686
2026-12-29 00:00:00,636.86,616.30524,-20.554749,20.554749
2026-12-29 01:00:00,611.97003,611.6918,-0.27825928,0.27825928
2026-12-29 02:00:00,624.74,609.64905,-15.090942,15.090942
2026-12-29 03:00:00,571.65,615.1066,43.456604,43.456604
2026-12-29 04:00:00,599.73,624.4735,24.74353,24.74353
2026-12-29 05:00:00,634.78,638.5183,3.7382812,3.7382812
2026-12-29 06:00:00,675.93,658.82214,-17.10785,17.10785
2026-12-29 07:00:00,625.23,678.96783,53.737854,53.737854
2026-12-29 08:00:00,632.2,678.8147,46.614685,46.614685
2026-12-29 09:00:00,650.91003,650.8547,-0.055358887,0.055358887
2026-12-29 10:00:00,581.7,593.6714,11.9713745,11.9713745
2026-12-29 11:00:00,552.43,544.7625,-7.6674805,7.6674805
2026-12-29 12:00:00,550.32,521.81366,-28.506348,28.506348
2026-12-29 13:00:00,564.45,522.1563,-42.2937,42.2937
2026-12-29 14:00:00,508.59003,541.23145,32.64142,32.64142
2026-12-29 15:00:00,544.62,574.76556,30.145569,30.145569
2026-12-29 16:00:00,589.57,627.5648,37.994812,37.994812
2026-12-29 17:00:00,677.28,686.86426,9.5842285,9.5842285
2026-12-29 18:00:00,683.02,741.70624,58.68622,58.68622
2026-12-29 19:00:00,725.85,767.3396,41.489624,41.489624
2026-12-29 20:00:00,685.06,760.8494,75.78943,75.78943
2026-12-29 21:00:00,692.16003,728.225,36.06494,36.06494
2026-12-29 22:00:00,665.58,686.70416,21.124146,21.124146
2026-12-29 23:00:00,619.24,644.6042,25.364197,25.364197
2026-12-30 00:00:00,589.76,610.5412,20.781189,20.781189
2026-12-30 01:00:00,593.73,604.29315,10.563171,10.563171
2026-12-30 02:00:00,601.68,603.25146,1.5714722,1.5714722
2026-12-30 03:00:00,631.9,609.8216,-22.07843,22.07843
2026-12-30 04:00:00,617.45,621.0315,3.581482,3.581482
2026-12-30 05:00:00,658.33,638.2503,-20.079712,20.079712
2026-12-30 06:00:00,653.18,663.4423,10.262329,10.262329
2026-12-30 07:00:00,669.82,685.8302,16.010193,16.010193
2026-12-30 08:00:00,718.33,689.09265,-29.237366,29.237366
2026-12-30 09:00:00,634.52,659.8346,25.314575,25.314575
2026-12-30 10:00:00,576.05,596.8946,20.844604,20.844604
2026-12-30 11:00:00,543.43,546.6226,3.192627,3.192627
2026-12-30 12:00:00,552.2,523.2725,-28.92749,28.92749
2026-12-30 13:00:00,539.35004,525.0296,-14.320435,14.320435
2026-12-30 14:00:00,541.76,543.8685,2.1085205,2.1085205
2026-12-30 15:00:00,561.63,578.39886,16.76886,16.76886
2026-12-30 16:00:00,619.11,626.8955,7.7855225,7.7855225
2026-12-30 17:00:00,686.51,687.27563,0.765625,0.765625
2026-12-30 18:00:00,721.27,744.9496,23.679565,23.679565
2026-12-30 19:00:00,721.21,773.5298,52.319763,52.319763
2026-12-30 20:00:00,697.88,765.75165,67.87164,67.87164
2026-12-30 21:00:00,698.82,731.5314,32.711365,32.711365
2026-12-30 22:00:00,617.54004,689.2556,71.715576,71.715576
2026-12-30 23:00:00,624.19,645.7095,21.51947,21.51947
2026-12-31 00:00:00,588.75,608.1552,19.405212,19.405212
2026-12-31 01:00:00,589.72003,599.5027,9.782654,9.782654
2026-12-31 02:00:00,623.97003,601.8961,-22.073914,22.073914
2026-12-31 03:00:00,608.96,609.85455,0.89453125,0.89453125
2026-12-31 04:00:00,644.13,624.19244,-19.937561,19.937561
2026-12-31 05:00:00,624.63,647.33856,22.708557,22.708557
2026-12-31 06:00:00,673.69,671.8081,-1.881897,1.881897
2026-12-31 07:00:00,635.65,691.54645,55.896423,55.896423
2026-12-31 08:00:00,685.18,691.47565,6.2956543,6.2956543
2026-12-31 09:00:00,609.36,659.9357,50.575745,50.575745
2026-12-31 10:00:00,585.97003,598.49335,12.523315,12.523315
2026-12-31 11:00:00,568.72003,547.4215,-21.298523,21.298523
2026-12-31 12:00:00,499.69,522.9508,23.260803,23.260803
2026-12-31 13:00:00,551.62,521.1538,-30.466187,30.466187
2026-12-31 14:00:00,537.09,539.0427,1.9526978,1.9526978
2026-12-31 15:00:00,542.85004,573.04175,30.191711,30.191711
2026-12-31 16:00:00,608.39,625.5884,17.198364,17.198364
2026-12-31 17:00:00,664.63,688.136,23.505981,23.505981
2026-12-31 18:00:00,755.52,746.7331,-8.786926,8.786926
2026-12-31 19:00:00,693.28,776.15686,82.87683,82.87683
2026-12-31 20:00:00,699.02,768.41534,69.395325,69.395325
2026-12-31 21:00:00,706.51,736.1454,29.635376,29.635376
2026-12-31 22:00:00,644.4,692.9904,48.590393,48.590393
2026-12-31 23:00:00,635.14,644.38965,9.249634,9.249634
