timestamp_objetivo,y_real_mw,y_pred_mw,error_mw,error_absoluto_mw
2026-09-13 11:00:00,429.27002,469.34833,40.07831,40.07831
2026-09-13 12:00:00,413.5,451.76886,38.26886,38.26886
2026-09-13 13:00:00,424.42004,448.34247,23.922424,23.922424
2026-09-13 14:00:00,394.81003,465.43866,70.62863,70.62863
2026-09-13 15:00:00,494.02002,502.6585,8.638489,8.638489
2026-09-13 16:00:00,533.33,560.4254,27.095398,27.095398
2026-09-13 17:00:00,580.42,633.542,53.12201,53.12201
2026-09-13 18:00:00,671.75,708.4435,36.69348,36.69348
2026-09-13 19:00:00,697.47003,745.9386,48.468567,48.468567
2026-09-13 20:00:00,652.57,732.8206,80.25061,80.25061
2026-09-13 21:00:00,646.13,689.5275,43.397522,43.397522
2026-09-13 22:00:00,602.34,638.6023,36.262268,36.262268
2026-09-13 23:00:00,535.95,596.3864,60.4364,60.4364
2026-09-14 00:00:00,686.8,676.327,-10.472961,10.472961
2026-09-14 01:00:00,662.19,681.6023,19.412292,19.412292
2026-09-14 02:00:00,694.28,669.57306,-24.70697,24.70697
2026-09-14 03:00:00,643.43,667.4547,24.02472,24.02472
2026-09-14 04:00:00,664.42,676.5078,12.08783,12.08783
2026-09-14 05:00:00,689.81,700.2689,10.458923,10.458923
2026-09-14 06:00:00,732.53,720.7069,-11.82312,11.82312
2026-09-14 07:00:00,693.17,727.24365,34.07367,34.07367
2026-09-14 08:00:00,693.76,700.54755,6.7875366,6.7875366
2026-09-14 09:00:00,642.53,643.97565,1.4456177,1.4456177
2026-09-14 10:00:00,626.0,591.163,-34.836975,34.836975
2026-09-14 11:00:00,495.17,557.4618,62.29178,62.29178
2026-09-14 12:00:00,584.7,537.4509,-47.249084,47.249084
2026-09-14 13:00:00,499.31,541.7552,42.44519,42.44519
2026-09-14 14:00:00,526.56,562.05493,35.494934,35.494934
2026-09-14 15:00:00,644.75,598.7634,-45.986572,45.986572
2026-09-14 16:00:00,637.64,664.63666,26.996643,26.996643
2026-09-14 17:00:00,711.24,738.54236,27.302368,27.302368
2026-09-14 18:00:00,796.94,796.4059,-0.53411865,0.53411865
2026-09-14 19:00:00,810.01,806.2782,-3.7318115,3.7318115
2026-09-14 20:00:00,807.07,784.5403,-22.529724,22.529724
2026-09-14 21:00:00,763.23,750.4524,-12.777588,12.777588
2026-09-14 22:00:00,687.19,713.9586,26.768616,26.768616
2026-09-14 23:00:00,689.83,681.4768,-8.35321,8.35321
2026-09-15 00:00:00,706.38,661.7415,-44.63849,44.63849
2026-09-15 01:00:00,675.19,662.0809,-13.109131,13.109131
2026-09-15 02:00:00,650.37,660.49445,10.124451,10.124451
2026-09-15 03:00:00,653.42,666.50916,13.089172,13.089172
2026-09-15 04:00:00,666.66003,677.9125,11.252441,11.252441
2026-09-15 05:00:00,658.86,694.29834,35.438354,35.438354
2026-09-15 06:00:00,736.48,711.5138,-24.966187,24.966187
2026-09-15 07:00:00,702.85,723.0087,20.158752,20.158752
2026-09-15 08:00:00,682.96,700.6478,17.687805,17.687805
2026-09-15 09:00:00,717.38,647.7925,-69.587524,69.587524
2026-09-15 10:00:00,584.28,594.636,10.355957,10.355957
2026-09-15 11:00:00,558.46,558.40393,-0.05609131,0.05609131
2026-09-15 12:00:00,558.84,538.2074,-20.63263,20.63263
2026-09-15 13:00:00,551.35004,540.1624,-11.187622,11.187622
2026-09-15 14:00:00,534.17004,557.95593,23.785889,23.785889
2026-09-15 15:00:00,574.59,593.87415,19.284119,19.284119
2026-09-15 16:00:00,636.37,650.5093,14.139282,14.139282
2026-09-15 17:00:00,677.81,733.6037,55.7937,55.7937
2026-09-15 18:00:00,755.53,803.9604,48.43036,48.43036
2026-09-15 19:00:00,811.0,823.2976,12.297607,12.297607
2026-09-15 20:00:00,759.87,804.40466,44.534668,44.534668
2026-09-15 21:00:00,701.77,767.6462,65.87616,65.87616
2026-09-15 22:00:00,704.87,726.5405,21.670532,21.670532
2026-09-15 23:00:00,713.89,690.1421,-23.747925,23.747925
2026-09-16 00:00:00,609.4,666.479,57.07898,57.07898
2026-09-16 01:00:00,658.97003,656.03204,-2.9379883,2.9379883
2026-09-16 02:00:00,665.98,653.0545,-12.925476,12.925476
2026-09-16 03:00:00,659.35004,661.0905,1.7404785,1.7404785
2026-09-16 04:00:00,622.87,674.74567,51.87567,51.87567
2026-09-16 05:00:00,672.54,698.33167,25.791687,25.791687
2026-09-16 06:00:00,685.83,720.13385,34.303833,34.303833
2026-09-16 07:00:00,766.63,726.6391,-39.990906,39.990906
2026-09-16 08:00:00,684.32,705.9244,21.60437,21.60437
2026-09-16 09:00:00,651.24,654.1007,2.8607178,2.8607178
2026-09-16 10:00:00,575.89,593.42993,17.539917,17.539917
2026-09-16 11:00:00,570.98,556.5113,-14.468689,14.468689
2026-09-16 12:00:00,540.06,537.96747,-2.0925293,2.0925293
2026-09-16 13:00:00,528.47003,542.686,14.215942,14.215942
2026-09-16 14:00:00,571.31,567.56177,-3.74823,3.74823
2026-09-16 15:00:00,579.45,608.39154,28.941528,28.941528
2026-09-16 16:00:00,615.53,672.7879,57.257874,57.257874
2026-09-16 17:00:00,688.91003,752.0974,63.187378,63.187378
2026-09-16 18:00:00,768.55,808.8887,40.338684,40.338684
2026-09-16 19:00:00,797.58,817.0913,19.511292,19.511292
2026-09-16 20:00:00,724.76,795.81085,71.05084,71.05084
2026-09-16 21:00:00,733.33,759.3927,26.062683,26.062683
2026-09-16 22:00:00,674.6,721.00183,46.401855,46.401855
2026-09-16 23:00:00,635.79004,688.7302,52.940186,52.940186
2026-09-17 00:00:00,693.15,663.1331,-30.016907,30.016907
2026-09-17 01:00:00,654.9,657.55005,2.6500244,2.6500244
2026-09-17 02:00:00,626.51,656.8113,30.30127,30.30127
2026-09-17 03:00:00,647.94,661.2914,13.351379,13.351379
2026-09-17 04:00:00,645.89,672.6117,26.72168,26.72168
2026-09-17 05:00:00,659.03,692.5869,33.556885,33.556885
2026-09-17 06:00:00,706.79004,716.1751,9.385071,9.385071
2026-09-17 07:00:00,724.83,723.99005,-0.8399658,0.8399658
2026-09-17 08:00:00,703.35,697.4322,-5.9177856,5.9177856
2026-09-17 09:00:00,629.03,645.4497,16.419678,16.419678
2026-09-17 10:00:00,573.23,594.48883,21.25885,21.25885
2026-09-17 11:00:00,520.92,557.2983,36.378296,36.378296
2026-09-17 12:00:00,539.92004,538.26373,-1.656311,1.656311
2026-09-17 13:00:00,555.76,541.4358,-14.324219,14.324219
2026-09-17 14:00:00,531.17004,563.3419,32.171875,32.171875
2026-09-17 15:00:00,586.4,602.6796,16.279602,16.279602
2026-09-17 16:00:00,651.64,670.0705,18.430481,18.430481
2026-09-17 17:00:00,706.38,756.08264,49.702637,49.702637
2026-09-17 18:00:00,751.01,817.8765,66.866516,66.866516
2026-09-17 19:00:00,807.12,828.039,20.919006,20.919006
2026-09-17 20:00:00,788.11,806.0124,17.902405,17.902405
2026-09-17 21:00:00,736.26,771.54297,35.28296,35.28296
2026-09-17 22:00:00,722.63,733.24805,10.618042,10.618042
2026-09-17 23:00:00,700.32,697.8801,-2.4398804,2.4398804
2026-09-18 00:00:00,706.53,667.90845,-38.621582,38.621582
2026-09-18 01:00:00,656.60004,663.5366,6.9365845,6.9365845
2026-09-18 02:00:00,659.63,663.6226,3.9926147,3.9926147
2026-09-18 03:00:00,626.25,670.5235,44.2735,44.2735
2026-09-18 04:00:00,678.55,682.49994,3.9499512,3.9499512
2026-09-18 05:00:00,674.16003,703.7782,29.618164,29.618164
2026-09-18 06:00:00,706.15,724.417,18.266968,18.266968
2026-09-18 07:00:00,663.23,727.5323,64.30231,64.30231
2026-09-18 08:00:00,651.91003,700.33484,48.424805,48.424805
2026-09-18 09:00:00,644.21,645.4699,1.2598877,1.2598877
2026-09-18 10:00:00,546.97003,592.993,46.02295,46.02295
2026-09-18 11:00:00,560.98,558.2738,-2.7061768,2.7061768
2026-09-18 12:00:00,548.62,539.76575,-8.854248,8.854248
2026-09-18 13:00:00,581.59,544.3382,-37.25183,37.25183
2026-09-18 14:00:00,532.77,568.0049,35.234863,35.234863
2026-09-18 15:00:00,600.92,607.4965,6.576538,6.576538
2026-09-18 16:00:00,702.64,675.5873,-27.052734,27.052734
2026-09-18 17:00:00,678.0,760.7674,82.767395,82.767395
2026-09-18 18:00:00,781.1,817.37317,36.273193,36.273193
2026-09-18 19:00:00,784.83997,828.2501,43.410156,43.410156
2026-09-18 20:00:00,751.98,808.70746,56.727478,56.727478
2026-09-18 21:00:00,702.35,775.53217,73.18219,73.18219
2026-09-18 22:00:00,699.32,738.6324,39.312378,39.312378
2026-09-18 23:00:00,694.17,705.23486,11.06488,11.06488
2026-09-19 00:00:00,547.13,557.662,10.531982,10.531982
2026-09-19 01:00:00,528.76,556.7145,27.954468,27.954468
2026-09-19 02:00:00,564.46,556.7055,-7.7545166,7.7545166
2026-09-19 03:00:00,557.11,570.49896,13.388977,13.388977
2026-09-19 04:00:00,618.64,580.0266,-38.613403,38.613403
2026-09-19 05:00:00,584.48,592.3108,7.8308105,7.8308105
2026-09-19 06:00:00,610.79004,612.13745,1.3474121,1.3474121
2026-09-19 07:00:00,587.93,622.7505,34.820496,34.820496
2026-09-19 08:00:00,601.21,593.9583,-7.251709,7.251709
2026-09-19 09:00:00,516.91003,541.6462,24.736145,24.736145
2026-09-19 10:00:00,478.33002,493.43832,15.108307,15.108307
2026-09-19 11:00:00,440.38,464.21912,23.839111,23.839111
2026-09-19 12:00:00,445.83002,450.12726,4.297241,4.297241
2026-09-19 13:00:00,427.53003,449.17432,21.644287,21.644287
2026-09-19 14:00:00,441.91003,468.40625,26.496216,26.496216
2026-09-19 15:00:00,499.92,507.51147,7.591461,7.591461
2026-09-19 16:00:00,564.7,567.23,2.5299683,2.5299683
2026-09-19 17:00:00,620.76,640.6966,19.936584,19.936584
2026-09-19 18:00:00,676.66003,715.5441,38.884094,38.884094
2026-09-19 19:00:00,684.12,752.83246,68.71246,68.71246
2026-09-19 20:00:00,677.02,733.6781,56.65808,56.65808
2026-09-19 21:00:00,646.84,682.3617,35.521667,35.521667
2026-09-19 22:00:00,613.44,632.8573,19.417297,19.417297
2026-09-19 23:00:00,565.11,592.3848,27.274841,27.274841
2026-09-20 00:00:00,550.80005,567.8233,17.023254,17.023254
2026-09-20 01:00:00,578.48,559.576,-18.903992,18.903992
2026-09-20 02:00:00,564.12,555.6405,-8.479492,8.479492
2026-09-20 03:00:00,559.26,559.46643,0.2064209,0.2064209
2026-09-20 04:00:00,548.60004,570.0964,21.496338,21.496338
2026-09-20 05:00:00,567.27,584.4711,17.20111,17.20111
2026-09-20 06:00:00,577.1,601.7659,24.665955,24.665955
2026-09-20 07:00:00,590.62,617.93695,27.316956,27.316956
2026-09-20 08:00:00,585.07,597.4741,12.404114,12.404114
2026-09-20 09:00:00,538.36,548.9476,10.587585,10.587585
2026-09-20 10:00:00,443.95,498.3601,54.410095,54.410095
2026-09-20 11:00:00,478.78003,465.71942,-13.060608,13.060608
2026-09-20 12:00:00,407.89,450.28094,42.39093,42.39093
2026-09-20 13:00:00,377.52002,446.01248,68.49246,68.49246
2026-09-20 14:00:00,432.54004,461.80652,29.26648,29.26648
2026-09-20 15:00:00,449.7,499.1361,49.436096,49.436096
2026-09-20 16:00:00,497.29004,555.1071,57.817078,57.817078
2026-09-20 17:00:00,603.19,626.5375,23.347473,23.347473
2026-09-20 18:00:00,688.43,702.25604,13.82605,13.82605
2026-09-20 19:00:00,663.67,742.5313,78.86133,78.86133
2026-09-20 20:00:00,599.11,727.53894,128.42896,128.42896
2026-09-20 21:00:00,609.16003,676.21783,67.0578,67.0578
2026-09-20 22:00:00,600.60004,625.10364,24.503601,24.503601
2026-09-20 23:00:00,540.27,587.07324,46.803223,46.803223
2026-09-21 00:00:00,651.89,666.1584,14.268372,14.268372
2026-09-21 01:00:00,622.8,671.1216,48.321594,48.321594
2026-09-21 02:00:00,650.5,660.4958,9.995789,9.995789
2026-09-21 03:00:00,647.55,658.06177,10.51178,10.51178
2026-09-21 04:00:00,656.66003,672.3247,15.664673,15.664673
2026-09-21 05:00:00,666.5,699.76013,33.26013,33.26013
2026-09-21 06:00:00,677.14,723.0945,45.954468,45.954468
2026-09-21 07:00:00,729.22003,725.76855,-3.451477,3.451477
2026-09-21 08:00:00,674.63,697.6499,23.019897,23.019897
2026-09-21 09:00:00,686.13,643.6567,-42.473328,42.473328
2026-09-21 10:00:00,615.23,591.1326,-24.097351,24.097351
2026-09-21 11:00:00,587.78,556.1608,-31.619202,31.619202
2026-09-21 12:00:00,523.39,537.24506,13.8550415,13.8550415
2026-09-21 13:00:00,522.78,539.1843,16.404297,16.404297
2026-09-21 14:00:00,525.62,557.32007,31.700073,31.700073
2026-09-21 15:00:00,591.77,590.77484,-0.9951782,0.9951782
2026-09-21 16:00:00,635.62,652.41284,16.792847,16.792847
2026-09-21 17:00:00,699.27,735.6386,36.36859,36.36859
2026-09-21 18:00:00,754.45,805.4739,51.023865,51.023865
2026-09-21 19:00:00,795.8,817.36163,21.561646,21.561646
2026-09-21 20:00:00,801.52,796.20215,-5.317871,5.317871
2026-09-21 21:00:00,733.35,760.5399,27.189941,27.189941
2026-09-21 22:00:00,693.1,721.50824,28.408264,28.408264
2026-09-21 23:00:00,638.19,685.32666,47.136658,47.136658
2026-09-22 00:00:00,643.73,658.74524,15.015259,15.015259
2026-09-22 01:00:00,666.83,652.7233,-14.106689,14.106689
2026-09-22 02:00:00,648.01,652.41266,4.402649,4.402649
2026-09-22 03:00:00,602.39,655.4961,53.10608,53.10608
2026-09-22 04:00:00,653.38,665.6462,12.266174,12.266174
2026-09-22 05:00:00,673.65,683.5357,9.885681,9.885681
2026-09-22 06:00:00,704.39,708.1227,3.732666,3.732666
2026-09-22 07:00:00,744.63,719.532,-25.098022,25.098022
2026-09-22 08:00:00,720.69,700.5276,-20.162415,20.162415
2026-09-22 09:00:00,633.3,651.8208,18.520813,18.520813
2026-09-22 10:00:00,595.28,595.7676,0.48754883,0.48754883
2026-09-22 11:00:00,546.29004,557.6855,11.395447,11.395447
2026-09-22 12:00:00,548.23,537.78864,-10.441345,10.441345
2026-09-22 13:00:00,528.9,539.4524,10.552368,10.552368
2026-09-22 14:00:00,560.93,559.5545,-1.3754883,1.3754883
2026-09-22 15:00:00,572.68,599.40424,26.724243,26.724243
2026-09-22 16:00:00,599.63,663.88007,64.25006,64.25006
2026-09-22 17:00:00,683.39,743.7185,60.32849,60.32849
2026-09-22 18:00:00,758.99,804.6735,45.683533,45.683533
2026-09-22 19:00:00,808.04004,815.67896,7.638916,7.638916
2026-09-22 20:00:00,771.8,796.1517,24.351685,24.351685
2026-09-22 21:00:00,728.81,761.072,32.262024,32.262024
2026-09-22 22:00:00,735.28,720.9333,-14.346741,14.346741
2026-09-22 23:00:00,669.52,689.244,19.723999,19.723999
2026-09-23 00:00:00,640.4,664.32983,23.92981,23.92981
2026-09-23 01:00:00,652.11,656.9357,4.8257446,4.8257446
2026-09-23 02:00:00,650.39,653.99603,3.606018,3.606018
2026-09-23 03:00:00,636.26,657.9336,21.673584,21.673584
2026-09-23 04:00:00,636.69,671.86615,35.176147,35.176147
2026-09-23 05:00:00,668.67,688.96204,20.292053,20.292053
2026-09-23 06:00:00,670.94,719.3155,48.37549,48.37549
2026-09-23 07:00:00,694.89,727.2416,32.351562,32.351562
2026-09-23 08:00:00,664.42,699.6115,35.19153,35.19153
2026-09-23 09:00:00,643.8,644.6273,0.82733154,0.82733154
2026-09-23 10:00:00,599.75,589.0711,-10.678894,10.678894
2026-09-23 11:00:00,550.69,553.686,2.9959717,2.9959717
2026-09-23 12:00:00,524.97003,535.90106,10.93103,10.93103
2026-09-23 13:00:00,535.43,541.76056,6.3305664,6.3305664
2026-09-23 14:00:00,564.95,562.6807,-2.269287,2.269287
2026-09-23 15:00:00,571.0,608.10144,37.10144,37.10144
2026-09-23 16:00:00,633.12,675.5808,42.460815,42.460815
2026-09-23 17:00:00,742.21,755.8056,13.595581,13.595581
2026-09-23 18:00:00,746.13,816.5988,70.46881,70.46881
2026-09-23 19:00:00,782.17004,823.0939,40.92383,40.92383
2026-09-23 20:00:00,751.41003,799.5625,48.152466,48.152466
2026-09-23 21:00:00,723.06,764.5468,41.486816,41.486816
2026-09-23 22:00:00,686.65,726.5558,39.90576,39.90576
2026-09-23 23:00:00,673.14,691.29297,18.152954,18.152954
2026-09-24 00:00:00,666.96,668.2198,1.2597656,1.2597656
2026-09-24 01:00:00,647.67,660.9245,13.254517,13.254517
2026-09-24 02:00:00,673.65,657.7269,-15.923096,15.923096
2026-09-24 03:00:00,648.4,665.42914,17.029114,17.029114
2026-09-24 04:00:00,636.98,683.0827,46.102722,46.102722
2026-09-24 05:00:00,672.77,701.85504,29.085022,29.085022
2026-09-24 06:00:00,672.44,721.0469,48.606873,48.606873
2026-09-24 07:00:00,695.35,720.452,25.10205,25.10205
2026-09-24 08:00:00,669.25,691.2711,22.021118,22.021118
2026-09-24 09:00:00,684.51,641.50726,-43.002747,43.002747
2026-09-24 10:00:00,610.88,591.5945,-19.285522,19.285522
2026-09-24 11:00:00,536.63,558.7848,22.154785,22.154785
2026-09-24 12:00:00,528.87,539.04504,10.175049,10.175049
2026-09-24 13:00:00,547.83,542.4668,-5.36322,5.36322
2026-09-24 14:00:00,552.97003,562.8557,9.885681,9.885681
2026-09-24 15:00:00,568.28,600.4159,32.135864,32.135864
2026-09-24 16:00:00,561.0,665.09845,104.09845,104.09845
2026-09-24 17:00:00,679.66003,743.9258,64.26575,64.26575
2026-09-24 18:00:00,745.39,808.4228,63.032776,63.032776
2026-09-24 19:00:00,798.89,823.2501,24.360107,24.360107
2026-09-24 20:00:00,793.06,804.0519,10.991882,10.991882
2026-09-24 21:00:00,716.1,771.4624,55.362427,55.362427
2026-09-24 22:00:00,713.41003,732.1657,18.755676,18.755676
2026-09-24 23:00:00,651.33,698.4775,47.14746,47.14746
2026-09-25 00:00:00,662.63,669.65027,7.0202637,7.0202637
2026-09-25 01:00:00,598.43,658.86633,60.43634,60.43634
2026-09-25 02:00:00,626.92,654.42786,27.507874,27.507874
2026-09-25 03:00:00,626.99,657.6391,30.649109,30.649109
2026-09-25 04:00:00,622.45,669.30383,46.85382,46.85382
2026-09-25 05:00:00,677.39,692.4526,15.062561,15.062561
2026-09-25 06:00:00,658.51,717.9323,59.422302,59.422302
2026-09-25 07:00:00,689.23,725.85205,36.62207,36.62207
2026-09-25 08:00:00,682.14,701.0419,18.901855,18.901855
2026-09-25 09:00:00,593.97003,647.38354,53.413513,53.413513
2026-09-25 10:00:00,563.59,592.141,28.550964,28.550964
2026-09-25 11:00:00,566.32,554.9657,-11.354309,11.354309
2026-09-25 12:00:00,545.04004,536.1605,-8.879517,8.879517
2026-09-25 13:00:00,563.77,538.3104,-25.459595,25.459595
2026-09-25 14:00:00,573.11,559.4288,-13.681213,13.681213
2026-09-25 15:00:00,562.28,600.28876,38.008728,38.008728
2026-09-25 16:00:00,637.08,666.0245,28.944458,28.944458
2026-09-25 17:00:00,732.0,751.29694,19.296936,19.296936
2026-09-25 18:00:00,784.24,813.9832,29.743225,29.743225
2026-09-25 19:00:00,761.14,824.7012,63.561157,63.561157
2026-09-25 20:00:00,781.64,802.449,20.80896,20.80896
2026-09-25 21:00:00,710.75,767.86914,57.11914,57.11914
2026-09-25 22:00:00,688.83,729.5544,40.724365,40.724365
2026-09-25 23:00:00,680.58,693.9485,13.368469,13.368469
2026-09-26 00:00:00,548.9,558.0034,9.103394,9.103394
2026-09-26 01:00:00,528.69,556.32306,27.633057,27.633057
2026-09-26 02:00:00,503.18,556.39746,53.21747,53.21747
2026-09-26 03:00:00,533.53,557.43713,23.907104,23.907104
2026-09-26 04:00:00,546.98,571.27,24.29004,24.29004
2026-09-26 05:00:00,513.86,583.4198,69.559814,69.559814
2026-09-26 06:00:00,572.06,595.6151,23.555115,23.555115
2026-09-26 07:00:00,581.44,612.8745,31.43451,31.43451
2026-09-26 08:00:00,566.85,591.6708,24.8208,24.8208
2026-09-26 09:00:00,513.29004,540.67096,27.38092,27.38092
2026-09-26 10:00:00,446.03003,492.59766,46.567627,46.567627
2026-09-26 11:00:00,416.18,462.3117,46.131714,46.131714
2026-09-26 12:00:00,414.76,443.53476,28.77475,28.77475
2026-09-26 13:00:00,405.47003,448.3355,42.86548,42.86548
2026-09-26 14:00:00,405.29,467.0746,61.784576,61.784576
2026-09-26 15:00:00,468.97003,507.47214,38.502106,38.502106
2026-09-26 16:00:00,523.78,562.5666,38.78656,38.78656
2026-09-26 17:00:00,585.3,629.7172,44.417236,44.417236
2026-09-26 18:00:00,663.34,698.24554,34.905518,34.905518
2026-09-26 19:00:00,689.37,732.6051,43.235107,43.235107
2026-09-26 20:00:00,692.81,716.3874,23.577393,23.577393
2026-09-26 21:00:00,548.13,672.388,124.257996,124.257996
2026-09-26 22:00:00,567.42004,618.229,50.80896,50.80896
2026-09-26 23:00:00,591.08,579.85126,-11.22876,11.22876
2026-09-27 00:00:00,509.11002,560.2319,51.121857,51.121857
2026-09-27 01:00:00,567.55,554.64166,-12.908325,12.908325
2026-09-27 02:00:00,537.61,552.8117,15.201721,15.201721
2026-09-27 03:00:00,543.85004,556.26227,12.412231,12.412231
2026-09-27 04:00:00,532.02,565.5829,33.562866,33.562866
2026-09-27 05:00:00,583.25,581.5777,-1.6723022,1.6723022
2026-09-27 06:00:00,595.32,600.37244,5.052429,5.052429
2026-09-27 07:00:00,612.45,611.40967,-1.0403442,1.0403442
2026-09-27 08:00:00,537.88,595.2834,57.40338,57.40338
2026-09-27 09:00:00,517.60004,545.43176,27.831726,27.831726
2026-09-27 10:00:00,413.64,495.72058,82.08057,82.08057
2026-09-27 11:00:00,459.42,461.10806,1.6880493,1.6880493
2026-09-27 12:00:00,443.88,445.71774,1.837738,1.837738
2026-09-27 13:00:00,410.76,442.08868,31.328674,31.328674
2026-09-27 14:00:00,441.32,463.54797,22.227966,22.227966
2026-09-27 15:00:00,443.56,502.14404,58.584045,58.584045
2026-09-27 16:00:00,532.81,552.635,19.825012,19.825012
2026-09-27 17:00:00,574.64,616.09576,41.45575,41.45575
2026-09-27 18:00:00,625.23,685.9385,60.708496,60.708496
2026-09-27 19:00:00,653.18,722.3935,69.2135,69.2135
2026-09-27 20:00:00,660.57,706.59186,46.02185,46.02185
2026-09-27 21:00:00,625.38,665.9613,40.5813,40.5813
2026-09-27 22:00:00,564.17004,622.2567,58.08667,58.08667
2026-09-27 23:00:00,538.05005,583.25476,45.204712,45.204712
2026-09-28 00:00:00,606.0,666.7062,60.706177,60.706177
2026-09-28 01:00:00,626.34,671.2525,44.912476,44.912476
2026-09-28 02:00:00,657.74,655.91626,-1.8237305,1.8237305
2026-09-28 03:00:00,654.10004,653.1114,-0.98864746,0.98864746
2026-09-28 04:00:00,675.65,668.1297,-7.5203247,7.5203247
2026-09-28 05:00:00,613.22003,690.86536,77.645325,77.645325
2026-09-28 06:00:00,708.43,705.06024,-3.369751,3.369751
2026-09-28 07:00:00,663.13,715.48315,52.35315,52.35315
2026-09-28 08:00:00,684.47003,694.02576,9.555725,9.555725
2026-09-28 09:00:00,640.08,645.635,5.5549927,5.5549927
2026-09-28 10:00:00,573.56,593.7213,20.161316,20.161316
2026-09-28 11:00:00,553.83,554.4738,0.6437988,0.6437988
2026-09-28 12:00:00,564.39,534.75385,-29.63617,29.63617
2026-09-28 13:00:00,530.48004,536.2467,5.7666626,5.7666626
2026-09-28 14:00:00,524.51,553.2851,28.775085,28.775085
2026-09-28 15:00:00,567.81,590.58826,22.77826,22.77826
2026-09-28 16:00:00,607.5,646.8368,39.336792,39.336792
2026-09-28 17:00:00,684.31,726.0213,41.711304,41.711304
2026-09-28 18:00:00,747.42,796.891,49.47101,49.47101
2026-09-28 19:00:00,786.32,814.9155,28.59552,28.59552
2026-09-28 20:00:00,727.23,796.4396,69.209595,69.209595
2026-09-28 21:00:00,737.44,761.17975,23.739746,23.739746
2026-09-28 22:00:00,695.38,721.98157,26.601562,26.601562
2026-09-28 23:00:00,689.49,686.1156,-3.3743896,3.3743896
2026-09-29 00:00:00,634.61,659.0101,24.400085,24.400085
2026-09-29 01:00:00,658.52,650.9225,-7.597534,7.597534
2026-09-29 02:00:00,618.73,649.3079,30.577942,30.577942
2026-09-29 03:00:00,624.38,654.8772,30.497192,30.497192
2026-09-29 04:00:00,657.15,666.4735,9.323486,9.323486
2026-09-29 05:00:00,650.67,684.20874,33.538757,33.538757
2026-09-29 06:00:00,704.65,706.1596,1.5095825,1.5095825
2026-09-29 07:00:00,658.27,721.5401,63.27008,63.27008
2026-09-29 08:00:00,682.13,701.41675,19.286743,19.286743
2026-09-29 09:00:00,655.63,648.0494,-7.5806274,7.5806274
2026-09-29 10:00:00,596.39,593.99994,-2.3900757,2.3900757
2026-09-29 11:00:00,579.91003,556.05334,-23.85669,23.85669
2026-09-29 12:00:00,544.52,536.47675,-8.043274,8.043274
2026-09-29 13:00:00,510.78003,538.8374,28.057373,28.057373
2026-09-29 14:00:00,528.35004,557.2796,28.929565,28.929565
2026-09-29 15:00:00,593.63,595.70703,2.0770264,2.0770264
2026-09-29 16:00:00,637.15,658.0497,20.899658,20.899658
2026-09-29 17:00:00,685.89,738.2485,52.35846,52.35846
2026-09-29 18:00:00,759.85,798.7984,38.948425,38.948425
2026-09-29 19:00:00,748.26,807.00555,58.745544,58.745544
2026-09-29 20:00:00,750.25,782.5746,32.324585,32.324585
2026-09-29 21:00:00,752.91003,743.96765,-8.942383,8.942383
2026-09-29 22:00:00,689.79004,700.4827,10.692688,10.692688
2026-09-29 23:00:00,653.09,668.36523,15.2752075,15.2752075
2026-09-30 00:00:00,640.01,647.5843,7.57428,7.57428
2026-09-30 01:00:00,633.97003,646.0355,12.065491,12.065491
2026-09-30 02:00:00,638.37,646.65,8.280029,8.280029
2026-09-30 03:00:00,658.28,653.12317,-5.1568604,5.1568604
2026-09-30 04:00:00,651.48,667.8581,16.378113,16.378113
2026-09-30 05:00:00,612.91003,696.7835,83.873474,83.873474
2026-09-30 06:00:00,728.05,720.19666,-7.8533325,7.8533325
2026-09-30 07:00:00,698.44,726.9677,28.52771,28.52771
2026-09-30 08:00:00,669.8,699.1626,29.36261,29.36261
2026-09-30 09:00:00,656.64,642.8695,-13.770508,13.770508
2026-09-30 10:00:00,636.93,588.7931,-48.1369,48.1369
2026-09-30 11:00:00,560.86,552.9489,-7.911072,7.911072
2026-09-30 12:00:00,521.25,534.04517,12.795166,12.795166
2026-09-30 13:00:00,521.35004,535.33435,13.984314,13.984314
2026-09-30 14:00:00,555.2,555.0826,-0.11743164,0.11743164
2026-09-30 15:00:00,554.64,594.51166,39.871643,39.871643
2026-09-30 16:00:00,632.24,659.4519,27.211914,27.211914
2026-09-30 17:00:00,667.14,740.0968,72.95679,72.95679
2026-09-30 18:00:00,797.95,802.07214,4.1221313,4.1221313
2026-09-30 19:00:00,742.83,811.9038,69.07379,69.07379
2026-09-30 20:00:00,753.71,782.66077,28.950745,28.950745
2026-09-30 21:00:00,740.66003,742.41003,1.75,1.75
2026-09-30 22:00:00,693.97003,707.7146,13.744568,13.744568
2026-09-30 23:00:00,666.35,678.9054,12.55542,12.55542
2026-10-01 00:00:00,632.05,658.2455,26.195496,26.195496
2026-10-01 01:00:00,654.15,652.4529,-1.6971436,1.6971436
2026-10-01 02:00:00,620.62,650.92535,30.305359,30.305359
2026-10-01 03:00:00,636.16003,654.6785,18.518494,18.518494
2026-10-01 04:00:00,668.12,665.3867,-2.7332764,2.7332764
2026-10-01 05:00:00,655.96,687.5447,31.584656,31.584656
2026-10-01 06:00:00,715.24,713.1913,-2.048706,2.048706
2026-10-01 07:00:00,687.15,725.51666,38.36664,38.36664
2026-10-01 08:00:00,710.17,701.9701,-8.19989,8.19989
2026-10-01 09:00:00,686.37,646.7219,-39.64807,39.64807
2026-10-01 10:00:00,591.98,597.4026,5.4226074,5.4226074
2026-10-01 11:00:00,580.07,559.4022,-20.667786,20.667786
2026-10-01 12:00:00,553.71,538.30493,-15.40509,15.40509
2026-10-01 13:00:00,512.53,541.3774,28.847351,28.847351
2026-10-01 14:00:00,585.21,561.3091,-23.90094,23.90094
2026-10-01 15:00:00,554.02,604.50305,50.483032,50.483032
2026-10-01 16:00:00,622.91003,668.66656,45.75653,45.75653
2026-10-01 17:00:00,698.95,748.1333,49.18329,49.18329
2026-10-01 18:00:00,770.03,807.0957,37.065674,37.065674
2026-10-01 19:00:00,767.95,815.194,47.243958,47.243958
2026-10-01 20:00:00,751.29004,791.8732,40.58319,40.58319
2026-10-01 21:00:00,727.36,756.73737,29.37738,29.37738
2026-10-01 22:00:00,730.34,717.64374,-12.696289,12.696289
2026-10-01 23:00:00,677.08,683.94574,6.8657227,6.8657227
2026-10-02 00:00:00,678.99,656.0052,-22.984802,22.984802
2026-10-02 01:00:00,629.73,648.92206,19.192078,19.192078
2026-10-02 02:00:00,670.24,647.0007,-23.239319,23.239319
2026-10-02 03:00:00,632.13,652.8961,20.766113,20.766113
2026-10-02 04:00:00,611.69,669.5783,57.888306,57.888306
2026-10-02 05:00:00,654.52,689.2646,34.744568,34.744568
2026-10-02 06:00:00,679.63,713.44745,33.817444,33.817444
2026-10-02 07:00:00,655.65,726.04626,70.39624,70.39624
2026-10-02 08:00:00,731.71,699.1943,-32.515747,32.515747
2026-10-02 09:00:00,596.96,647.8539,50.89386,50.89386
2026-10-02 10:00:00,603.88,590.06006,-13.819946,13.819946
2026-10-02 11:00:00,540.05,554.5211,14.47113,14.47113
2026-10-02 12:00:00,552.87,536.8714,-15.998596,15.998596
2026-10-02 13:00:00,522.13,538.43054,16.300537,16.300537
2026-10-02 14:00:00,569.55,556.8784,-12.67157,12.67157
2026-10-02 15:00:00,596.98,599.2769,2.296936,2.296936
2026-10-02 16:00:00,623.0,668.47266,45.472656,45.472656
2026-10-02 17:00:00,703.29004,748.7561,45.466064,45.466064
2026-10-02 18:00:00,747.87,805.8725,58.002502,58.002502
2026-10-02 19:00:00,709.72003,814.90204,105.18201,105.18201
2026-10-02 20:00:00,736.33,791.75616,55.426147,55.426147
2026-10-02 21:00:00,760.93,754.2057,-6.724304,6.724304
2026-10-02 22:00:00,703.4,716.85,13.449951,13.449951
2026-10-02 23:00:00,651.29004,682.1,30.809937,30.809937
2026-10-03 00:00:00,535.09,550.4279,15.337891,15.337891
2026-10-03 01:00:00,543.71,545.5495,1.8394775,1.8394775
2026-10-03 02:00:00,543.93,545.92456,1.9945679,1.9945679
2026-10-03 03:00:00,577.23,554.54755,-22.682434,22.682434
2026-10-03 04:00:00,551.78,568.6247,16.844666,16.844666
2026-10-03 05:00:00,578.44,580.99774,2.5577393,2.5577393
2026-10-03 06:00:00,597.59,599.322,1.7319946,1.7319946
2026-10-03 07:00:00,570.84,615.9952,45.15515,45.15515
2026-10-03 08:00:00,585.55,591.46796,5.9179688,5.9179688
2026-10-03 09:00:00,530.38,540.78845,10.408447,10.408447
2026-10-03 10:00:00,470.38,496.5368,26.1568,26.1568
2026-10-03 11:00:00,472.78003,468.50537,-4.274658,4.274658
2026-10-03 12:00:00,454.91003,453.79132,-1.1187134,1.1187134
2026-10-03 13:00:00,412.44,450.16553,37.725525,37.725525
2026-10-03 14:00:00,479.30002,465.2234,-14.07663,14.07663
2026-10-03 15:00:00,493.76,504.6895,10.929504,10.929504
2026-10-03 16:00:00,551.98,560.5496,8.569641,8.569641
2026-10-03 17:00:00,592.38,628.09686,35.716858,35.716858
2026-10-03 18:00:00,603.56,697.1465,93.58649,93.58649
2026-10-03 19:00:00,634.04004,726.858,92.81793,92.81793
2026-10-03 20:00:00,650.16003,706.1267,55.966675,55.966675
2026-10-03 21:00:00,588.07,659.19116,71.121155,71.121155
2026-10-03 22:00:00,576.55,607.9051,31.355103,31.355103
2026-10-03 23:00:00,560.92004,568.36914,7.4490967,7.4490967
2026-10-04 00:00:00,512.17004,548.0413,35.871277,35.871277
2026-10-04 01:00:00,543.54004,543.725,0.18493652,0.18493652
2026-10-04 02:00:00,539.08,544.93506,5.8550415,5.8550415
2026-10-04 03:00:00,506.86002,551.6597,44.799713,44.799713
2026-10-04 04:00:00,541.58,562.2855,20.705505,20.705505
2026-10-04 05:00:00,590.95,578.37036,-12.579651,12.579651
2026-10-04 06:00:00,580.13,604.07916,23.949158,23.949158
2026-10-04 07:00:00,543.46,615.90643,72.44641,72.44641
2026-10-04 08:00:00,538.96,588.12683,49.16681,49.16681
2026-10-04 09:00:00,550.04004,538.4034,-11.636658,11.636658
2026-10-04 10:00:00,447.58002,491.17288,43.592865,43.592865
2026-10-04 11:00:00,476.07,459.5846,-16.485413,16.485413
2026-10-04 12:00:00,406.13,447.8247,41.694702,41.694702
2026-10-04 13:00:00,412.52002,443.4842,30.964172,30.964172
2026-10-04 14:00:00,439.55002,462.93945,23.389435,23.389435
2026-10-04 15:00:00,475.76,499.69662,23.936615,23.936615
2026-10-04 16:00:00,539.64,560.1293,20.489258,20.489258
2026-10-04 17:00:00,587.59,627.95795,40.36792,40.36792
2026-10-04 18:00:00,664.76,694.9724,30.212402,30.212402
2026-10-04 19:00:00,665.87,725.9877,60.117676,60.117676
2026-10-04 20:00:00,623.86,706.5128,82.65283,82.65283
2026-10-04 21:00:00,603.53,658.06714,54.53711,54.53711
2026-10-04 22:00:00,579.79004,606.7472,26.957153,26.957153
2026-10-04 23:00:00,525.14,565.6451,40.505066,40.505066
2026-10-05 00:00:00,616.78,653.50476,36.72473,36.72473
2026-10-05 01:00:00,670.52,662.3306,-8.189392,8.189392
2026-10-05 02:00:00,618.39,637.51556,19.12555,19.12555
2026-10-05 03:00:00,632.45,637.7774,5.3273926,5.3273926
2026-10-05 04:00:00,643.57,651.73016,8.160156,8.160156
2026-10-05 05:00:00,675.61,676.06683,0.45684814,0.45684814
2026-10-05 06:00:00,696.39,702.69525,6.305237,6.305237
2026-10-05 07:00:00,663.53,716.44055,52.910522,52.910522
2026-10-05 08:00:00,696.04,691.1794,-4.8605957,4.8605957
2026-10-05 09:00:00,635.81,642.24756,6.437561,6.437561
2026-10-05 10:00:00,579.08,590.2464,11.166382,11.166382
2026-10-05 11:00:00,607.46,555.31213,-52.14789,52.14789
2026-10-05 12:00:00,528.4,535.77203,7.3720093,7.3720093
2026-10-05 13:00:00,541.9,536.38983,-5.510193,5.510193
2026-10-05 14:00:00,532.29004,553.8685,21.578491,21.578491
2026-10-05 15:00:00,590.7,590.49744,-0.20257568,0.20257568
2026-10-05 16:00:00,592.15,651.30963,59.159607,59.159607
2026-10-05 17:00:00,683.74,722.8769,39.1369,39.1369
2026-10-05 18:00:00,728.5,786.7607,58.26068,58.26068
2026-10-05 19:00:00,759.98,802.67615,42.696167,42.696167
2026-10-05 20:00:00,741.18,783.99475,42.81476,42.81476
2026-10-05 21:00:00,737.93,749.8095,11.879517,11.879517
2026-10-05 22:00:00,672.93,710.595,37.664978,37.664978
2026-10-05 23:00:00,649.84,673.3992,23.559143,23.559143
2026-10-06 00:00:00,639.01,648.9753,9.965271,9.965271
2026-10-06 01:00:00,666.02,644.36786,-21.65216,21.65216
2026-10-06 02:00:00,680.03,650.97614,-29.053894,29.053894
2026-10-06 03:00:00,622.67,656.90826,34.23828,34.23828
2026-10-06 04:00:00,632.38,668.3738,35.993774,35.993774
2026-10-06 05:00:00,667.56,687.93365,20.373657,20.373657
2026-10-06 06:00:00,698.33,708.2632,9.9331665,9.9331665
2026-10-06 07:00:00,726.55,716.9284,-9.621582,9.621582
2026-10-06 08:00:00,694.5,698.65515,4.1551514,4.1551514
2026-10-06 09:00:00,660.79,652.2464,-8.543579,8.543579
2026-10-06 10:00:00,609.56,598.1008,-11.4591675,11.4591675
2026-10-06 11:00:00,545.61,558.1106,12.50061,12.50061
2026-10-06 12:00:00,543.15,535.9164,-7.2336426,7.2336426
2026-10-06 13:00:00,519.51,536.67633,17.16632,17.16632
2026-10-06 14:00:00,132.90002,553.70667,420.80664,420.80664
2026-10-06 15:00:00,616.68,569.1727,-47.507263,47.507263
2026-10-06 16:00:00,1181.62,623.04895,-558.57104,558.57104
2026-10-06 17:00:00,707.77,715.8078,8.037781,8.037781
2026-10-06 18:00:00,728.92,791.1105,62.19049,62.19049
2026-10-06 19:00:00,749.74,809.51917,59.779175,59.779175
2026-10-06 20:00:00,770.92,789.9475,19.027527,19.027527
2026-10-06 21:00:00,701.31,750.1061,48.79608,48.79608
2026-10-06 22:00:00,730.69,713.2786,-17.411377,17.411377
2026-10-06 23:00:00,661.71,681.93805,20.228027,20.228027
2026-10-07 00:00:00,680.31,657.747,-22.562988,22.562988
2026-10-07 01:00:00,597.86,652.04395,54.18396,54.18396
2026-10-07 02:00:00,629.73,646.3876,16.657593,16.657593
2026-10-07 03:00:00,676.18,649.19147,-26.988525,26.988525
2026-10-07 04:00:00,644.14,665.44055,21.300537,21.300537
2026-10-07 05:00:00,661.2,685.455,24.255005,24.255005
2026-10-07 06:00:00,689.03,708.88055,19.850525,19.850525
2026-10-07 07:00:00,666.55,715.6101,49.06012,49.06012
2026-10-07 08:00:00,667.76,687.8659,20.105896,20.105896
2026-10-07 09:00:00,662.13,634.2888,-27.841187,27.841187
2026-10-07 10:00:00,537.18,584.35803,47.17804,47.17804
2026-10-07 11:00:00,562.64,549.672,-12.968018,12.968018
2026-10-07 12:00:00,549.71,532.4434,-17.266602,17.266602
2026-10-07 13:00:00,515.67004,535.4913,19.821228,19.821228
2026-10-07 14:00:00,570.31,553.52356,-16.786438,16.786438
2026-10-07 15:00:00,585.03,597.89594,12.865906,12.865906
2026-10-07 16:00:00,638.41003,665.065,26.654968,26.654968
2026-10-07 17:00:00,691.72003,745.848,54.12799,54.12799
2026-10-07 18:00:00,737.06,802.2073,65.14728,65.14728
2026-10-07 19:00:00,760.19,808.3659,48.175903,48.175903
2026-10-07 20:00:00,741.53,783.9225,42.392456,42.392456
2026-10-07 21:00:00,734.37,745.6455,11.275513,11.275513
2026-10-07 22:00:00,716.74,705.1221,-11.61792,11.61792
2026-10-07 23:00:00,669.05,670.7619,1.7119141,1.7119141
2026-10-08 00:00:00,619.33,645.6654,26.335388,26.335388
2026-10-08 01:00:00,582.97003,639.5118,56.541748,56.541748
2026-10-08 02:00:00,642.34,641.3067,-1.0333252,1.0333252
2026-10-08 03:00:00,654.63,648.80023,-5.829773,5.829773
2026-10-08 04:00:00,624.0,668.70166,44.70166,44.70166
2026-10-08 05:00:00,662.64,696.7117,34.071655,34.071655
2026-10-08 06:00:00,659.0,718.5194,59.51941,59.51941
2026-10-08 07:00:00,705.35,725.9729,20.622925,20.622925
2026-10-08 08:00:00,637.99,699.23334,61.243347,61.243347
2026-10-08 09:00:00,646.88,643.38324,-3.4967651,3.4967651
2026-10-08 10:00:00,582.79004,589.21796,6.4279175,6.4279175
2026-10-08 11:00:00,557.51,553.1636,-4.3464355,4.3464355
2026-10-08 12:00:00,545.82,534.62695,-11.193054,11.193054
2026-10-08 13:00:00,563.22003,538.19415,-25.025879,25.025879
2026-10-08 14:00:00,574.29004,559.748,-14.542053,14.542053
2026-10-08 15:00:00,566.79004,599.29517,32.505127,32.505127
2026-10-08 16:00:00,674.15,664.37604,-9.773987,9.773987
2026-10-08 17:00:00,688.39,743.816,55.425964,55.425964
2026-10-08 18:00:00,708.26,802.1118,93.85181,93.85181
2026-10-08 19:00:00,748.09,809.9302,61.84015,61.84015
2026-10-08 20:00:00,720.64,785.39435,64.75433,64.75433
2026-10-08 21:00:00,693.72003,748.0526,54.33258,54.33258
2026-10-08 22:00:00,676.97003,708.045,31.074951,31.074951
2026-10-08 23:00:00,641.96,673.82654,31.866516,31.866516
2026-10-09 00:00:00,637.45,647.36273,9.91272,9.91272
2026-10-09 01:00:00,623.10004,641.95544,18.855408,18.855408
2026-10-09 02:00:00,677.44,644.47906,-32.960938,32.960938
2026-10-09 03:00:00,639.11,654.1573,15.047302,15.047302
2026-10-09 04:00:00,608.85004,675.5278,66.677734,66.677734
2026-10-09 05:00:00,675.91003,694.93555,19.025513,19.025513
2026-10-09 06:00:00,694.26,717.1124,22.852417,22.852417
2026-10-09 07:00:00,661.29,722.9479,61.657898,61.657898
2026-10-09 08:00:00,667.65,694.33246,26.682434,26.682434
2026-10-09 09:00:00,619.18,645.0766,25.896606,25.896606
2026-10-09 10:00:00,596.38,591.9625,-4.4174805,4.4174805
2026-10-09 11:00:00,526.08,556.32526,30.24524,30.24524
2026-10-09 12:00:00,551.26,535.93,-15.330017,15.330017
2026-10-09 13:00:00,541.63,536.5738,-5.0562134,5.0562134
2026-10-09 14:00:00,573.60004,551.2059,-22.394165,22.394165
2026-10-09 15:00:00,554.04004,592.44916,38.40912,38.40912
2026-10-09 16:00:00,630.55,654.7055,24.155518,24.155518
2026-10-09 17:00:00,699.27,739.6568,40.38678,40.38678
2026-10-09 18:00:00,749.85,803.4233,53.573303,53.573303
2026-10-09 19:00:00,777.52,814.7987,37.278687,37.278687
2026-10-09 20:00:00,758.77,793.29224,34.522217,34.522217
2026-10-09 21:00:00,716.81,758.528,41.718018,41.718018
2026-10-09 22:00:00,711.71,721.8274,10.117371,10.117371
2026-10-09 23:00:00,682.89,686.65436,3.7643433,3.7643433
2026-10-10 00:00:00,549.32,548.0147,-1.3052979,1.3052979
2026-10-10 01:00:00,512.84,548.6276,35.787598,35.787598
2026-10-10 02:00:00,483.66003,546.40845,62.748413,62.748413
2026-10-10 03:00:00,519.85004,554.08606,34.236023,34.236023
2026-10-10 04:00:00,523.47003,566.06445,42.59442,42.59442
2026-10-10 05:00:00,592.73,576.0585,-16.671509,16.671509
2026-10-10 06:00:00,530.54004,599.4318,68.891785,68.891785
2026-10-10 07:00:00,634.49,613.3228,-21.167175,21.167175
2026-10-10 08:00:00,580.49,593.88214,13.392151,13.392151
2026-10-10 09:00:00,563.15,543.00964,-20.14038,20.14038
2026-10-10 10:00:00,535.41003,498.63174,-36.77829,36.77829
2026-10-10 11:00:00,453.56,468.52686,14.966858,14.966858
2026-10-10 12:00:00,431.18002,450.30048,19.120453,19.120453
2026-10-10 13:00:00,424.73,447.56537,22.835358,22.835358
2026-10-10 14:00:00,443.43002,462.337,18.906982,18.906982
2026-10-10 15:00:00,461.22003,500.35846,39.138428,39.138428
2026-10-10 16:00:00,523.07,554.52637,31.45636,31.45636
2026-10-10 17:00:00,579.41003,619.65533,40.2453,40.2453
2026-10-10 18:00:00,624.52,686.905,62.38501,62.38501
2026-10-10 19:00:00,667.0,718.36993,51.369934,51.369934
2026-10-10 20:00:00,614.03,700.7672,86.73718,86.73718
2026-10-10 21:00:00,606.37,650.65283,44.282837,44.282837
2026-10-10 22:00:00,584.94,596.77026,11.830261,11.830261
2026-10-10 23:00:00,503.54004,557.5696,54.02954,54.02954
2026-10-11 00:00:00,476.41003,541.0765,64.66644,64.66644
2026-10-11 01:00:00,531.27,537.8208,6.5507812,6.5507812
2026-10-11 02:00:00,486.89,538.8745,51.984497,51.984497
2026-10-11 03:00:00,527.75,543.23376,15.483765,15.483765
2026-10-11 04:00:00,523.05,558.3732,35.323242,35.323242
2026-10-11 05:00:00,561.35004,575.465,14.11499,14.11499
2026-10-11 06:00:00,586.4,593.83795,7.4379272,7.4379272
2026-10-11 07:00:00,550.59,610.3147,59.72467,59.72467
2026-10-11 08:00:00,594.24,588.3569,-5.8831177,5.8831177
2026-10-11 09:00:00,551.84,543.0201,-8.819946,8.819946
2026-10-11 10:00:00,491.11002,499.7533,8.64328,8.64328
2026-10-11 11:00:00,485.57,465.0571,-20.512909,20.512909
2026-10-11 12:00:00,435.18002,448.9817,13.801666,13.801666
2026-10-11 13:00:00,417.17,443.73483,26.56482,26.56482
2026-10-11 14:00:00,450.76,459.07587,8.315857,8.315857
2026-10-11 15:00:00,483.55002,500.31537,16.76535,16.76535
2026-10-11 16:00:00,524.29004,557.82385,33.533813,33.533813
2026-10-11 17:00:00,599.83,623.11426,23.28424,23.28424
2026-10-11 18:00:00,642.42,687.8675,45.44751,45.44751
2026-10-11 19:00:00,597.26,714.56805,117.308044,117.308044
2026-10-11 20:00:00,668.82,692.63696,23.816956,23.816956
2026-10-11 21:00:00,610.47003,650.2816,39.811584,39.811584
2026-10-11 22:00:00,592.67,605.48285,12.812866,12.812866
2026-10-11 23:00:00,548.12,567.08484,18.964844,18.964844
2026-10-12 00:00:00,597.55,641.4738,43.92383,43.92383
2026-10-12 01:00:00,590.54004,646.2875,55.747437,55.747437
2026-10-12 02:00:00,612.77,637.89246,25.122437,25.122437
2026-10-12 03:00:00,636.07,641.56445,5.494446,5.494446
2026-10-12 04:00:00,620.83,660.6925,39.862488,39.862488
2026-10-12 05:00:00,681.8,681.0996,-0.7003784,0.7003784
2026-10-12 06:00:00,675.39,706.88635,31.496338,31.496338
2026-10-12 07:00:00,720.85,723.65076,2.8007812,2.8007812
2026-10-12 08:00:00,683.37,704.85095,21.480957,21.480957
2026-10-12 09:00:00,649.0,653.0352,4.0352173,4.0352173
2026-10-12 10:00:00,574.97003,596.9843,22.014282,22.014282
2026-10-12 11:00:00,537.36,556.14764,18.787659,18.787659
2026-10-12 12:00:00,510.01,535.45435,25.444336,25.444336
2026-10-12 13:00:00,510.19,535.4819,25.29187,25.29187
2026-10-12 14:00:00,536.2,553.2765,17.076477,17.076477
2026-10-12 15:00:00,606.52,590.3434,-16.176636,16.176636
2026-10-12 16:00:00,675.05,648.49347,-26.556519,26.556519
2026-10-12 17:00:00,656.21,728.25464,72.04462,72.04462
2026-10-12 18:00:00,740.83,783.6991,42.86908,42.86908
2026-10-12 19:00:00,754.17,797.16205,42.992065,42.992065
2026-10-12 20:00:00,739.87,777.5363,37.66632,37.66632
2026-10-12 21:00:00,692.88,744.3719,51.491882,51.491882
2026-10-12 22:00:00,699.67,707.2704,7.600403,7.600403
2026-10-12 23:00:00,658.08,673.74115,15.661133,15.661133
2026-10-13 00:00:00,643.52,646.8292,3.309204,3.309204
2026-10-13 01:00:00,628.97003,639.36365,10.393616,10.393616
2026-10-13 02:00:00,584.51,637.5669,53.056885,53.056885
2026-10-13 03:00:00,617.42,647.7934,30.373413,30.373413
2026-10-13 04:00:00,655.14,661.66486,6.5248413,6.5248413
2026-10-13 05:00:00,663.14,683.69806,20.558044,20.558044
2026-10-13 06:00:00,688.84,713.93634,25.096313,25.096313
2026-10-13 07:00:00,712.94,724.3981,11.458069,11.458069
2026-10-13 08:00:00,660.25,695.4568,35.206787,35.206787
2026-10-13 09:00:00,654.31,641.64923,-12.660767,12.660767
2026-10-13 10:00:00,656.61,585.4336,-71.17639,71.17639
2026-10-13 11:00:00,584.54004,553.2753,-31.26471,31.26471
2026-10-13 12:00:00,554.96,536.48114,-18.478882,18.478882
2026-10-13 13:00:00,551.81,540.3203,-11.489685,11.489685
2026-10-13 14:00:00,572.71,561.12103,-11.588989,11.588989
2026-10-13 15:00:00,588.52,598.8787,10.358704,10.358704
2026-10-13 16:00:00,634.23,663.5175,29.287537,29.287537
2026-10-13 17:00:00,716.49,739.0903,22.60028,22.60028
2026-10-13 18:00:00,685.03,794.64374,109.61371,109.61371
2026-10-13 19:00:00,714.58,797.2822,82.70221,82.70221
2026-10-13 20:00:00,711.31,770.06854,58.758545,58.758545
2026-10-13 21:00:00,700.85,730.4744,29.62445,29.62445
2026-10-13 22:00:00,688.91003,689.8524,0.9423828,0.9423828
2026-10-13 23:00:00,686.55,658.0181,-28.53186,28.53186
2026-10-14 00:00:00,605.95,636.3409,30.39087,30.39087
2026-10-14 01:00:00,664.06,632.26447,-31.795532,31.795532
2026-10-14 02:00:00,616.41003,635.03625,18.62622,18.62622
2026-10-14 03:00:00,648.19,646.20215,-1.987854,1.987854
2026-10-14 04:00:00,636.22003,663.8592,27.63916,27.63916
2026-10-14 05:00:00,628.64,687.00903,58.36902,58.36902
2026-10-14 06:00:00,709.96,710.15216,0.19213867,0.19213867
2026-10-14 07:00:00,673.31,722.5221,49.212097,49.212097
2026-10-14 08:00:00,637.69,695.60516,57.91516,57.91516
2026-10-14 09:00:00,649.48,640.4726,-9.007385,9.007385
2026-10-14 10:00:00,619.19,587.4431,-31.746887,31.746887
2026-10-14 11:00:00,596.7,554.7695,-41.930542,41.930542
2026-10-14 12:00:00,559.61,538.22943,-21.380554,21.380554
2026-10-14 13:00:00,551.01,536.2816,-14.728394,14.728394
2026-10-14 14:00:00,526.58,553.993,27.412964,27.412964
2026-10-14 15:00:00,536.12,592.41425,56.29425,56.29425
2026-10-14 16:00:00,591.46,653.62756,62.16754,62.16754
2026-10-14 17:00:00,707.2,728.8396,21.639587,21.639587
2026-10-14 18:00:00,747.53,793.81726,46.28723,46.28723
2026-10-14 19:00:00,750.47,808.5206,58.05066,58.05066
2026-10-14 20:00:00,763.18,784.3447,21.164734,21.164734
2026-10-14 21:00:00,728.96,746.469,17.508972,17.508972
2026-10-14 22:00:00,679.83,705.40283,25.572815,25.572815
2026-10-14 23:00:00,669.92,668.5446,-1.3753662,1.3753662
2026-10-15 00:00:00,601.44,643.5175,42.077515,42.077515
2026-10-15 01:00:00,687.51,638.2005,-49.30951,49.30951
2026-10-15 02:00:00,581.99,639.72864,57.738647,57.738647
2026-10-15 03:00:00,617.87,643.91675,26.046753,26.046753
2026-10-15 04:00:00,619.19,658.63983,39.44983,39.44983
2026-10-15 05:00:00,650.01,689.34827,39.338257,39.338257
2026-10-15 06:00:00,680.61,715.7935,35.183533,35.183533
2026-10-15 07:00:00,728.28,722.7802,-5.499817,5.499817
2026-10-15 08:00:00,692.59,698.7408,6.150757,6.150757
2026-10-15 09:00:00,646.22003,645.9098,-0.3102417,0.3102417
2026-10-15 10:00:00,617.08,590.62494,-26.455078,26.455078
2026-10-15 11:00:00,542.35004,553.86664,11.516602,11.516602
2026-10-15 12:00:00,545.57,534.1665,-11.403503,11.403503
2026-10-15 13:00:00,526.53,537.1877,10.657654,10.657654
2026-10-15 14:00:00,513.88,556.5251,42.64508,42.64508
2026-10-15 15:00:00,564.21,595.2181,31.008057,31.008057
2026-10-15 16:00:00,617.23,657.48456,40.254578,40.254578
2026-10-15 17:00:00,736.75,736.4478,-0.30218506,0.30218506
2026-10-15 18:00:00,735.41003,799.9848,64.57477,64.57477
2026-10-15 19:00:00,747.32,807.84894,60.52893,60.52893
2026-10-15 20:00:00,727.39,781.3965,54.00647,54.00647
2026-10-15 21:00:00,673.69,746.48975,72.79974,72.79974
2026-10-15 22:00:00,660.06,710.1917,50.131714,50.131714
2026-10-15 23:00:00,638.0,677.502,39.502014,39.502014
2026-10-16 00:00:00,652.34,649.8727,-2.4673462,2.4673462
2026-10-16 01:00:00,624.88,639.7885,14.908508,14.908508
2026-10-16 02:00:00,628.05,638.60236,10.552368,10.552368
2026-10-16 03:00:00,654.88,646.2006,-8.679382,8.679382
2026-10-16 04:00:00,657.48,663.7128,6.232849,6.232849
2026-10-16 05:00:00,670.22003,689.20966,18.989624,18.989624
2026-10-16 06:00:00,715.37,716.7036,1.3336182,1.3336182
2026-10-16 07:00:00,676.05,724.82495,48.774963,48.774963
2026-10-16 08:00:00,622.46,698.27356,75.81354,75.81354
2026-10-16 09:00:00,655.03,645.13684,-9.893188,9.893188
2026-10-16 10:00:00,584.51,591.78687,7.2768555,7.2768555
2026-10-16 11:00:00,581.61,556.7642,-24.845764,24.845764
2026-10-16 12:00:00,536.44,537.3544,0.9143677,0.9143677
2026-10-16 13:00:00,605.74,539.19904,-66.540955,66.540955
2026-10-16 14:00:00,574.15,559.7643,-14.385742,14.385742
2026-10-16 15:00:00,589.67,597.6147,7.944702,7.944702
2026-10-16 16:00:00,657.19,662.5812,5.3911743,5.3911743
2026-10-16 17:00:00,661.83,744.6008,82.77081,82.77081
2026-10-16 18:00:00,724.09,799.04614,74.956116,74.956116
2026-10-16 19:00:00,730.09,803.3709,73.28088,73.28088
2026-10-16 20:00:00,734.72003,779.5133,44.793274,44.793274
2026-10-16 21:00:00,674.72003,744.3672,69.647156,69.647156
2026-10-16 22:00:00,649.27,707.0989,57.828857,57.828857
2026-10-16 23:00:00,639.36,669.56366,30.203674,30.203674
2026-10-17 00:00:00,471.98,535.4614,63.481415,63.481415
2026-10-17 01:00:00,505.83002,535.753,29.922974,29.922974
2026-10-17 02:00:00,484.45,539.7362,55.286194,55.286194
2026-10-17 03:00:00,508.98,542.31244,33.332428,33.332428
2026-10-17 04:00:00,489.40002,559.46094,70.06091,70.06091
2026-10-17 05:00:00,579.31,572.4428,-6.8671875,6.8671875
2026-10-17 06:00:00,603.66003,593.4329,-10.227112,10.227112
2026-10-17 07:00:00,565.42004,609.92725,44.507202,44.507202
2026-10-17 08:00:00,584.51,589.9561,5.446106,5.446106
2026-10-17 09:00:00,561.75,543.8124,-17.937622,17.937622
2026-10-17 10:00:00,505.69,497.72552,-7.9644775,7.9644775
2026-10-17 11:00:00,427.89,464.2615,36.37149,36.37149
2026-10-17 12:00:00,398.48,453.17865,54.69864,54.69864
2026-10-17 13:00:00,461.74002,451.58923,-10.150787,10.150787
2026-10-17 14:00:00,411.17004,472.52112,61.351074,61.351074
2026-10-17 15:00:00,483.48004,508.39215,24.91211,24.91211
2026-10-17 16:00:00,502.79,562.9764,60.18637,60.18637
2026-10-17 17:00:00,554.92,621.77783,66.85785,66.85785
2026-10-17 18:00:00,616.41003,683.2682,66.858154,66.858154
2026-10-17 19:00:00,652.79,712.6809,59.89093,59.89093
2026-10-17 20:00:00,630.04004,696.54297,66.50293,66.50293
2026-10-17 21:00:00,569.3,650.63715,81.33716,81.33716
2026-10-17 22:00:00,564.54004,598.8294,34.289368,34.289368
2026-10-17 23:00:00,523.09,560.03723,36.947205,36.947205
2026-10-18 00:00:00,511.78,541.85986,30.079865,30.079865
2026-10-18 01:00:00,524.66003,542.6291,17.969055,17.969055
2026-10-18 02:00:00,505.88,543.4349,37.55487,37.55487
2026-10-18 03:00:00,518.25,547.95886,29.708862,29.708862
2026-10-18 04:00:00,517.65,556.9775,39.327454,39.327454
2026-10-18 05:00:00,561.45,573.3305,11.880493,11.880493
2026-10-18 06:00:00,580.72003,589.2175,8.497498,8.497498
2026-10-18 07:00:00,586.48,607.3847,20.904724,20.904724
2026-10-18 08:00:00,568.34,590.0906,21.75055,21.75055
2026-10-18 09:00:00,579.0,544.11285,-34.887146,34.887146
2026-10-18 10:00:00,491.81,499.70618,7.896179,7.896179
2026-10-18 11:00:00,452.65002,465.8976,13.247589,13.247589
2026-10-18 12:00:00,405.64,448.99167,43.351654,43.351654
2026-10-18 13:00:00,465.64,442.9088,-22.731201,22.731201
2026-10-18 14:00:00,463.05002,460.5174,-2.5326233,2.5326233
2026-10-18 15:00:00,485.71002,498.6894,12.97937,12.97937
2026-10-18 16:00:00,487.13,555.0927,67.96271,67.96271
2026-10-18 17:00:00,590.32,613.579,23.258972,23.258972
2026-10-18 18:00:00,622.99,680.3235,57.333496,57.333496
2026-10-18 19:00:00,657.71,709.7385,52.028503,52.028503
2026-10-18 20:00:00,630.13,694.0625,63.932495,63.932495
2026-10-18 21:00:00,596.64,649.6474,53.007385,53.007385
2026-10-18 22:00:00,557.39,603.338,45.947998,45.947998
2026-10-18 23:00:00,543.08,564.42615,21.34613,21.34613
2026-10-19 00:00:00,641.14,647.9921,6.852112,6.852112
2026-10-19 01:00:00,649.52,659.4976,9.9776,9.9776
2026-10-19 02:00:00,606.08,645.83124,39.75122,39.75122
2026-10-19 03:00:00,628.58,652.13983,23.559814,23.559814
2026-10-19 04:00:00,616.22003,665.55676,49.33673,49.33673
2026-10-19 05:00:00,650.53,687.2158,36.68579,36.68579
2026-10-19 06:00:00,670.18,708.054,37.874023,37.874023
2026-10-19 07:00:00,675.34,719.1258,43.785767,43.785767
2026-10-19 08:00:00,680.36,698.8768,18.516785,18.516785
2026-10-19 09:00:00,680.59,651.0237,-29.566345,29.566345
2026-10-19 10:00:00,569.99,598.67865,28.68866,28.68866
2026-10-19 11:00:00,557.84,556.5291,-1.3109131,1.3109131
2026-10-19 12:00:00,523.52,532.77203,9.252014,9.252014
2026-10-19 13:00:00,524.38,533.38574,9.005737,9.005737
2026-10-19 14:00:00,586.24,553.3046,-32.935364,32.935364
2026-10-19 15:00:00,590.92,591.60925,0.68927,0.68927
2026-10-19 16:00:00,613.97003,650.68414,36.71411,36.71411
2026-10-19 17:00:00,715.09,725.3332,10.243164,10.243164
2026-10-19 18:00:00,739.46,783.68713,44.22711,44.22711
2026-10-19 19:00:00,727.66003,794.71985,67.059814,67.059814
2026-10-19 20:00:00,732.74,772.91705,40.177063,40.177063
2026-10-19 21:00:00,705.87,735.2733,29.40332,29.40332
2026-10-19 22:00:00,690.38,693.8282,3.4481812,3.4481812
2026-10-19 23:00:00,660.0,660.8353,0.83532715,0.83532715
2026-10-20 00:00:00,622.72003,637.454,14.733948,14.733948
2026-10-20 01:00:00,641.29004,631.24097,-10.049072,10.049072
2026-10-20 02:00:00,619.67,634.2575,14.587524,14.587524
2026-10-20 03:00:00,631.45,639.65686,8.206848,8.206848
2026-10-20 04:00:00,683.39,652.8387,-30.55133,30.55133
2026-10-20 05:00:00,625.52,677.74854,52.228516,52.228516
2026-10-20 06:00:00,707.81,698.1805,-9.629517,9.629517
2026-10-20 07:00:00,672.35004,709.10535,36.75531,36.75531
2026-10-20 08:00:00,688.07,685.3985,-2.6715088,2.6715088
2026-10-20 09:00:00,643.07,637.5912,-5.478821,5.478821
2026-10-20 10:00:00,574.48,587.10535,12.625366,12.625366
2026-10-20 11:00:00,537.76,553.20044,15.44043,15.44043
2026-10-20 12:00:00,517.62,536.5288,18.908813,18.908813
2026-10-20 13:00:00,537.39,538.17773,0.7877197,0.7877197
2026-10-20 14:00:00,544.97003,558.2461,13.276062,13.276062
2026-10-20 15:00:00,585.71,597.81067,12.100647,12.100647
2026-10-20 16:00:00,659.82,659.1799,-0.6401367,0.6401367
2026-10-20 17:00:00,662.17,726.67096,64.50098,64.50098
2026-10-20 18:00:00,721.38,775.5488,54.168823,54.168823
2026-10-20 19:00:00,732.29004,781.09247,48.80243,48.80243
2026-10-20 20:00:00,756.74,754.8767,-1.8632812,1.8632812
2026-10-20 21:00:00,698.35,715.6671,17.317139,17.317139
2026-10-20 22:00:00,685.46,685.1494,-0.3106079,0.3106079
2026-10-20 23:00:00,620.99,657.57367,36.58368,36.58368
2026-10-21 00:00:00,625.76,635.17786,9.417847,9.417847
2026-10-21 01:00:00,633.83,630.3613,-3.468689,3.468689
2026-10-21 02:00:00,621.99,631.41724,9.427246,9.427246
2026-10-21 03:00:00,619.31,638.5558,19.245789,19.245789
2026-10-21 04:00:00,609.23,653.25494,44.024963,44.024963
2026-10-21 05:00:00,699.41003,676.3478,-23.062256,23.062256
2026-10-21 06:00:00,688.17,703.2685,15.098511,15.098511
2026-10-21 07:00:00,746.14,719.1255,-27.014526,27.014526
2026-10-21 08:00:00,692.59,699.0617,6.4716797,6.4716797
2026-10-21 09:00:00,657.14,645.6033,-11.536743,11.536743
2026-10-21 10:00:00,590.55,588.61816,-1.9318237,1.9318237
2026-10-21 11:00:00,556.47003,552.56494,-3.9050903,3.9050903
2026-10-21 12:00:00,537.28,534.9362,-2.343811,2.343811
2026-10-21 13:00:00,555.32,536.28284,-19.03717,19.03717
2026-10-21 14:00:00,575.49,557.77,-17.71997,17.71997
2026-10-21 15:00:00,563.72003,594.956,31.235962,31.235962
2026-10-21 16:00:00,608.15,653.5812,45.431152,45.431152
2026-10-21 17:00:00,668.27,728.3847,60.114685,60.114685
2026-10-21 18:00:00,745.43,791.29645,45.866455,45.866455
2026-10-21 19:00:00,737.1,802.2959,65.19592,65.19592
2026-10-21 20:00:00,732.31,779.18805,46.87805,46.87805
2026-10-21 21:00:00,745.32,741.9797,-3.340332,3.340332
2026-10-21 22:00:00,669.24,702.35693,33.116943,33.116943
2026-10-21 23:00:00,625.76,664.9997,39.239685,39.239685
2026-10-22 00:00:00,660.37,635.03064,-25.339355,25.339355
2026-10-22 01:00:00,624.35004,629.28876,4.9387207,4.9387207
2026-10-22 02:00:00,651.84,629.72797,-22.11206,22.11206
2026-10-22 03:00:00,657.08,638.12286,-18.957153,18.957153
2026-10-22 04:00:00,649.29004,660.6198,11.329773,11.329773
2026-10-22 05:00:00,670.13,683.66693,13.536926,13.536926
2026-10-22 06:00:00,672.82,702.72363,29.903625,29.903625
2026-10-22 07:00:00,685.83,710.6535,24.823486,24.823486
2026-10-22 08:00:00,707.79004,688.2338,-19.556213,19.556213
2026-10-22 09:00:00,646.29,642.0458,-4.2442017,4.2442017
2026-10-22 10:00:00,578.69,593.75415,15.064148,15.064148
2026-10-22 11:00:00,510.58002,555.7332,45.1532,45.1532
2026-10-22 12:00:00,540.61,533.7252,-6.8847656,6.8847656
2026-10-22 13:00:00,497.43,534.518,37.088013,37.088013
2026-10-22 14:00:00,583.13,551.84686,-31.283142,31.283142
2026-10-22 15:00:00,594.54004,593.35913,-1.1809082,1.1809082
2026-10-22 16:00:00,628.78,661.1327,32.35266,32.35266
2026-10-22 17:00:00,705.85,738.4147,32.564697,32.564697
2026-10-22 18:00:00,736.64,793.71576,57.075745,57.075745
2026-10-22 19:00:00,753.6,798.37213,44.772156,44.772156
2026-10-22 20:00:00,713.65,773.8892,60.239197,60.239197
2026-10-22 21:00:00,720.61,735.22406,14.614075,14.614075
2026-10-22 22:00:00,668.63,702.2585,33.62848,33.62848
2026-10-22 23:00:00,654.27,674.8193,20.549255,20.549255
2026-10-23 00:00:00,599.94,652.8799,52.93988,52.93988
2026-10-23 01:00:00,598.36,643.18445,44.824463,44.824463
2026-10-23 02:00:00,611.84,639.5988,27.75879,27.75879
2026-10-23 03:00:00,626.8,645.20703,18.407043,18.407043
2026-10-23 04:00:00,663.74,661.7544,-1.9855957,1.9855957
2026-10-23 05:00:00,590.47003,689.3368,98.86676,98.86676
2026-10-23 06:00:00,731.98,710.2202,-21.759766,21.759766
2026-10-23 07:00:00,690.41003,721.4602,31.05017,31.05017
2026-10-23 08:00:00,687.34,700.0111,12.671082,12.671082
2026-10-23 09:00:00,646.12,650.5489,4.428894,4.428894
2026-10-23 10:00:00,585.5,596.06934,10.569336,10.569336
2026-10-23 11:00:00,566.45,558.8578,-7.592224,7.592224
2026-10-23 12:00:00,545.2,538.9652,-6.2348022,6.2348022
2026-10-23 13:00:00,537.65,539.21436,1.564331,1.564331
2026-10-23 14:00:00,506.39,557.644,51.253967,51.253967
2026-10-23 15:00:00,551.38,591.80835,40.428345,40.428345
2026-10-23 16:00:00,643.36,651.8474,8.487427,8.487427
2026-10-23 17:00:00,699.93,728.37915,28.449158,28.449158
2026-10-23 18:00:00,723.58,788.2079,64.62787,64.62787
2026-10-23 19:00:00,738.67,800.951,62.281006,62.281006
2026-10-23 20:00:00,712.28,780.3516,68.071594,68.071594
2026-10-23 21:00:00,720.9,742.7536,21.853577,21.853577
2026-10-23 22:00:00,674.32,702.39703,28.077026,28.077026
2026-10-23 23:00:00,639.58,660.903,21.322998,21.322998
2026-10-24 00:00:00,501.23,531.0664,29.836395,29.836395
2026-10-24 01:00:00,526.64,535.7489,9.108887,9.108887
2026-10-24 02:00:00,511.87003,540.2466,28.376556,28.376556
2026-10-24 03:00:00,529.06,543.58813,14.528137,14.528137
2026-10-24 04:00:00,527.82,560.3268,32.506775,32.506775
2026-10-24 05:00:00,558.27,577.3848,19.114807,19.114807
2026-10-24 06:00:00,587.2,597.3656,10.165588,10.165588
2026-10-24 07:00:00,591.8,614.4158,22.615784,22.615784
2026-10-24 08:00:00,569.68,596.9007,27.220703,27.220703
2026-10-24 09:00:00,467.42,551.0868,83.66678,83.66678
2026-10-24 10:00:00,485.81,499.4507,13.640717,13.640717
2026-10-24 11:00:00,453.25,467.26825,14.0182495,14.0182495
2026-10-24 12:00:00,441.74002,452.6123,10.872284,10.872284
2026-10-24 13:00:00,399.29004,447.96158,48.67154,48.67154
2026-10-24 14:00:00,414.0,463.30884,49.308838,49.308838
2026-10-24 15:00:00,441.23,499.39197,58.161957,58.161957
2026-10-24 16:00:00,555.7,547.98083,-7.7191772,7.7191772
2026-10-24 17:00:00,579.37,613.1724,33.80243,33.80243
2026-10-24 18:00:00,636.5,678.50745,42.007446,42.007446
2026-10-24 19:00:00,589.51,712.79346,123.28345,123.28345
2026-10-24 20:00:00,620.31,683.72473,63.414734,63.414734
2026-10-24 21:00:00,606.78,642.92975,36.14972,36.14972
2026-10-24 22:00:00,579.66003,598.49023,18.8302,18.8302
2026-10-24 23:00:00,525.72003,559.7382,34.01819,34.01819
2026-10-25 00:00:00,494.71002,536.8569,42.14685,42.14685
2026-10-25 01:00:00,496.88,532.7749,35.894897,35.894897
2026-10-25 02:00:00,530.1,532.2245,2.1245117,2.1245117
2026-10-25 03:00:00,480.24002,540.0815,59.84146,59.84146
2026-10-25 04:00:00,528.38,549.79333,21.41333,21.41333
2026-10-25 05:00:00,483.90002,570.22437,86.32434,86.32434
2026-10-25 06:00:00,595.60004,585.5338,-10.066223,10.066223
2026-10-25 07:00:00,577.45,604.8891,27.439087,27.439087
2026-10-25 08:00:00,599.79004,591.9109,-7.8791504,7.8791504
2026-10-25 09:00:00,527.0,549.86865,22.868652,22.868652
2026-10-25 10:00:00,478.42,502.2433,23.823273,23.823273
2026-10-25 11:00:00,444.94,465.91263,20.972626,20.972626
2026-10-25 12:00:00,419.0,448.1203,29.1203,29.1203
2026-10-25 13:00:00,386.39,442.51532,56.125305,56.125305
2026-10-25 14:00:00,423.82,457.71912,33.89911,33.89911
2026-10-25 15:00:00,418.26,491.74304,73.48303,73.48303
2026-10-25 16:00:00,528.85,540.77167,11.921692,11.921692
2026-10-25 17:00:00,564.01,606.12067,42.110657,42.110657
2026-10-25 18:00:00,639.14,671.3393,32.19928,32.19928
2026-10-25 19:00:00,673.60004,702.38776,28.78772,28.78772
2026-10-25 20:00:00,580.38,689.3448,108.96478,108.96478
2026-10-25 21:00:00,598.18,644.20807,46.028076,46.028076
2026-10-25 22:00:00,550.62,597.13696,46.516968,46.516968
2026-10-25 23:00:00,547.45,560.43506,12.985046,12.985046
2026-10-26 00:00:00,609.33,644.7163,35.38629,35.38629
2026-10-26 01:00:00,624.38,652.2477,27.867676,27.867676
2026-10-26 02:00:00,599.15,639.78796,40.63794,40.63794
2026-10-26 03:00:00,612.65,638.06165,25.411621,25.411621
2026-10-26 04:00:00,631.7,655.0072,23.30719,23.30719
2026-10-26 05:00:00,620.3,681.31006,61.01007,61.01007
2026-10-26 06:00:00,651.89,700.5052,48.615173,48.615173
2026-10-26 07:00:00,692.89,712.7041,19.814087,19.814087
2026-10-26 08:00:00,674.72003,697.6781,22.958069,22.958069
2026-10-26 09:00:00,663.92,653.39484,-10.5251465,10.5251465
2026-10-26 10:00:00,601.0,600.77356,-0.22644043,0.22644043
2026-10-26 11:00:00,546.72003,561.3574,14.63739,14.63739
2026-10-26 12:00:00,538.38,537.2329,-1.1470947,1.1470947
2026-10-26 13:00:00,529.18,535.1354,5.9553833,5.9553833
2026-10-26 14:00:00,518.73,553.98505,35.255066,35.255066
2026-10-26 15:00:00,594.54004,587.46313,-7.0769043,7.0769043
2026-10-26 16:00:00,621.51,645.38324,23.87323,23.87323
2026-10-26 17:00:00,639.35004,714.3477,74.99768,74.99768
2026-10-26 18:00:00,707.76,766.1783,58.418274,58.418274
2026-10-26 19:00:00,783.71,776.1544,-7.555603,7.555603
2026-10-26 20:00:00,742.5,754.39185,11.891846,11.891846
2026-10-26 21:00:00,728.99,718.7565,-10.2335205,10.2335205
2026-10-26 22:00:00,640.23,683.03973,42.809753,42.809753
2026-10-26 23:00:00,660.5,651.12714,-9.372864,9.372864
2026-10-27 00:00:00,604.88,630.4866,25.606567,25.606567
2026-10-27 01:00:00,593.06,631.2836,38.223633,38.223633
2026-10-27 02:00:00,626.53,634.3125,7.7824707,7.7824707
2026-10-27 03:00:00,605.45,639.3303,33.88031,33.88031
2026-10-27 04:00:00,623.26,652.047,28.786987,28.786987
2026-10-27 05:00:00,638.34,679.0864,40.7464,40.7464
2026-10-27 06:00:00,623.37,701.8764,78.50641,78.50641
2026-10-27 07:00:00,643.88,711.8108,67.930786,67.930786
2026-10-27 08:00:00,695.46,688.09845,-7.3615723,7.3615723
2026-10-27 09:00:00,616.53,640.07086,23.540833,23.540833
2026-10-27 10:00:00,621.13,586.7931,-34.336914,34.336914
2026-10-27 11:00:00,560.48,550.9521,-9.527893,9.527893
2026-10-27 12:00:00,503.43,533.03937,29.609375,29.609375
2026-10-27 13:00:00,531.88,531.2844,-0.59558105,0.59558105
2026-10-27 14:00:00,550.45,550.74054,0.29052734,0.29052734
2026-10-27 15:00:00,593.94,589.2857,-4.654297,4.654297
2026-10-27 16:00:00,630.66003,652.8909,22.230896,22.230896
2026-10-27 17:00:00,665.4,730.87384,65.473816,65.473816
2026-10-27 18:00:00,731.71,784.7212,53.01117,53.01117
2026-10-27 19:00:00,751.92,792.6115,40.69153,40.69153
2026-10-27 20:00:00,705.88,769.0532,63.173218,63.173218
2026-10-27 21:00:00,716.26,724.0416,7.781616,7.781616
2026-10-27 22:00:00,661.02,685.29004,24.27002,24.27002
2026-10-27 23:00:00,654.71,654.2701,-0.4399414,0.4399414
2026-10-28 00:00:00,611.27,636.3494,25.079407,25.079407
2026-10-28 01:00:00,577.47003,635.805,58.33496,58.33496
2026-10-28 02:00:00,630.01,633.42065,3.4106445,3.4106445
2026-10-28 03:00:00,671.41003,637.68066,-33.72937,33.72937
2026-10-28 04:00:00,613.75,657.5919,43.84192,43.84192
2026-10-28 05:00:00,650.0,688.6434,38.64337,38.64337
2026-10-28 06:00:00,673.38,711.13153,37.751526,37.751526
2026-10-28 07:00:00,701.01,721.4923,20.4823,20.4823
2026-10-28 08:00:00,678.75,696.4472,17.697205,17.697205
2026-10-28 09:00:00,616.63,639.7066,23.0766,23.0766
2026-10-28 10:00:00,591.84,584.8844,-6.9556274,6.9556274
2026-10-28 11:00:00,528.69,550.2418,21.551819,21.551819
2026-10-28 12:00:00,551.54004,531.08136,-20.45868,20.45868
2026-10-28 13:00:00,539.81,531.9583,-7.8516846,7.8516846
2026-10-28 14:00:00,544.98,549.7334,4.753418,4.753418
2026-10-28 15:00:00,576.98,586.7112,9.731201,9.731201
2026-10-28 16:00:00,626.72003,649.07983,22.359802,22.359802
2026-10-28 17:00:00,701.89,724.23114,22.341125,22.341125
2026-10-28 18:00:00,758.67,785.83984,27.16986,27.16986
2026-10-28 19:00:00,742.84,796.2137,53.373657,53.373657
2026-10-28 20:00:00,714.12,773.11224,58.99225,58.99225
2026-10-28 21:00:00,674.4,734.7023,60.302246,60.302246
2026-10-28 22:00:00,684.77,692.34283,7.572815,7.572815
2026-10-28 23:00:00,617.45,659.56934,42.119324,42.119324
2026-10-29 00:00:00,609.86,634.8873,25.027344,25.027344
2026-10-29 01:00:00,608.07,629.293,21.223022,21.223022
2026-10-29 02:00:00,662.55,628.563,-33.987,33.987
2026-10-29 03:00:00,651.07,637.28656,-13.783447,13.783447
2026-10-29 04:00:00,671.89,653.6012,-18.288818,18.288818
2026-10-29 05:00:00,639.15,679.19507,40.045044,40.045044
2026-10-29 06:00:00,711.39,704.8272,-6.562805,6.562805
2026-10-29 07:00:00,673.0,716.78375,43.783752,43.783752
2026-10-29 08:00:00,674.38,690.1855,15.805481,15.805481
2026-10-29 09:00:00,608.82,641.57886,32.75885,32.75885
2026-10-29 10:00:00,603.3,590.56836,-12.731628,12.731628
2026-10-29 11:00:00,567.39,559.9173,-7.4727173,7.4727173
2026-10-29 12:00:00,511.40002,540.4016,29.001587,29.001587
2026-10-29 13:00:00,524.3,540.6923,16.392334,16.392334
2026-10-29 14:00:00,581.05,560.7287,-20.32129,20.32129
2026-10-29 15:00:00,563.92004,601.0279,37.10785,37.10785
2026-10-29 16:00:00,615.88,661.8906,46.01062,46.01062
2026-10-29 17:00:00,685.66003,733.2454,47.58539,47.58539
2026-10-29 18:00:00,756.24,787.15204,30.912048,30.912048
2026-10-29 19:00:00,724.31,793.24695,68.93695,68.93695
2026-10-29 20:00:00,689.84,768.8172,78.97717,78.97717
2026-10-29 21:00:00,707.81,731.04834,23.238342,23.238342
2026-10-29 22:00:00,687.39,691.8751,4.4851074,4.4851074
2026-10-29 23:00:00,668.15,659.50195,-8.648071,8.648071
2026-10-30 00:00:00,626.88,633.79926,6.9192505,6.9192505
2026-10-30 01:00:00,596.65,629.5097,32.85968,32.85968
2026-10-30 02:00:00,636.7,628.328,-8.372009,8.372009
2026-10-30 03:00:00,642.77,636.63446,-6.135559,6.135559
2026-10-30 04:00:00,619.09,656.1743,37.08429,37.08429
2026-10-30 05:00:00,666.98,684.611,17.631042,17.631042
2026-10-30 06:00:00,637.99,710.13806,72.14807,72.14807
2026-10-30 07:00:00,720.23,713.144,-7.0859985,7.0859985
2026-10-30 08:00:00,657.71,691.05414,33.344116,33.344116
2026-10-30 09:00:00,586.26,641.9825,55.722473,55.722473
2026-10-30 10:00:00,573.38,587.8218,14.441772,14.441772
2026-10-30 11:00:00,566.01,555.0323,-10.977722,10.977722
2026-10-30 12:00:00,561.84,537.25916,-24.580872,24.580872
2026-10-30 13:00:00,548.23,537.6218,-10.608154,10.608154
2026-10-30 14:00:00,506.46002,554.45544,47.995422,47.995422
2026-10-30 15:00:00,551.91003,589.84247,37.932434,37.932434
2026-10-30 16:00:00,601.72003,650.0245,48.304443,48.304443
2026-10-30 17:00:00,678.8,723.14343,44.343445,44.343445
2026-10-30 18:00:00,705.89,785.34814,79.45813,79.45813
2026-10-30 19:00:00,740.51,796.2768,55.766785,55.766785
2026-10-30 20:00:00,750.29004,773.99084,23.700806,23.700806
2026-10-30 21:00:00,701.1,739.0271,37.927124,37.927124
2026-10-30 22:00:00,697.6,704.0604,6.460449,6.460449
2026-10-30 23:00:00,639.35004,671.35345,32.003418,32.003418
2026-10-31 00:00:00,537.19,541.9015,4.711487,4.711487
2026-10-31 01:00:00,532.79004,538.9032,6.113159,6.113159
2026-10-31 02:00:00,522.47003,544.25415,21.784119,21.784119
2026-10-31 03:00:00,518.60004,547.03595,28.435913,28.435913
2026-10-31 04:00:00,555.3,561.7626,6.4625854,6.4625854
2026-10-31 05:00:00,563.14,574.17694,11.036926,11.036926
2026-10-31 06:00:00,563.67004,592.9121,29.242065,29.242065
2026-10-31 07:00:00,552.01,610.0213,58.01129,58.01129
2026-10-31 08:00:00,564.03,585.8716,21.841553,21.841553
2026-10-31 09:00:00,485.87003,539.4364,53.566376,53.566376
2026-10-31 10:00:00,480.36002,492.37393,12.013916,12.013916
2026-10-31 11:00:00,434.28003,463.89572,29.615692,29.615692
2026-10-31 12:00:00,404.34003,451.87735,47.537323,47.537323
2026-10-31 13:00:00,428.69003,448.6505,19.96048,19.96048
2026-10-31 14:00:00,438.26,467.42224,29.162231,29.162231
2026-10-31 15:00:00,476.62,502.9472,26.32721,26.32721
2026-10-31 16:00:00,516.1,556.1649,40.06494,40.06494
2026-10-31 17:00:00,585.45,619.5214,34.07141,34.07141
2026-10-31 18:00:00,638.05,680.8925,42.84253,42.84253
2026-10-31 19:00:00,626.15,700.23035,74.08032,74.08032
2026-10-31 20:00:00,618.29004,678.51447,60.224426,60.224426
2026-10-31 21:00:00,590.83,636.1134,45.283386,45.283386
2026-10-31 22:00:00,596.98,590.4643,-6.515686,6.515686
2026-10-31 23:00:00,551.06,553.8308,2.770813,2.770813
2026-11-01 00:00:00,495.7,534.2072,38.507202,38.507202
2026-11-01 01:00:00,475.26,528.0157,52.755676,52.755676
2026-11-01 02:00:00,542.31,526.76483,-15.545166,15.545166
2026-11-01 03:00:00,523.36,534.25934,10.899353,10.899353
2026-11-01 04:00:00,561.22003,547.9307,-13.289307,13.289307
2026-11-01 05:00:00,571.59,566.05316,-5.536865,5.536865
2026-11-01 06:00:00,559.13,587.0977,27.967712,27.967712
2026-11-01 07:00:00,566.94,603.894,36.95398,36.95398
2026-11-01 08:00:00,583.48,586.8815,3.4014893,3.4014893
2026-11-01 09:00:00,514.4,543.51105,29.111023,29.111023
2026-11-01 10:00:00,483.31,495.17963,11.869629,11.869629
2026-11-01 11:00:00,460.69,467.0727,6.3826904,6.3826904
2026-11-01 12:00:00,410.34003,450.7132,40.37317,40.37317
2026-11-01 13:00:00,464.44,445.05298,-19.387024,19.387024
2026-11-01 14:00:00,443.92004,463.7288,19.808746,19.808746
2026-11-01 15:00:00,432.72003,500.41418,67.69415,67.69415
2026-11-01 16:00:00,520.57,550.1466,29.5766,29.5766
2026-11-01 17:00:00,588.81,612.52686,23.716858,23.716858
2026-11-01 18:00:00,641.9,676.0589,34.158875,34.158875
2026-11-01 19:00:00,612.5,705.64746,93.14746,93.14746
2026-11-01 20:00:00,629.76,682.8729,53.112915,53.112915
2026-11-01 21:00:00,593.66003,641.1135,47.45349,47.45349
2026-11-01 22:00:00,553.47003,594.22363,40.7536,40.7536
2026-11-01 23:00:00,541.63,551.64343,10.013428,10.013428
2026-11-02 00:00:00,632.5,628.1553,-4.3447266,4.3447266
2026-11-02 01:00:00,652.65,639.2683,-13.381714,13.381714
2026-11-02 02:00:00,628.22003,632.55664,4.336609,4.336609
2026-11-02 03:00:00,632.88,639.36755,6.487549,6.487549
2026-11-02 04:00:00,640.87,658.20544,17.33545,17.33545
2026-11-02 05:00:00,689.84,678.0038,-11.836243,11.836243
2026-11-02 06:00:00,648.25,703.33044,55.080444,55.080444
2026-11-02 07:00:00,712.22003,715.5706,3.350586,3.350586
2026-11-02 08:00:00,676.84,701.2255,24.385498,24.385498
2026-11-02 09:00:00,639.2,651.8689,12.668884,12.668884
2026-11-02 10:00:00,602.51,594.664,-7.8460083,7.8460083
2026-11-02 11:00:00,582.31,556.2423,-26.067688,26.067688
2026-11-02 12:00:00,540.9,535.97626,-4.923767,4.923767
2026-11-02 13:00:00,545.76,534.84656,-10.913452,10.913452
2026-11-02 14:00:00,538.54004,551.85785,13.31781,13.31781
2026-11-02 15:00:00,593.53,584.4293,-9.100708,9.100708
2026-11-02 16:00:00,617.63,639.9143,22.284302,22.284302
2026-11-02 17:00:00,632.35004,714.31934,81.9693,81.9693
2026-11-02 18:00:00,730.0,773.2417,43.2417,43.2417
2026-11-02 19:00:00,799.44,780.94275,-18.497253,18.497253
2026-11-02 20:00:00,767.45,773.9864,6.536377,6.536377
2026-11-02 21:00:00,723.71,745.6887,21.978699,21.978699
2026-11-02 22:00:00,658.66003,704.5726,45.912537,45.912537
2026-11-02 23:00:00,667.88,665.30176,-2.578247,2.578247
2026-11-03 00:00:00,619.93,636.838,16.90802,16.90802
2026-11-03 01:00:00,581.34,634.2474,52.90735,52.90735
2026-11-03 02:00:00,617.06,630.1995,13.139526,13.139526
2026-11-03 03:00:00,594.94,636.89044,41.95044,41.95044
2026-11-03 04:00:00,626.47003,646.26587,19.795837,19.795837
2026-11-03 05:00:00,698.46,667.3406,-31.119446,31.119446
2026-11-03 06:00:00,651.43,694.2876,42.857605,42.857605
2026-11-03 07:00:00,693.35,717.01965,23.669678,23.669678
2026-11-03 08:00:00,639.19,702.741,63.551025,63.551025
2026-11-03 09:00:00,614.59,655.2673,40.677246,40.677246
2026-11-03 10:00:00,575.39,597.2817,21.891663,21.891663
2026-11-03 11:00:00,518.79004,557.6452,38.855164,38.855164
2026-11-03 12:00:00,520.91003,533.85834,12.948303,12.948303
2026-11-03 13:00:00,519.67004,531.6262,11.956177,11.956177
2026-11-03 14:00:00,543.99,548.5199,4.529907,4.529907
2026-11-03 15:00:00,574.67,584.13446,9.464478,9.464478
2026-11-03 16:00:00,579.68,640.26636,60.586365,60.586365
2026-11-03 17:00:00,643.86,711.6115,67.751526,67.751526
2026-11-03 18:00:00,728.76,768.4716,39.71161,39.71161
2026-11-03 19:00:00,754.64,781.5892,26.949158,26.949158
2026-11-03 20:00:00,670.91003,758.7358,87.825745,87.825745
2026-11-03 21:00:00,715.24,718.9817,3.7416992,3.7416992
2026-11-03 22:00:00,637.57,678.5802,41.010193,41.010193
2026-11-03 23:00:00,650.33,647.0514,-3.2786255,3.2786255
2026-11-04 00:00:00,614.15,625.40814,11.258118,11.258118
2026-11-04 01:00:00,637.92,625.5696,-12.350403,12.350403
2026-11-04 02:00:00,656.26,631.16785,-25.092163,25.092163
2026-11-04 03:00:00,628.53,638.6478,10.117798,10.117798
2026-11-04 04:00:00,638.49,653.88965,15.399658,15.399658
2026-11-04 05:00:00,603.37,682.4787,79.1087,79.1087
2026-11-04 06:00:00,664.65,700.25323,35.60321,35.60321
2026-11-04 07:00:00,665.56,711.99493,46.434937,46.434937
2026-11-04 08:00:00,663.43,689.7158,26.285828,26.285828
2026-11-04 09:00:00,646.13,639.3267,-6.8032837,6.8032837
2026-11-04 10:00:00,589.92,589.70233,-0.21765137,0.21765137
2026-11-04 11:00:00,540.91003,553.6622,12.752136,12.752136
2026-11-04 12:00:00,575.54004,532.48083,-43.059204,43.059204
2026-11-04 13:00:00,562.96,536.6728,-26.287231,26.287231
2026-11-04 14:00:00,546.36,559.41205,13.052063,13.052063
2026-11-04 15:00:00,554.63,599.51416,44.884155,44.884155
2026-11-04 16:00:00,601.46,654.0197,52.559692,52.559692
2026-11-04 17:00:00,699.76,722.3987,22.638672,22.638672
2026-11-04 18:00:00,732.23,781.1237,48.893738,48.893738
2026-11-04 19:00:00,771.55,789.1297,17.579712,17.579712
2026-11-04 20:00:00,705.86,762.2634,56.403442,56.403442
2026-11-04 21:00:00,705.93,722.53516,16.605164,16.605164
2026-11-04 22:00:00,646.71,680.16705,33.45703,33.45703
2026-11-04 23:00:00,648.48,646.28284,-2.1971436,2.1971436
2026-11-05 00:00:00,624.81,622.64996,-2.1600342,2.1600342
2026-11-05 01:00:00,625.24,622.20953,-3.0304565,3.0304565
2026-11-05 02:00:00,611.91003,625.76276,13.852722,13.852722
2026-11-05 03:00:00,597.04004,634.6175,37.577454,37.577454
2026-11-05 04:00:00,629.32,653.62146,24.301453,24.301453
2026-11-05 05:00:00,664.61,673.4603,8.850342,8.850342
2026-11-05 06:00:00,618.99,698.225,79.234985,79.234985
2026-11-05 07:00:00,703.88,709.0306,5.1505737,5.1505737
2026-11-05 08:00:00,675.09,693.04425,17.954224,17.954224
2026-11-05 09:00:00,625.4,648.15765,22.75763,22.75763
2026-11-05 10:00:00,590.25,597.2106,6.9605713,6.9605713
2026-11-05 11:00:00,574.03,555.60657,-18.423462,18.423462
2026-11-05 12:00:00,555.48,533.52814,-21.951843,21.951843
2026-11-05 13:00:00,515.12,533.3342,18.214233,18.214233
2026-11-05 14:00:00,598.22003,550.63434,-47.585693,47.585693
2026-11-05 15:00:00,587.36,593.2794,5.9194336,5.9194336
2026-11-05 16:00:00,621.31,659.7818,38.4718,38.4718
2026-11-05 17:00:00,660.38,731.4152,71.03522,71.03522
2026-11-05 18:00:00,720.84,786.0385,65.19849,65.19849
2026-11-05 19:00:00,704.53,794.5541,90.02405,90.02405
2026-11-05 20:00:00,762.4,769.21454,6.814514,6.814514
2026-11-05 21:00:00,699.86,733.5331,33.673096,33.673096
2026-11-05 22:00:00,657.38,693.4179,36.037903,36.037903
2026-11-05 23:00:00,654.60004,658.6386,4.038574,4.038574
2026-11-06 00:00:00,620.52,632.5394,12.019409,12.019409
2026-11-06 01:00:00,582.46,626.0364,43.576355,43.576355
2026-11-06 02:00:00,622.76,627.5842,4.8242188,4.8242188
2026-11-06 03:00:00,603.29004,634.54004,31.25,31.25
2026-11-06 04:00:00,628.23,655.6318,27.401794,27.401794
2026-11-06 05:00:00,683.29004,679.2468,-4.043213,4.043213
2026-11-06 06:00:00,679.73,710.9444,31.214417,31.214417
2026-11-06 07:00:00,698.02,720.1791,22.159058,22.159058
2026-11-06 08:00:00,690.2,698.70844,8.508423,8.508423
2026-11-06 09:00:00,654.05,650.0264,-4.0235596,4.0235596
2026-11-06 10:00:00,612.33,597.06213,-15.267883,15.267883
2026-11-06 11:00:00,579.21,558.02167,-21.188354,21.188354
2026-11-06 12:00:00,549.77,536.37256,-13.397461,13.397461
2026-11-06 13:00:00,553.94,536.44745,-17.492554,17.492554
2026-11-06 14:00:00,528.30005,556.6192,28.319153,28.319153
2026-11-06 15:00:00,557.06,592.45074,35.390747,35.390747
2026-11-06 16:00:00,625.26,651.0619,25.80188,25.80188
2026-11-06 17:00:00,685.57,724.92163,39.351624,39.351624
2026-11-06 18:00:00,711.54,784.2335,72.69354,72.69354
2026-11-06 19:00:00,737.03,796.3933,59.36328,59.36328
2026-11-06 20:00:00,719.74,774.8928,55.152832,55.152832
2026-11-06 21:00:00,726.4,740.68976,14.289734,14.289734
2026-11-06 22:00:00,658.76,703.3251,44.565063,44.565063
2026-11-06 23:00:00,626.82,662.1021,35.282104,35.282104
2026-11-07 00:00:00,481.28003,526.7868,45.506775,45.506775
2026-11-07 01:00:00,477.27002,523.744,46.474,46.474
2026-11-07 02:00:00,478.68,527.51184,48.83185,48.83185
2026-11-07 03:00:00,517.41003,537.231,19.820984,19.820984
2026-11-07 04:00:00,493.98,551.068,57.087982,57.087982
2026-11-07 05:00:00,503.97003,565.2095,61.23944,61.23944
2026-11-07 06:00:00,519.27,587.69543,68.425415,68.425415
2026-11-07 07:00:00,570.72003,607.422,36.701965,36.701965
2026-11-07 08:00:00,494.84003,593.0333,98.1933,98.1933
2026-11-07 09:00:00,501.15002,540.98883,39.838806,39.838806
2026-11-07 10:00:00,506.23,498.46313,-7.766876,7.766876
2026-11-07 11:00:00,465.97003,469.08716,3.1171265,3.1171265
2026-11-07 12:00:00,391.95,451.87805,59.92804,59.92804
2026-11-07 13:00:00,448.80002,442.4261,-6.373932,6.373932
2026-11-07 14:00:00,420.99,461.573,40.583008,40.583008
2026-11-07 15:00:00,442.68002,498.40692,55.7269,55.7269
2026-11-07 16:00:00,518.4,552.73004,34.330017,34.330017
2026-11-07 17:00:00,561.47003,612.72894,51.25891,51.25891
2026-11-07 18:00:00,582.21,673.0053,90.79529,90.79529
2026-11-07 19:00:00,614.17,697.4551,83.285095,83.285095
2026-11-07 20:00:00,605.67,676.0064,70.336426,70.336426
2026-11-07 21:00:00,619.97003,630.876,10.905945,10.905945
2026-11-07 22:00:00,538.48,583.1341,44.654114,44.654114
2026-11-07 23:00:00,520.01,557.01154,37.001526,37.001526
2026-11-08 00:00:00,489.79,531.8355,42.0455,42.0455
2026-11-08 01:00:00,490.47003,520.997,30.526978,30.526978
2026-11-08 02:00:00,515.15,520.49634,5.3463135,5.3463135
2026-11-08 03:00:00,538.16003,529.2879,-8.872131,8.872131
2026-11-08 04:00:00,503.31,544.2825,40.972473,40.972473
2026-11-08 05:00:00,485.93002,560.6448,74.71475,74.71475
2026-11-08 06:00:00,559.89,575.6472,15.757202,15.757202
2026-11-08 07:00:00,526.28,593.0393,66.75928,66.75928
2026-11-08 08:00:00,555.62,577.46277,21.842773,21.842773
2026-11-08 09:00:00,517.26,539.79193,22.531921,22.531921
2026-11-08 10:00:00,461.04,494.15692,33.116913,33.116913
2026-11-08 11:00:00,464.03003,466.0749,2.0448608,2.0448608
2026-11-08 12:00:00,427.82,449.92877,22.108765,22.108765
2026-11-08 13:00:00,386.36002,443.56094,57.200928,57.200928
2026-11-08 14:00:00,394.03003,459.29993,65.2699,65.2699
2026-11-08 15:00:00,470.94,492.9942,22.0542,22.0542
2026-11-08 16:00:00,540.54004,547.32874,6.7886963,6.7886963
2026-11-08 17:00:00,542.21,614.40814,72.19812,72.19812
2026-11-08 18:00:00,606.68,676.3657,69.68573,69.68573
2026-11-08 19:00:00,606.0,701.35675,95.35675,95.35675
2026-11-08 20:00:00,619.14,680.24713,61.107117,61.107117
2026-11-08 21:00:00,580.18,635.0451,54.865112,54.865112
2026-11-08 22:00:00,559.88,586.70386,26.823853,26.823853
2026-11-08 23:00:00,512.95,546.6172,33.667175,33.667175
2026-11-09 00:00:00,597.93,626.9388,29.00879,29.00879
2026-11-09 01:00:00,604.4,635.426,31.026001,31.026001
2026-11-09 02:00:00,607.04004,630.839,23.79895,23.79895
2026-11-09 03:00:00,625.66003,635.2085,9.548462,9.548462
2026-11-09 04:00:00,640.68,652.1941,11.514099,11.514099
2026-11-09 05:00:00,654.82,672.8944,18.074402,18.074402
2026-11-09 06:00:00,648.42,696.91876,48.49878,48.49878
2026-11-09 07:00:00,701.86,706.74365,4.883667,4.883667
2026-11-09 08:00:00,675.31,695.17303,19.863037,19.863037
2026-11-09 09:00:00,666.15,649.51306,-16.636963,16.636963
2026-11-09 10:00:00,606.10004,596.06775,-10.032288,10.032288
2026-11-09 11:00:00,509.73,557.06836,47.33835,47.33835
2026-11-09 12:00:00,500.23,534.23413,34.00412,34.00412
2026-11-09 13:00:00,578.08,531.483,-46.597046,46.597046
2026-11-09 14:00:00,566.42004,549.60864,-16.811401,16.811401
2026-11-09 15:00:00,567.12,587.2306,20.110596,20.110596
2026-11-09 16:00:00,661.49,646.55707,-14.932922,14.932922
2026-11-09 17:00:00,630.15,716.90857,86.758545,86.758545
2026-11-09 18:00:00,704.34,770.6979,66.35785,66.35785
2026-11-09 19:00:00,742.48,777.2933,34.813293,34.813293
2026-11-09 20:00:00,721.15,753.415,32.264954,32.264954
2026-11-09 21:00:00,713.91003,713.8212,-0.08880615,0.08880615
2026-11-09 22:00:00,696.8,671.40247,-25.397522,25.397522
2026-11-09 23:00:00,652.0,639.0633,-12.936707,12.936707
2026-11-10 00:00:00,574.0,620.52234,46.52234,46.52234
2026-11-10 01:00:00,652.68,618.9445,-33.735474,33.735474
2026-11-10 02:00:00,609.15,623.34717,14.197144,14.197144
2026-11-10 03:00:00,609.87,636.1246,26.254578,26.254578
2026-11-10 04:00:00,589.55,653.9495,64.399536,64.399536
2026-11-10 05:00:00,649.11,671.77905,22.669067,22.669067
2026-11-10 06:00:00,632.44,694.37885,61.938843,61.938843
2026-11-10 07:00:00,664.31,704.1466,39.83661,39.83661
2026-11-10 08:00:00,646.38,684.94073,38.56073,38.56073
2026-11-10 09:00:00,626.7,638.6449,11.944885,11.944885
2026-11-10 10:00:00,583.46,587.15356,3.6935425,3.6935425
2026-11-10 11:00:00,509.94,551.37866,41.43866,41.43866
2026-11-10 12:00:00,534.48,528.5585,-5.921509,5.921509
2026-11-10 13:00:00,539.67004,527.199,-12.471069,12.471069
2026-11-10 14:00:00,536.23,545.3496,9.119629,9.119629
2026-11-10 15:00:00,630.61,586.3457,-44.264282,44.264282
2026-11-10 16:00:00,588.97003,651.38275,62.41272,62.41272
2026-11-10 17:00:00,683.73,723.32367,39.59369,39.59369
2026-11-10 18:00:00,735.76,779.12787,43.36786,43.36786
2026-11-10 19:00:00,716.95,784.6377,67.68768,67.68768
2026-11-10 20:00:00,738.18,757.67163,19.491638,19.491638
2026-11-10 21:00:00,668.97003,718.10156,49.13153,49.13153
2026-11-10 22:00:00,649.38,674.63776,25.257751,25.257751
2026-11-10 23:00:00,641.44,637.4282,-4.01178,4.01178
2026-11-11 00:00:00,597.65,613.36945,15.719421,15.719421
2026-11-11 01:00:00,607.81,612.47626,4.66626,4.66626
2026-11-11 02:00:00,573.07,616.1836,43.113586,43.113586
2026-11-11 03:00:00,651.79004,624.33795,-27.452087,27.452087
2026-11-11 04:00:00,636.47003,647.3574,10.88739,10.88739
2026-11-11 05:00:00,650.03,679.0665,29.036499,29.036499
2026-11-11 06:00:00,661.47003,704.2783,42.80829,42.80829
2026-11-11 07:00:00,642.59,713.2057,70.61566,70.61566
2026-11-11 08:00:00,697.7,687.7814,-9.91864,9.91864
2026-11-11 09:00:00,645.57,642.919,-2.651001,2.651001
2026-11-11 10:00:00,559.81,591.9798,32.1698,32.1698
2026-11-11 11:00:00,530.64,554.159,23.518982,23.518982
2026-11-11 12:00:00,545.53,534.19995,-11.330078,11.330078
2026-11-11 13:00:00,535.41003,534.6004,-0.80963135,0.80963135
2026-11-11 14:00:00,548.85004,552.7101,3.8600464,3.8600464
2026-11-11 15:00:00,522.47003,592.697,70.22699,70.22699
2026-11-11 16:00:00,615.17,648.4756,33.305603,33.305603
2026-11-11 17:00:00,652.06,718.79987,66.73987,66.73987
2026-11-11 18:00:00,690.64,772.8018,82.161804,82.161804
2026-11-11 19:00:00,725.28,780.2622,54.982178,54.982178
2026-11-11 20:00:00,708.82,751.71735,42.89734,42.89734
2026-11-11 21:00:00,644.5,717.7711,73.27112,73.27112
2026-11-11 22:00:00,657.91003,680.9617,23.051636,23.051636
2026-11-11 23:00:00,652.98,647.03296,-5.9470215,5.9470215
2026-11-12 00:00:00,625.51,623.5878,-1.9221802,1.9221802
2026-11-12 01:00:00,631.99,625.7569,-6.2330933,6.2330933
2026-11-12 02:00:00,597.44,628.91785,31.477844,31.477844
2026-11-12 03:00:00,605.03,641.9665,36.936462,36.936462
2026-11-12 04:00:00,599.72003,655.40045,55.68042,55.68042
2026-11-12 05:00:00,597.96,677.96857,80.008545,80.008545
2026-11-12 06:00:00,679.16003,703.4501,24.29004,24.29004
2026-11-12 07:00:00,671.9,718.818,46.91797,46.91797
2026-11-12 08:00:00,665.55,697.7486,32.19861,32.19861
2026-11-12 09:00:00,669.83,646.6343,-23.19574,23.19574
2026-11-12 10:00:00,588.38,593.5713,5.191284,5.191284
2026-11-12 11:00:00,571.11,555.57544,-15.534546,15.534546
2026-11-12 12:00:00,518.07,537.22797,19.157959,19.157959
2026-11-12 13:00:00,564.55,537.26825,-27.281738,27.281738
2026-11-12 14:00:00,567.72003,557.4677,-10.252319,10.252319
2026-11-12 15:00:00,528.35004,595.5923,67.24225,67.24225
2026-11-12 16:00:00,595.06,651.35504,56.295044,56.295044
2026-11-12 17:00:00,664.71,722.67053,57.96051,57.96051
2026-11-12 18:00:00,702.09,783.0742,80.98419,80.98419
2026-11-12 19:00:00,753.28,792.7388,39.45874,39.45874
2026-11-12 20:00:00,748.39,768.83765,20.447632,20.447632
2026-11-12 21:00:00,675.08,732.1135,57.03351,57.03351
2026-11-12 22:00:00,649.34,691.7428,42.40277,42.40277
2026-11-12 23:00:00,640.93,653.9396,13.0095825,13.0095825
2026-11-13 00:00:00,651.64,624.27594,-27.364075,27.364075
2026-11-13 01:00:00,631.98,618.17035,-13.809631,13.809631
2026-11-13 02:00:00,609.72003,619.81836,10.098328,10.098328
2026-11-13 03:00:00,604.24,625.9435,21.703491,21.703491
2026-11-13 04:00:00,635.48,644.9409,9.4609375,9.4609375
2026-11-13 05:00:00,649.86,667.71454,17.854553,17.854553
2026-11-13 06:00:00,674.78,695.8581,21.078064,21.078064
2026-11-13 07:00:00,651.8,715.17346,63.373474,63.373474
2026-11-13 08:00:00,668.33,697.5718,29.24176,29.24176
2026-11-13 09:00:00,643.0,648.9662,5.9661865,5.9661865
2026-11-13 10:00:00,582.52,593.83093,11.310913,11.310913
2026-11-13 11:00:00,576.24,556.6442,-19.595764,19.595764
2026-11-13 12:00:00,558.55,537.44745,-21.10254,21.10254
2026-11-13 13:00:00,529.8,536.79626,6.996277,6.996277
2026-11-13 14:00:00,553.12,552.8667,-0.2532959,0.2532959
2026-11-13 15:00:00,538.3,588.21204,49.91205,49.91205
2026-11-13 16:00:00,618.47003,649.8717,31.401672,31.401672
2026-11-13 17:00:00,706.15,724.3379,18.187866,18.187866
2026-11-13 18:00:00,744.48,781.2345,36.754517,36.754517
2026-11-13 19:00:00,685.84,792.3268,106.486755,106.486755
2026-11-13 20:00:00,711.66003,768.6813,57.02124,57.02124
2026-11-13 21:00:00,694.32,733.2291,38.90912,38.90912
2026-11-13 22:00:00,603.54004,694.7242,91.18414,91.18414
2026-11-13 23:00:00,639.46,656.8842,17.424194,17.424194
2026-11-14 00:00:00,459.02002,525.8849,66.86487,66.86487
2026-11-14 01:00:00,489.04,522.71204,33.672028,33.672028
2026-11-14 02:00:00,494.83002,526.9219,32.091858,32.091858
2026-11-14 03:00:00,489.95,533.8543,43.904297,43.904297
2026-11-14 04:00:00,510.77002,547.77747,37.007446,37.007446
2026-11-14 05:00:00,486.44,563.508,77.06799,77.06799
2026-11-14 06:00:00,575.38,581.9726,6.5925903,6.5925903
2026-11-14 07:00:00,565.24,600.11975,34.87976,34.87976
2026-11-14 08:00:00,570.9,587.36584,16.46582,16.46582
2026-11-14 09:00:00,562.07,544.36194,-17.708069,17.708069
2026-11-14 10:00:00,522.06,499.2085,-22.851501,22.851501
2026-11-14 11:00:00,449.15002,469.1518,20.00177,20.00177
2026-11-14 12:00:00,440.73,451.60522,10.875214,10.875214
2026-11-14 13:00:00,466.10004,444.92563,-21.174408,21.174408
2026-11-14 14:00:00,404.41003,463.77435,59.36432,59.36432
2026-11-14 15:00:00,455.11002,496.63696,41.526947,41.526947
2026-11-14 16:00:00,483.44,546.21875,62.778748,62.778748
2026-11-14 17:00:00,552.83,603.0304,50.20038,50.20038
2026-11-14 18:00:00,593.02,666.9735,73.95349,73.95349
2026-11-14 19:00:00,620.02,693.89795,73.87793,73.87793
2026-11-14 20:00:00,626.67,673.5274,46.85742,46.85742
2026-11-14 21:00:00,560.03,628.88226,68.852234,68.852234
2026-11-14 22:00:00,574.74,582.06476,7.324768,7.324768
2026-11-14 23:00:00,525.08,544.2933,19.213257,19.213257
2026-11-15 00:00:00,492.86002,523.8814,31.021393,31.021393
2026-11-15 01:00:00,490.23004,522.50195,32.27191,32.27191
2026-11-15 02:00:00,499.97003,525.964,25.993958,25.993958
2026-11-15 03:00:00,491.90002,531.0042,39.104187,39.104187
2026-11-15 04:00:00,489.32,541.977,52.656982,52.656982
2026-11-15 05:00:00,525.86,555.595,29.734985,29.734985
2026-11-15 06:00:00,554.43,575.39355,20.963562,20.963562
2026-11-15 07:00:00,578.74,594.0208,15.280823,15.280823
2026-11-15 08:00:00,596.21,579.57025,-16.63977,16.63977
2026-11-15 09:00:00,531.45,540.0843,8.634277,8.634277
2026-11-15 10:00:00,464.30002,494.45578,30.155762,30.155762
2026-11-15 11:00:00,443.89,463.00882,19.118805,19.118805
2026-11-15 12:00:00,478.55002,447.31628,-31.233734,31.233734
2026-11-15 13:00:00,473.86002,442.51273,-31.34729,31.34729
2026-11-15 14:00:00,454.19,462.50623,8.316223,8.316223
2026-11-15 15:00:00,502.2,500.92523,-1.2747803,1.2747803
2026-11-15 16:00:00,510.46002,555.41187,44.951843,44.951843
2026-11-15 17:00:00,574.23,614.256,40.026,40.026
2026-11-15 18:00:00,615.99,672.69183,56.701843,56.701843
2026-11-15 19:00:00,642.36,694.1926,51.83264,51.83264
2026-11-15 20:00:00,634.2,670.62463,36.42462,36.42462
2026-11-15 21:00:00,553.11,627.6612,74.55121,74.55121
2026-11-15 22:00:00,528.30005,579.9823,51.68225,51.68225
2026-11-15 23:00:00,523.76,541.10394,17.343933,17.343933
2026-11-16 00:00:00,604.99,615.85016,10.860168,10.860168
2026-11-16 01:00:00,588.28,628.8176,40.537598,40.537598
2026-11-16 02:00:00,580.89,623.1579,42.267883,42.267883
2026-11-16 03:00:00,605.67,630.0245,24.354492,24.354492
2026-11-16 04:00:00,610.53,648.1448,37.614746,37.614746
2026-11-16 05:00:00,654.39,666.923,12.532959,12.532959
2026-11-16 06:00:00,692.97003,698.76654,5.796509,5.796509
2026-11-16 07:00:00,660.02,716.2054,56.185364,56.185364
2026-11-16 08:00:00,685.61,696.6246,11.014587,11.014587
2026-11-16 09:00:00,605.82,646.3965,40.576477,40.576477
2026-11-16 10:00:00,640.82,589.98627,-50.83374,50.83374
2026-11-16 11:00:00,549.57,553.15497,3.584961,3.584961
2026-11-16 12:00:00,537.18,533.47125,-3.7087402,3.7087402
2026-11-16 13:00:00,534.58,531.9503,-2.6296997,2.6296997
2026-11-16 14:00:00,564.61,548.62555,-15.984436,15.984436
2026-11-16 15:00:00,581.23,583.7869,2.5569458,2.5569458
2026-11-16 16:00:00,588.76,640.1479,51.38788,51.38788
2026-11-16 17:00:00,660.2,711.5787,51.378662,51.378662
2026-11-16 18:00:00,718.43,770.52783,52.09784,52.09784
2026-11-16 19:00:00,706.35,780.6133,74.263306,74.263306
2026-11-16 20:00:00,716.11,759.43005,43.32007,43.32007
2026-11-16 21:00:00,661.44,722.87256,61.432556,61.432556
2026-11-16 22:00:00,669.53,680.37964,10.849609,10.849609
2026-11-16 23:00:00,616.18,646.76636,30.586365,30.586365
2026-11-17 00:00:00,631.28,624.5159,-6.764099,6.764099
2026-11-17 01:00:00,601.68,623.62646,21.946472,21.946472
2026-11-17 02:00:00,594.9,623.58044,28.68042,28.68042
2026-11-17 03:00:00,597.58,629.07806,31.498047,31.498047
2026-11-17 04:00:00,660.84,642.5817,-18.2583,18.2583
2026-11-17 05:00:00,652.64,667.29913,14.659119,14.659119
2026-11-17 06:00:00,665.89,694.11127,28.221252,28.221252
2026-11-17 07:00:00,717.88,709.0286,-8.851379,8.851379
2026-11-17 08:00:00,725.35,690.7185,-34.63147,34.63147
2026-11-17 09:00:00,636.25,648.1453,11.895325,11.895325
2026-11-17 10:00:00,600.22003,592.95496,-7.2650757,7.2650757
2026-11-17 11:00:00,537.72003,554.57623,16.856201,16.856201
2026-11-17 12:00:00,561.81,536.4791,-25.330872,25.330872
2026-11-17 13:00:00,512.42004,538.90155,26.481506,26.481506
2026-11-17 14:00:00,560.86,555.03345,-5.826538,5.826538
2026-11-17 15:00:00,581.23,595.8275,14.597534,14.597534
2026-11-17 16:00:00,628.33,654.7922,26.462158,26.462158
2026-11-17 17:00:00,649.09,723.2198,74.12976,74.12976
2026-11-17 18:00:00,752.07,774.10864,22.038635,22.038635
2026-11-17 19:00:00,781.71,780.1759,-1.5341187,1.5341187
2026-11-17 20:00:00,736.81,756.0153,19.205322,19.205322
2026-11-17 21:00:00,711.87,719.2071,7.337097,7.337097
2026-11-17 22:00:00,621.51,678.56244,57.05243,57.05243
2026-11-17 23:00:00,617.5,643.5394,26.039429,26.039429
2026-11-18 00:00:00,645.06,617.3597,-27.700317,27.700317
2026-11-18 01:00:00,640.89,618.52356,-22.366455,22.366455
2026-11-18 02:00:00,623.48,621.56323,-1.916748,1.916748
2026-11-18 03:00:00,607.57,630.4699,22.899902,22.899902
2026-11-18 04:00:00,623.04004,648.8672,25.827148,25.827148
2026-11-18 05:00:00,650.16003,675.58325,25.423218,25.423218
2026-11-18 06:00:00,685.76,703.4276,17.667603,17.667603
2026-11-18 07:00:00,685.44,720.4184,34.978394,34.978394
2026-11-18 08:00:00,640.89,700.3542,59.464172,59.464172
2026-11-18 09:00:00,647.10004,645.5013,-1.5987549,1.5987549
2026-11-18 10:00:00,575.9,590.47766,14.577637,14.577637
2026-11-18 11:00:00,583.17,554.27985,-28.890137,28.890137
2026-11-18 12:00:00,553.52,535.0559,-18.464111,18.464111
2026-11-18 13:00:00,546.86,533.73816,-13.121826,13.121826
2026-11-18 14:00:00,544.89,550.428,5.537964,5.537964
2026-11-18 15:00:00,582.57,585.45825,2.8882446,2.8882446
2026-11-18 16:00:00,578.67004,646.57434,67.9043,67.9043
2026-11-18 17:00:00,648.62,716.1938,67.57379,67.57379
2026-11-18 18:00:00,706.54004,770.52295,63.98291,63.98291
2026-11-18 19:00:00,724.23,780.6425,56.412537,56.412537
2026-11-18 20:00:00,724.78,756.52277,31.742737,31.742737
2026-11-18 21:00:00,673.15,720.2269,47.076904,47.076904
2026-11-18 22:00:00,626.23,679.6224,53.392395,53.392395
2026-11-18 23:00:00,590.45,643.3109,52.8609,52.8609
2026-11-19 00:00:00,581.61,616.9744,35.36444,35.36444
2026-11-19 01:00:00,627.52,614.5936,-12.926392,12.926392
2026-11-19 02:00:00,607.60004,618.21936,10.619324,10.619324
2026-11-19 03:00:00,631.4,629.53876,-1.8612671,1.8612671
2026-11-19 04:00:00,618.44,649.30505,30.865051,30.865051
2026-11-19 05:00:00,636.88,675.5032,38.62317,38.62317
2026-11-19 06:00:00,674.17,705.0629,30.892944,30.892944
2026-11-19 07:00:00,695.83,716.37286,20.542847,20.542847
2026-11-19 08:00:00,694.02,696.3561,2.3360596,2.3360596
2026-11-19 09:00:00,644.88,648.33655,3.456543,3.456543
2026-11-19 10:00:00,579.88,594.2387,14.358704,14.358704
2026-11-19 11:00:00,524.57,554.0721,29.502075,29.502075
2026-11-19 12:00:00,543.13,531.46985,-11.660156,11.660156
2026-11-19 13:00:00,518.7,531.478,12.778015,12.778015
2026-11-19 14:00:00,564.7,551.2997,-13.40033,13.40033
2026-11-19 15:00:00,557.48,591.7835,34.303528,34.303528
2026-11-19 16:00:00,560.39,651.5138,91.12378,91.12378
2026-11-19 17:00:00,651.64,719.45435,67.81433,67.81433
2026-11-19 18:00:00,735.22003,773.2025,37.982483,37.982483
2026-11-19 19:00:00,724.75,782.54486,57.79486,57.79486
2026-11-19 20:00:00,719.79004,761.11975,41.329712,41.329712
2026-11-19 21:00:00,692.79,725.7869,32.99695,32.99695
2026-11-19 22:00:00,629.43,685.8144,56.3844,56.3844
2026-11-19 23:00:00,592.85004,648.56396,55.71393,55.71393
2026-11-20 00:00:00,609.03,619.2762,10.246155,10.246155
2026-11-20 01:00:00,602.14,612.93274,10.792725,10.792725
2026-11-20 02:00:00,624.25,615.9407,-8.309326,8.309326
2026-11-20 03:00:00,613.32,630.25104,16.93103,16.93103
2026-11-20 04:00:00,561.82,649.67737,87.85736,87.85736
2026-11-20 05:00:00,659.09,669.0405,9.9505005,9.9505005
2026-11-20 06:00:00,689.91003,697.1566,7.246582,7.246582
2026-11-20 07:00:00,683.47003,712.8209,29.350891,29.350891
2026-11-20 08:00:00,654.49,694.59845,40.10846,40.10846
2026-11-20 09:00:00,626.53,648.8466,22.31659,22.31659
2026-11-20 10:00:00,584.75,603.6816,18.93158,18.93158
2026-11-20 11:00:00,575.34,566.7605,-8.579529,8.579529
2026-11-20 12:00:00,556.65,541.8244,-14.825623,14.825623
2026-11-20 13:00:00,543.65,538.79834,-4.8516846,4.8516846
2026-11-20 14:00:00,502.30002,554.6179,52.3179,52.3179
2026-11-20 15:00:00,531.62,585.8943,54.274292,54.274292
2026-11-20 16:00:00,653.75,644.8678,-8.882202,8.882202
2026-11-20 17:00:00,674.55,719.68567,45.13568,45.13568
2026-11-20 18:00:00,94.58008,775.9767,681.3966,681.3966
2026-11-20 19:00:00,772.03,754.26404,-17.765991,17.765991
2026-11-20 20:00:00,751.79004,733.91986,-17.870178,17.870178
2026-11-20 21:00:00,693.54004,709.04407,15.504028,15.504028
2026-11-20 22:00:00,639.39,679.0422,39.65216,39.65216
2026-11-20 23:00:00,634.67,639.7391,5.069092,5.069092
2026-11-21 00:00:00,485.94,513.3168,27.37677,27.37677
2026-11-21 01:00:00,504.2,513.5911,9.391113,9.391113
2026-11-21 02:00:00,504.34003,521.9896,17.649597,17.649597
2026-11-21 03:00:00,541.93,529.6048,-12.325195,12.325195
2026-11-21 04:00:00,515.15,550.07556,34.925537,34.925537
2026-11-21 05:00:00,532.36,566.25183,33.891846,33.891846
2026-11-21 06:00:00,562.34,582.9624,20.622375,20.622375
2026-11-21 07:00:00,580.65,599.68744,19.037415,19.037415
2026-11-21 08:00:00,533.09,584.535,51.444946,51.444946
2026-11-21 09:00:00,553.73,541.9022,-11.827759,11.827759
2026-11-21 10:00:00,499.86002,497.79773,-2.0622864,2.0622864
2026-11-21 11:00:00,424.74,469.1164,44.376404,44.376404
2026-11-21 12:00:00,382.21002,453.29883,71.088806,71.088806
2026-11-21 13:00:00,390.06,446.44592,56.385925,56.385925
2026-11-21 14:00:00,459.48,463.15524,3.675232,3.675232
2026-11-21 15:00:00,468.91003,499.70612,30.796082,30.796082
2026-11-21 16:00:00,514.67,551.0947,36.424744,36.424744
2026-11-21 17:00:00,570.38,611.91266,41.532654,41.532654
2026-11-21 18:00:00,624.49,669.6328,45.142822,45.142822
2026-11-21 19:00:00,591.68,696.5582,104.878235,104.878235
2026-11-21 20:00:00,582.03,674.448,92.41797,92.41797
2026-11-21 21:00:00,580.95,625.64703,44.69702,44.69702
2026-11-21 22:00:00,512.8,576.028,63.228027,63.228027
2026-11-21 23:00:00,492.81,539.3015,46.491516,46.491516
2026-11-22 00:00:00,527.80005,524.3396,-3.4604492,3.4604492
2026-11-22 01:00:00,516.09,527.4612,11.371155,11.371155
2026-11-22 02:00:00,441.86002,533.5442,91.68417,91.68417
2026-11-22 03:00:00,481.7,533.6759,51.97589,51.97589
2026-11-22 04:00:00,504.02002,542.40564,38.38562,38.38562
2026-11-22 05:00:00,498.96002,558.8853,59.925293,59.925293
2026-11-22 06:00:00,571.19,580.4715,9.281494,9.281494
2026-11-22 07:00:00,522.61,604.0604,81.45044,81.45044
2026-11-22 08:00:00,556.32,587.9276,31.607605,31.607605
2026-11-22 09:00:00,535.61,544.1741,8.564087,8.564087
2026-11-22 10:00:00,494.44,501.2497,6.8096924,6.8096924
2026-11-22 11:00:00,441.88,463.61987,21.739868,21.739868
2026-11-22 12:00:00,385.23,448.29376,63.06375,63.06375
2026-11-22 13:00:00,435.56,442.46332,6.9033203,6.9033203
2026-11-22 14:00:00,419.43002,459.86832,40.438293,40.438293
2026-11-22 15:00:00,449.44,496.31476,46.874756,46.874756
2026-11-22 16:00:00,468.42,545.20325,76.78323,76.78323
2026-11-22 17:00:00,560.68,600.5544,39.87439,39.87439
2026-11-22 18:00:00,616.04004,658.5037,42.463684,42.463684
2026-11-22 19:00:00,625.35004,686.9459,61.595886,61.595886
2026-11-22 20:00:00,559.79004,672.09644,112.3064,112.3064
2026-11-22 21:00:00,595.91003,625.87213,29.962097,29.962097
2026-11-22 22:00:00,549.52,577.2228,27.702759,27.702759
2026-11-22 23:00:00,530.83,541.43463,10.604614,10.604614
2026-11-23 00:00:00,599.56,610.441,10.880981,10.880981
2026-11-23 01:00:00,606.06,621.31604,15.2560425,15.2560425
2026-11-23 02:00:00,603.64,619.0427,15.40271,15.40271
2026-11-23 03:00:00,614.99,625.8674,10.87738,10.87738
2026-11-23 04:00:00,591.66003,641.1832,49.523193,49.523193
2026-11-23 05:00:00,630.57,671.09625,40.526245,40.526245
2026-11-23 06:00:00,676.81,693.6346,16.824585,16.824585
2026-11-23 07:00:00,670.1,709.32025,39.220276,39.220276
2026-11-23 08:00:00,686.11,694.6615,8.551514,8.551514
2026-11-23 09:00:00,685.87,653.6012,-32.2688,32.2688
2026-11-23 10:00:00,595.02,599.99854,4.9785156,4.9785156
2026-11-23 11:00:00,556.42004,559.71484,3.2947998,3.2947998
2026-11-23 12:00:00,597.35004,534.57544,-62.774597,62.774597
2026-11-23 13:00:00,556.14,533.38965,-22.750366,22.750366
2026-11-23 14:00:00,589.83,553.067,-36.763,36.763
2026-11-23 15:00:00,578.38,593.08435,14.704346,14.704346
2026-11-23 16:00:00,596.78,651.6342,54.854187,54.854187
2026-11-23 17:00:00,692.1,717.7514,25.651428,25.651428
2026-11-23 18:00:00,703.48,769.08374,65.60376,65.60376
2026-11-23 19:00:00,784.25,775.19446,-9.055542,9.055542
2026-11-23 20:00:00,735.18,752.2582,17.078186,17.078186
2026-11-23 21:00:00,647.44,712.2599,64.819885,64.819885
2026-11-23 22:00:00,653.64,669.95154,16.311523,16.311523
2026-11-23 23:00:00,640.05,636.30347,-3.746521,3.746521
2026-11-24 00:00:00,590.12,617.4431,27.32312,27.32312
2026-11-24 01:00:00,620.8,616.3413,-4.458679,4.458679
2026-11-24 02:00:00,596.38,618.47076,22.09076,22.09076
2026-11-24 03:00:00,637.72003,628.07874,-9.641296,9.641296
2026-11-24 04:00:00,601.08,645.23346,44.153442,44.153442
2026-11-24 05:00:00,664.28,665.7485,1.4684448,1.4684448
2026-11-24 06:00:00,667.03,693.65234,26.622314,26.622314
2026-11-24 07:00:00,656.86,715.011,58.151,58.151
2026-11-24 08:00:00,641.39,691.34467,49.95465,49.95465
2026-11-24 09:00:00,625.09,639.30145,14.211426,14.211426
2026-11-24 10:00:00,563.95,586.07074,22.120728,22.120728
2026-11-24 11:00:00,558.75,549.6609,-9.089111,9.089111
2026-11-24 12:00:00,502.28003,532.4014,30.121399,30.121399
2026-11-24 13:00:00,508.55002,531.8138,23.263763,23.263763
2026-11-24 14:00:00,546.36,553.1036,6.7435913,6.7435913
2026-11-24 15:00:00,588.58,592.8699,4.289856,4.289856
2026-11-24 16:00:00,587.22003,654.927,67.70697,67.70697
2026-11-24 17:00:00,661.17,721.1894,60.01941,60.01941
2026-11-24 18:00:00,706.41003,775.5339,69.12384,69.12384
2026-11-24 19:00:00,742.9,779.5386,36.63855,36.63855
2026-11-24 20:00:00,702.17,755.0104,52.840393,52.840393
2026-11-24 21:00:00,661.17,716.04517,54.875183,54.875183
2026-11-24 22:00:00,651.48,674.53375,23.053772,23.053772
2026-11-24 23:00:00,611.02,638.8601,27.840088,27.840088
2026-11-25 00:00:00,593.25,613.2328,19.982788,19.982788
2026-11-25 01:00:00,644.36,609.3222,-35.03778,35.03778
2026-11-25 02:00:00,583.41003,613.0685,29.658447,29.658447
2026-11-25 03:00:00,615.88,626.3453,10.465271,10.465271
2026-11-25 04:00:00,624.63,644.42285,19.792847,19.792847
2026-11-25 05:00:00,630.7,670.1906,39.4906,39.4906
2026-11-25 06:00:00,684.56,696.1829,11.622925,11.622925
2026-11-25 07:00:00,653.91003,711.983,58.072937,58.072937
2026-11-25 08:00:00,653.63,688.7915,35.1615,35.1615
2026-11-25 09:00:00,630.24,638.77264,8.532654,8.532654
2026-11-25 10:00:00,626.14,588.0743,-38.065735,38.065735
2026-11-25 11:00:00,558.97003,552.75,-6.2200317,6.2200317
2026-11-25 12:00:00,513.93,531.6627,17.732727,17.732727
2026-11-25 13:00:00,549.22003,530.6443,-18.575745,18.575745
2026-11-25 14:00:00,534.57,549.30164,14.731628,14.731628
2026-11-25 15:00:00,551.24,589.7077,38.467712,38.467712
2026-11-25 16:00:00,633.42,648.11847,14.698486,14.698486
2026-11-25 17:00:00,692.1,727.6045,35.504517,35.504517
2026-11-25 18:00:00,698.14,784.29974,86.15973,86.15973
2026-11-25 19:00:00,743.11,791.0093,47.899292,47.899292
2026-11-25 20:00:00,684.62,766.8287,82.20868,82.20868
2026-11-25 21:00:00,698.19,728.2903,30.10028,30.10028
2026-11-25 22:00:00,662.9,686.43854,23.538513,23.538513
2026-11-25 23:00:00,624.02,651.9343,27.914307,27.914307
2026-11-26 00:00:00,599.60004,625.162,25.56195,25.56195
2026-11-26 01:00:00,613.0,620.64886,7.6488647,7.6488647
2026-11-26 02:00:00,601.31,620.26733,18.957336,18.957336
2026-11-26 03:00:00,639.29004,627.08014,-12.2099,12.2099
2026-11-26 04:00:00,654.26,643.9332,-10.326782,10.326782
2026-11-26 05:00:00,645.28,671.7078,26.427795,26.427795
2026-11-26 06:00:00,682.51,696.3622,13.852173,13.852173
2026-11-26 07:00:00,662.14,710.99927,48.859253,48.859253
2026-11-26 08:00:00,674.41003,688.94244,14.53241,14.53241
2026-11-26 09:00:00,656.26,643.0328,-13.227234,13.227234
2026-11-26 10:00:00,571.61,597.26917,25.65918,25.65918
2026-11-26 11:00:00,598.39,557.9991,-40.39093,40.39093
2026-11-26 12:00:00,601.98,535.18176,-66.79822,66.79822
2026-11-26 13:00:00,537.47003,533.3619,-4.1081543,4.1081543
2026-11-26 14:00:00,582.60004,548.13745,-34.462585,34.462585
2026-11-26 15:00:00,552.0,585.16125,33.161255,33.161255
2026-11-26 16:00:00,545.53,643.1005,97.570496,97.570496
2026-11-26 17:00:00,654.65,709.9341,55.284058,55.284058
2026-11-26 18:00:00,694.03,765.23267,71.20264,71.20264
2026-11-26 19:00:00,739.25,777.90283,38.652832,38.652832
2026-11-26 20:00:00,691.65,756.6231,64.97308,64.97308
2026-11-26 21:00:00,699.72003,717.3147,17.594666,17.594666
2026-11-26 22:00:00,673.37,675.05115,1.6811523,1.6811523
2026-11-26 23:00:00,579.0,640.26746,61.267456,61.267456
2026-11-27 00:00:00,580.48,614.0909,33.6109,33.6109
2026-11-27 01:00:00,577.8,614.154,36.354004,36.354004
2026-11-27 02:00:00,552.62,617.2466,64.62659,64.62659
2026-11-27 03:00:00,630.59,624.25055,-6.3394775,6.3394775
2026-11-27 04:00:00,597.33,644.5041,47.174072,47.174072
2026-11-27 05:00:00,646.47003,671.0735,24.603455,24.603455
2026-11-27 06:00:00,651.26,699.1019,47.84192,47.84192
2026-11-27 07:00:00,651.74,715.0296,63.28961,63.28961
2026-11-27 08:00:00,664.74,695.2976,30.557617,30.557617
2026-11-27 09:00:00,624.4,649.3811,24.98108,24.98108
2026-11-27 10:00:00,591.8,593.4429,1.6428833,1.6428833
2026-11-27 11:00:00,552.96,553.3733,0.41326904,0.41326904
2026-11-27 12:00:00,566.02,531.6112,-34.408813,34.408813
2026-11-27 13:00:00,544.29004,532.6097,-11.680359,11.680359
2026-11-27 14:00:00,551.07,552.64197,1.5719604,1.5719604
2026-11-27 15:00:00,552.24,594.9077,42.667725,42.667725
2026-11-27 16:00:00,608.03,659.81024,51.780212,51.780212
2026-11-27 17:00:00,675.14,728.6966,53.55658,53.55658
2026-11-27 18:00:00,708.92,779.46106,70.54108,70.54108
2026-11-27 19:00:00,755.1,786.23193,31.131958,31.131958
2026-11-27 20:00:00,720.06,763.5858,43.525818,43.525818
2026-11-27 21:00:00,683.42,728.7935,45.373535,45.373535
2026-11-27 22:00:00,626.13,688.009,61.878967,61.878967
2026-11-27 23:00:00,601.33,644.47614,43.14612,43.14612
2026-11-28 00:00:00,473.65002,517.8485,44.198486,44.198486
2026-11-28 01:00:00,495.43,517.8041,22.374084,22.374084
2026-11-28 02:00:00,507.2,524.7506,17.550598,17.550598
2026-11-28 03:00:00,491.72003,533.13495,41.414917,41.414917
2026-11-28 04:00:00,492.22003,544.71436,52.494324,52.494324
2026-11-28 05:00:00,525.04004,559.2373,34.197266,34.197266
2026-11-28 06:00:00,583.73,582.7976,-0.93237305,0.93237305
2026-11-28 07:00:00,539.75,604.8089,65.0589,65.0589
2026-11-28 08:00:00,564.22003,589.3423,25.122253,25.122253
2026-11-28 09:00:00,523.35,545.5032,22.153198,22.153198
2026-11-28 10:00:00,452.31003,499.28436,46.974335,46.974335
2026-11-28 11:00:00,457.53003,466.75116,9.22113,9.22113
2026-11-28 12:00:00,458.48004,451.05396,-7.4260864,7.4260864
2026-11-28 13:00:00,422.52002,444.6662,22.14618,22.14618
2026-11-28 14:00:00,446.34003,459.80032,13.460297,13.460297
2026-11-28 15:00:00,469.30002,496.69635,27.396332,27.396332
2026-11-28 16:00:00,515.54004,551.1136,35.573547,35.573547
2026-11-28 17:00:00,522.06,613.9736,91.913574,91.913574
2026-11-28 18:00:00,617.35004,665.93646,48.586426,48.586426
2026-11-28 19:00:00,630.43,686.9895,56.55951,56.55951
2026-11-28 20:00:00,596.18,664.39996,68.21997,68.21997
2026-11-28 21:00:00,546.56,617.9706,71.41058,71.41058
2026-11-28 22:00:00,584.09,571.4729,-12.617126,12.617126
2026-11-28 23:00:00,536.91003,539.1631,2.2530518,2.2530518
2026-11-29 00:00:00,513.18,523.60254,10.422546,10.422546
2026-11-29 01:00:00,523.13,525.15515,2.0251465,2.0251465
2026-11-29 02:00:00,531.13,531.2775,0.14752197,0.14752197
2026-11-29 03:00:00,495.48,540.59375,45.11374,45.11374
2026-11-29 04:00:00,540.64,549.4031,8.763062,8.763062
2026-11-29 05:00:00,512.79004,560.2217,47.43164,47.43164
2026-11-29 06:00:00,539.47003,573.5154,34.04535,34.04535
2026-11-29 07:00:00,565.49,595.77026,30.280273,30.280273
2026-11-29 08:00:00,523.29004,582.56537,59.27533,59.27533
2026-11-29 09:00:00,549.93,538.632,-11.297974,11.297974
2026-11-29 10:00:00,473.63,492.7179,19.08789,19.08789
2026-11-29 11:00:00,444.14,465.26675,21.12674,21.12674
2026-11-29 12:00:00,437.24002,450.34552,13.105499,13.105499
2026-11-29 13:00:00,401.68,445.5023,43.822296,43.822296
2026-11-29 14:00:00,399.23,461.11273,61.88272,61.88272
2026-11-29 15:00:00,429.67,494.96634,65.296326,65.296326
2026-11-29 16:00:00,503.74,546.0176,42.277588,42.277588
2026-11-29 17:00:00,512.3,609.6681,97.3681,97.3681
2026-11-29 18:00:00,585.95,669.77625,83.82623,83.82623
2026-11-29 19:00:00,594.76,695.6113,100.85132,100.85132
2026-11-29 20:00:00,600.89,668.60626,67.71625,67.71625
2026-11-29 21:00:00,567.42004,631.4973,64.07727,64.07727
2026-11-29 22:00:00,531.41003,587.90967,56.499634,56.499634
2026-11-29 23:00:00,502.45,549.0584,46.6084,46.6084
2026-11-30 00:00:00,624.63,616.9569,-7.6730957,7.6730957
2026-11-30 01:00:00,613.43,626.7263,13.296326,13.296326
2026-11-30 02:00:00,626.54004,626.5774,0.037353516,0.037353516
2026-11-30 03:00:00,610.92,630.49164,19.571655,19.571655
2026-11-30 04:00:00,633.98,646.86743,12.887451,12.887451
2026-11-30 05:00:00,615.31,666.8879,51.57788,51.57788
2026-11-30 06:00:00,658.97003,693.0698,34.099792,34.099792
2026-11-30 07:00:00,709.19,710.72296,1.532959,1.532959
2026-11-30 08:00:00,685.54,698.93524,13.395264,13.395264
2026-11-30 09:00:00,658.3,655.0127,-3.2872925,3.2872925
2026-11-30 10:00:00,598.81,599.8416,1.0316162,1.0316162
2026-11-30 11:00:00,537.34,560.5273,23.187256,23.187256
2026-11-30 12:00:00,533.34,535.2967,1.956665,1.956665
2026-11-30 13:00:00,499.32,531.15784,31.83783,31.83783
2026-11-30 14:00:00,555.31,545.30176,-10.00824,10.00824
2026-11-30 15:00:00,588.57,577.4645,-11.10553,11.10553
2026-11-30 16:00:00,607.63,631.7548,24.124817,24.124817
2026-11-30 17:00:00,627.82,699.0173,71.197266,71.197266
2026-11-30 18:00:00,660.92,755.0385,94.11853,94.11853
2026-11-30 19:00:00,751.68,764.79956,13.119568,13.119568
2026-11-30 20:00:00,722.37,743.2908,20.920776,20.920776
2026-11-30 21:00:00,670.16003,705.38727,35.227234,35.227234
2026-11-30 22:00:00,661.28,664.9091,3.6290894,3.6290894
2026-11-30 23:00:00,609.83,632.2868,22.456787,22.456787
2026-12-01 00:00:00,595.3,614.4784,19.178406,19.178406
2026-12-01 01:00:00,663.2,614.1408,-49.059204,49.059204
2026-12-01 02:00:00,599.3,620.89386,21.593872,21.593872
2026-12-01 03:00:00,550.23,629.4801,79.25012,79.25012
2026-12-01 04:00:00,610.49,643.6934,33.20343,33.20343
2026-12-01 05:00:00,603.36,661.7055,58.34552,58.34552
2026-12-01 06:00:00,639.04004,682.1791,43.139038,43.139038
2026-12-01 07:00:00,661.16003,702.33453,41.1745,41.1745
2026-12-01 08:00:00,642.83,685.9313,43.101257,43.101257
2026-12-01 09:00:00,670.02,639.91125,-30.108765,30.108765
2026-12-01 10:00:00,590.81,589.62067,-1.189331,1.189331
2026-12-01 11:00:00,593.06,553.6461,-39.41388,39.41388
2026-12-01 12:00:00,505.09003,535.0422,29.952148,29.952148
2026-12-01 13:00:00,534.94,532.4579,-2.4821167,2.4821167
2026-12-01 14:00:00,551.12,553.0503,1.9302979,1.9302979
2026-12-01 15:00:00,535.94,589.2661,53.32611,53.32611
2026-12-01 16:00:00,602.15,646.7207,44.57068,44.57068
2026-12-01 17:00:00,666.34,712.9635,46.623474,46.623474
2026-12-01 18:00:00,707.97,764.234,56.264038,56.264038
2026-12-01 19:00:00,755.31,769.0554,13.745422,13.745422
2026-12-01 20:00:00,743.37,744.31775,0.9477539,0.9477539
2026-12-01 21:00:00,716.53,705.1942,-11.335815,11.335815
2026-12-01 22:00:00,683.53,663.95593,-19.574097,19.574097
2026-12-01 23:00:00,616.34,631.09564,14.755615,14.755615
2026-12-02 00:00:00,612.08,607.3019,-4.778137,4.778137
2026-12-02 01:00:00,603.78,609.70123,5.9212036,5.9212036
2026-12-02 02:00:00,625.51,613.1408,-12.369202,12.369202
2026-12-02 03:00:00,649.37,623.94525,-25.424744,25.424744
2026-12-02 04:00:00,643.16003,643.60284,0.44281006,0.44281006
2026-12-02 05:00:00,664.65,665.52484,0.8748169,0.8748169
2026-12-02 06:00:00,645.92,697.61816,51.69818,51.69818
2026-12-02 07:00:00,683.42,711.5189,28.098938,28.098938
2026-12-02 08:00:00,693.38,695.6423,2.262268,2.262268
2026-12-02 09:00:00,630.12,649.5746,19.45459,19.45459
2026-12-02 10:00:00,554.19,595.7916,41.601624,41.601624
2026-12-02 11:00:00,606.49,555.21875,-51.27124,51.27124
2026-12-02 12:00:00,514.59,533.4292,18.839172,18.839172
2026-12-02 13:00:00,514.35004,531.4204,17.070374,17.070374
2026-12-02 14:00:00,508.62,548.13293,39.51294,39.51294
2026-12-02 15:00:00,575.79004,582.02167,6.2316284,6.2316284
2026-12-02 16:00:00,600.09,635.51263,35.422607,35.422607
2026-12-02 17:00:00,686.9,706.8318,19.931763,19.931763
2026-12-02 18:00:00,732.19,767.34937,35.159363,35.159363
2026-12-02 19:00:00,725.07,780.14166,55.071655,55.071655
2026-12-02 20:00:00,702.75,756.7583,54.0083,54.0083
2026-12-02 21:00:00,733.49,718.63324,-14.8567505,14.8567505
2026-12-02 22:00:00,652.24,678.70386,26.463867,26.463867
2026-12-02 23:00:00,661.29,642.6326,-18.657349,18.657349
2026-12-03 00:00:00,622.77,615.3334,-7.4366455,7.4366455
2026-12-03 01:00:00,628.24,609.9988,-18.24121,18.24121
2026-12-03 02:00:00,589.95,613.626,23.675964,23.675964
2026-12-03 03:00:00,612.2,621.9037,9.703674,9.703674
2026-12-03 04:00:00,644.68,639.1079,-5.5720825,5.5720825
2026-12-03 05:00:00,606.69,664.53577,57.845764,57.845764
2026-12-03 06:00:00,655.3,690.23083,34.930847,34.930847
2026-12-03 07:00:00,688.47003,704.79736,16.327332,16.327332
2026-12-03 08:00:00,649.65,689.5887,39.93866,39.93866
2026-12-03 09:00:00,588.56,644.4344,55.87439,55.87439
2026-12-03 10:00:00,626.04004,595.6266,-30.413452,30.413452
2026-12-03 11:00:00,552.94,558.3175,5.3775024,5.3775024
2026-12-03 12:00:00,565.49,535.4923,-29.99768,29.99768
2026-12-03 13:00:00,553.06,535.0583,-18.001709,18.001709
2026-12-03 14:00:00,553.10004,554.6088,1.5087891,1.5087891
2026-12-03 15:00:00,559.27,634.60876,75.338745,75.338745
2026-12-03 16:00:00,575.88,731.8631,155.9831,155.9831
2026-12-03 17:00:00,668.37,793.6166,125.24658,125.24658
2026-12-03 18:00:00,728.63,812.9451,84.315125,84.315125
2026-12-03 19:00:00,725.02,795.81604,70.79602,70.79602
2026-12-03 20:00:00,727.7,763.26,35.559998,35.559998
2026-12-03 21:00:00,692.83,728.03815,35.20813,35.20813
2026-12-03 22:00:00,644.53,694.00964,49.479614,49.479614
2026-12-03 23:00:00,624.92,661.7503,36.830322,36.830322
2026-12-04 00:00:00,597.08,632.64514,35.565125,35.565125
2026-12-04 01:00:00,610.78,619.97705,9.1970215,9.1970215
2026-12-04 02:00:00,616.46,618.09656,1.6365356,1.6365356
2026-12-04 03:00:00,542.34,626.8803,84.54028,84.54028
2026-12-04 04:00:00,604.23,644.2481,40.018127,40.018127
2026-12-04 05:00:00,673.91003,665.4781,-8.431946,8.431946
2026-12-04 06:00:00,649.74,697.41455,47.67456,47.67456
2026-12-04 07:00:00,701.25,715.13025,13.880249,13.880249
2026-12-04 08:00:00,659.07,698.1362,39.066223,39.066223
2026-12-04 09:00:00,664.49,651.05273,-13.437256,13.437256
2026-12-04 10:00:00,602.29004,599.6948,-2.5952148,2.5952148
2026-12-04 11:00:00,576.05,562.8985,-13.151489,13.151489
2026-12-04 12:00:00,557.58,543.1753,-14.404724,14.404724
2026-12-04 13:00:00,505.19,540.554,35.364014,35.364014
2026-12-04 14:00:00,569.32,554.9429,-14.377136,14.377136
2026-12-04 15:00:00,563.48,589.3291,25.849121,25.849121
2026-12-04 16:00:00,638.93,648.9505,10.020508,10.020508
2026-12-04 17:00:00,652.84,722.4056,69.56555,69.56555
2026-12-04 18:00:00,730.56,775.9205,45.360474,45.360474
2026-12-04 19:00:00,723.22,783.59314,60.37317,60.37317
2026-12-04 20:00:00,709.28,761.08466,51.804626,51.804626
2026-12-04 21:00:00,694.66003,725.9665,31.306458,31.306458
2026-12-04 22:00:00,623.84,686.68726,62.84723,62.84723
2026-12-04 23:00:00,619.64,635.5439,15.90387,15.90387
2026-12-05 00:00:00,531.18,515.9271,-15.252869,15.252869
2026-12-05 01:00:00,501.59003,518.5658,16.975769,16.975769
2026-12-05 02:00:00,495.97003,523.7263,27.756287,27.756287
2026-12-05 03:00:00,540.74,531.97675,-8.763245,8.763245
2026-12-05 04:00:00,504.42,546.2651,41.845062,41.845062
2026-12-05 05:00:00,545.72003,561.90405,16.184021,16.184021
2026-12-05 06:00:00,557.13,578.7135,21.583496,21.583496
2026-12-05 07:00:00,615.88,599.4144,-16.465576,16.465576
2026-12-05 08:00:00,582.92,586.9196,3.9996338,3.9996338
2026-12-05 09:00:00,542.75,546.06464,3.3146362,3.3146362
2026-12-05 10:00:00,443.87,502.26138,58.391388,58.391388
2026-12-05 11:00:00,433.47003,467.80243,34.332397,34.332397
2026-12-05 12:00:00,472.48,447.31635,-25.163666,25.163666
2026-12-05 13:00:00,461.10004,445.00586,-16.094177,16.094177
2026-12-05 14:00:00,411.74,461.94977,50.209778,50.209778
2026-12-05 15:00:00,466.91003,494.7382,27.828156,27.828156
2026-12-05 16:00:00,483.29,544.54425,61.254242,61.254242
2026-12-05 17:00:00,565.57,606.2337,40.663696,40.663696
2026-12-05 18:00:00,573.89,663.3051,89.4151,89.4151
2026-12-05 19:00:00,612.01,684.1195,72.1095,72.1095
2026-12-05 20:00:00,626.5,661.7755,35.275513,35.275513
2026-12-05 21:00:00,564.71,617.9586,53.248596,53.248596
2026-12-05 22:00:00,541.41003,572.0506,30.640564,30.640564
2026-12-05 23:00:00,538.87,536.90076,-1.9692383,1.9692383
2026-12-06 00:00:00,520.53,523.1607,2.6306763,2.6306763
2026-12-06 01:00:00,487.25,525.24695,37.99695,37.99695
2026-12-06 02:00:00,478.72003,525.5748,46.854797,46.854797
2026-12-06 03:00:00,494.54,530.6633,36.12332,36.12332
2026-12-06 04:00:00,495.01,542.8067,47.79669,47.79669
2026-12-06 05:00:00,492.37003,554.5909,62.220856,62.220856
2026-12-06 06:00:00,574.42,572.4147,-2.00531,2.00531
2026-12-06 07:00:00,528.26,594.1476,65.88757,65.88757
2026-12-06 08:00:00,561.29004,586.3465,25.056458,25.056458
2026-12-06 09:00:00,533.47003,553.5678,20.097778,20.097778
2026-12-06 10:00:00,468.25,505.14218,36.89218,36.89218
2026-12-06 11:00:00,477.26,470.29245,-6.96756,6.96756
2026-12-06 12:00:00,457.30002,450.61932,-6.6806946,6.6806946
2026-12-06 13:00:00,417.37,442.05658,24.686584,24.686584
2026-12-06 14:00:00,431.88,455.5615,23.681488,23.681488
2026-12-06 15:00:00,471.34003,491.87585,20.535828,20.535828
2026-12-06 16:00:00,490.76,540.3199,49.559875,49.559875
2026-12-06 17:00:00,578.39,598.6234,20.233398,20.233398
2026-12-06 18:00:00,605.98,659.8641,53.884094,53.884094
2026-12-06 19:00:00,622.3,683.0895,60.78949,60.78949
2026-12-06 20:00:00,596.94,664.57605,67.63605,67.63605
2026-12-06 21:00:00,561.31,618.1667,56.85669,56.85669
2026-12-06 22:00:00,531.93,570.01306,38.08307,38.08307
2026-12-06 23:00:00,500.39,532.1153,31.72528,31.72528
2026-12-07 00:00:00,651.69,607.38434,-44.305664,44.305664
2026-12-07 01:00:00,604.85004,624.64264,19.792603,19.792603
2026-12-07 02:00:00,594.4,628.5964,34.19635,34.19635
2026-12-07 03:00:00,622.06,632.25604,10.196045,10.196045
2026-12-07 04:00:00,652.71,644.34674,-8.363281,8.363281
2026-12-07 05:00:00,607.39,670.0728,62.6828,62.6828
2026-12-07 06:00:00,664.49,700.4268,35.93683,35.93683
2026-12-07 07:00:00,672.89,714.50946,41.619446,41.619446
2026-12-07 08:00:00,637.46,694.4065,56.946472,56.946472
2026-12-07 09:00:00,601.37,647.6573,46.287292,46.287292
2026-12-07 10:00:00,566.84,595.5191,28.679077,28.679077
2026-12-07 11:00:00,559.68,557.6028,-2.0772095,2.0772095
2026-12-07 12:00:00,505.07,537.72644,32.656433,32.656433
2026-12-07 13:00:00,523.46,532.0444,8.584351,8.584351
2026-12-07 14:00:00,542.48,545.86957,3.3895874,3.3895874
2026-12-07 15:00:00,545.33,578.3086,32.978577,32.978577
2026-12-07 16:00:00,631.23,629.4981,-1.7318726,1.7318726
2026-12-07 17:00:00,668.39,701.41284,33.022827,33.022827
2026-12-07 18:00:00,704.73,764.5635,59.833496,59.833496
2026-12-07 19:00:00,724.92,778.20435,53.284363,53.284363
2026-12-07 20:00:00,727.75,755.43976,27.689758,27.689758
2026-12-07 21:00:00,658.9,716.64215,57.742126,57.742126
2026-12-07 22:00:00,618.29004,675.71576,57.42572,57.42572
2026-12-07 23:00:00,583.65,639.2237,55.57367,55.57367
2026-12-08 00:00:00,509.96002,614.7767,104.81665,104.81665
2026-12-08 01:00:00,486.2,558.4241,72.22406,72.22406
2026-12-08 02:00:00,450.69,526.7799,76.089905,76.089905
2026-12-08 03:00:00,547.3,522.12964,-25.17035,25.17035
2026-12-08 04:00:00,571.97003,542.06055,-29.909485,29.909485
2026-12-08 05:00:00,530.64,573.2969,42.65686,42.65686
2026-12-08 06:00:00,611.55,601.67444,-9.875549,9.875549
2026-12-08 07:00:00,579.26,632.1226,52.86261,52.86261
2026-12-08 08:00:00,592.72003,618.2521,25.532043,25.532043
2026-12-08 09:00:00,557.65,566.6353,8.985291,8.985291
2026-12-08 10:00:00,490.27002,510.11124,19.841217,19.841217
2026-12-08 11:00:00,438.63,465.41064,26.78064,26.78064
2026-12-08 12:00:00,424.79004,446.78687,21.996826,21.996826
2026-12-08 13:00:00,393.14,441.35297,48.21295,48.21295
2026-12-08 14:00:00,405.49002,471.32776,65.83774,65.83774
2026-12-08 15:00:00,439.93,521.8246,81.89459,81.89459
2026-12-08 16:00:00,539.74,580.44824,40.708252,40.708252
2026-12-08 17:00:00,581.07,650.5538,69.483765,69.483765
2026-12-08 18:00:00,579.39,711.4905,132.10046,132.10046
2026-12-08 19:00:00,641.96,721.7785,79.81848,79.81848
2026-12-08 20:00:00,630.56,686.8499,56.289917,56.289917
2026-12-08 21:00:00,560.26,629.94275,69.68274,69.68274
2026-12-08 22:00:00,525.03,581.31354,56.28351,56.28351
2026-12-08 23:00:00,531.22003,552.2349,21.014893,21.014893
2026-12-09 00:00:00,602.09,557.29724,-44.792786,44.792786
2026-12-09 01:00:00,586.61,602.08655,15.4765625,15.4765625
2026-12-09 02:00:00,609.01,614.3896,5.3795776,5.3795776
2026-12-09 03:00:00,609.15,627.33966,18.189636,18.189636
2026-12-09 04:00:00,616.09,645.6332,29.543152,29.543152
2026-12-09 05:00:00,588.06,666.0838,78.0238,78.0238
2026-12-09 06:00:00,685.79,691.508,5.7180176,5.7180176
2026-12-09 07:00:00,683.15,710.287,27.136963,27.136963
2026-12-09 08:00:00,710.9,699.3062,-11.593811,11.593811
2026-12-09 09:00:00,653.63,660.03485,6.404846,6.404846
2026-12-09 10:00:00,614.45,603.14215,-11.307861,11.307861
2026-12-09 11:00:00,569.58,559.3995,-10.180542,10.180542
2026-12-09 12:00:00,503.52002,536.3577,32.837708,32.837708
2026-12-09 13:00:00,555.23,532.1026,-23.12738,23.12738
2026-12-09 14:00:00,543.73,550.1031,6.373108,6.373108
2026-12-09 15:00:00,559.62,585.64465,26.024658,26.024658
2026-12-09 16:00:00,589.21,646.1259,56.915894,56.915894
2026-12-09 17:00:00,657.77,715.7018,57.931763,57.931763
2026-12-09 18:00:00,657.24,769.7237,112.4837,112.4837
2026-12-09 19:00:00,748.22003,773.59125,25.371216,25.371216
2026-12-09 20:00:00,720.49,752.53796,32.047974,32.047974
2026-12-09 21:00:00,701.9,717.0852,15.185181,15.185181
2026-12-09 22:00:00,630.3,677.57245,47.27246,47.27246
2026-12-09 23:00:00,620.26,639.5774,19.317383,19.317383
2026-12-10 00:00:00,615.23,611.0425,-4.1875,4.1875
2026-12-10 01:00:00,618.60004,608.20605,-10.393982,10.393982
2026-12-10 02:00:00,613.82,612.43286,-1.387146,1.387146
2026-12-10 03:00:00,600.55,622.47986,21.92987,21.92987
2026-12-10 04:00:00,618.18,640.2885,22.10852,22.10852
2026-12-10 05:00:00,627.10004,667.5163,40.41626,40.41626
2026-12-10 06:00:00,635.35004,696.64136,61.29132,61.29132
2026-12-10 07:00:00,672.71,712.556,39.84601,39.84601
2026-12-10 08:00:00,671.22003,695.4318,24.211792,24.211792
2026-12-10 09:00:00,633.46,651.93616,18.476135,18.476135
2026-12-10 10:00:00,584.3,597.941,13.640991,13.640991
2026-12-10 11:00:00,575.26,559.7842,-15.47583,15.47583
2026-12-10 12:00:00,548.38,538.9994,-9.380615,9.380615
2026-12-10 13:00:00,515.92004,536.07745,20.15741,20.15741
2026-12-10 14:00:00,585.75,550.59485,-35.15515,35.15515
2026-12-10 15:00:00,559.5,590.602,31.10199,31.10199
2026-12-10 16:00:00,587.78,651.24536,63.465332,63.465332
2026-12-10 17:00:00,633.47003,720.9905,87.52045,87.52045
2026-12-10 18:00:00,726.53,768.45166,41.92163,41.92163
2026-12-10 19:00:00,736.2,774.5631,38.3631,38.3631
2026-12-10 20:00:00,721.53,751.6769,30.14685,30.14685
2026-12-10 21:00:00,719.03,717.0723,-1.9577026,1.9577026
2026-12-10 22:00:00,630.9,679.90393,49.003906,49.003906
2026-12-10 23:00:00,629.46,645.86206,16.402039,16.402039
2026-12-11 00:00:00,625.63,618.4503,-7.1796875,7.1796875
2026-12-11 01:00:00,597.08,609.2335,12.153503,12.153503
2026-12-11 02:00:00,621.11,611.01013,-10.0998535,10.0998535
2026-12-11 03:00:00,633.48,620.58514,-12.894836,12.894836
2026-12-11 04:00:00,636.0,637.60406,1.604065,1.604065
2026-12-11 05:00:00,667.87,663.3537,-4.5162964,4.5162964
2026-12-11 06:00:00,699.75,697.81537,-1.9346313,1.9346313
2026-12-11 07:00:00,691.99,722.7745,30.784485,30.784485
2026-12-11 08:00:00,648.60004,710.9287,62.328674,62.328674
2026-12-11 09:00:00,718.86,661.99445,-56.86554,56.86554
2026-12-11 10:00:00,567.44,607.91034,40.470337,40.470337
2026-12-11 11:00:00,539.29004,565.6848,26.394775,26.394775
2026-12-11 12:00:00,561.86,537.99365,-23.866333,23.866333
2026-12-11 13:00:00,541.65,539.3556,-2.2944336,2.2944336
2026-12-11 14:00:00,552.51,556.20374,3.6937256,3.6937256
2026-12-11 15:00:00,583.31,592.4131,9.103088,9.103088
2026-12-11 16:00:00,612.4,651.3168,38.916748,38.916748
2026-12-11 17:00:00,638.69,715.99243,77.30243,77.30243
2026-12-11 18:00:00,728.49,767.12006,38.630066,38.630066
2026-12-11 19:00:00,733.97,775.5686,41.598633,41.598633
2026-12-11 20:00:00,729.48,754.3691,24.8891,24.8891
2026-12-11 21:00:00,687.44,719.7323,32.292297,32.292297
2026-12-11 22:00:00,626.33,682.16986,55.839844,55.839844
2026-12-11 23:00:00,645.25,641.3484,-3.9016113,3.9016113
2026-12-12 00:00:00,465.67,515.00397,49.333954,49.333954
2026-12-12 01:00:00,509.57,514.31525,4.7452393,4.7452393
2026-12-12 02:00:00,557.12,520.4245,-36.695496,36.695496
2026-12-12 03:00:00,494.18002,529.01306,34.83304,34.83304
2026-12-12 04:00:00,491.47003,542.29004,50.820007,50.820007
2026-12-12 05:00:00,531.47003,557.56665,26.096619,26.096619
2026-12-12 06:00:00,551.09,578.48596,27.395935,27.395935
2026-12-12 07:00:00,560.34,597.77576,37.43573,37.43573
2026-12-12 08:00:00,551.04004,586.41174,35.371704,35.371704
2026-12-12 09:00:00,503.44,544.40906,40.969055,40.969055
2026-12-12 10:00:00,451.92,498.59558,46.675568,46.675568
2026-12-12 11:00:00,411.86002,468.5357,56.67569,56.67569
2026-12-12 12:00:00,443.60004,453.00653,9.406494,9.406494
2026-12-12 13:00:00,444.42,446.49716,2.0771484,2.0771484
2026-12-12 14:00:00,445.74002,462.2262,16.486176,16.486176
2026-12-12 15:00:00,467.57,497.17944,29.609436,29.609436
2026-12-12 16:00:00,490.18,545.6289,55.448914,55.448914
2026-12-12 17:00:00,565.55,601.8703,36.320312,36.320312
2026-12-12 18:00:00,550.97003,663.22144,112.2514,112.2514
2026-12-12 19:00:00,606.79004,685.006,78.21594,78.21594
2026-12-12 20:00:00,565.5,666.56573,101.065735,101.065735
2026-12-12 21:00:00,574.56,624.94556,50.38556,50.38556
2026-12-12 22:00:00,536.89,579.29224,42.40222,42.40222
2026-12-12 23:00:00,562.27,540.59753,-21.672485,21.672485
2026-12-13 00:00:00,526.31,521.69165,-4.618347,4.618347
2026-12-13 01:00:00,507.34,520.7943,13.454315,13.454315
2026-12-13 02:00:00,486.79,522.23065,35.440643,35.440643
2026-12-13 03:00:00,471.99,527.01624,55.026245,55.026245
2026-12-13 04:00:00,558.59,536.6523,-21.937744,21.937744
2026-12-13 05:00:00,522.94,554.4917,31.551697,31.551697
2026-12-13 06:00:00,561.47003,573.79126,12.321228,12.321228
2026-12-13 07:00:00,539.41003,595.1039,55.693848,55.693848
2026-12-13 08:00:00,599.28,581.67847,-17.601562,17.601562
2026-12-13 09:00:00,517.2,543.4145,26.214478,26.214478
2026-12-13 10:00:00,463.33002,497.3821,34.052094,34.052094
2026-12-13 11:00:00,452.69,464.8822,12.1922,12.1922
2026-12-13 12:00:00,462.99002,446.03537,-16.95465,16.95465
2026-12-13 13:00:00,413.38,441.1401,27.760101,27.760101
2026-12-13 14:00:00,435.81,457.88348,22.073486,22.073486
2026-12-13 15:00:00,475.75,492.8745,17.124512,17.124512
2026-12-13 16:00:00,510.1,548.1779,38.07791,38.07791
2026-12-13 17:00:00,531.2,608.47327,77.273254,77.273254
2026-12-13 18:00:00,632.72003,660.85,28.129944,28.129944
2026-12-13 19:00:00,618.92,685.7787,66.8587,66.8587
2026-12-13 20:00:00,578.45,666.37854,87.92853,87.92853
2026-12-13 21:00:00,608.0,621.7141,13.714111,13.714111
2026-12-13 22:00:00,552.04004,573.3999,21.359863,21.359863
2026-12-13 23:00:00,521.0,536.6942,15.694214,15.694214
2026-12-14 00:00:00,648.19,604.1216,-44.06842,44.06842
2026-12-14 01:00:00,642.51,620.3016,-22.208435,22.208435
2026-12-14 02:00:00,582.89,624.6963,41.806274,41.806274
2026-12-14 03:00:00,612.49,629.0592,16.569214,16.569214
2026-12-14 04:00:00,585.05,641.5812,56.53119,56.53119
2026-12-14 05:00:00,637.69,660.0373,22.34729,22.34729
2026-12-14 06:00:00,675.05,685.6957,10.645691,10.645691
2026-12-14 07:00:00,651.93,702.70886,50.77887,50.77887
2026-12-14 08:00:00,690.71,695.63293,4.9229126,4.9229126
2026-12-14 09:00:00,617.93,656.2479,38.317932,38.317932
2026-12-14 10:00:00,611.74,600.585,-11.154968,11.154968
2026-12-14 11:00:00,604.13,558.9058,-45.224182,45.224182
2026-12-14 12:00:00,556.73,537.4476,-19.28241,19.28241
2026-12-14 13:00:00,524.88,533.605,8.724976,8.724976
2026-12-14 14:00:00,569.33,547.8842,-21.4458,21.4458
2026-12-14 15:00:00,571.81,581.3772,9.5672,9.5672
2026-12-14 16:00:00,575.41003,639.06085,63.650818,63.650818
2026-12-14 17:00:00,636.08,704.9666,68.8866,68.8866
2026-12-14 18:00:00,714.5,757.70526,43.20526,43.20526
2026-12-14 19:00:00,767.54,766.9314,-0.60858154,0.60858154
2026-12-14 20:00:00,705.84,745.18146,39.34143,39.34143
2026-12-14 21:00:00,696.36,705.8534,9.493408,9.493408
2026-12-14 22:00:00,635.68,664.3863,28.706299,28.706299
2026-12-14 23:00:00,639.51,629.0105,-10.499512,10.499512
2026-12-15 00:00:00,572.32,610.27893,37.958923,37.958923
2026-12-15 01:00:00,634.74,610.2661,-24.473877,24.473877
2026-12-15 02:00:00,637.5,614.0532,-23.446777,23.446777
2026-12-15 03:00:00,604.53,624.6132,20.08319,20.08319
2026-12-15 04:00:00,651.52,643.4758,-8.044189,8.044189
2026-12-15 05:00:00,571.68,668.4559,96.77588,96.77588
2026-12-15 06:00:00,648.60004,692.29175,43.69171,43.69171
2026-12-15 07:00:00,697.38,708.86475,11.484741,11.484741
2026-12-15 08:00:00,663.33,688.7615,25.431458,25.431458
2026-12-15 09:00:00,581.44,637.94586,56.50586,56.50586
2026-12-15 10:00:00,581.66003,583.30194,1.6419067,1.6419067
2026-12-15 11:00:00,528.01,548.97394,20.963928,20.963928
2026-12-15 12:00:00,569.2,529.93787,-39.262146,39.262146
2026-12-15 13:00:00,489.45,532.7446,43.294617,43.294617
2026-12-15 14:00:00,546.93,551.8704,4.9404297,4.9404297
2026-12-15 15:00:00,500.66003,588.8671,88.20709,88.20709
2026-12-15 16:00:00,602.08,639.20593,37.125916,37.125916
2026-12-15 17:00:00,629.25,710.3903,81.14032,81.14032
2026-12-15 18:00:00,705.6,765.81384,60.213867,60.213867
2026-12-15 19:00:00,699.95,776.3428,76.39276,76.39276
2026-12-15 20:00:00,700.39,747.0995,46.709473,46.709473
2026-12-15 21:00:00,686.54004,712.78613,26.246094,26.246094
2026-12-15 22:00:00,666.39,674.9724,8.582397,8.582397
2026-12-15 23:00:00,622.46,640.9531,18.493103,18.493103
2026-12-16 00:00:00,609.05,616.5981,7.5480957,7.5480957
2026-12-16 01:00:00,629.41003,610.91736,-18.492676,18.492676
2026-12-16 02:00:00,584.94,613.3701,28.430115,28.430115
2026-12-16 03:00:00,625.9,620.2836,-5.616394,5.616394
2026-12-16 04:00:00,612.68,634.6249,21.944885,21.944885
2026-12-16 05:00:00,683.82,658.01105,-25.80896,25.80896
2026-12-16 06:00:00,641.91003,688.96783,47.0578,47.0578
2026-12-16 07:00:00,639.05,707.88214,68.83215,68.83215
2026-12-16 08:00:00,660.33,689.23267,28.902649,28.902649
2026-12-16 09:00:00,618.81,642.3755,23.56549,23.56549
2026-12-16 10:00:00,614.11,590.7125,-23.39746,23.39746
2026-12-16 11:00:00,544.62,556.17725,11.557251,11.557251
2026-12-16 12:00:00,543.68,535.3384,-8.341614,8.341614
2026-12-16 13:00:00,563.45,532.79944,-30.650574,30.650574
2026-12-16 14:00:00,584.79004,552.8708,-31.91925,31.91925
2026-12-16 15:00:00,583.04004,591.20276,8.16272,8.16272
2026-12-16 16:00:00,596.13,654.74084,58.61084,58.61084
2026-12-16 17:00:00,651.09,726.7605,75.67047,75.67047
2026-12-16 18:00:00,701.73,776.76483,75.03485,75.03485
2026-12-16 19:00:00,692.16003,780.86957,88.70953,88.70953
2026-12-16 20:00:00,748.35,757.605,9.255005,9.255005
2026-12-16 21:00:00,700.21,729.0141,28.804077,28.804077
2026-12-16 22:00:00,643.01,699.1567,56.146667,56.146667
2026-12-16 23:00:00,600.43,666.3569,65.92688,65.92688
2026-12-17 00:00:00,577.1,639.2111,62.111145,62.111145
2026-12-17 01:00:00,615.98,627.24945,11.26947,11.26947
2026-12-17 02:00:00,640.36,624.18756,-16.172424,16.172424
2026-12-17 03:00:00,565.86,637.22125,71.36127,71.36127
2026-12-17 04:00:00,618.34,646.90076,28.56073,28.56073
2026-12-17 05:00:00,601.63,667.8607,66.23071,66.23071
2026-12-17 06:00:00,637.57,691.2807,53.710693,53.710693
2026-12-17 07:00:00,669.47003,708.4291,38.959045,38.959045
2026-12-17 08:00:00,705.61,691.6327,-13.977295,13.977295
2026-12-17 09:00:00,632.83,647.49567,14.665649,14.665649
2026-12-17 10:00:00,622.18,592.3025,-29.877502,29.877502
2026-12-17 11:00:00,540.86,555.23694,14.376953,14.376953
2026-12-17 12:00:00,547.03,531.79535,-15.23468,15.23468
2026-12-17 13:00:00,530.32,529.7179,-0.6021118,0.6021118
2026-12-17 14:00:00,593.43,543.58575,-49.84424,49.84424
2026-12-17 15:00:00,575.15,578.6838,3.5337524,3.5337524
2026-12-17 16:00:00,620.96,641.13666,20.176636,20.176636
2026-12-17 17:00:00,667.32,714.45593,47.135925,47.135925
2026-12-17 18:00:00,699.05,769.09906,70.04907,70.04907
2026-12-17 19:00:00,694.49,776.59607,82.10608,82.10608
2026-12-17 20:00:00,707.22,752.0688,44.848816,44.848816
2026-12-17 21:00:00,696.74,715.2804,18.540405,18.540405
2026-12-17 22:00:00,642.25,676.72174,34.47174,34.47174
2026-12-17 23:00:00,628.45,642.45514,14.005127,14.005127
2026-12-18 00:00:00,598.54004,615.3981,16.858032,16.858032
2026-12-18 01:00:00,602.03,606.4226,4.392578,4.392578
2026-12-18 02:00:00,584.88,608.7004,23.820374,23.820374
2026-12-18 03:00:00,628.16003,617.1693,-10.990723,10.990723
2026-12-18 04:00:00,631.64,637.54736,5.9073486,5.9073486
2026-12-18 05:00:00,669.91003,668.1679,-1.7421265,1.7421265
2026-12-18 06:00:00,641.44,700.7748,59.334778,59.334778
2026-12-18 07:00:00,730.23,714.9362,-15.293762,15.293762
2026-12-18 08:00:00,661.52,697.08813,35.568115,35.568115
2026-12-18 09:00:00,586.95,650.3088,63.358765,63.358765
2026-12-18 10:00:00,612.72003,594.4483,-18.271729,18.271729
2026-12-18 11:00:00,579.62,555.0968,-24.523193,24.523193
2026-12-18 12:00:00,512.78,536.0355,23.255493,23.255493
2026-12-18 13:00:00,501.30002,534.3889,33.088898,33.088898
2026-12-18 14:00:00,484.43,550.95996,66.52997,66.52997
2026-12-18 15:00:00,533.68,585.68555,52.005554,52.005554
2026-12-18 16:00:00,592.2,642.618,50.41797,50.41797
2026-12-18 17:00:00,679.08,712.12476,33.04474,33.04474
2026-12-18 18:00:00,715.57,769.4452,53.875183,53.875183
2026-12-18 19:00:00,732.83,779.832,47.001953,47.001953
2026-12-18 20:00:00,699.28,758.54626,59.266235,59.266235
2026-12-18 21:00:00,679.1,721.5987,42.49872,42.49872
2026-12-18 22:00:00,661.24,682.68616,21.446167,21.446167
2026-12-18 23:00:00,638.22003,643.8259,5.605896,5.605896
2026-12-19 00:00:00,493.10004,516.7401,23.640076,23.640076
2026-12-19 01:00:00,518.60004,517.8094,-0.7906494,0.7906494
2026-12-19 02:00:00,467.10004,524.2332,57.13318,57.13318
2026-12-19 03:00:00,480.04,530.7232,50.683197,50.683197
2026-12-19 04:00:00,530.11,544.8226,14.712585,14.712585
2026-12-19 05:00:00,513.05,560.0588,47.00879,47.00879
2026-12-19 06:00:00,550.48,579.1144,28.6344,28.6344
2026-12-19 07:00:00,564.58,598.98267,34.40265,34.40265
2026-12-19 08:00:00,572.38,590.28394,17.90393,17.90393
2026-12-19 09:00:00,521.05005,553.41064,32.360596,32.360596
2026-12-19 10:00:00,523.79004,506.79843,-16.991608,16.991608
2026-12-19 11:00:00,438.16003,472.3432,34.183167,34.183167
2026-12-19 12:00:00,444.12,448.50363,4.3836365,4.3836365
2026-12-19 13:00:00,375.12003,448.66516,73.545135,73.545135
2026-12-19 14:00:00,410.16,464.689,54.52899,54.52899
2026-12-19 15:00:00,438.92,498.8128,59.89279,59.89279
2026-12-19 16:00:00,492.38,545.8125,53.432495,53.432495
2026-12-19 17:00:00,506.63,602.375,95.744995,95.744995
2026-12-19 18:00:00,600.74,654.76874,54.028748,54.028748
2026-12-19 19:00:00,577.57,684.8219,107.25189,107.25189
2026-12-19 20:00:00,577.62,670.8055,93.185486,93.185486
2026-12-19 21:00:00,535.7,629.66473,93.96472,93.96472
2026-12-19 22:00:00,535.96,580.96436,45.004333,45.004333
2026-12-19 23:00:00,493.66003,545.7068,52.046753,52.046753
2026-12-20 00:00:00,496.81,522.80304,25.993042,25.993042
2026-12-20 01:00:00,461.75,516.8419,55.09192,55.09192
2026-12-20 02:00:00,460.13,516.0329,55.902893,55.902893
2026-12-20 03:00:00,489.75,523.8122,34.062195,34.062195
2026-12-20 04:00:00,542.62,536.3365,-6.2835083,6.2835083
2026-12-20 05:00:00,496.92,556.93317,60.013153,60.013153
2026-12-20 06:00:00,553.08,575.967,22.886963,22.886963
2026-12-20 07:00:00,564.31,593.67755,29.367554,29.367554
2026-12-20 08:00:00,576.94,577.956,1.0159912,1.0159912
2026-12-20 09:00:00,501.90002,540.06506,38.16504,38.16504
2026-12-20 10:00:00,486.03003,492.9749,6.9448853,6.9448853
2026-12-20 11:00:00,470.80002,463.9688,-6.8312073,6.8312073
2026-12-20 12:00:00,447.99002,448.4933,0.5032654,0.5032654
2026-12-20 13:00:00,416.57,442.38486,25.81485,25.81485
2026-12-20 14:00:00,443.95,457.8137,13.863678,13.863678
2026-12-20 15:00:00,448.49002,492.93604,44.446014,44.446014
2026-12-20 16:00:00,513.27,541.49146,28.221436,28.221436
2026-12-20 17:00:00,500.24002,601.32043,101.080414,101.080414
2026-12-20 18:00:00,627.55,654.2008,26.650818,26.650818
2026-12-20 19:00:00,592.68,682.40436,89.724365,89.724365
2026-12-20 20:00:00,598.57,667.04504,68.47504,68.47504
2026-12-20 21:00:00,592.93,625.8733,32.9433,32.9433
2026-12-20 22:00:00,556.18,579.51495,23.33496,23.33496
2026-12-20 23:00:00,484.5,538.96875,54.46875,54.46875
2026-12-21 00:00:00,605.68,611.66376,5.9837646,5.9837646
2026-12-21 01:00:00,631.31,625.07935,-6.230652,6.230652
2026-12-21 02:00:00,618.21,623.7353,5.5252686,5.5252686
2026-12-21 03:00:00,579.91003,630.3015,50.39148,50.39148
2026-12-21 04:00:00,610.8,645.15405,34.354065,34.354065
2026-12-21 05:00:00,647.01,663.58826,16.578247,16.578247
2026-12-21 06:00:00,655.76,687.14453,31.384521,31.384521
2026-12-21 07:00:00,669.12,702.3893,33.269287,33.269287
2026-12-21 08:00:00,676.53,689.0059,12.475891,12.475891
2026-12-21 09:00:00,683.72003,648.7549,-34.96515,34.96515
2026-12-21 10:00:00,600.79004,601.9575,1.1674805,1.1674805
2026-12-21 11:00:00,521.52,563.83765,42.317627,42.317627
2026-12-21 12:00:00,506.35,538.7915,32.441498,32.441498
2026-12-21 13:00:00,550.87,533.40344,-17.466553,17.466553
2026-12-21 14:00:00,545.33,548.1141,2.7840576,2.7840576
2026-12-21 15:00:00,565.09,578.8801,13.7901,13.7901
2026-12-21 16:00:00,624.05,630.7991,6.7490845,6.7490845
2026-12-21 17:00:00,692.19,701.74774,9.557739,9.557739
2026-12-21 18:00:00,731.09,757.5051,26.4151,26.4151
2026-12-21 19:00:00,722.72003,772.2472,49.52716,49.52716
2026-12-21 20:00:00,710.04004,751.99457,41.95453,41.95453
2026-12-21 21:00:00,691.07,712.42,21.349976,21.349976
2026-12-21 22:00:00,600.59,667.7981,67.20807,67.20807
2026-12-21 23:00:00,667.35004,630.11816,-37.231873,37.231873
2026-12-22 00:00:00,593.18,612.1535,18.97351,18.97351
2026-12-22 01:00:00,583.22003,611.9779,28.757874,28.757874
2026-12-22 02:00:00,613.95,615.88654,1.9365234,1.9365234
2026-12-22 03:00:00,595.42,621.60175,26.181763,26.181763
2026-12-22 04:00:00,661.09,636.5123,-24.577698,24.577698
2026-12-22 05:00:00,640.04004,662.65564,22.6156,22.6156
2026-12-22 06:00:00,656.31,689.5386,33.228577,33.228577
2026-12-22 07:00:00,703.36,706.51685,3.1568604,3.1568604
2026-12-22 08:00:00,633.35004,694.61365,61.26361,61.26361
2026-12-22 09:00:00,634.99,644.4795,9.489502,9.489502
2026-12-22 10:00:00,604.10004,591.6793,-12.420715,12.420715
2026-12-22 11:00:00,550.22003,556.5692,6.349182,6.349182
2026-12-22 12:00:00,501.28003,534.4258,33.145752,33.145752
2026-12-22 13:00:00,525.99,534.92017,8.930176,8.930176
2026-12-22 14:00:00,517.92004,554.693,36.77295,36.77295
2026-12-22 15:00:00,562.67004,592.84534,30.175293,30.175293
2026-12-22 16:00:00,621.91003,654.6682,32.75818,32.75818
2026-12-22 17:00:00,693.12,723.04553,29.925537,29.925537
2026-12-22 18:00:00,722.98,771.7134,48.7334,48.7334
2026-12-22 19:00:00,716.95,774.06726,57.11725,57.11725
2026-12-22 20:00:00,702.59,747.6079,45.017883,45.017883
2026-12-22 21:00:00,698.9,708.49603,9.596008,9.596008
2026-12-22 22:00:00,641.15,668.7553,27.605286,27.605286
2026-12-22 23:00:00,621.82,634.76013,12.9401245,12.9401245
2026-12-23 00:00:00,627.21,610.5815,-16.62854,16.62854
2026-12-23 01:00:00,621.83,611.8912,-9.938843,9.938843
2026-12-23 02:00:00,582.95,617.2776,34.327576,34.327576
2026-12-23 03:00:00,599.86,629.5305,29.670532,29.670532
2026-12-23 04:00:00,656.96,642.1527,-14.807312,14.807312
2026-12-23 05:00:00,644.77,670.27734,25.507324,25.507324
2026-12-23 06:00:00,692.93,697.3706,4.440613,4.440613
2026-12-23 07:00:00,630.37,716.89185,86.52185,86.52185
2026-12-23 08:00:00,659.48,692.4858,33.0058,33.0058
2026-12-23 09:00:00,641.23,638.43524,-2.7947388,2.7947388
2026-12-23 10:00:00,609.43,585.5077,-23.922302,23.922302
2026-12-23 11:00:00,587.29004,550.3816,-36.908447,36.908447
2026-12-23 12:00:00,519.89,532.64886,12.75885,12.75885
2026-12-23 13:00:00,528.88,532.19165,3.3116455,3.3116455
2026-12-23 14:00:00,541.54004,548.91187,7.371826,7.371826
2026-12-23 15:00:00,588.2,585.92145,-2.2785645,2.2785645
2026-12-23 16:00:00,567.32,646.47833,79.158325,79.158325
2026-12-23 17:00:00,604.48,716.21545,111.73547,111.73547
2026-12-23 18:00:00,705.28,764.05066,58.77063,58.77063
2026-12-23 19:00:00,726.19,771.68286,45.49286,45.49286
2026-12-23 20:00:00,719.02,748.5632,29.543152,29.543152
2026-12-23 21:00:00,670.9,710.1442,39.2442,39.2442
2026-12-23 22:00:00,668.53,669.70166,1.1716309,1.1716309
2026-12-23 23:00:00,636.74,635.5582,-1.1817627,1.1817627
2026-12-24 00:00:00,599.21,611.0943,11.884277,11.884277
2026-12-24 01:00:00,604.63,608.1471,3.5170898,3.5170898
2026-12-24 02:00:00,570.35004,612.2683,41.918274,41.918274
2026-12-24 03:00:00,665.3,620.3729,-44.927063,44.927063
2026-12-24 04:00:00,613.75,641.12823,27.378235,27.378235
2026-12-24 05:00:00,650.9,669.25946,18.359436,18.359436
2026-12-24 06:00:00,656.95,697.93536,40.98535,40.98535
2026-12-24 07:00:00,684.64,709.3062,24.666199,24.666199
2026-12-24 08:00:00,675.04004,691.2091,16.169067,16.169067
2026-12-24 09:00:00,602.88,648.4209,45.540894,45.540894
2026-12-24 10:00:00,607.12,599.0947,-8.025269,8.025269
2026-12-24 11:00:00,551.36,559.7505,8.390503,8.390503
2026-12-24 12:00:00,571.42,535.85034,-35.56964,35.56964
2026-12-24 13:00:00,536.9,533.9458,-2.9542236,2.9542236
2026-12-24 14:00:00,542.11,547.13257,5.022583,5.022583
2026-12-24 15:00:00,598.64,579.7857,-18.85431,18.85431
2026-12-24 16:00:00,632.12,639.2967,7.176697,7.176697
2026-12-24 17:00:00,637.82,710.87634,73.056335,73.056335
2026-12-24 18:00:00,698.09,769.1626,71.07257,71.07257
2026-12-24 19:00:00,692.75,779.4738,86.723816,86.723816
2026-12-24 20:00:00,710.18,757.20215,47.022156,47.022156
2026-12-24 21:00:00,689.29,720.07764,30.787659,30.787659
2026-12-24 22:00:00,630.94,680.0083,49.0683,49.0683
2026-12-24 23:00:00,622.12,644.81085,22.690857,22.690857
2026-12-25 00:00:00,546.44,617.2533,70.81329,70.81329
2026-12-25 01:00:00,509.38,557.2865,47.906494,47.906494
2026-12-25 02:00:00,507.1,525.64966,18.549652,18.549652
2026-12-25 03:00:00,513.82,525.4431,11.623108,11.623108
2026-12-25 04:00:00,529.99,547.67365,17.683655,17.683655
2026-12-25 05:00:00,489.38,577.3008,87.92078,87.92078
2026-12-25 06:00:00,565.03,610.76385,45.733826,45.733826
2026-12-25 07:00:00,567.24,641.6578,74.417786,74.417786
2026-12-25 08:00:00,580.12,625.6641,45.54413,45.54413
2026-12-25 09:00:00,529.37,570.641,41.270996,41.270996
2026-12-25 10:00:00,536.4,518.6687,-17.731323,17.731323
2026-12-25 11:00:00,466.67,471.76096,5.0909424,5.0909424
2026-12-25 12:00:00,476.42,442.8047,-33.615326,33.615326
2026-12-25 13:00:00,406.40002,437.2968,30.89679,30.89679
2026-12-25 14:00:00,458.12,460.07745,1.9574585,1.9574585
2026-12-25 15:00:00,506.92,503.83456,-3.0854492,3.0854492
2026-12-25 16:00:00,464.63,559.8802,95.25018,95.25018
2026-12-25 17:00:00,600.63,619.56757,18.937561,18.937561
2026-12-25 18:00:00,638.19,679.73376,41.543762,41.543762
2026-12-25 19:00:00,624.56,699.17456,74.61456,74.61456
2026-12-25 20:00:00,615.06,670.8757,55.815674,55.815674
2026-12-25 21:00:00,606.19,621.1345,14.944519,14.944519
2026-12-25 22:00:00,583.52,583.97375,0.45373535,0.45373535
2026-12-25 23:00:00,496.41003,575.58356,79.17352,79.17352
2026-12-26 00:00:00,515.34,570.1043,54.764282,54.764282
2026-12-26 01:00:00,466.76,566.91614,100.15613,100.15613
2026-12-26 02:00:00,505.32,554.1697,48.84967,48.84967
2026-12-26 03:00:00,463.09003,547.8598,84.769775,84.769775
2026-12-26 04:00:00,482.67,548.8616,66.19156,66.19156
2026-12-26 05:00:00,578.22003,556.06195,-22.158081,22.158081
2026-12-26 06:00:00,567.39,578.3964,11.006409,11.006409
2026-12-26 07:00:00,522.27,606.9206,84.65057,84.65057
2026-12-26 08:00:00,538.19,596.40625,58.216248,58.216248
2026-12-26 09:00:00,512.0,558.15155,46.15155,46.15155
2026-12-26 10:00:00,475.48,513.0211,37.541107,37.541107
2026-12-26 11:00:00,446.30002,473.98502,27.684998,27.684998
2026-12-26 12:00:00,389.58002,450.727,61.146973,61.146973
2026-12-26 13:00:00,395.93002,441.4776,45.547577,45.547577
2026-12-26 14:00:00,435.29004,454.46985,19.17981,19.17981
2026-12-26 15:00:00,437.91003,488.1201,50.210052,50.210052
2026-12-26 16:00:00,543.17004,534.55475,-8.615295,8.615295
2026-12-26 17:00:00,525.58,598.13916,72.55914,72.55914
2026-12-26 18:00:00,594.64,654.9312,60.2912,60.2912
2026-12-26 19:00:00,623.56,676.92773,53.367737,53.367737
2026-12-26 20:00:00,590.5,659.6522,69.15222,69.15222
2026-12-26 21:00:00,558.35004,617.4533,59.10327,59.10327
2026-12-26 22:00:00,557.59,571.4807,13.890686,13.890686
2026-12-26 23:00:00,499.95,536.5841,36.634094,36.634094
2026-12-27 00:00:00,513.31,517.614,4.304016,4.304016
2026-12-27 01:00:00,494.35004,519.5528,25.202759,25.202759
2026-12-27 02:00:00,517.42004,523.72784,6.3078003,6.3078003
2026-12-27 03:00:00,470.84003,534.91156,64.07153,64.07153
2026-12-27 04:00:00,507.69,542.4862,34.796204,34.796204
2026-12-27 05:00:00,511.16,559.76544,48.60544,48.60544
2026-12-27 06:00:00,588.05,577.8376,-10.212402,10.212402
2026-12-27 07:00:00,574.36,598.3091,23.949097,23.949097
2026-12-27 08:00:00,543.65,586.24646,42.596436,42.596436
2026-12-27 09:00:00,507.86002,542.95996,35.099945,35.099945
2026-12-27 10:00:00,456.05002,499.1278,43.07779,43.07779
2026-12-27 11:00:00,428.23,463.61407,35.384064,35.384064
2026-12-27 12:00:00,438.22003,446.08386,7.8638306,7.8638306
2026-12-27 13:00:00,487.13,440.733,-46.397003,46.397003
2026-12-27 14:00:00,437.07,458.77466,21.70465,21.70465
2026-12-27 15:00:00,401.25,493.91122,92.661224,92.661224
2026-12-27 16:00:00,524.4,541.6106,17.210571,17.210571
2026-12-27 17:00:00,560.14,609.68256,49.54254,49.54254
2026-12-27 18:00:00,579.81,664.77344,84.96344,84.96344
2026-12-27 19:00:00,625.41003,683.482,58.07196,58.07196
2026-12-27 20:00:00,610.82,660.4961,49.676086,49.676086
2026-12-27 21:00:00,584.13,615.0113,30.881287,30.881287
2026-12-27 22:00:00,507.29,567.1406,59.850616,59.850616
2026-12-27 23:00:00,526.36,530.0407,3.680725,3.680725
2026-12-28 00:00:00,569.22003,608.7291,39.509094,39.509094
2026-12-28 01:00:00,579.76,617.5476,37.787598,37.787598
2026-12-28 02:00:00,608.8,617.7726,8.972595,8.972595
2026-12-28 03:00:00,595.23,624.5098,29.279846,29.279846
2026-12-28 04:00:00,609.92,646.0218,36.101807,36.101807
2026-12-28 05:00:00,641.15,666.1127,24.962646,24.962646
2026-12-28 06:00:00,658.07,691.2612,33.191223,33.191223
2026-12-28 07:00:00,642.66003,706.20825,63.548218,63.548218
2026-12-28 08:00:00,669.43,689.98505,20.555054,20.555054
2026-12-28 09:00:00,642.65,646.4951,3.8450928,3.8450928
2026-12-28 10:00:00,595.93,595.8632,-0.06677246,0.06677246
2026-12-28 11:00:00,605.54004,558.43646,-47.103577,47.103577
2026-12-28 12:00:00,536.96,541.08716,4.127136,4.127136
2026-12-28 13:00:00,586.57,537.47656,-49.093445,49.093445
2026-12-28 14:00:00,493.98,554.0698,60.089813,60.089813
2026-12-28 15:00:00,581.66003,586.91113,5.2510986,5.2510986
2026-12-28 16:00:00,605.38,642.91626,37.536255,37.536255
2026-12-28 17:00:00,639.60004,711.6887,72.088684,72.088684
2026-12-28 18:00:00,748.88,764.4912,15.611206,15.611206
2026-12-28 19:00:00,688.04004,773.50775,85.46771,85.46771
2026-12-28 20:00:00,737.43,749.1262,11.696228,11.696228
2026-12-28 21:00:00,694.03,710.9003,16.8703,16.8703
2026-12-28 22:00:00,657.59,668.7813,11.191284,11.191284
2026-12-28 23:00:00,614.94,633.7626,18.82257,18.82257
2026-12-29 00:00:00,636.86,610.3932,-26.466797,26.466797
2026-12-29 01:00:00,611.97003,611.0584,-0.9116211,0.9116211
2026-12-29 02:00:00,624.74,615.44165,-9.29834,9.29834
2026-12-29 03:00:00,571.65,623.0601,51.410095,51.410095
2026-12-29 04:00:00,599.73,636.302,36.57202,36.57202
2026-12-29 05:00:00,634.78,658.2172,23.437195,23.437195
2026-12-29 06:00:00,675.93,684.6604,8.730408,8.730408
2026-12-29 07:00:00,625.23,709.56323,84.33325,84.33325
2026-12-29 08:00:00,632.2,686.9354,54.735413,54.735413
2026-12-29 09:00:00,650.91003,636.6615,-14.248535,14.248535
2026-12-29 10:00:00,581.7,588.3688,6.668762,6.668762
2026-12-29 11:00:00,552.43,552.2433,-0.18670654,0.18670654
2026-12-29 12:00:00,550.32,531.75183,-18.568176,18.568176
2026-12-29 13:00:00,564.45,530.7912,-33.658813,33.658813
2026-12-29 14:00:00,508.59003,548.96484,40.374817,40.374817
2026-12-29 15:00:00,544.62,583.6215,39.001526,39.001526
2026-12-29 16:00:00,589.57,635.9935,46.423523,46.423523
2026-12-29 17:00:00,677.28,701.00726,23.727234,23.727234
2026-12-29 18:00:00,683.02,758.39136,75.37134,75.37134
2026-12-29 19:00:00,725.85,769.654,43.804016,43.804016
2026-12-29 20:00:00,685.06,748.6477,63.587708,63.587708
2026-12-29 21:00:00,692.16003,711.36755,19.20752,19.20752
2026-12-29 22:00:00,665.58,670.9458,5.3657837,5.3657837
2026-12-29 23:00:00,619.24,634.6588,15.418823,15.418823
2026-12-30 00:00:00,589.76,609.799,20.039001,20.039001
2026-12-30 01:00:00,593.73,608.1708,14.440796,14.440796
2026-12-30 02:00:00,601.68,611.2385,9.558533,9.558533
2026-12-30 03:00:00,631.9,621.3606,-10.539429,10.539429
2026-12-30 04:00:00,617.45,639.1046,21.654602,21.654602
2026-12-30 05:00:00,658.33,660.9486,2.6185913,2.6185913
2026-12-30 06:00:00,653.18,690.84985,37.66986,37.66986
2026-12-30 07:00:00,669.82,712.5219,42.701904,42.701904
2026-12-30 08:00:00,718.33,699.5273,-18.802734,18.802734
2026-12-30 09:00:00,634.52,652.6127,18.092651,18.092651
2026-12-30 10:00:00,576.05,597.0854,21.0354,21.0354
2026-12-30 11:00:00,543.43,558.1701,14.740112,14.740112
2026-12-30 12:00:00,552.2,534.3448,-17.855225,17.855225
2026-12-30 13:00:00,539.35004,533.7889,-5.561157,5.561157
2026-12-30 14:00:00,541.76,550.2655,8.505493,8.505493
2026-12-30 15:00:00,561.63,585.76,24.130005,24.130005
2026-12-30 16:00:00,619.11,638.30023,19.190247,19.190247
2026-12-30 17:00:00,686.51,708.8152,22.305176,22.305176
2026-12-30 18:00:00,721.27,769.5321,48.262085,48.262085
2026-12-30 19:00:00,721.21,780.30396,59.093933,59.093933
2026-12-30 20:00:00,697.88,756.2331,58.35309,58.35309
2026-12-30 21:00:00,698.82,714.89526,16.075256,16.075256
2026-12-30 22:00:00,617.54004,671.80963,54.269592,54.269592
2026-12-30 23:00:00,624.19,635.0575,10.867493,10.867493
2026-12-31 00:00:00,588.75,610.8587,22.108704,22.108704
2026-12-31 01:00:00,589.72003,608.7351,19.015076,19.015076
2026-12-31 02:00:00,623.97003,611.00867,-12.961365,12.961365
2026-12-31 03:00:00,608.96,622.6528,13.692749,13.692749
2026-12-31 04:00:00,644.13,644.7025,0.57250977,0.57250977
2026-12-31 05:00:00,624.63,673.63354,49.00354,49.00354
2026-12-31 06:00:00,673.69,700.6736,26.983582,26.983582
2026-12-31 07:00:00,635.65,716.66077,81.01074,81.01074
2026-12-31 08:00:00,685.18,693.81006,8.630066,8.630066
2026-12-31 09:00:00,609.36,647.7071,38.347107,38.347107
2026-12-31 10:00:00,585.97003,594.0244,8.054382,8.054382
2026-12-31 11:00:00,568.72003,555.58545,-13.1345825,13.1345825
2026-12-31 12:00:00,499.69,534.2326,34.542603,34.542603
2026-12-31 13:00:00,551.62,531.2638,-20.356201,20.356201
2026-12-31 14:00:00,537.09,548.4068,11.316772,11.316772
2026-12-31 15:00:00,542.85004,584.78876,41.93872,41.93872
2026-12-31 16:00:00,608.39,640.79315,32.403137,32.403137
2026-12-31 17:00:00,664.63,711.6363,47.006287,47.006287
2026-12-31 18:00:00,755.52,767.46924,11.949219,11.949219
2026-12-31 19:00:00,693.28,781.98724,88.707214,88.707214
2026-12-31 20:00:00,699.02,759.8415,60.821472,60.821472
2026-12-31 21:00:00,706.51,723.9567,17.446716,17.446716
2026-12-31 22:00:00,644.4,684.34155,39.94153,39.94153
2026-12-31 23:00:00,635.14,647.59607,12.456055,12.456055
