timestamp_objetivo,y_real_mw,y_pred_mw,error_mw,error_absoluto_mw
2026-09-13 11:00:00,429.27002,463.1281,33.858093,33.858093
2026-09-13 12:00:00,413.5,447.90625,34.40625,34.40625
2026-09-13 13:00:00,424.42004,446.6748,22.25476,22.25476
2026-09-13 14:00:00,394.81003,463.53998,68.72995,68.72995
2026-09-13 15:00:00,494.02002,498.2434,4.2233887,4.2233887
2026-09-13 16:00:00,533.33,554.7757,21.445679,21.445679
2026-09-13 17:00:00,580.42,629.3768,48.956787,48.956787
2026-09-13 18:00:00,671.75,704.17334,32.42334,32.42334
2026-09-13 19:00:00,697.47003,739.8452,42.375183,42.375183
2026-09-13 20:00:00,652.57,733.5348,80.96478,80.96478
2026-09-13 21:00:00,646.13,690.3497,44.219666,44.219666
2026-09-13 22:00:00,602.34,638.8354,36.49536,36.49536
2026-09-13 23:00:00,535.95,631.58685,95.63684,95.63684
2026-09-14 00:00:00,686.8,656.9202,-29.87976,29.87976
2026-09-14 01:00:00,662.19,688.5828,26.392822,26.392822
2026-09-14 02:00:00,694.28,678.56555,-15.714478,15.714478
2026-09-14 03:00:00,643.43,671.8874,28.457397,28.457397
2026-09-14 04:00:00,664.42,671.85315,7.4331665,7.4331665
2026-09-14 05:00:00,689.81,686.21497,-3.5950317,3.5950317
2026-09-14 06:00:00,732.53,705.8168,-26.713257,26.713257
2026-09-14 07:00:00,693.17,717.64,24.470032,24.470032
2026-09-14 08:00:00,693.76,695.67035,1.9103394,1.9103394
2026-09-14 09:00:00,642.53,643.8372,1.30719,1.30719
2026-09-14 10:00:00,626.0,591.3049,-34.69513,34.69513
2026-09-14 11:00:00,495.17,553.3534,58.18338,58.18338
2026-09-14 12:00:00,584.7,531.2046,-53.495422,53.495422
2026-09-14 13:00:00,499.31,534.8701,35.56012,35.56012
2026-09-14 14:00:00,526.56,553.06116,26.50116,26.50116
2026-09-14 15:00:00,644.75,589.05725,-55.69275,55.69275
2026-09-14 16:00:00,637.64,651.58594,13.945923,13.945923
2026-09-14 17:00:00,711.24,721.9239,10.683899,10.683899
2026-09-14 18:00:00,796.94,789.3524,-7.5875854,7.5875854
2026-09-14 19:00:00,810.01,809.20184,-0.8081665,0.8081665
2026-09-14 20:00:00,807.07,799.33936,-7.730652,7.730652
2026-09-14 21:00:00,763.23,773.223,9.993042,9.993042
2026-09-14 22:00:00,687.19,739.39825,52.208252,52.208252
2026-09-14 23:00:00,689.83,702.79803,12.968018,12.968018
2026-09-15 00:00:00,706.38,675.0603,-31.319702,31.319702
2026-09-15 01:00:00,675.19,667.79425,-7.395752,7.395752
2026-09-15 02:00:00,650.37,662.17566,11.805664,11.805664
2026-09-15 03:00:00,653.42,665.33185,11.911865,11.911865
2026-09-15 04:00:00,666.66003,672.75305,6.0930176,6.0930176
2026-09-15 05:00:00,658.86,686.4782,27.618225,27.618225
2026-09-15 06:00:00,736.48,704.38885,-32.091125,32.091125
2026-09-15 07:00:00,702.85,714.8156,11.965637,11.965637
2026-09-15 08:00:00,682.96,691.293,8.333008,8.333008
2026-09-15 09:00:00,717.38,640.5443,-76.83569,76.83569
2026-09-15 10:00:00,584.28,588.4253,4.1452637,4.1452637
2026-09-15 11:00:00,558.46,550.1559,-8.304138,8.304138
2026-09-15 12:00:00,558.84,528.8613,-29.978699,29.978699
2026-09-15 13:00:00,551.35004,533.4482,-17.901855,17.901855
2026-09-15 14:00:00,534.17004,552.5089,18.338867,18.338867
2026-09-15 15:00:00,574.59,587.1427,12.552673,12.552673
2026-09-15 16:00:00,636.37,636.90344,0.53344727,0.53344727
2026-09-15 17:00:00,677.81,713.17535,35.365356,35.365356
2026-09-15 18:00:00,755.53,790.7853,35.25525,35.25525
2026-09-15 19:00:00,811.0,823.74176,12.74176,12.74176
2026-09-15 20:00:00,759.87,816.3357,56.4657,56.4657
2026-09-15 21:00:00,701.77,788.59033,86.82031,86.82031
2026-09-15 22:00:00,704.87,751.0372,46.167175,46.167175
2026-09-15 23:00:00,713.89,711.4215,-2.4685059,2.4685059
2026-09-16 00:00:00,609.4,682.4826,73.08258,73.08258
2026-09-16 01:00:00,658.97003,667.0754,8.105347,8.105347
2026-09-16 02:00:00,665.98,659.48413,-6.4958496,6.4958496
2026-09-16 03:00:00,659.35004,663.7415,4.3914795,4.3914795
2026-09-16 04:00:00,622.87,673.673,50.80298,50.80298
2026-09-16 05:00:00,672.54,693.28784,20.747864,20.747864
2026-09-16 06:00:00,685.83,710.75714,24.927124,24.927124
2026-09-16 07:00:00,766.63,717.2858,-49.344177,49.344177
2026-09-16 08:00:00,684.32,697.6064,13.286377,13.286377
2026-09-16 09:00:00,651.24,649.1633,-2.0766602,2.0766602
2026-09-16 10:00:00,575.89,590.1224,14.232361,14.232361
2026-09-16 11:00:00,570.98,549.50037,-21.479614,21.479614
2026-09-16 12:00:00,540.06,528.69196,-11.368042,11.368042
2026-09-16 13:00:00,528.47003,533.3878,4.9177856,4.9177856
2026-09-16 14:00:00,571.31,556.62445,-14.685547,14.685547
2026-09-16 15:00:00,579.45,594.7695,15.319458,15.319458
2026-09-16 16:00:00,615.53,651.34845,35.81842,35.81842
2026-09-16 17:00:00,688.91003,728.9449,40.03485,40.03485
2026-09-16 18:00:00,768.55,799.8775,31.327515,31.327515
2026-09-16 19:00:00,797.58,821.5479,23.967896,23.967896
2026-09-16 20:00:00,724.76,810.17993,85.41992,85.41992
2026-09-16 21:00:00,733.33,780.0088,46.678772,46.678772
2026-09-16 22:00:00,674.6,741.4473,66.84735,66.84735
2026-09-16 23:00:00,635.79004,703.6552,67.86517,67.86517
2026-09-17 00:00:00,693.15,673.3356,-19.814453,19.814453
2026-09-17 01:00:00,654.9,667.6886,12.788574,12.788574
2026-09-17 02:00:00,626.51,662.68036,36.17035,36.17035
2026-09-17 03:00:00,647.94,661.5639,13.623901,13.623901
2026-09-17 04:00:00,645.89,668.45013,22.56012,22.56012
2026-09-17 05:00:00,659.03,684.8361,25.806091,25.806091
2026-09-17 06:00:00,706.79004,705.8686,-0.92144775,0.92144775
2026-09-17 07:00:00,724.83,714.05676,-10.773254,10.773254
2026-09-17 08:00:00,703.35,690.9829,-12.367065,12.367065
2026-09-17 09:00:00,629.03,641.0489,12.01886,12.01886
2026-09-17 10:00:00,573.23,589.03735,15.807373,15.807373
2026-09-17 11:00:00,520.92,550.4977,29.577698,29.577698
2026-09-17 12:00:00,539.92004,530.00977,-9.910278,9.910278
2026-09-17 13:00:00,555.76,535.0693,-20.690735,20.690735
2026-09-17 14:00:00,531.17004,557.5853,26.415283,26.415283
2026-09-17 15:00:00,586.4,594.91016,8.510132,8.510132
2026-09-17 16:00:00,651.64,652.8623,1.22229,1.22229
2026-09-17 17:00:00,706.38,734.7667,28.386719,28.386719
2026-09-17 18:00:00,751.01,807.9054,56.895386,56.895386
2026-09-17 19:00:00,807.12,830.4774,23.357422,23.357422
2026-09-17 20:00:00,788.11,818.54645,30.436462,30.436462
2026-09-17 21:00:00,736.26,789.31287,53.052856,53.052856
2026-09-17 22:00:00,722.63,748.8182,26.188171,26.188171
2026-09-17 23:00:00,700.32,704.51135,4.191345,4.191345
2026-09-18 00:00:00,706.53,669.1838,-37.346252,37.346252
2026-09-18 01:00:00,656.60004,666.8828,10.282776,10.282776
2026-09-18 02:00:00,659.63,665.5593,5.9293213,5.9293213
2026-09-18 03:00:00,626.25,667.4609,41.210876,41.210876
2026-09-18 04:00:00,678.55,674.32043,-4.229553,4.229553
2026-09-18 05:00:00,674.16003,691.167,17.006958,17.006958
2026-09-18 06:00:00,706.15,712.2352,6.085205,6.085205
2026-09-18 07:00:00,663.23,719.8972,56.667236,56.667236
2026-09-18 08:00:00,651.91003,698.25525,46.345215,46.345215
2026-09-18 09:00:00,644.21,645.79596,1.5859375,1.5859375
2026-09-18 10:00:00,546.97003,589.60986,42.63983,42.63983
2026-09-18 11:00:00,560.98,549.93964,-11.040344,11.040344
2026-09-18 12:00:00,548.62,528.4653,-20.154724,20.154724
2026-09-18 13:00:00,581.59,535.48413,-46.105896,46.105896
2026-09-18 14:00:00,532.77,559.96545,27.195435,27.195435
2026-09-18 15:00:00,600.92,598.36194,-2.5580444,2.5580444
2026-09-18 16:00:00,702.64,659.5984,-43.041626,43.041626
2026-09-18 17:00:00,678.0,742.27826,64.27826,64.27826
2026-09-18 18:00:00,781.1,812.6643,31.564331,31.564331
2026-09-18 19:00:00,784.83997,836.1831,51.34314,51.34314
2026-09-18 20:00:00,751.98,826.9982,75.01825,75.01825
2026-09-18 21:00:00,702.35,797.40967,95.05969,95.05969
2026-09-18 22:00:00,699.32,746.71295,47.392944,47.392944
2026-09-18 23:00:00,694.17,672.1239,-22.046082,22.046082
2026-09-19 00:00:00,547.13,596.1677,49.03772,49.03772
2026-09-19 01:00:00,528.76,562.71967,33.959656,33.959656
2026-09-19 02:00:00,564.46,554.62897,-9.831055,9.831055
2026-09-19 03:00:00,557.11,561.3669,4.256897,4.256897
2026-09-19 04:00:00,618.64,572.0875,-46.55249,46.55249
2026-09-19 05:00:00,584.48,592.9056,8.425598,8.425598
2026-09-19 06:00:00,610.79004,617.3155,6.5254517,6.5254517
2026-09-19 07:00:00,587.93,625.9053,37.97528,37.97528
2026-09-19 08:00:00,601.21,598.8359,-2.3741455,2.3741455
2026-09-19 09:00:00,516.91003,546.92914,30.019104,30.019104
2026-09-19 10:00:00,478.33002,497.00946,18.679443,18.679443
2026-09-19 11:00:00,440.38,463.95898,23.57898,23.57898
2026-09-19 12:00:00,445.83002,447.13702,1.3070068,1.3070068
2026-09-19 13:00:00,427.53003,444.31403,16.783997,16.783997
2026-09-19 14:00:00,441.91003,461.61664,19.706604,19.706604
2026-09-19 15:00:00,499.92,497.97272,-1.9472961,1.9472961
2026-09-19 16:00:00,564.7,557.3955,-7.3045044,7.3045044
2026-09-19 17:00:00,620.76,634.9876,14.2276,14.2276
2026-09-19 18:00:00,676.66003,711.8623,35.20227,35.20227
2026-09-19 19:00:00,684.12,748.75055,64.630554,64.630554
2026-09-19 20:00:00,677.02,740.52673,63.506714,63.506714
2026-09-19 21:00:00,646.84,697.54926,50.70923,50.70923
2026-09-19 22:00:00,613.44,642.48615,29.046143,29.046143
2026-09-19 23:00:00,565.11,595.3015,30.191528,30.191528
2026-09-20 00:00:00,550.80005,583.8895,33.089478,33.089478
2026-09-20 01:00:00,578.48,579.44904,0.9690552,0.9690552
2026-09-20 02:00:00,564.12,566.75305,2.6330566,2.6330566
2026-09-20 03:00:00,559.26,561.1677,1.9077148,1.9077148
2026-09-20 04:00:00,548.60004,565.84576,17.245728,17.245728
2026-09-20 05:00:00,567.27,578.68463,11.414612,11.414612
2026-09-20 06:00:00,577.1,596.53186,19.431885,19.431885
2026-09-20 07:00:00,590.62,609.66003,19.04004,19.04004
2026-09-20 08:00:00,585.07,587.2827,2.2127075,2.2127075
2026-09-20 09:00:00,538.36,540.9365,2.576538,2.576538
2026-09-20 10:00:00,443.95,493.4696,49.519592,49.519592
2026-09-20 11:00:00,478.78003,460.9035,-17.876526,17.876526
2026-09-20 12:00:00,407.89,446.11707,38.22705,38.22705
2026-09-20 13:00:00,377.52002,442.1416,64.62158,64.62158
2026-09-20 14:00:00,432.54004,457.03766,24.49762,24.49762
2026-09-20 15:00:00,449.7,492.69324,42.993225,42.993225
2026-09-20 16:00:00,497.29004,548.0982,50.808167,50.808167
2026-09-20 17:00:00,603.19,618.27484,15.084839,15.084839
2026-09-20 18:00:00,688.43,697.05133,8.621338,8.621338
2026-09-20 19:00:00,663.67,736.5367,72.8667,72.8667
2026-09-20 20:00:00,599.11,725.22485,126.11487,126.11487
2026-09-20 21:00:00,609.16003,674.6724,65.51239,65.51239
2026-09-20 22:00:00,600.60004,629.5224,28.922363,28.922363
2026-09-20 23:00:00,540.27,623.4366,83.166565,83.166565
2026-09-21 00:00:00,651.89,641.9759,-9.914124,9.914124
2026-09-21 01:00:00,622.8,676.68005,53.880066,53.880066
2026-09-21 02:00:00,650.5,668.74677,18.246765,18.246765
2026-09-21 03:00:00,647.55,662.4486,14.898621,14.898621
2026-09-21 04:00:00,656.66003,665.71924,9.059204,9.059204
2026-09-21 05:00:00,666.5,679.7192,13.219177,13.219177
2026-09-21 06:00:00,677.14,700.5006,23.360596,23.360596
2026-09-21 07:00:00,729.22003,712.2598,-16.960205,16.960205
2026-09-21 08:00:00,674.63,692.93085,18.300842,18.300842
2026-09-21 09:00:00,686.13,644.04504,-42.08496,42.08496
2026-09-21 10:00:00,615.23,591.63324,-23.59674,23.59674
2026-09-21 11:00:00,587.78,553.0152,-34.76483,34.76483
2026-09-21 12:00:00,523.39,531.2676,7.8775635,7.8775635
2026-09-21 13:00:00,522.78,532.7013,9.921265,9.921265
2026-09-21 14:00:00,525.62,550.4768,24.856812,24.856812
2026-09-21 15:00:00,591.77,583.1747,-8.595337,8.595337
2026-09-21 16:00:00,635.62,639.25726,3.637268,3.637268
2026-09-21 17:00:00,699.27,720.52295,21.25293,21.25293
2026-09-21 18:00:00,754.45,797.8614,43.411377,43.411377
2026-09-21 19:00:00,795.8,821.74316,25.943176,25.943176
2026-09-21 20:00:00,801.52,811.56165,10.041626,10.041626
2026-09-21 21:00:00,733.35,781.84644,48.49646,48.49646
2026-09-21 22:00:00,693.1,745.65576,52.555786,52.555786
2026-09-21 23:00:00,638.19,706.6741,68.48407,68.48407
2026-09-22 00:00:00,643.73,674.46735,30.737366,30.737366
2026-09-22 01:00:00,666.83,661.7345,-5.09552,5.09552
2026-09-22 02:00:00,648.01,655.96246,7.9524536,7.9524536
2026-09-22 03:00:00,602.39,656.4542,54.06421,54.06421
2026-09-22 04:00:00,653.38,663.9725,10.592468,10.592468
2026-09-22 05:00:00,673.65,678.81,5.159973,5.159973
2026-09-22 06:00:00,704.39,700.6904,-3.699585,3.699585
2026-09-22 07:00:00,744.63,711.11444,-33.515564,33.515564
2026-09-22 08:00:00,720.69,693.067,-27.622986,27.622986
2026-09-22 09:00:00,633.3,647.0853,13.785339,13.785339
2026-09-22 10:00:00,595.28,592.15753,-3.1224976,3.1224976
2026-09-22 11:00:00,546.29004,550.7288,4.4387817,4.4387817
2026-09-22 12:00:00,548.23,528.0609,-20.169067,20.169067
2026-09-22 13:00:00,528.9,531.59894,2.6989136,2.6989136
2026-09-22 14:00:00,560.93,552.0115,-8.918518,8.918518
2026-09-22 15:00:00,572.68,589.7155,17.035522,17.035522
2026-09-22 16:00:00,599.63,649.41833,49.78833,49.78833
2026-09-22 17:00:00,683.39,726.1726,42.782593,42.782593
2026-09-22 18:00:00,758.99,797.27094,38.280945,38.280945
2026-09-22 19:00:00,808.04004,820.65906,12.619019,12.619019
2026-09-22 20:00:00,771.8,810.96796,39.16797,39.16797
2026-09-22 21:00:00,728.81,782.3762,53.566223,53.566223
2026-09-22 22:00:00,735.28,744.1074,8.827393,8.827393
2026-09-22 23:00:00,669.52,707.5592,38.039185,38.039185
2026-09-23 00:00:00,640.4,677.5786,37.17859,37.17859
2026-09-23 01:00:00,652.11,667.245,15.13501,15.13501
2026-09-23 02:00:00,650.39,658.9745,8.584473,8.584473
2026-09-23 03:00:00,636.26,658.6704,22.4104,22.4104
2026-09-23 04:00:00,636.69,669.0852,32.395203,32.395203
2026-09-23 05:00:00,668.67,682.7398,14.069824,14.069824
2026-09-23 06:00:00,670.94,709.5996,38.659607,38.659607
2026-09-23 07:00:00,694.89,717.51086,22.62085,22.62085
2026-09-23 08:00:00,664.42,692.9404,28.520447,28.520447
2026-09-23 09:00:00,643.8,639.9389,-3.861084,3.861084
2026-09-23 10:00:00,599.75,585.00885,-14.74115,14.74115
2026-09-23 11:00:00,550.69,547.369,-3.320984,3.320984
2026-09-23 12:00:00,524.97003,526.4228,1.4527588,1.4527588
2026-09-23 13:00:00,535.43,532.9414,-2.4885864,2.4885864
2026-09-23 14:00:00,564.95,555.6967,-9.253296,9.253296
2026-09-23 15:00:00,571.0,598.21326,27.213257,27.213257
2026-09-23 16:00:00,633.12,659.0741,25.954102,25.954102
2026-09-23 17:00:00,742.21,735.3471,-6.862915,6.862915
2026-09-23 18:00:00,746.13,807.0098,60.87982,60.87982
2026-09-23 19:00:00,782.17004,827.2139,45.043884,45.043884
2026-09-23 20:00:00,751.41003,813.79224,62.382202,62.382202
2026-09-23 21:00:00,723.06,784.3986,61.338623,61.338623
2026-09-23 22:00:00,686.65,746.16327,59.513245,59.513245
2026-09-23 23:00:00,673.14,704.4781,31.338074,31.338074
2026-09-24 00:00:00,666.96,676.7818,9.821777,9.821777
2026-09-24 01:00:00,647.67,669.3056,21.63562,21.63562
2026-09-24 02:00:00,673.65,662.7401,-10.909912,10.909912
2026-09-24 03:00:00,648.4,665.51935,17.119324,17.119324
2026-09-24 04:00:00,636.98,678.78705,41.807068,41.807068
2026-09-24 05:00:00,672.77,693.2482,20.47821,20.47821
2026-09-24 06:00:00,672.44,709.4642,37.02417,37.02417
2026-09-24 07:00:00,695.35,710.6959,15.345947,15.345947
2026-09-24 08:00:00,669.25,685.4505,16.2005,16.2005
2026-09-24 09:00:00,684.51,637.36786,-47.14215,47.14215
2026-09-24 10:00:00,610.88,586.78723,-24.092773,24.092773
2026-09-24 11:00:00,536.63,549.6641,13.034119,13.034119
2026-09-24 12:00:00,528.87,529.6616,0.791626,0.791626
2026-09-24 13:00:00,547.83,534.47626,-13.35376,13.35376
2026-09-24 14:00:00,552.97003,556.3207,3.350647,3.350647
2026-09-24 15:00:00,568.28,591.8362,23.556152,23.556152
2026-09-24 16:00:00,561.0,650.13074,89.13074,89.13074
2026-09-24 17:00:00,679.66003,724.65265,44.992615,44.992615
2026-09-24 18:00:00,745.39,795.73083,50.34082,50.34082
2026-09-24 19:00:00,798.89,823.3932,24.503174,24.503174
2026-09-24 20:00:00,793.06,815.5095,22.449524,22.449524
2026-09-24 21:00:00,716.1,788.71454,72.61456,72.61456
2026-09-24 22:00:00,713.41003,748.82104,35.41101,35.41101
2026-09-24 23:00:00,651.33,704.8506,53.52057,53.52057
2026-09-25 00:00:00,662.63,666.2502,3.6201782,3.6201782
2026-09-25 01:00:00,598.43,659.7959,61.365906,61.365906
2026-09-25 02:00:00,626.92,654.85645,27.936462,27.936462
2026-09-25 03:00:00,626.99,653.997,27.007019,27.007019
2026-09-25 04:00:00,622.45,660.50275,38.052734,38.052734
2026-09-25 05:00:00,677.39,679.6669,2.2768555,2.2768555
2026-09-25 06:00:00,658.51,702.6328,44.122803,44.122803
2026-09-25 07:00:00,689.23,713.9315,24.701538,24.701538
2026-09-25 08:00:00,682.14,694.02716,11.887146,11.887146
2026-09-25 09:00:00,593.97003,644.9766,51.00659,51.00659
2026-09-25 10:00:00,563.59,588.13544,24.54541,24.54541
2026-09-25 11:00:00,566.32,546.99567,-19.32434,19.32434
2026-09-25 12:00:00,545.04004,524.9971,-20.042969,20.042969
2026-09-25 13:00:00,563.77,528.8805,-34.889526,34.889526
2026-09-25 14:00:00,573.11,551.5492,-21.560791,21.560791
2026-09-25 15:00:00,562.28,591.22125,28.941223,28.941223
2026-09-25 16:00:00,637.08,651.3641,14.284058,14.284058
2026-09-25 17:00:00,732.0,734.2927,2.2927246,2.2927246
2026-09-25 18:00:00,784.24,808.26697,24.026978,24.026978
2026-09-25 19:00:00,761.14,831.4038,70.263794,70.263794
2026-09-25 20:00:00,781.64,820.9347,39.294678,39.294678
2026-09-25 21:00:00,710.75,791.502,80.752014,80.752014
2026-09-25 22:00:00,688.83,739.6526,50.82257,50.82257
2026-09-25 23:00:00,680.58,660.80634,-19.773682,19.773682
2026-09-26 00:00:00,548.9,581.8051,32.90509,32.90509
2026-09-26 01:00:00,528.69,550.09766,21.407654,21.407654
2026-09-26 02:00:00,503.18,547.50616,44.32617,44.32617
2026-09-26 03:00:00,533.53,551.37854,17.84851,17.84851
2026-09-26 04:00:00,546.98,562.28394,15.303955,15.303955
2026-09-26 05:00:00,513.86,582.30914,68.44916,68.44916
2026-09-26 06:00:00,572.06,600.85626,28.796265,28.796265
2026-09-26 07:00:00,581.44,618.82446,37.38446,37.38446
2026-09-26 08:00:00,566.85,596.93555,30.085571,30.085571
2026-09-26 09:00:00,513.29004,546.997,33.70697,33.70697
2026-09-26 10:00:00,446.03003,495.7229,49.69287,49.69287
2026-09-26 11:00:00,416.18,462.00726,45.82727,45.82727
2026-09-26 12:00:00,414.76,440.68237,25.922363,25.922363
2026-09-26 13:00:00,405.47003,441.35324,35.88321,35.88321
2026-09-26 14:00:00,405.29,457.9937,52.703705,52.703705
2026-09-26 15:00:00,468.97003,493.75415,24.784119,24.784119
2026-09-26 16:00:00,523.78,548.1692,24.38916,24.38916
2026-09-26 17:00:00,585.3,617.86584,32.565857,32.565857
2026-09-26 18:00:00,663.34,691.51697,28.17694,28.17694
2026-09-26 19:00:00,689.37,727.9521,38.582092,38.582092
2026-09-26 20:00:00,692.81,719.50433,26.694336,26.694336
2026-09-26 21:00:00,548.13,680.70746,132.57745,132.57745
2026-09-26 22:00:00,567.42004,620.4525,53.03247,53.03247
2026-09-26 23:00:00,591.08,581.32794,-9.752075,9.752075
2026-09-27 00:00:00,509.11002,585.7763,76.66629,76.66629
2026-09-27 01:00:00,567.55,585.4273,17.87732,17.87732
2026-09-27 02:00:00,537.61,568.62854,31.018555,31.018555
2026-09-27 03:00:00,543.85004,558.4131,14.563049,14.563049
2026-09-27 04:00:00,532.02,559.3502,27.3302,27.3302
2026-09-27 05:00:00,583.25,570.7595,-12.4904785,12.4904785
2026-09-27 06:00:00,595.32,588.246,-7.0740356,7.0740356
2026-09-27 07:00:00,612.45,598.477,-13.973022,13.973022
2026-09-27 08:00:00,537.88,583.43243,45.55243,45.55243
2026-09-27 09:00:00,517.60004,536.949,19.348938,19.348938
2026-09-27 10:00:00,413.64,491.70712,78.06711,78.06711
2026-09-27 11:00:00,459.42,457.96,-1.460022,1.460022
2026-09-27 12:00:00,443.88,441.83472,-2.045288,2.045288
2026-09-27 13:00:00,410.76,438.3766,27.616577,27.616577
2026-09-27 14:00:00,441.32,457.29587,15.975861,15.975861
2026-09-27 15:00:00,443.56,492.07947,48.51947,48.51947
2026-09-27 16:00:00,532.81,541.6141,8.804077,8.804077
2026-09-27 17:00:00,574.64,604.4868,29.846802,29.846802
2026-09-27 18:00:00,625.23,675.7675,50.537537,50.537537
2026-09-27 19:00:00,653.18,711.64026,58.460266,58.460266
2026-09-27 20:00:00,660.57,699.1771,38.607117,38.607117
2026-09-27 21:00:00,625.38,662.12036,36.740356,36.740356
2026-09-27 22:00:00,564.17004,622.8682,58.69818,58.69818
2026-09-27 23:00:00,538.05005,614.77094,76.72089,76.72089
2026-09-28 00:00:00,606.0,640.8535,34.853516,34.853516
2026-09-28 01:00:00,626.34,672.9615,46.62146,46.62146
2026-09-28 02:00:00,657.74,664.2943,6.5543213,6.5543213
2026-09-28 03:00:00,654.10004,656.2034,2.1033936,2.1033936
2026-09-28 04:00:00,675.65,662.0996,-13.550415,13.550415
2026-09-28 05:00:00,613.22003,675.44684,62.226807,62.226807
2026-09-28 06:00:00,708.43,690.6006,-17.829407,17.829407
2026-09-28 07:00:00,663.13,705.57385,42.443848,42.443848
2026-09-28 08:00:00,684.47003,688.773,4.3029785,4.3029785
2026-09-28 09:00:00,640.08,644.96045,4.880432,4.880432
2026-09-28 10:00:00,573.56,593.3275,19.767517,19.767517
2026-09-28 11:00:00,553.83,551.5403,-2.289734,2.289734
2026-09-28 12:00:00,564.39,527.82153,-36.56848,36.56848
2026-09-28 13:00:00,530.48004,530.40076,-0.07928467,0.07928467
2026-09-28 14:00:00,524.51,547.7236,23.213562,23.213562
2026-09-28 15:00:00,567.81,582.36694,14.556946,14.556946
2026-09-28 16:00:00,607.5,634.7509,27.250916,27.250916
2026-09-28 17:00:00,684.31,710.5624,26.25238,26.25238
2026-09-28 18:00:00,747.42,788.9625,41.54254,41.54254
2026-09-28 19:00:00,786.32,817.5,31.179993,31.179993
2026-09-28 20:00:00,727.23,810.06116,82.83118,82.83118
2026-09-28 21:00:00,737.44,782.22925,44.789246,44.789246
2026-09-28 22:00:00,695.38,745.6728,50.292786,50.292786
2026-09-28 23:00:00,689.49,706.6026,17.11261,17.11261
2026-09-29 00:00:00,634.61,674.74774,40.137756,40.137756
2026-09-29 01:00:00,658.52,661.9665,3.4464722,3.4464722
2026-09-29 02:00:00,618.73,655.1666,36.436646,36.436646
2026-09-29 03:00:00,624.38,656.30695,31.92694,31.92694
2026-09-29 04:00:00,657.15,665.06635,7.916321,7.916321
2026-09-29 05:00:00,650.67,679.367,28.697021,28.697021
2026-09-29 06:00:00,704.65,699.4324,-5.2176514,5.2176514
2026-09-29 07:00:00,658.27,710.7222,52.45221,52.45221
2026-09-29 08:00:00,682.13,690.3339,8.203918,8.203918
2026-09-29 09:00:00,655.63,642.3117,-13.318298,13.318298
2026-09-29 10:00:00,596.39,588.69775,-7.6922607,7.6922607
2026-09-29 11:00:00,579.91003,549.4461,-30.463928,30.463928
2026-09-29 12:00:00,544.52,528.48804,-16.031982,16.031982
2026-09-29 13:00:00,510.78003,531.22235,20.442322,20.442322
2026-09-29 14:00:00,528.35004,548.8524,20.50238,20.50238
2026-09-29 15:00:00,593.63,587.38873,-6.241272,6.241272
2026-09-29 16:00:00,637.15,644.9207,7.770691,7.770691
2026-09-29 17:00:00,685.89,722.07294,36.182922,36.182922
2026-09-29 18:00:00,759.85,791.99207,32.14209,32.14209
2026-09-29 19:00:00,748.26,812.2117,63.95166,63.95166
2026-09-29 20:00:00,750.25,798.97205,48.722046,48.722046
2026-09-29 21:00:00,752.91003,767.3661,14.456055,14.456055
2026-09-29 22:00:00,689.79004,726.59686,36.806824,36.806824
2026-09-29 23:00:00,653.09,691.3004,38.21039,38.21039
2026-09-30 00:00:00,640.01,663.8883,23.878296,23.878296
2026-09-30 01:00:00,633.97003,655.2601,21.29004,21.29004
2026-09-30 02:00:00,638.37,649.7096,11.3396,11.3396
2026-09-30 03:00:00,658.28,650.5361,-7.7439575,7.7439575
2026-09-30 04:00:00,651.48,660.71686,9.236877,9.236877
2026-09-30 05:00:00,612.91003,685.3522,72.44214,72.44214
2026-09-30 06:00:00,728.05,708.5574,-19.492615,19.492615
2026-09-30 07:00:00,698.44,714.4812,16.041199,16.041199
2026-09-30 08:00:00,669.8,689.7616,19.961609,19.961609
2026-09-30 09:00:00,656.64,638.8874,-17.752625,17.752625
2026-09-30 10:00:00,636.93,585.2564,-51.673584,51.673584
2026-09-30 11:00:00,560.86,551.36084,-9.4991455,9.4991455
2026-09-30 12:00:00,521.25,527.1829,5.9329224,5.9329224
2026-09-30 13:00:00,521.35004,527.4112,6.061157,6.061157
2026-09-30 14:00:00,555.2,545.7672,-9.4328,9.4328
2026-09-30 15:00:00,554.64,584.6664,30.026367,30.026367
2026-09-30 16:00:00,632.24,646.8432,14.60321,14.60321
2026-09-30 17:00:00,667.14,725.48676,58.34674,58.34674
2026-09-30 18:00:00,797.95,793.30804,-4.641968,4.641968
2026-09-30 19:00:00,742.83,812.7733,69.9433,69.9433
2026-09-30 20:00:00,753.71,794.7217,41.011658,41.011658
2026-09-30 21:00:00,740.66003,762.551,21.890991,21.890991
2026-09-30 22:00:00,693.97003,727.698,33.727966,33.727966
2026-09-30 23:00:00,666.35,690.6301,24.280151,24.280151
2026-10-01 00:00:00,632.05,662.7368,30.686829,30.686829
2026-10-01 01:00:00,654.15,656.87054,2.72052,2.72052
2026-10-01 02:00:00,620.62,651.8979,31.277893,31.277893
2026-10-01 03:00:00,636.16003,651.9839,15.823853,15.823853
2026-10-01 04:00:00,668.12,660.125,-7.994995,7.994995
2026-10-01 05:00:00,655.96,680.11816,24.158142,24.158142
2026-10-01 06:00:00,715.24,703.1595,-12.080505,12.080505
2026-10-01 07:00:00,687.15,715.1763,28.026245,28.026245
2026-10-01 08:00:00,710.17,692.7949,-17.375061,17.375061
2026-10-01 09:00:00,686.37,641.6736,-44.69641,44.69641
2026-10-01 10:00:00,591.98,589.93616,-2.0438232,2.0438232
2026-10-01 11:00:00,580.07,549.67706,-30.392944,30.392944
2026-10-01 12:00:00,553.71,528.31604,-25.393982,25.393982
2026-10-01 13:00:00,512.53,532.38226,19.852234,19.852234
2026-10-01 14:00:00,585.21,554.30707,-30.902954,30.902954
2026-10-01 15:00:00,554.02,596.0493,42.029297,42.029297
2026-10-01 16:00:00,622.91003,655.49896,32.58893,32.58893
2026-10-01 17:00:00,698.95,732.3,33.349976,33.349976
2026-10-01 18:00:00,770.03,800.58136,30.55133,30.55133
2026-10-01 19:00:00,767.95,820.5773,52.62726,52.62726
2026-10-01 20:00:00,751.29004,807.5293,56.239258,56.239258
2026-10-01 21:00:00,727.36,777.20325,49.84326,49.84326
2026-10-01 22:00:00,730.34,736.6131,6.2730713,6.2730713
2026-10-01 23:00:00,677.08,692.42896,15.348938,15.348938
2026-10-02 00:00:00,678.99,653.9551,-25.034912,25.034912
2026-10-02 01:00:00,629.73,651.3752,21.645203,21.645203
2026-10-02 02:00:00,670.24,647.6298,-22.610168,22.610168
2026-10-02 03:00:00,632.13,649.14984,17.019836,17.019836
2026-10-02 04:00:00,611.69,660.6725,48.982483,48.982483
2026-10-02 05:00:00,654.52,676.1456,21.62561,21.62561
2026-10-02 06:00:00,679.63,699.972,20.34198,20.34198
2026-10-02 07:00:00,655.65,714.45605,58.80603,58.80603
2026-10-02 08:00:00,731.71,691.3636,-40.346436,40.346436
2026-10-02 09:00:00,596.96,644.03,47.070007,47.070007
2026-10-02 10:00:00,603.88,584.98615,-18.89386,18.89386
2026-10-02 11:00:00,540.05,544.4613,4.411316,4.411316
2026-10-02 12:00:00,552.87,523.319,-29.551025,29.551025
2026-10-02 13:00:00,522.13,527.7727,5.6427,5.6427
2026-10-02 14:00:00,569.55,548.02686,-21.523132,21.523132
2026-10-02 15:00:00,596.98,587.94006,-9.039917,9.039917
2026-10-02 16:00:00,623.0,650.57336,27.573364,27.573364
2026-10-02 17:00:00,703.29004,729.05005,25.76001,25.76001
2026-10-02 18:00:00,747.87,799.72046,51.850464,51.850464
2026-10-02 19:00:00,709.72003,822.9697,113.249695,113.249695
2026-10-02 20:00:00,736.33,813.28,76.95001,76.95001
2026-10-02 21:00:00,760.93,781.1157,20.18573,20.18573
2026-10-02 22:00:00,703.4,730.0651,26.6651,26.6651
2026-10-02 23:00:00,651.29004,652.90656,1.6165161,1.6165161
2026-10-03 00:00:00,535.09,573.3379,38.247864,38.247864
2026-10-03 01:00:00,543.71,539.71106,-3.9989624,3.9989624
2026-10-03 02:00:00,543.93,536.4428,-7.4871826,7.4871826
2026-10-03 03:00:00,577.23,541.17096,-36.05902,36.05902
2026-10-03 04:00:00,551.78,556.2583,4.4782715,4.4782715
2026-10-03 05:00:00,578.44,577.0878,-1.3521729,1.3521729
2026-10-03 06:00:00,597.59,601.2078,3.6177979,3.6177979
2026-10-03 07:00:00,570.84,618.7879,47.947876,47.947876
2026-10-03 08:00:00,585.55,596.83563,11.285645,11.285645
2026-10-03 09:00:00,530.38,546.7096,16.32959,16.32959
2026-10-03 10:00:00,470.38,497.25696,26.876953,26.876953
2026-10-03 11:00:00,472.78003,463.6752,-9.104828,9.104828
2026-10-03 12:00:00,454.91003,447.19968,-7.7103577,7.7103577
2026-10-03 13:00:00,412.44,443.6911,31.251099,31.251099
2026-10-03 14:00:00,479.30002,458.17987,-21.120148,21.120148
2026-10-03 15:00:00,493.76,494.02002,0.26000977,0.26000977
2026-10-03 16:00:00,551.98,548.0612,-3.9187622,3.9187622
2026-10-03 17:00:00,592.38,619.2514,26.871399,26.871399
2026-10-03 18:00:00,603.56,692.7734,89.21338,89.21338
2026-10-03 19:00:00,634.04004,727.1578,93.11774,93.11774
2026-10-03 20:00:00,650.16003,717.15,66.98999,66.98999
2026-10-03 21:00:00,588.07,675.3647,87.29468,87.29468
2026-10-03 22:00:00,576.55,618.2437,41.693726,41.693726
2026-10-03 23:00:00,560.92004,573.02686,12.106812,12.106812
2026-10-04 00:00:00,512.17004,563.6465,51.47644,51.47644
2026-10-04 01:00:00,543.54004,564.14746,20.607422,20.607422
2026-10-04 02:00:00,539.08,554.89124,15.811218,15.811218
2026-10-04 03:00:00,506.86002,551.63916,44.779144,44.779144
2026-10-04 04:00:00,541.58,554.3078,12.727783,12.727783
2026-10-04 05:00:00,590.95,565.06165,-25.888367,25.888367
2026-10-04 06:00:00,580.13,588.0062,7.8762207,7.8762207
2026-10-04 07:00:00,543.46,596.5149,53.05487,53.05487
2026-10-04 08:00:00,538.96,569.9062,30.946167,30.946167
2026-10-04 09:00:00,550.04004,526.24,-23.800049,23.800049
2026-10-04 10:00:00,447.58002,485.75876,38.17874,38.17874
2026-10-04 11:00:00,476.07,456.84827,-19.22174,19.22174
2026-10-04 12:00:00,406.13,444.32446,38.194458,38.194458
2026-10-04 13:00:00,412.52002,440.02655,27.50653,27.50653
2026-10-04 14:00:00,439.55002,458.52222,18.972198,18.972198
2026-10-04 15:00:00,475.76,495.33844,19.57843,19.57843
2026-10-04 16:00:00,539.64,549.4175,9.777466,9.777466
2026-10-04 17:00:00,587.59,616.6674,29.077393,29.077393
2026-10-04 18:00:00,664.76,685.43835,20.678345,20.678345
2026-10-04 19:00:00,665.87,715.4147,49.544678,49.544678
2026-10-04 20:00:00,623.86,697.89594,74.03595,74.03595
2026-10-04 21:00:00,603.53,650.67865,47.14862,47.14862
2026-10-04 22:00:00,579.79004,606.4675,26.67749,26.67749
2026-10-04 23:00:00,525.14,606.24695,81.10693,81.10693
2026-10-05 00:00:00,616.78,632.4655,15.685486,15.685486
2026-10-05 01:00:00,670.52,660.393,-10.127014,10.127014
2026-10-05 02:00:00,618.39,630.36896,11.978943,11.978943
2026-10-05 03:00:00,632.45,626.9373,-5.5126953,5.5126953
2026-10-05 04:00:00,643.57,638.19464,-5.375366,5.375366
2026-10-05 05:00:00,675.61,658.6305,-16.979492,16.979492
2026-10-05 06:00:00,696.39,685.9644,-10.425598,10.425598
2026-10-05 07:00:00,663.53,700.46375,36.933716,36.933716
2026-10-05 08:00:00,696.04,679.5676,-16.472351,16.472351
2026-10-05 09:00:00,635.81,635.4067,-0.4033203,0.4033203
2026-10-05 10:00:00,579.08,585.405,6.325012,6.325012
2026-10-05 11:00:00,607.46,547.0873,-60.37274,60.37274
2026-10-05 12:00:00,528.4,527.1834,-1.2166138,1.2166138
2026-10-05 13:00:00,541.9,528.5627,-13.337341,13.337341
2026-10-05 14:00:00,532.29004,546.35156,14.061523,14.061523
2026-10-05 15:00:00,590.7,579.4359,-11.264099,11.264099
2026-10-05 16:00:00,592.15,634.4094,42.2594,42.2594
2026-10-05 17:00:00,683.74,707.0384,23.2984,23.2984
2026-10-05 18:00:00,728.5,782.2998,53.799805,53.799805
2026-10-05 19:00:00,759.98,808.82056,48.840576,48.840576
2026-10-05 20:00:00,741.18,801.5176,60.337585,60.337585
2026-10-05 21:00:00,737.93,775.4077,37.477722,37.477722
2026-10-05 22:00:00,672.93,738.6781,65.74811,65.74811
2026-10-05 23:00:00,649.84,697.2958,47.45575,47.45575
2026-10-06 00:00:00,639.01,666.1942,27.184204,27.184204
2026-10-06 01:00:00,666.02,654.81537,-11.204651,11.204651
2026-10-06 02:00:00,680.03,653.02625,-27.003784,27.003784
2026-10-06 03:00:00,622.67,653.9619,31.291931,31.291931
2026-10-06 04:00:00,632.38,660.92346,28.543457,28.543457
2026-10-06 05:00:00,667.56,676.76904,9.209045,9.209045
2026-10-06 06:00:00,698.33,697.1162,-1.2138062,1.2138062
2026-10-06 07:00:00,726.55,705.97925,-20.57074,20.57074
2026-10-06 08:00:00,694.5,688.7157,-5.7843018,5.7843018
2026-10-06 09:00:00,660.79,644.2735,-16.51648,16.51648
2026-10-06 10:00:00,609.56,591.27454,-18.285461,18.285461
2026-10-06 11:00:00,545.61,550.51556,4.9055786,4.9055786
2026-10-06 12:00:00,543.15,525.60895,-17.541077,17.541077
2026-10-06 13:00:00,519.51,527.0307,7.520691,7.520691
2026-10-06 14:00:00,132.90002,544.07086,411.17084,411.17084
2026-10-06 15:00:00,616.68,561.1451,-55.534912,55.534912
2026-10-06 16:00:00,1181.62,614.52783,-567.09216,567.09216
2026-10-06 17:00:00,707.77,705.4326,-2.3374023,2.3374023
2026-10-06 18:00:00,728.92,784.53406,55.614075,55.614075
2026-10-06 19:00:00,749.74,811.31396,61.573975,61.573975
2026-10-06 20:00:00,770.92,802.93555,32.015564,32.015564
2026-10-06 21:00:00,701.31,771.23395,69.92395,69.92395
2026-10-06 22:00:00,730.69,735.7686,5.0786133,5.0786133
2026-10-06 23:00:00,661.71,698.2024,36.49237,36.49237
2026-10-07 00:00:00,680.31,668.85486,-11.455139,11.455139
2026-10-07 01:00:00,597.86,660.226,62.366028,62.366028
2026-10-07 02:00:00,629.73,650.0292,20.299194,20.299194
2026-10-07 03:00:00,676.18,648.78937,-27.390625,27.390625
2026-10-07 04:00:00,644.14,659.866,15.726013,15.726013
2026-10-07 05:00:00,661.2,675.8732,14.673218,14.673218
2026-10-07 06:00:00,689.03,698.4868,9.456787,9.456787
2026-10-07 07:00:00,666.55,706.8292,40.279236,40.279236
2026-10-07 08:00:00,667.76,683.2053,15.4453125,15.4453125
2026-10-07 09:00:00,662.13,634.5527,-27.577332,27.577332
2026-10-07 10:00:00,537.18,582.4889,45.3089,45.3089
2026-10-07 11:00:00,562.64,543.58984,-19.05017,19.05017
2026-10-07 12:00:00,549.71,523.5764,-26.133606,26.133606
2026-10-07 13:00:00,515.67004,526.79224,11.122192,11.122192
2026-10-07 14:00:00,570.31,546.1401,-24.169922,24.169922
2026-10-07 15:00:00,585.03,588.38916,3.3591309,3.3591309
2026-10-07 16:00:00,638.41003,650.96533,12.555298,12.555298
2026-10-07 17:00:00,691.72003,728.97125,37.25122,37.25122
2026-10-07 18:00:00,737.06,796.44556,59.38556,59.38556
2026-10-07 19:00:00,760.19,814.9935,54.803528,54.803528
2026-10-07 20:00:00,741.53,801.3506,59.820557,59.820557
2026-10-07 21:00:00,734.37,769.5162,35.14618,35.14618
2026-10-07 22:00:00,716.74,729.7194,12.979431,12.979431
2026-10-07 23:00:00,669.05,688.14746,19.097473,19.097473
2026-10-08 00:00:00,619.33,655.50037,36.17035,36.17035
2026-10-08 01:00:00,582.97003,646.4353,63.46527,63.46527
2026-10-08 02:00:00,642.34,644.53864,2.1986084,2.1986084
2026-10-08 03:00:00,654.63,647.89935,-6.730652,6.730652
2026-10-08 04:00:00,624.0,661.7776,37.777588,37.777588
2026-10-08 05:00:00,662.64,683.34766,20.707642,20.707642
2026-10-08 06:00:00,659.0,702.10126,43.101257,43.101257
2026-10-08 07:00:00,705.35,712.184,6.8340454,6.8340454
2026-10-08 08:00:00,637.99,689.7958,51.805786,51.805786
2026-10-08 09:00:00,646.88,639.1817,-7.698303,7.698303
2026-10-08 10:00:00,582.79004,584.428,1.6379395,1.6379395
2026-10-08 11:00:00,557.51,545.3098,-12.200195,12.200195
2026-10-08 12:00:00,545.82,523.3952,-22.424805,22.424805
2026-10-08 13:00:00,563.22003,527.9404,-35.279602,35.279602
2026-10-08 14:00:00,574.29004,551.07526,-23.214783,23.214783
2026-10-08 15:00:00,566.79004,590.1453,23.355286,23.355286
2026-10-08 16:00:00,674.15,650.5863,-23.56372,23.56372
2026-10-08 17:00:00,688.39,729.0533,40.66327,40.66327
2026-10-08 18:00:00,708.26,795.21204,86.95203,86.95203
2026-10-08 19:00:00,748.09,813.2222,65.1322,65.1322
2026-10-08 20:00:00,720.64,799.26746,78.62744,78.62744
2026-10-08 21:00:00,693.72003,768.4528,74.73279,74.73279
2026-10-08 22:00:00,676.97003,727.57776,50.607727,50.607727
2026-10-08 23:00:00,641.96,683.11237,41.152344,41.152344
2026-10-09 00:00:00,637.45,647.97797,10.527954,10.527954
2026-10-09 01:00:00,623.10004,643.02875,19.92871,19.92871
2026-10-09 02:00:00,677.44,645.2387,-32.201294,32.201294
2026-10-09 03:00:00,639.11,651.54553,12.435547,12.435547
2026-10-09 04:00:00,608.85004,667.88275,59.032715,59.032715
2026-10-09 05:00:00,675.91003,681.1571,5.2470703,5.2470703
2026-10-09 06:00:00,694.26,701.3932,7.1331787,7.1331787
2026-10-09 07:00:00,661.29,711.66785,50.37787,50.37787
2026-10-09 08:00:00,667.65,689.4143,21.764282,21.764282
2026-10-09 09:00:00,619.18,640.3352,21.155212,21.155212
2026-10-09 10:00:00,596.38,582.7194,-13.6605835,13.6605835
2026-10-09 11:00:00,526.08,543.0843,17.004272,17.004272
2026-10-09 12:00:00,551.26,521.7323,-29.52771,29.52771
2026-10-09 13:00:00,541.63,524.9704,-16.659607,16.659607
2026-10-09 14:00:00,573.60004,543.2948,-30.305237,30.305237
2026-10-09 15:00:00,554.04004,581.16846,27.128418,27.128418
2026-10-09 16:00:00,630.55,636.34125,5.79126,5.79126
2026-10-09 17:00:00,699.27,718.2697,18.999695,18.999695
2026-10-09 18:00:00,749.85,795.0963,45.246338,45.246338
2026-10-09 19:00:00,777.52,823.9487,46.42871,46.42871
2026-10-09 20:00:00,758.77,816.80206,58.032043,58.032043
2026-10-09 21:00:00,716.81,787.58,70.77002,70.77002
2026-10-09 22:00:00,711.71,736.678,24.967957,24.967957
2026-10-09 23:00:00,682.89,658.8467,-24.043335,24.043335
2026-10-10 00:00:00,549.32,578.15955,28.839539,28.839539
2026-10-10 01:00:00,512.84,541.4071,28.567078,28.567078
2026-10-10 02:00:00,483.66003,534.94434,51.2843,51.2843
2026-10-10 03:00:00,519.85004,542.6443,22.79425,22.79425
2026-10-10 04:00:00,523.47003,555.70776,32.237732,32.237732
2026-10-10 05:00:00,592.73,573.3744,-19.35559,19.35559
2026-10-10 06:00:00,530.54004,601.0218,70.48175,70.48175
2026-10-10 07:00:00,634.49,615.3511,-19.138916,19.138916
2026-10-10 08:00:00,580.49,597.2582,16.768188,16.768188
2026-10-10 09:00:00,563.15,548.35547,-14.794556,14.794556
2026-10-10 10:00:00,535.41003,498.42462,-36.985413,36.985413
2026-10-10 11:00:00,453.56,464.16592,10.6059265,10.6059265
2026-10-10 12:00:00,431.18002,442.74637,11.566345,11.566345
2026-10-10 13:00:00,424.73,439.18393,14.453918,14.453918
2026-10-10 14:00:00,443.43002,453.18765,9.757629,9.757629
2026-10-10 15:00:00,461.22003,486.01163,24.791595,24.791595
2026-10-10 16:00:00,523.07,539.4004,16.330383,16.330383
2026-10-10 17:00:00,579.41003,608.79877,29.388733,29.388733
2026-10-10 18:00:00,624.52,682.10236,57.582336,57.582336
2026-10-10 19:00:00,667.0,715.45184,48.451843,48.451843
2026-10-10 20:00:00,614.03,707.66235,93.632324,93.632324
2026-10-10 21:00:00,606.37,663.9839,57.61389,57.61389
2026-10-10 22:00:00,584.94,609.22186,24.28186,24.28186
2026-10-10 23:00:00,503.54004,571.2015,67.66144,67.66144
2026-10-11 00:00:00,476.41003,563.4826,87.07257,87.07257
2026-10-11 01:00:00,531.27,559.54785,28.277832,28.277832
2026-10-11 02:00:00,486.89,548.82465,61.93463,61.93463
2026-10-11 03:00:00,527.75,542.0224,14.2724,14.2724
2026-10-11 04:00:00,523.05,548.04407,24.99408,24.99408
2026-10-11 05:00:00,561.35004,560.5022,-0.84783936,0.84783936
2026-10-11 06:00:00,586.4,578.4239,-7.9761353,7.9761353
2026-10-11 07:00:00,550.59,594.82587,44.23584,44.23584
2026-10-11 08:00:00,594.24,574.0513,-20.18872,20.18872
2026-10-11 09:00:00,551.84,531.54443,-20.295593,20.295593
2026-10-11 10:00:00,491.11002,488.74506,-2.3649597,2.3649597
2026-10-11 11:00:00,485.57,457.4632,-28.106812,28.106812
2026-10-11 12:00:00,435.18002,441.9933,6.813263,6.813263
2026-10-11 13:00:00,417.17,436.81006,19.640045,19.640045
2026-10-11 14:00:00,450.76,453.93903,3.179016,3.179016
2026-10-11 15:00:00,483.55002,492.76578,9.215759,9.215759
2026-10-11 16:00:00,524.29004,546.01917,21.729126,21.729126
2026-10-11 17:00:00,599.83,609.1426,9.312561,9.312561
2026-10-11 18:00:00,642.42,673.82697,31.406982,31.406982
2026-10-11 19:00:00,597.26,701.85724,104.59723,104.59723
2026-10-11 20:00:00,668.82,682.7624,13.942383,13.942383
2026-10-11 21:00:00,610.47003,642.13513,31.6651,31.6651
2026-10-11 22:00:00,592.67,604.0752,11.405212,11.405212
2026-10-11 23:00:00,548.12,604.1776,56.057617,56.057617
2026-10-12 00:00:00,597.55,628.961,31.41101,31.41101
2026-10-12 01:00:00,590.54004,661.08685,70.546814,70.546814
2026-10-12 02:00:00,612.77,651.381,38.610962,38.610962
2026-10-12 03:00:00,636.07,646.5979,10.527893,10.527893
2026-10-12 04:00:00,620.83,652.0346,31.20459,31.20459
2026-10-12 05:00:00,681.8,664.1685,-17.63147,17.63147
2026-10-12 06:00:00,675.39,689.07086,13.680847,13.680847
2026-10-12 07:00:00,720.85,707.5667,-13.283264,13.283264
2026-10-12 08:00:00,683.37,694.7183,11.348328,11.348328
2026-10-12 09:00:00,649.0,650.17755,1.1775513,1.1775513
2026-10-12 10:00:00,574.97003,596.08594,21.115906,21.115906
2026-10-12 11:00:00,537.36,551.4154,14.05542,14.05542
2026-10-12 12:00:00,510.01,526.4543,16.444275,16.444275
2026-10-12 13:00:00,510.19,525.94104,15.751038,15.751038
2026-10-12 14:00:00,536.2,543.8469,7.6469116,7.6469116
2026-10-12 15:00:00,606.52,578.4938,-28.026245,28.026245
2026-10-12 16:00:00,675.05,634.742,-40.307983,40.307983
2026-10-12 17:00:00,656.21,714.6028,58.39276,58.39276
2026-10-12 18:00:00,740.83,780.7118,39.881775,39.881775
2026-10-12 19:00:00,754.17,802.943,48.77301,48.77301
2026-10-12 20:00:00,739.87,792.6739,52.803894,52.803894
2026-10-12 21:00:00,692.88,764.39294,71.51294,71.51294
2026-10-12 22:00:00,699.67,729.45184,29.78186,29.78186
2026-10-12 23:00:00,658.08,693.3954,35.31537,35.31537
2026-10-13 00:00:00,643.52,663.16376,19.643738,19.643738
2026-10-13 01:00:00,628.97003,649.7835,20.813477,20.813477
2026-10-13 02:00:00,584.51,641.93243,57.422424,57.422424
2026-10-13 03:00:00,617.42,648.0243,30.60431,30.60431
2026-10-13 04:00:00,655.14,656.623,1.4829712,1.4829712
2026-10-13 05:00:00,663.14,674.32983,11.189819,11.189819
2026-10-13 06:00:00,688.84,699.4274,10.587402,10.587402
2026-10-13 07:00:00,712.94,706.89526,-6.044739,6.044739
2026-10-13 08:00:00,660.25,684.1646,23.914612,23.914612
2026-10-13 09:00:00,654.31,638.0565,-16.253479,16.253479
2026-10-13 10:00:00,656.61,585.89453,-70.715454,70.715454
2026-10-13 11:00:00,584.54004,549.9738,-34.566223,34.566223
2026-10-13 12:00:00,554.96,528.77795,-26.182068,26.182068
2026-10-13 13:00:00,551.81,531.2026,-20.607422,20.607422
2026-10-13 14:00:00,572.71,550.62885,-22.081177,22.081177
2026-10-13 15:00:00,588.52,587.8033,-0.71673584,0.71673584
2026-10-13 16:00:00,634.23,646.7411,12.511108,12.511108
2026-10-13 17:00:00,716.49,722.18317,5.6931763,5.6931763
2026-10-13 18:00:00,685.03,788.04425,103.01422,103.01422
2026-10-13 19:00:00,714.58,803.6441,89.06409,89.06409
2026-10-13 20:00:00,711.31,790.0588,78.74878,78.74878
2026-10-13 21:00:00,700.85,759.0374,58.18744,58.18744
2026-10-13 22:00:00,688.91003,719.8917,30.98169,30.98169
2026-10-13 23:00:00,686.55,682.23065,-4.319336,4.319336
2026-10-14 00:00:00,605.95,653.2295,47.27948,47.27948
2026-10-14 01:00:00,664.06,642.09265,-21.967346,21.967346
2026-10-14 02:00:00,616.41003,638.918,22.507996,22.507996
2026-10-14 03:00:00,648.19,644.6823,-3.5076904,3.5076904
2026-10-14 04:00:00,636.22003,657.34235,21.122314,21.122314
2026-10-14 05:00:00,628.64,674.5676,45.927612,45.927612
2026-10-14 06:00:00,709.96,696.82196,-13.138062,13.138062
2026-10-14 07:00:00,673.31,710.2069,36.89691,36.89691
2026-10-14 08:00:00,637.69,686.95886,49.26886,49.26886
2026-10-14 09:00:00,649.48,636.25195,-13.228027,13.228027
2026-10-14 10:00:00,619.19,582.9515,-36.238525,36.238525
2026-10-14 11:00:00,596.7,546.6895,-50.010498,50.010498
2026-10-14 12:00:00,559.61,527.3468,-32.263184,32.263184
2026-10-14 13:00:00,551.01,527.5568,-23.453186,23.453186
2026-10-14 14:00:00,526.58,546.4595,19.879456,19.879456
2026-10-14 15:00:00,536.12,583.30597,47.185974,47.185974
2026-10-14 16:00:00,591.46,639.6696,48.209595,48.209595
2026-10-14 17:00:00,707.2,713.7418,6.541809,6.541809
2026-10-14 18:00:00,747.53,776.3037,28.773682,28.773682
2026-10-14 19:00:00,750.47,803.35394,52.883972,52.883972
2026-10-14 20:00:00,763.18,795.3921,32.212097,32.212097
2026-10-14 21:00:00,728.96,768.67944,39.71942,39.71942
2026-10-14 22:00:00,679.83,730.86597,51.03595,51.03595
2026-10-14 23:00:00,669.92,688.3578,18.437805,18.437805
2026-10-15 00:00:00,601.44,654.9059,53.46588,53.46588
2026-10-15 01:00:00,687.51,644.5717,-42.938293,42.938293
2026-10-15 02:00:00,581.99,642.20325,60.213257,60.213257
2026-10-15 03:00:00,617.87,642.2661,24.396118,24.396118
2026-10-15 04:00:00,619.19,651.73145,32.541443,32.541443
2026-10-15 05:00:00,650.01,675.4171,25.407104,25.407104
2026-10-15 06:00:00,680.61,699.3734,18.763428,18.763428
2026-10-15 07:00:00,728.28,708.67346,-19.606567,19.606567
2026-10-15 08:00:00,692.59,691.4915,-1.0985107,1.0985107
2026-10-15 09:00:00,646.22003,644.39984,-1.8201904,1.8201904
2026-10-15 10:00:00,617.08,587.9789,-29.101135,29.101135
2026-10-15 11:00:00,542.35004,545.2011,2.8510742,2.8510742
2026-10-15 12:00:00,545.57,521.6932,-23.876831,23.876831
2026-10-15 13:00:00,526.53,525.03204,-1.4979858,1.4979858
2026-10-15 14:00:00,513.88,545.4377,31.557678,31.557678
2026-10-15 15:00:00,564.21,583.34955,19.139526,19.139526
2026-10-15 16:00:00,617.23,640.4449,23.214905,23.214905
2026-10-15 17:00:00,736.75,717.6343,-19.115723,19.115723
2026-10-15 18:00:00,735.41003,790.57635,55.16632,55.16632
2026-10-15 19:00:00,747.32,812.1965,64.876465,64.876465
2026-10-15 20:00:00,727.39,797.05286,69.66284,69.66284
2026-10-15 21:00:00,673.69,766.94183,93.25183,93.25183
2026-10-15 22:00:00,660.06,727.86084,67.80084,67.80084
2026-10-15 23:00:00,638.0,685.37195,47.37195,47.37195
2026-10-16 00:00:00,652.34,649.4023,-2.9377441,2.9377441
2026-10-16 01:00:00,624.88,643.3021,18.42212,18.42212
2026-10-16 02:00:00,628.05,640.7412,12.691223,12.691223
2026-10-16 03:00:00,654.88,643.0464,-11.833618,11.833618
2026-10-16 04:00:00,657.48,656.05225,-1.4277344,1.4277344
2026-10-16 05:00:00,670.22003,676.48224,6.262207,6.262207
2026-10-16 06:00:00,715.37,701.772,-13.598022,13.598022
2026-10-16 07:00:00,676.05,713.4701,37.420105,37.420105
2026-10-16 08:00:00,622.46,692.9033,70.4433,70.4433
2026-10-16 09:00:00,655.03,641.9749,-13.055115,13.055115
2026-10-16 10:00:00,584.51,586.5175,2.0075073,2.0075073
2026-10-16 11:00:00,581.61,544.98535,-36.624634,36.624634
2026-10-16 12:00:00,536.44,524.3084,-12.131592,12.131592
2026-10-16 13:00:00,605.74,526.49115,-79.24884,79.24884
2026-10-16 14:00:00,574.15,548.8063,-25.34375,25.34375
2026-10-16 15:00:00,589.67,585.92755,-3.7424316,3.7424316
2026-10-16 16:00:00,657.19,644.72,-12.470032,12.470032
2026-10-16 17:00:00,661.83,724.9153,63.085266,63.085266
2026-10-16 18:00:00,724.09,794.864,70.77399,70.77399
2026-10-16 19:00:00,730.09,816.99567,86.90564,86.90564
2026-10-16 20:00:00,734.72003,805.6149,70.8949,70.8949
2026-10-16 21:00:00,674.72003,772.6208,97.90076,97.90076
2026-10-16 22:00:00,649.27,716.5496,67.2796,67.2796
2026-10-16 23:00:00,639.36,634.34076,-5.019226,5.019226
2026-10-17 00:00:00,471.98,556.0476,84.0676,84.0676
2026-10-17 01:00:00,505.83002,528.05786,22.227844,22.227844
2026-10-17 02:00:00,484.45,529.71606,45.266052,45.266052
2026-10-17 03:00:00,508.98,536.52985,27.549835,27.549835
2026-10-17 04:00:00,489.40002,550.5815,61.181458,61.181458
2026-10-17 05:00:00,579.31,568.4841,-10.825928,10.825928
2026-10-17 06:00:00,603.66003,593.72925,-9.930786,9.930786
2026-10-17 07:00:00,565.42004,608.8236,43.403564,43.403564
2026-10-17 08:00:00,584.51,588.8723,4.3623047,4.3623047
2026-10-17 09:00:00,561.75,543.1047,-18.645325,18.645325
2026-10-17 10:00:00,505.69,496.04565,-9.644348,9.644348
2026-10-17 11:00:00,427.89,459.93237,32.04236,32.04236
2026-10-17 12:00:00,398.48,444.69754,46.21753,46.21753
2026-10-17 13:00:00,461.74002,440.62482,-21.115204,21.115204
2026-10-17 14:00:00,411.17004,457.95813,46.788086,46.788086
2026-10-17 15:00:00,483.48004,490.78986,7.3098145,7.3098145
2026-10-17 16:00:00,502.79,545.248,42.457977,42.457977
2026-10-17 17:00:00,554.92,610.38745,55.46747,55.46747
2026-10-17 18:00:00,616.41003,680.00916,63.59912,63.59912
2026-10-17 19:00:00,652.79,712.4592,59.66925,59.66925
2026-10-17 20:00:00,630.04004,704.3083,74.26825,74.26825
2026-10-17 21:00:00,569.3,662.9201,93.62012,93.62012
2026-10-17 22:00:00,564.54004,609.2289,44.688843,44.688843
2026-10-17 23:00:00,523.09,572.43756,49.347534,49.347534
2026-10-18 00:00:00,511.78,569.80273,58.022736,58.022736
2026-10-18 01:00:00,524.66003,567.05756,42.397522,42.397522
2026-10-18 02:00:00,505.88,553.5143,47.634277,47.634277
2026-10-18 03:00:00,518.25,545.73236,27.48236,27.48236
2026-10-18 04:00:00,517.65,546.4449,28.79486,28.79486
2026-10-18 05:00:00,561.45,557.9094,-3.5405884,3.5405884
2026-10-18 06:00:00,580.72003,572.9109,-7.809143,7.809143
2026-10-18 07:00:00,586.48,590.1956,3.7156372,3.7156372
2026-10-18 08:00:00,568.34,571.8821,3.5420532,3.5420532
2026-10-18 09:00:00,579.0,529.53644,-49.463562,49.463562
2026-10-18 10:00:00,491.81,487.26712,-4.542877,4.542877
2026-10-18 11:00:00,452.65002,458.24902,5.598999,5.598999
2026-10-18 12:00:00,405.64,442.22986,36.589844,36.589844
2026-10-18 13:00:00,465.64,436.1046,-29.5354,29.5354
2026-10-18 14:00:00,463.05002,454.21198,-8.838043,8.838043
2026-10-18 15:00:00,485.71002,491.31982,5.6098022,5.6098022
2026-10-18 16:00:00,487.13,544.2047,57.074707,57.074707
2026-10-18 17:00:00,590.32,602.68054,12.360535,12.360535
2026-10-18 18:00:00,622.99,672.327,49.337036,49.337036
2026-10-18 19:00:00,657.71,702.3849,44.674866,44.674866
2026-10-18 20:00:00,630.13,689.97034,59.840332,59.840332
2026-10-18 21:00:00,596.64,644.24774,47.607727,47.607727
2026-10-18 22:00:00,557.39,602.3757,44.985657,44.985657
2026-10-18 23:00:00,543.08,598.72546,55.645447,55.645447
2026-10-19 00:00:00,641.14,627.5116,-13.628418,13.628418
2026-10-19 01:00:00,649.52,666.5803,17.060303,17.060303
2026-10-19 02:00:00,606.08,659.2967,53.216675,53.216675
2026-10-19 03:00:00,628.58,654.5321,25.952087,25.952087
2026-10-19 04:00:00,616.22003,656.3617,40.141663,40.141663
2026-10-19 05:00:00,650.53,669.44904,18.919006,18.919006
2026-10-19 06:00:00,670.18,689.9625,19.782532,19.782532
2026-10-19 07:00:00,675.34,703.22485,27.884827,27.884827
2026-10-19 08:00:00,680.36,688.95984,8.5998535,8.5998535
2026-10-19 09:00:00,680.59,648.5382,-32.05182,32.05182
2026-10-19 10:00:00,569.99,598.4896,28.499634,28.499634
2026-10-19 11:00:00,557.84,552.38544,-5.45459,5.45459
2026-10-19 12:00:00,523.52,525.6145,2.0944824,2.0944824
2026-10-19 13:00:00,524.38,524.816,0.43597412,0.43597412
2026-10-19 14:00:00,586.24,544.04614,-42.193848,42.193848
2026-10-19 15:00:00,590.92,581.0312,-9.888794,9.888794
2026-10-19 16:00:00,613.97003,637.7801,23.810059,23.810059
2026-10-19 17:00:00,715.09,712.9321,-2.157898,2.157898
2026-10-19 18:00:00,739.46,781.5192,42.059204,42.059204
2026-10-19 19:00:00,727.66003,803.65283,75.9928,75.9928
2026-10-19 20:00:00,732.74,791.5783,58.838318,58.838318
2026-10-19 21:00:00,705.87,761.869,55.999023,55.999023
2026-10-19 22:00:00,690.38,722.8413,32.461304,32.461304
2026-10-19 23:00:00,660.0,685.2727,25.272705,25.272705
2026-10-20 00:00:00,622.72003,655.1891,32.469055,32.469055
2026-10-20 01:00:00,641.29004,641.4727,0.18267822,0.18267822
2026-10-20 02:00:00,619.67,637.4136,17.743591,17.743591
2026-10-20 03:00:00,631.45,638.5754,7.125366,7.125366
2026-10-20 04:00:00,683.39,648.06934,-35.32068,35.32068
2026-10-20 05:00:00,625.52,668.9432,43.423157,43.423157
2026-10-20 06:00:00,707.81,686.65576,-21.154236,21.154236
2026-10-20 07:00:00,672.35004,698.18616,25.83612,25.83612
2026-10-20 08:00:00,688.07,678.85333,-9.216675,9.216675
2026-10-20 09:00:00,643.07,634.721,-8.348999,8.348999
2026-10-20 10:00:00,574.48,583.3721,8.89209,8.89209
2026-10-20 11:00:00,537.76,545.82623,8.066223,8.066223
2026-10-20 12:00:00,517.62,524.45685,6.836853,6.836853
2026-10-20 13:00:00,537.39,526.6173,-10.772705,10.772705
2026-10-20 14:00:00,544.97003,548.2785,3.3084717,3.3084717
2026-10-20 15:00:00,585.71,586.5565,0.8464966,0.8464966
2026-10-20 16:00:00,659.82,645.96936,-13.850647,13.850647
2026-10-20 17:00:00,662.17,709.5159,47.345947,47.345947
2026-10-20 18:00:00,721.38,768.07336,46.69336,46.69336
2026-10-20 19:00:00,732.29004,786.2845,53.994446,53.994446
2026-10-20 20:00:00,756.74,773.7879,17.047913,17.047913
2026-10-20 21:00:00,698.35,743.0968,44.746826,44.746826
2026-10-20 22:00:00,685.46,711.087,25.626953,25.626953
2026-10-20 23:00:00,620.99,675.9495,54.959534,54.959534
2026-10-21 00:00:00,625.76,647.8509,22.090881,22.090881
2026-10-21 01:00:00,633.83,637.7981,3.9680786,3.9680786
2026-10-21 02:00:00,621.99,633.6121,11.622131,11.622131
2026-10-21 03:00:00,619.31,636.9984,17.688416,17.688416
2026-10-21 04:00:00,609.23,648.4318,39.201843,39.201843
2026-10-21 05:00:00,699.41003,667.12445,-32.285583,32.285583
2026-10-21 06:00:00,688.17,692.7299,4.5599365,4.5599365
2026-10-21 07:00:00,746.14,707.1766,-38.96344,38.96344
2026-10-21 08:00:00,692.59,688.603,-3.9869995,3.9869995
2026-10-21 09:00:00,657.14,639.8138,-17.326233,17.326233
2026-10-21 10:00:00,590.55,584.9981,-5.55188,5.55188
2026-10-21 11:00:00,556.47003,545.45984,-11.010193,11.010193
2026-10-21 12:00:00,537.28,523.5751,-13.704956,13.704956
2026-10-21 13:00:00,555.32,525.5011,-29.818909,29.818909
2026-10-21 14:00:00,575.49,547.9521,-27.537903,27.537903
2026-10-21 15:00:00,563.72003,584.26245,20.54242,20.54242
2026-10-21 16:00:00,608.15,639.64813,31.498108,31.498108
2026-10-21 17:00:00,668.27,717.3461,49.07611,49.07611
2026-10-21 18:00:00,745.43,784.8392,39.40918,39.40918
2026-10-21 19:00:00,737.1,804.43756,67.337585,67.337585
2026-10-21 20:00:00,732.31,790.9222,58.612183,58.612183
2026-10-21 21:00:00,745.32,760.87396,15.553955,15.553955
2026-10-21 22:00:00,669.24,723.7173,54.477295,54.477295
2026-10-21 23:00:00,625.76,680.48535,54.72534,54.72534
2026-10-22 00:00:00,660.37,644.43884,-15.931152,15.931152
2026-10-22 01:00:00,624.35004,637.3092,12.9591675,12.9591675
2026-10-22 02:00:00,651.84,632.8506,-18.98944,18.98944
2026-10-22 03:00:00,657.08,636.4775,-20.60254,20.60254
2026-10-22 04:00:00,649.29004,653.18744,3.8974,3.8974
2026-10-22 05:00:00,670.13,670.98895,0.85894775,0.85894775
2026-10-22 06:00:00,672.82,689.5761,16.756104,16.756104
2026-10-22 07:00:00,685.83,701.0804,15.250366,15.250366
2026-10-22 08:00:00,707.79004,681.3376,-26.452454,26.452454
2026-10-22 09:00:00,646.29,637.16705,-9.122925,9.122925
2026-10-22 10:00:00,578.69,586.5373,7.84729,7.84729
2026-10-22 11:00:00,510.58002,546.9403,36.36029,36.36029
2026-10-22 12:00:00,540.61,522.88776,-17.722229,17.722229
2026-10-22 13:00:00,497.43,523.89966,26.469666,26.469666
2026-10-22 14:00:00,583.13,542.8416,-40.28839,40.28839
2026-10-22 15:00:00,594.54004,582.6267,-11.91333,11.91333
2026-10-22 16:00:00,628.78,644.4137,15.633667,15.633667
2026-10-22 17:00:00,705.85,722.59814,16.748169,16.748169
2026-10-22 18:00:00,736.64,789.57416,52.934143,52.934143
2026-10-22 19:00:00,753.6,806.5251,52.92511,52.92511
2026-10-22 20:00:00,713.65,791.09766,77.44763,77.44763
2026-10-22 21:00:00,720.61,761.1543,40.54431,40.54431
2026-10-22 22:00:00,668.63,722.6559,54.02588,54.02588
2026-10-22 23:00:00,654.27,680.46967,26.199646,26.199646
2026-10-23 00:00:00,599.94,646.3109,46.37091,46.37091
2026-10-23 01:00:00,598.36,637.85297,39.49298,39.49298
2026-10-23 02:00:00,611.84,634.57416,22.73413,22.73413
2026-10-23 03:00:00,626.8,637.8495,11.0494995,11.0494995
2026-10-23 04:00:00,663.74,651.1692,-12.570801,12.570801
2026-10-23 05:00:00,590.47003,674.617,84.14697,84.14697
2026-10-23 06:00:00,731.98,692.98987,-38.990112,38.990112
2026-10-23 07:00:00,690.41003,709.4951,19.085083,19.085083
2026-10-23 08:00:00,687.34,696.7586,9.418579,9.418579
2026-10-23 09:00:00,646.12,651.983,5.862976,5.862976
2026-10-23 10:00:00,585.5,593.0434,7.543396,7.543396
2026-10-23 11:00:00,566.45,547.4978,-18.95221,18.95221
2026-10-23 12:00:00,545.2,522.57465,-22.625366,22.625366
2026-10-23 13:00:00,537.65,523.78467,-13.865356,13.865356
2026-10-23 14:00:00,506.39,545.1765,38.7865,38.7865
2026-10-23 15:00:00,551.38,580.3812,29.00122,29.00122
2026-10-23 16:00:00,643.36,637.9189,-5.441101,5.441101
2026-10-23 17:00:00,699.93,715.01715,15.087158,15.087158
2026-10-23 18:00:00,723.58,785.38275,61.802734,61.802734
2026-10-23 19:00:00,738.67,809.74304,71.07306,71.07306
2026-10-23 20:00:00,712.28,800.4449,88.164856,88.164856
2026-10-23 21:00:00,720.9,765.6031,44.703064,44.703064
2026-10-23 22:00:00,674.32,706.51935,32.19934,32.19934
2026-10-23 23:00:00,639.58,621.06555,-18.514465,18.514465
2026-10-24 00:00:00,501.23,552.6861,51.456085,51.456085
2026-10-24 01:00:00,526.64,530.5647,3.9246826,3.9246826
2026-10-24 02:00:00,511.87003,529.8272,17.957184,17.957184
2026-10-24 03:00:00,529.06,538.48444,9.424438,9.424438
2026-10-24 04:00:00,527.82,552.4866,24.666565,24.666565
2026-10-24 05:00:00,558.27,573.82336,15.553345,15.553345
2026-10-24 06:00:00,587.2,599.03546,11.835449,11.835449
2026-10-24 07:00:00,591.8,613.8381,22.038086,22.038086
2026-10-24 08:00:00,569.68,596.7329,27.052917,27.052917
2026-10-24 09:00:00,467.42,552.1511,84.73111,84.73111
2026-10-24 10:00:00,485.81,498.78406,12.97406,12.97406
2026-10-24 11:00:00,453.25,462.77838,9.528381,9.528381
2026-10-24 12:00:00,441.74002,444.73776,2.9977417,2.9977417
2026-10-24 13:00:00,399.29004,439.2795,39.98947,39.98947
2026-10-24 14:00:00,414.0,453.64313,39.643127,39.643127
2026-10-24 15:00:00,441.23,485.94733,44.717316,44.717316
2026-10-24 16:00:00,555.7,533.5784,-22.121582,22.121582
2026-10-24 17:00:00,579.37,605.3495,25.979492,25.979492
2026-10-24 18:00:00,636.5,675.76544,39.26544,39.26544
2026-10-24 19:00:00,589.51,710.24347,120.73346,120.73346
2026-10-24 20:00:00,620.31,689.3724,69.06238,69.06238
2026-10-24 21:00:00,606.78,650.9803,44.200256,44.200256
2026-10-24 22:00:00,579.66003,602.78723,23.127197,23.127197
2026-10-24 23:00:00,525.72003,567.9761,42.256042,42.256042
2026-10-25 00:00:00,494.71002,565.3576,70.64758,70.64758
2026-10-25 01:00:00,496.88,560.71295,63.832947,63.832947
2026-10-25 02:00:00,530.1,544.3574,14.257446,14.257446
2026-10-25 03:00:00,480.24002,540.9336,60.693573,60.693573
2026-10-25 04:00:00,528.38,542.2606,13.880615,13.880615
2026-10-25 05:00:00,483.90002,557.8051,73.90509,73.90509
2026-10-25 06:00:00,595.60004,571.6967,-23.90332,23.90332
2026-10-25 07:00:00,577.45,587.0687,9.618713,9.618713
2026-10-25 08:00:00,599.79004,571.8921,-27.89795,27.89795
2026-10-25 09:00:00,527.0,531.87006,4.870056,4.870056
2026-10-25 10:00:00,478.42,487.97855,9.558533,9.558533
2026-10-25 11:00:00,444.94,456.37805,11.438049,11.438049
2026-10-25 12:00:00,419.0,440.2186,21.218597,21.218597
2026-10-25 13:00:00,386.39,435.55737,49.16736,49.16736
2026-10-25 14:00:00,423.82,450.88995,27.069946,27.069946
2026-10-25 15:00:00,418.26,484.2508,65.99078,65.99078
2026-10-25 16:00:00,528.85,529.60284,0.75286865,0.75286865
2026-10-25 17:00:00,564.01,595.1284,31.118408,31.118408
2026-10-25 18:00:00,639.14,660.74274,21.602722,21.602722
2026-10-25 19:00:00,673.60004,689.9374,16.337341,16.337341
2026-10-25 20:00:00,580.38,680.0065,99.626465,99.626465
2026-10-25 21:00:00,598.18,636.2858,38.105835,38.105835
2026-10-25 22:00:00,550.62,601.0295,50.409485,50.409485
2026-10-25 23:00:00,547.45,601.0939,53.64386,53.64386
2026-10-26 00:00:00,609.33,625.817,16.487,16.487
2026-10-26 01:00:00,624.38,657.8785,33.498474,33.498474
2026-10-26 02:00:00,599.15,646.43744,47.287415,47.287415
2026-10-26 03:00:00,612.65,637.192,24.541992,24.541992
2026-10-26 04:00:00,631.7,641.97723,10.277222,10.277222
2026-10-26 05:00:00,620.3,663.16504,42.86505,42.86505
2026-10-26 06:00:00,651.89,682.4192,30.529175,30.529175
2026-10-26 07:00:00,692.89,698.05756,5.1675415,5.1675415
2026-10-26 08:00:00,674.72003,688.4652,13.745178,13.745178
2026-10-26 09:00:00,663.92,648.9636,-14.95636,14.95636
2026-10-26 10:00:00,601.0,598.91724,-2.0827637,2.0827637
2026-10-26 11:00:00,546.72003,555.0326,8.312561,8.312561
2026-10-26 12:00:00,538.38,527.2703,-11.10968,11.10968
2026-10-26 13:00:00,529.18,524.6332,-4.546814,4.546814
2026-10-26 14:00:00,518.73,543.4694,24.73944,24.73944
2026-10-26 15:00:00,594.54004,576.00073,-18.539307,18.539307
2026-10-26 16:00:00,621.51,633.02826,11.5182495,11.5182495
2026-10-26 17:00:00,639.35004,704.5339,65.18384,65.18384
2026-10-26 18:00:00,707.76,768.8502,61.09021,61.09021
2026-10-26 19:00:00,783.71,788.2378,4.527771,4.527771
2026-10-26 20:00:00,742.5,776.4396,33.939575,33.939575
2026-10-26 21:00:00,728.99,748.40405,19.414062,19.414062
2026-10-26 22:00:00,640.23,713.41113,73.18115,73.18115
2026-10-26 23:00:00,660.5,675.139,14.638977,14.638977
2026-10-27 00:00:00,604.88,649.0685,44.188477,44.188477
2026-10-27 01:00:00,593.06,641.3538,48.293823,48.293823
2026-10-27 02:00:00,626.53,636.8751,10.345093,10.345093
2026-10-27 03:00:00,605.45,638.8171,33.367065,33.367065
2026-10-27 04:00:00,623.26,647.7835,24.523499,24.523499
2026-10-27 05:00:00,638.34,670.5941,32.25409,32.25409
2026-10-27 06:00:00,623.37,691.4143,68.04431,68.04431
2026-10-27 07:00:00,643.88,701.03156,57.15155,57.15155
2026-10-27 08:00:00,695.46,680.384,-15.07605,15.07605
2026-10-27 09:00:00,616.53,638.0707,21.54065,21.54065
2026-10-27 10:00:00,621.13,585.1182,-36.01178,36.01178
2026-10-27 11:00:00,560.48,545.10956,-15.370422,15.370422
2026-10-27 12:00:00,503.43,523.4404,20.010437,20.010437
2026-10-27 13:00:00,531.88,521.3582,-10.52179,10.52179
2026-10-27 14:00:00,550.45,540.981,-9.468994,9.468994
2026-10-27 15:00:00,593.94,576.7611,-17.178894,17.178894
2026-10-27 16:00:00,630.66003,636.1316,5.4715576,5.4715576
2026-10-27 17:00:00,665.4,713.3868,47.986755,47.986755
2026-10-27 18:00:00,731.71,777.7478,46.03778,46.03778
2026-10-27 19:00:00,751.92,798.13525,46.21527,46.21527
2026-10-27 20:00:00,705.88,785.656,79.776,79.776
2026-10-27 21:00:00,716.26,749.628,33.36798,33.36798
2026-10-27 22:00:00,661.02,714.09546,53.07544,53.07544
2026-10-27 23:00:00,654.71,678.15985,23.44983,23.44983
2026-10-28 00:00:00,611.27,651.9232,40.6532,40.6532
2026-10-28 01:00:00,577.47003,642.9639,65.4939,65.4939
2026-10-28 02:00:00,630.01,634.1741,4.1640625,4.1640625
2026-10-28 03:00:00,671.41003,635.54767,-35.862366,35.862366
2026-10-28 04:00:00,613.75,652.66895,38.918945,38.918945
2026-10-28 05:00:00,650.0,676.6762,26.676208,26.676208
2026-10-28 06:00:00,673.38,695.7809,22.400879,22.400879
2026-10-28 07:00:00,701.01,706.4432,5.4331665,5.4331665
2026-10-28 08:00:00,678.75,685.82697,7.0769653,7.0769653
2026-10-28 09:00:00,616.63,635.7326,19.1026,19.1026
2026-10-28 10:00:00,591.84,581.33057,-10.50946,10.50946
2026-10-28 11:00:00,528.69,542.58734,13.897339,13.897339
2026-10-28 12:00:00,551.54004,519.43207,-32.10797,32.10797
2026-10-28 13:00:00,539.81,521.79944,-18.01056,18.01056
2026-10-28 14:00:00,544.98,541.00525,-3.9747314,3.9747314
2026-10-28 15:00:00,576.98,577.654,0.67401123,0.67401123
2026-10-28 16:00:00,626.72003,638.5863,11.866272,11.866272
2026-10-28 17:00:00,701.89,711.45776,9.567749,9.567749
2026-10-28 18:00:00,758.67,781.4617,22.791687,22.791687
2026-10-28 19:00:00,742.84,800.8088,57.96875,57.96875
2026-10-28 20:00:00,714.12,788.6138,74.493774,74.493774
2026-10-28 21:00:00,674.4,757.7873,83.38727,83.38727
2026-10-28 22:00:00,684.77,717.5043,32.734253,32.734253
2026-10-28 23:00:00,617.45,677.23486,59.78485,59.78485
2026-10-29 00:00:00,609.86,645.3204,35.46039,35.46039
2026-10-29 01:00:00,608.07,639.13965,31.069641,31.069641
2026-10-29 02:00:00,662.55,633.5765,-28.97351,28.97351
2026-10-29 03:00:00,651.07,636.98254,-14.087463,14.087463
2026-10-29 04:00:00,671.89,648.9112,-22.97882,22.97882
2026-10-29 05:00:00,639.15,668.68726,29.537231,29.537231
2026-10-29 06:00:00,711.39,691.7303,-19.659729,19.659729
2026-10-29 07:00:00,673.0,704.6786,31.678589,31.678589
2026-10-29 08:00:00,674.38,683.22516,8.845154,8.845154
2026-10-29 09:00:00,608.82,635.47345,26.653442,26.653442
2026-10-29 10:00:00,603.3,582.932,-20.367981,20.367981
2026-10-29 11:00:00,567.39,548.6873,-18.702698,18.702698
2026-10-29 12:00:00,511.40002,526.7947,15.394653,15.394653
2026-10-29 13:00:00,524.3,527.92017,3.6201782,3.6201782
2026-10-29 14:00:00,581.05,548.1061,-32.94391,32.94391
2026-10-29 15:00:00,563.92004,586.64954,22.729492,22.729492
2026-10-29 16:00:00,615.88,644.0168,28.13678,28.13678
2026-10-29 17:00:00,685.66003,714.58594,28.925903,28.925903
2026-10-29 18:00:00,756.24,779.4239,23.183899,23.183899
2026-10-29 19:00:00,724.31,799.4202,75.11023,75.11023
2026-10-29 20:00:00,689.84,787.0003,97.16028,97.16028
2026-10-29 21:00:00,707.81,755.923,48.112976,48.112976
2026-10-29 22:00:00,687.39,714.318,26.927979,26.927979
2026-10-29 23:00:00,668.15,669.36053,1.2105103,1.2105103
2026-10-30 00:00:00,626.88,632.3504,5.470398,5.470398
2026-10-30 01:00:00,596.65,627.35657,30.706543,30.706543
2026-10-30 02:00:00,636.7,625.0567,-11.643311,11.643311
2026-10-30 03:00:00,642.77,630.23425,-12.535767,12.535767
2026-10-30 04:00:00,619.09,645.53937,26.44934,26.44934
2026-10-30 05:00:00,666.98,671.2295,4.2495117,4.2495117
2026-10-30 06:00:00,637.99,696.15753,58.16754,58.16754
2026-10-30 07:00:00,720.23,700.86273,-19.367249,19.367249
2026-10-30 08:00:00,657.71,683.3689,25.658875,25.658875
2026-10-30 09:00:00,586.26,636.34644,50.086426,50.086426
2026-10-30 10:00:00,573.38,580.63464,7.2546387,7.2546387
2026-10-30 11:00:00,566.01,541.7865,-24.22351,24.22351
2026-10-30 12:00:00,561.84,520.5995,-41.24054,41.24054
2026-10-30 13:00:00,548.23,523.28204,-24.947937,24.947937
2026-10-30 14:00:00,506.46002,541.908,35.447998,35.447998
2026-10-30 15:00:00,551.91003,578.57056,26.660522,26.660522
2026-10-30 16:00:00,601.72003,636.98145,35.261414,35.261414
2026-10-30 17:00:00,678.8,710.28503,31.485046,31.485046
2026-10-30 18:00:00,705.89,779.28687,73.39685,73.39685
2026-10-30 19:00:00,740.51,804.6292,64.1192,64.1192
2026-10-30 20:00:00,750.29004,797.2356,46.945557,46.945557
2026-10-30 21:00:00,701.1,768.235,67.13501,67.13501
2026-10-30 22:00:00,697.6,721.39465,23.794678,23.794678
2026-10-30 23:00:00,639.35004,648.70123,9.351196,9.351196
2026-10-31 00:00:00,537.19,565.01294,27.822937,27.822937
2026-10-31 01:00:00,532.79004,524.22,-8.570068,8.570068
2026-10-31 02:00:00,522.47003,528.40106,5.9310303,5.9310303
2026-10-31 03:00:00,518.60004,538.63043,20.030396,20.030396
2026-10-31 04:00:00,555.3,552.4887,-2.8112793,2.8112793
2026-10-31 05:00:00,563.14,570.8289,7.688904,7.688904
2026-10-31 06:00:00,563.67004,595.24866,31.578613,31.578613
2026-10-31 07:00:00,552.01,611.31274,59.302734,59.302734
2026-10-31 08:00:00,564.03,587.318,23.287964,23.287964
2026-10-31 09:00:00,485.87003,538.6426,52.772552,52.772552
2026-10-31 10:00:00,480.36002,489.10223,8.742218,8.742218
2026-10-31 11:00:00,434.28003,457.48453,23.204498,23.204498
2026-10-31 12:00:00,404.34003,442.1775,37.837463,37.837463
2026-10-31 13:00:00,428.69003,437.99402,9.303986,9.303986
2026-10-31 14:00:00,438.26,455.26758,17.007568,17.007568
2026-10-31 15:00:00,476.62,488.8341,12.214111,12.214111
2026-10-31 16:00:00,516.1,539.09235,22.99237,22.99237
2026-10-31 17:00:00,585.45,604.9701,19.52008,19.52008
2026-10-31 18:00:00,638.05,671.8275,33.777527,33.777527
2026-10-31 19:00:00,626.15,696.29626,70.14624,70.14624
2026-10-31 20:00:00,618.29004,681.91003,63.619995,63.619995
2026-10-31 21:00:00,590.83,642.0066,51.176575,51.176575
2026-10-31 22:00:00,596.98,591.1787,-5.8012695,5.8012695
2026-10-31 23:00:00,551.06,562.8849,11.82489,11.82489
2026-11-01 00:00:00,495.7,565.05347,69.353455,69.353455
2026-11-01 01:00:00,475.26,557.46027,82.20026,82.20026
2026-11-01 02:00:00,542.31,540.66785,-1.6421509,1.6421509
2026-11-01 03:00:00,523.36,535.0539,11.693909,11.693909
2026-11-01 04:00:00,561.22003,539.55566,-21.664368,21.664368
2026-11-01 05:00:00,571.59,552.2802,-19.309814,19.309814
2026-11-01 06:00:00,559.13,571.8563,12.726318,12.726318
2026-11-01 07:00:00,566.94,588.0941,21.154114,21.154114
2026-11-01 08:00:00,583.48,571.6064,-11.873596,11.873596
2026-11-01 09:00:00,514.4,530.79736,16.397339,16.397339
2026-11-01 10:00:00,483.31,486.58655,3.2765503,3.2765503
2026-11-01 11:00:00,460.69,456.9639,-3.7261047,3.7261047
2026-11-01 12:00:00,410.34003,441.0163,30.67627,30.67627
2026-11-01 13:00:00,464.44,435.93933,-28.500671,28.500671
2026-11-01 14:00:00,443.92004,454.7501,10.830048,10.830048
2026-11-01 15:00:00,432.72003,489.73462,57.014587,57.014587
2026-11-01 16:00:00,520.57,536.60486,16.034851,16.034851
2026-11-01 17:00:00,588.81,598.9736,10.163574,10.163574
2026-11-01 18:00:00,641.9,667.3504,25.450378,25.450378
2026-11-01 19:00:00,612.5,699.81836,87.31836,87.31836
2026-11-01 20:00:00,629.76,678.0303,48.270264,48.270264
2026-11-01 21:00:00,593.66003,632.91394,39.253906,39.253906
2026-11-01 22:00:00,553.47003,589.1318,35.661743,35.661743
2026-11-01 23:00:00,541.63,586.9522,45.322205,45.322205
2026-11-02 00:00:00,632.5,612.8726,-19.62738,19.62738
2026-11-02 01:00:00,652.65,650.17114,-2.4788818,2.4788818
2026-11-02 02:00:00,628.22003,644.96313,16.743103,16.743103
2026-11-02 03:00:00,632.88,639.2172,6.337219,6.337219
2026-11-02 04:00:00,640.87,644.0769,3.2069092,3.2069092
2026-11-02 05:00:00,689.84,657.3189,-32.52112,32.52112
2026-11-02 06:00:00,648.25,681.9614,33.711426,33.711426
2026-11-02 07:00:00,712.22003,698.181,-14.039001,14.039001
2026-11-02 08:00:00,676.84,689.417,12.576965,12.576965
2026-11-02 09:00:00,639.2,647.58905,8.389038,8.389038
2026-11-02 10:00:00,602.51,594.5584,-7.951599,7.951599
2026-11-02 11:00:00,582.31,553.21423,-29.095764,29.095764
2026-11-02 12:00:00,540.9,528.707,-12.193054,12.193054
2026-11-02 13:00:00,545.76,526.64325,-19.11676,19.11676
2026-11-02 14:00:00,538.54004,543.37427,4.8342285,4.8342285
2026-11-02 15:00:00,593.53,575.4923,-18.03772,18.03772
2026-11-02 16:00:00,617.63,627.19635,9.566345,9.566345
2026-11-02 17:00:00,632.35004,701.12915,68.77911,68.77911
2026-11-02 18:00:00,730.0,768.103,38.103027,38.103027
2026-11-02 19:00:00,799.44,783.1114,-16.328613,16.328613
2026-11-02 20:00:00,767.45,789.0636,21.613586,21.613586
2026-11-02 21:00:00,723.71,764.82446,41.11444,41.11444
2026-11-02 22:00:00,658.66003,732.61163,73.9516,73.9516
2026-11-02 23:00:00,667.88,692.9219,25.04187,25.04187
2026-11-03 00:00:00,619.93,657.1348,37.204834,37.204834
2026-11-03 01:00:00,581.34,639.7927,58.452698,58.452698
2026-11-03 02:00:00,617.06,629.1901,12.130127,12.130127
2026-11-03 03:00:00,594.94,631.346,36.406006,36.406006
2026-11-03 04:00:00,626.47003,638.83826,12.368225,12.368225
2026-11-03 05:00:00,698.46,657.6787,-40.78131,40.78131
2026-11-03 06:00:00,651.43,682.5956,31.165588,31.165588
2026-11-03 07:00:00,693.35,700.69104,7.3410645,7.3410645
2026-11-03 08:00:00,639.19,685.0291,45.83911,45.83911
2026-11-03 09:00:00,614.59,643.07666,28.486633,28.486633
2026-11-03 10:00:00,575.39,590.2693,14.879272,14.879272
2026-11-03 11:00:00,518.79004,550.4873,31.697266,31.697266
2026-11-03 12:00:00,520.91003,524.558,3.6479492,3.6479492
2026-11-03 13:00:00,519.67004,522.26733,2.59729,2.59729
2026-11-03 14:00:00,543.99,538.3949,-5.595093,5.595093
2026-11-03 15:00:00,574.67,574.49664,-0.17333984,0.17333984
2026-11-03 16:00:00,579.68,627.96405,48.284058,48.284058
2026-11-03 17:00:00,643.86,701.28613,57.426147,57.426147
2026-11-03 18:00:00,728.76,764.9863,36.22632,36.22632
2026-11-03 19:00:00,754.64,788.34644,33.70642,33.70642
2026-11-03 20:00:00,670.91003,778.03845,107.12842,107.12842
2026-11-03 21:00:00,715.24,748.28656,33.04657,33.04657
2026-11-03 22:00:00,637.57,710.0731,72.50311,72.50311
2026-11-03 23:00:00,650.33,672.7423,22.412292,22.412292
2026-11-04 00:00:00,614.15,643.0298,28.87976,28.87976
2026-11-04 01:00:00,637.92,633.5231,-4.3969116,4.3969116
2026-11-04 02:00:00,656.26,631.9763,-24.283691,24.283691
2026-11-04 03:00:00,628.53,634.7366,6.206543,6.206543
2026-11-04 04:00:00,638.49,644.16815,5.6781616,5.6781616
2026-11-04 05:00:00,603.37,667.2079,63.83789,63.83789
2026-11-04 06:00:00,664.65,685.34143,20.691406,20.691406
2026-11-04 07:00:00,665.56,699.1901,33.630127,33.630127
2026-11-04 08:00:00,663.43,681.89636,18.46637,18.46637
2026-11-04 09:00:00,646.13,637.2367,-8.893311,8.893311
2026-11-04 10:00:00,589.92,586.64124,-3.2787476,3.2787476
2026-11-04 11:00:00,540.91003,545.69543,4.7854004,4.7854004
2026-11-04 12:00:00,575.54004,520.75415,-54.78589,54.78589
2026-11-04 13:00:00,562.96,524.6979,-38.262146,38.262146
2026-11-04 14:00:00,546.36,548.0282,1.6682129,1.6682129
2026-11-04 15:00:00,554.63,587.2041,32.574097,32.574097
2026-11-04 16:00:00,601.46,638.926,37.466003,37.466003
2026-11-04 17:00:00,699.76,707.0408,7.2807617,7.2807617
2026-11-04 18:00:00,732.23,773.62317,41.39319,41.39319
2026-11-04 19:00:00,771.55,792.54895,20.998962,20.998962
2026-11-04 20:00:00,705.86,777.61804,71.75806,71.75806
2026-11-04 21:00:00,705.93,747.54297,41.612976,41.612976
2026-11-04 22:00:00,646.71,704.80695,58.096924,58.096924
2026-11-04 23:00:00,648.48,663.80597,15.325989,15.325989
2026-11-05 00:00:00,624.81,631.9114,7.1013794,7.1013794
2026-11-05 01:00:00,625.24,626.93414,1.6941528,1.6941528
2026-11-05 02:00:00,611.91003,625.20685,13.296814,13.296814
2026-11-05 03:00:00,597.04004,628.5122,31.472168,31.472168
2026-11-05 04:00:00,629.32,641.6528,12.332764,12.332764
2026-11-05 05:00:00,664.61,658.1183,-6.491699,6.491699
2026-11-05 06:00:00,618.99,682.3897,63.39972,63.39972
2026-11-05 07:00:00,703.88,693.8884,-9.991577,9.991577
2026-11-05 08:00:00,675.09,680.5709,5.480896,5.480896
2026-11-05 09:00:00,625.4,639.0519,13.651855,13.651855
2026-11-05 10:00:00,590.25,587.6768,-2.5731812,2.5731812
2026-11-05 11:00:00,574.03,545.44354,-28.586487,28.586487
2026-11-05 12:00:00,555.48,522.4973,-32.982666,32.982666
2026-11-05 13:00:00,515.12,522.5509,7.430908,7.430908
2026-11-05 14:00:00,598.22003,541.3569,-56.86316,56.86316
2026-11-05 15:00:00,587.36,581.7162,-5.643799,5.643799
2026-11-05 16:00:00,621.31,644.6206,23.310608,23.310608
2026-11-05 17:00:00,660.38,714.8539,54.473877,54.473877
2026-11-05 18:00:00,720.84,777.48816,56.648132,56.648132
2026-11-05 19:00:00,704.53,798.11584,93.585815,93.585815
2026-11-05 20:00:00,762.4,785.5288,23.128784,23.128784
2026-11-05 21:00:00,699.86,757.7467,57.88672,57.88672
2026-11-05 22:00:00,657.38,714.378,56.997986,56.997986
2026-11-05 23:00:00,654.60004,667.00714,12.4071045,12.4071045
2026-11-06 00:00:00,620.52,625.81085,5.2908325,5.2908325
2026-11-06 01:00:00,582.46,623.2574,40.797363,40.797363
2026-11-06 02:00:00,622.76,621.86346,-0.8965454,0.8965454
2026-11-06 03:00:00,603.29004,626.39514,23.105103,23.105103
2026-11-06 04:00:00,628.23,642.89496,14.664978,14.664978
2026-11-06 05:00:00,683.29004,660.2832,-23.006836,23.006836
2026-11-06 06:00:00,679.73,688.98206,9.252075,9.252075
2026-11-06 07:00:00,698.02,703.0532,5.033203,5.033203
2026-11-06 08:00:00,690.2,685.7538,-4.446228,4.446228
2026-11-06 09:00:00,654.05,641.6658,-12.384216,12.384216
2026-11-06 10:00:00,612.33,586.30536,-26.024658,26.024658
2026-11-06 11:00:00,579.21,542.14905,-37.060974,37.060974
2026-11-06 12:00:00,549.77,518.29865,-31.471375,31.471375
2026-11-06 13:00:00,553.94,520.2065,-33.73352,33.73352
2026-11-06 14:00:00,528.30005,543.54193,15.241882,15.241882
2026-11-06 15:00:00,557.06,579.3089,22.248901,22.248901
2026-11-06 16:00:00,625.26,633.6885,8.428467,8.428467
2026-11-06 17:00:00,685.57,706.559,20.989014,20.989014
2026-11-06 18:00:00,711.54,773.57263,62.032654,62.032654
2026-11-06 19:00:00,737.03,801.745,64.714966,64.714966
2026-11-06 20:00:00,719.74,794.3214,74.58142,74.58142
2026-11-06 21:00:00,726.4,764.9363,38.536255,38.536255
2026-11-06 22:00:00,658.76,713.336,54.57599,54.57599
2026-11-06 23:00:00,626.82,631.48456,4.664551,4.664551
2026-11-07 00:00:00,481.28003,547.8781,66.59808,66.59808
2026-11-07 01:00:00,477.27002,514.4447,37.174683,37.174683
2026-11-07 02:00:00,478.68,515.0557,36.375732,36.375732
2026-11-07 03:00:00,517.41003,523.3331,5.9230957,5.9230957
2026-11-07 04:00:00,493.98,540.26746,46.287445,46.287445
2026-11-07 05:00:00,503.97003,560.9133,56.9433,56.9433
2026-11-07 06:00:00,519.27,587.7248,68.45477,68.45477
2026-11-07 07:00:00,570.72003,605.1489,34.428894,34.428894
2026-11-07 08:00:00,494.84003,589.51324,94.67322,94.67322
2026-11-07 09:00:00,501.15002,541.16003,40.01001,40.01001
2026-11-07 10:00:00,506.23,493.91205,-12.317963,12.317963
2026-11-07 11:00:00,465.97003,460.9483,-5.0217285,5.0217285
2026-11-07 12:00:00,391.95,442.25928,50.309265,50.309265
2026-11-07 13:00:00,448.80002,432.57867,-16.221344,16.221344
2026-11-07 14:00:00,420.99,449.59738,28.607391,28.607391
2026-11-07 15:00:00,442.68002,484.3114,41.63138,41.63138
2026-11-07 16:00:00,518.4,536.3022,17.90216,17.90216
2026-11-07 17:00:00,561.47003,598.6523,37.18225,37.18225
2026-11-07 18:00:00,582.21,664.6182,82.4082,82.4082
2026-11-07 19:00:00,614.17,691.64685,77.47687,77.47687
2026-11-07 20:00:00,605.67,676.87604,71.206055,71.206055
2026-11-07 21:00:00,619.97003,634.6736,14.703552,14.703552
2026-11-07 22:00:00,538.48,584.06915,45.589172,45.589172
2026-11-07 23:00:00,520.01,549.4517,29.441711,29.441711
2026-11-08 00:00:00,489.79,552.8807,63.090668,63.090668
2026-11-08 01:00:00,490.47003,556.63135,66.161316,66.161316
2026-11-08 02:00:00,515.15,543.9203,28.770264,28.770264
2026-11-08 03:00:00,538.16003,538.1565,-0.003540039,0.003540039
2026-11-08 04:00:00,503.31,539.797,36.487,36.487
2026-11-08 05:00:00,485.93002,547.90814,61.97812,61.97812
2026-11-08 06:00:00,559.89,559.0477,-0.84228516,0.84228516
2026-11-08 07:00:00,526.28,573.3475,47.067444,47.067444
2026-11-08 08:00:00,555.62,558.77637,3.156372,3.156372
2026-11-08 09:00:00,517.26,522.7578,5.4978027,5.4978027
2026-11-08 10:00:00,461.04,482.33655,21.29654,21.29654
2026-11-08 11:00:00,464.03003,455.1434,-8.886627,8.886627
2026-11-08 12:00:00,427.82,440.2279,12.407898,12.407898
2026-11-08 13:00:00,386.36002,435.01398,48.65396,48.65396
2026-11-08 14:00:00,394.03003,451.75583,57.7258,57.7258
2026-11-08 15:00:00,470.94,484.31763,13.3776245,13.3776245
2026-11-08 16:00:00,540.54004,536.09064,-4.449402,4.449402
2026-11-08 17:00:00,542.21,601.7906,59.580566,59.580566
2026-11-08 18:00:00,606.68,666.4563,59.776306,59.776306
2026-11-08 19:00:00,606.0,693.55774,87.55774,87.55774
2026-11-08 20:00:00,619.14,673.84576,54.70575,54.70575
2026-11-08 21:00:00,580.18,627.80096,47.62097,47.62097
2026-11-08 22:00:00,559.88,587.7799,27.899902,27.899902
2026-11-08 23:00:00,512.95,589.6442,76.694214,76.694214
2026-11-09 00:00:00,597.93,610.05853,12.12854,12.12854
2026-11-09 01:00:00,604.4,645.5222,41.122192,41.122192
2026-11-09 02:00:00,607.04004,636.9989,29.958862,29.958862
2026-11-09 03:00:00,625.66003,631.26526,5.6052246,5.6052246
2026-11-09 04:00:00,640.68,639.06464,-1.6153564,1.6153564
2026-11-09 05:00:00,654.82,653.23846,-1.581543,1.581543
2026-11-09 06:00:00,648.42,677.0023,28.582336,28.582336
2026-11-09 07:00:00,701.86,690.7263,-11.133667,11.133667
2026-11-09 08:00:00,675.31,680.9764,5.666382,5.666382
2026-11-09 09:00:00,666.15,641.0494,-25.100647,25.100647
2026-11-09 10:00:00,606.10004,592.4015,-13.698547,13.698547
2026-11-09 11:00:00,509.73,552.1738,42.443817,42.443817
2026-11-09 12:00:00,500.23,526.81305,26.583038,26.583038
2026-11-09 13:00:00,578.08,523.6949,-54.38513,54.38513
2026-11-09 14:00:00,566.42004,540.61035,-25.809692,25.809692
2026-11-09 15:00:00,567.12,578.4117,11.291687,11.291687
2026-11-09 16:00:00,661.49,637.87573,-23.614258,23.614258
2026-11-09 17:00:00,630.15,708.6902,78.54016,78.54016
2026-11-09 18:00:00,704.34,770.522,66.181946,66.181946
2026-11-09 19:00:00,742.48,786.2932,43.813232,43.813232
2026-11-09 20:00:00,721.15,774.70105,53.551025,53.551025
2026-11-09 21:00:00,713.91003,743.852,29.941956,29.941956
2026-11-09 22:00:00,696.8,705.33325,8.533264,8.533264
2026-11-09 23:00:00,652.0,666.92096,14.920959,14.920959
2026-11-10 00:00:00,574.0,639.56305,65.56305,65.56305
2026-11-10 01:00:00,652.68,625.89307,-26.786926,26.786926
2026-11-10 02:00:00,609.15,623.1067,13.956665,13.956665
2026-11-10 03:00:00,609.87,629.84686,19.976868,19.976868
2026-11-10 04:00:00,589.55,644.4534,54.903442,54.903442
2026-11-10 05:00:00,649.11,659.7034,10.593445,10.593445
2026-11-10 06:00:00,632.44,682.9893,50.549316,50.549316
2026-11-10 07:00:00,664.31,693.3179,29.007874,29.007874
2026-11-10 08:00:00,646.38,678.5566,32.176575,32.176575
2026-11-10 09:00:00,626.7,636.32367,9.623657,9.623657
2026-11-10 10:00:00,583.46,585.70715,2.2471313,2.2471313
2026-11-10 11:00:00,509.94,545.21545,35.27545,35.27545
2026-11-10 12:00:00,534.48,519.05597,-15.424011,15.424011
2026-11-10 13:00:00,539.67004,517.7772,-21.892822,21.892822
2026-11-10 14:00:00,536.23,536.4941,0.26409912,0.26409912
2026-11-10 15:00:00,630.61,576.91425,-53.69574,53.69574
2026-11-10 16:00:00,588.97003,638.7045,49.734497,49.734497
2026-11-10 17:00:00,683.73,710.91644,27.186462,27.186462
2026-11-10 18:00:00,735.76,772.96674,37.206726,37.206726
2026-11-10 19:00:00,716.95,788.19305,71.24304,71.24304
2026-11-10 20:00:00,738.18,773.4086,35.228638,35.228638
2026-11-10 21:00:00,668.97003,744.0834,75.11334,75.11334
2026-11-10 22:00:00,649.38,704.45807,55.078064,55.078064
2026-11-10 23:00:00,641.44,662.9257,21.485718,21.485718
2026-11-11 00:00:00,597.65,630.3627,32.712646,32.712646
2026-11-11 01:00:00,607.81,620.83545,13.025452,13.025452
2026-11-11 02:00:00,573.07,616.69604,43.626038,43.626038
2026-11-11 03:00:00,651.79004,620.4518,-31.338257,31.338257
2026-11-11 04:00:00,636.47003,637.8035,1.3334961,1.3334961
2026-11-11 05:00:00,650.03,665.42755,15.397522,15.397522
2026-11-11 06:00:00,661.47003,687.7447,26.274658,26.274658
2026-11-11 07:00:00,642.59,697.6192,55.029175,55.029175
2026-11-11 08:00:00,697.7,677.1911,-20.508911,20.508911
2026-11-11 09:00:00,645.57,637.04236,-8.527649,8.527649
2026-11-11 10:00:00,559.81,585.5824,25.7724,25.7724
2026-11-11 11:00:00,530.64,544.13574,13.495728,13.495728
2026-11-11 12:00:00,545.53,521.26044,-24.269592,24.269592
2026-11-11 13:00:00,535.41003,522.4193,-12.990723,12.990723
2026-11-11 14:00:00,548.85004,541.8509,-6.9991455,6.9991455
2026-11-11 15:00:00,522.47003,579.98773,57.5177,57.5177
2026-11-11 16:00:00,615.17,633.2821,18.112122,18.112122
2026-11-11 17:00:00,652.06,703.2011,51.141113,51.141113
2026-11-11 18:00:00,690.64,766.95764,76.31763,76.31763
2026-11-11 19:00:00,725.28,787.56244,62.28241,62.28241
2026-11-11 20:00:00,708.82,771.3419,62.52191,62.52191
2026-11-11 21:00:00,644.5,744.3685,99.86853,99.86853
2026-11-11 22:00:00,657.91003,704.98804,47.078003,47.078003
2026-11-11 23:00:00,652.98,663.92126,10.941284,10.941284
2026-11-12 00:00:00,625.51,635.8442,10.3341675,10.3341675
2026-11-12 01:00:00,631.99,632.55426,0.56427,0.56427
2026-11-12 02:00:00,597.44,631.42645,33.98645,33.98645
2026-11-12 03:00:00,605.03,638.4964,33.46637,33.46637
2026-11-12 04:00:00,599.72003,646.60693,46.8869,46.8869
2026-11-12 05:00:00,597.96,664.0035,66.04346,66.04346
2026-11-12 06:00:00,679.16003,685.6042,6.444153,6.444153
2026-11-12 07:00:00,671.9,702.3441,30.444092,30.444092
2026-11-12 08:00:00,665.55,685.5703,20.020325,20.020325
2026-11-12 09:00:00,669.83,639.34344,-30.486572,30.486572
2026-11-12 10:00:00,588.38,586.0252,-2.3547974,2.3547974
2026-11-12 11:00:00,571.11,542.6131,-28.496887,28.496887
2026-11-12 12:00:00,518.07,521.3334,3.2633667,3.2633667
2026-11-12 13:00:00,564.55,522.88275,-41.667236,41.667236
2026-11-12 14:00:00,567.72003,544.4385,-23.281555,23.281555
2026-11-12 15:00:00,528.35004,581.7655,53.415466,53.415466
2026-11-12 16:00:00,595.06,637.5002,42.440186,42.440186
2026-11-12 17:00:00,664.71,709.48694,44.776917,44.776917
2026-11-12 18:00:00,702.09,775.6001,73.51007,73.51007
2026-11-12 19:00:00,753.28,797.3264,44.046387,44.046387
2026-11-12 20:00:00,748.39,785.5691,37.179077,37.179077
2026-11-12 21:00:00,675.08,755.9657,80.88568,80.88568
2026-11-12 22:00:00,649.34,714.1526,64.81256,64.81256
2026-11-12 23:00:00,640.93,663.88513,22.95514,22.95514
2026-11-13 00:00:00,651.64,622.9221,-28.717896,28.717896
2026-11-13 01:00:00,631.98,619.5716,-12.408386,12.408386
2026-11-13 02:00:00,609.72003,618.08276,8.362732,8.362732
2026-11-13 03:00:00,604.24,621.0488,16.808838,16.808838
2026-11-13 04:00:00,635.48,636.6788,1.1987915,1.1987915
2026-11-13 05:00:00,649.86,658.0106,8.150635,8.150635
2026-11-13 06:00:00,674.78,684.6024,9.822388,9.822388
2026-11-13 07:00:00,651.8,701.27264,49.472656,49.472656
2026-11-13 08:00:00,668.33,684.44507,16.115051,16.115051
2026-11-13 09:00:00,643.0,638.341,-4.6589966,4.6589966
2026-11-13 10:00:00,582.52,583.75696,1.2369385,1.2369385
2026-11-13 11:00:00,576.24,542.1662,-34.07379,34.07379
2026-11-13 12:00:00,558.55,519.7606,-38.789368,38.789368
2026-11-13 13:00:00,529.8,520.0117,-9.788269,9.788269
2026-11-13 14:00:00,553.12,538.3175,-14.80249,14.80249
2026-11-13 15:00:00,538.3,573.56854,35.268555,35.268555
2026-11-13 16:00:00,618.47003,630.4905,12.020447,12.020447
2026-11-13 17:00:00,706.15,704.6818,-1.4682007,1.4682007
2026-11-13 18:00:00,744.48,772.99695,28.516968,28.516968
2026-11-13 19:00:00,685.84,800.42535,114.58533,114.58533
2026-11-13 20:00:00,711.66003,792.5206,80.860596,80.860596
2026-11-13 21:00:00,694.32,762.3152,67.99518,67.99518
2026-11-13 22:00:00,603.54004,707.4185,103.87848,103.87848
2026-11-13 23:00:00,639.46,622.6407,-16.819336,16.819336
2026-11-14 00:00:00,459.02002,546.6304,87.61035,87.61035
2026-11-14 01:00:00,489.04,512.0969,23.056915,23.056915
2026-11-14 02:00:00,494.83002,516.19196,21.361938,21.361938
2026-11-14 03:00:00,489.95,524.5007,34.55066,34.55066
2026-11-14 04:00:00,510.77002,538.7522,27.982178,27.982178
2026-11-14 05:00:00,486.44,558.4192,71.97919,71.97919
2026-11-14 06:00:00,575.38,580.9575,5.5775146,5.5775146
2026-11-14 07:00:00,565.24,597.43146,32.191467,32.191467
2026-11-14 08:00:00,570.9,582.9992,12.099182,12.099182
2026-11-14 09:00:00,562.07,540.6641,-21.405884,21.405884
2026-11-14 10:00:00,522.06,494.88647,-27.173523,27.173523
2026-11-14 11:00:00,449.15002,461.18692,12.036896,12.036896
2026-11-14 12:00:00,440.73,442.31604,1.586029,1.586029
2026-11-14 13:00:00,466.10004,435.6115,-30.488525,30.488525
2026-11-14 14:00:00,404.41003,453.04706,48.637024,48.637024
2026-11-14 15:00:00,455.11002,482.79562,27.685608,27.685608
2026-11-14 16:00:00,483.44,529.5981,46.15808,46.15808
2026-11-14 17:00:00,552.83,589.6298,36.799805,36.799805
2026-11-14 18:00:00,593.02,658.3676,65.347595,65.347595
2026-11-14 19:00:00,620.02,688.63055,68.610535,68.610535
2026-11-14 20:00:00,626.67,676.10803,49.43805,49.43805
2026-11-14 21:00:00,560.03,636.8372,76.80719,76.80719
2026-11-14 22:00:00,574.74,584.868,10.127991,10.127991
2026-11-14 23:00:00,525.08,552.5714,27.491394,27.491394
2026-11-15 00:00:00,492.86002,556.35095,63.490936,63.490936
2026-11-15 01:00:00,490.23004,554.0151,63.785034,63.785034
2026-11-15 02:00:00,499.97003,540.65247,40.682434,40.682434
2026-11-15 03:00:00,491.90002,531.63715,39.73712,39.73712
2026-11-15 04:00:00,489.32,532.70276,43.38275,43.38275
2026-11-15 05:00:00,525.86,542.5517,16.691711,16.691711
2026-11-15 06:00:00,554.43,560.0044,5.574402,5.574402
2026-11-15 07:00:00,578.74,574.81866,-3.9213257,3.9213257
2026-11-15 08:00:00,596.21,558.8929,-37.31714,37.31714
2026-11-15 09:00:00,531.45,522.0692,-9.380798,9.380798
2026-11-15 10:00:00,464.30002,482.08636,17.786346,17.786346
2026-11-15 11:00:00,443.89,453.17233,9.282318,9.282318
2026-11-15 12:00:00,478.55002,438.42264,-40.12738,40.12738
2026-11-15 13:00:00,473.86002,434.40488,-39.45514,39.45514
2026-11-15 14:00:00,454.19,455.046,0.85598755,0.85598755
2026-11-15 15:00:00,502.2,491.66962,-10.5303955,10.5303955
2026-11-15 16:00:00,510.46002,542.36426,31.904236,31.904236
2026-11-15 17:00:00,574.23,599.98254,25.752563,25.752563
2026-11-15 18:00:00,615.99,659.5684,43.57843,43.57843
2026-11-15 19:00:00,642.36,686.34143,43.981445,43.981445
2026-11-15 20:00:00,634.2,665.6626,31.462585,31.462585
2026-11-15 21:00:00,553.11,621.7981,68.68811,68.68811
2026-11-15 22:00:00,528.30005,582.4175,54.11743,54.11743
2026-11-15 23:00:00,523.76,585.07544,61.31543,61.31543
2026-11-16 00:00:00,604.99,608.7117,3.7216797,3.7216797
2026-11-16 01:00:00,588.28,639.0705,50.790466,50.790466
2026-11-16 02:00:00,580.89,630.33124,49.441223,49.441223
2026-11-16 03:00:00,605.67,622.8742,17.204224,17.204224
2026-11-16 04:00:00,610.53,631.5733,21.043274,21.043274
2026-11-16 05:00:00,654.39,648.27264,-6.1173706,6.1173706
2026-11-16 06:00:00,692.97003,682.05225,-10.917786,10.917786
2026-11-16 07:00:00,660.02,699.33203,39.31201,39.31201
2026-11-16 08:00:00,685.61,683.4795,-2.1304932,2.1304932
2026-11-16 09:00:00,605.82,640.14996,34.329956,34.329956
2026-11-16 10:00:00,640.82,586.55444,-54.265564,54.265564
2026-11-16 11:00:00,549.57,548.3157,-1.2543335,1.2543335
2026-11-16 12:00:00,537.18,523.7894,-13.390564,13.390564
2026-11-16 13:00:00,534.58,521.715,-12.86499,12.86499
2026-11-16 14:00:00,564.61,538.52576,-26.084229,26.084229
2026-11-16 15:00:00,581.23,573.3944,-7.8355713,7.8355713
2026-11-16 16:00:00,588.76,629.1931,40.433105,40.433105
2026-11-16 17:00:00,660.2,700.873,40.672974,40.672974
2026-11-16 18:00:00,718.43,767.12213,48.69214,48.69214
2026-11-16 19:00:00,706.35,786.30115,79.95117,79.95117
2026-11-16 20:00:00,716.11,779.3108,63.200806,63.200806
2026-11-16 21:00:00,661.44,750.1922,88.7522,88.7522
2026-11-16 22:00:00,669.53,708.61975,39.08972,39.08972
2026-11-16 23:00:00,616.18,670.80066,54.620667,54.620667
2026-11-17 00:00:00,631.28,642.0733,10.793274,10.793274
2026-11-17 01:00:00,601.68,631.0665,29.386536,29.386536
2026-11-17 02:00:00,594.9,624.50665,29.606628,29.606628
2026-11-17 03:00:00,597.58,625.4716,27.891602,27.891602
2026-11-17 04:00:00,660.84,635.56744,-25.272583,25.272583
2026-11-17 05:00:00,652.64,658.26666,5.626648,5.626648
2026-11-17 06:00:00,665.89,682.35,16.45996,16.45996
2026-11-17 07:00:00,717.88,695.6383,-22.2417,22.2417
2026-11-17 08:00:00,725.35,679.0841,-46.26587,46.26587
2026-11-17 09:00:00,636.25,639.36237,3.1123657,3.1123657
2026-11-17 10:00:00,600.22003,588.5052,-11.714844,11.714844
2026-11-17 11:00:00,537.72003,546.449,8.728943,8.728943
2026-11-17 12:00:00,561.81,524.52686,-37.283142,37.283142
2026-11-17 13:00:00,512.42004,526.40674,13.986694,13.986694
2026-11-17 14:00:00,560.86,542.74036,-18.119629,18.119629
2026-11-17 15:00:00,581.23,582.1463,0.9163208,0.9163208
2026-11-17 16:00:00,628.33,639.8846,11.554565,11.554565
2026-11-17 17:00:00,649.09,710.6262,61.536194,61.536194
2026-11-17 18:00:00,752.07,770.531,18.460999,18.460999
2026-11-17 19:00:00,781.71,787.66,5.949951,5.949951
2026-11-17 20:00:00,736.81,776.1965,39.386475,39.386475
2026-11-17 21:00:00,711.87,747.696,35.82599,35.82599
2026-11-17 22:00:00,621.51,707.97424,86.46423,86.46423
2026-11-17 23:00:00,617.5,667.693,50.192993,50.192993
2026-11-18 00:00:00,645.06,633.37244,-11.687561,11.687561
2026-11-18 01:00:00,640.89,625.9251,-14.964905,14.964905
2026-11-18 02:00:00,623.48,623.6434,0.16339111,0.16339111
2026-11-18 03:00:00,607.57,628.265,20.695007,20.695007
2026-11-18 04:00:00,623.04004,641.71924,18.6792,18.6792
2026-11-18 05:00:00,650.16003,662.51953,12.359497,12.359497
2026-11-18 06:00:00,685.76,687.3302,1.5701904,1.5701904
2026-11-18 07:00:00,685.44,703.47986,18.039856,18.039856
2026-11-18 08:00:00,640.89,687.6145,46.724487,46.724487
2026-11-18 09:00:00,647.10004,641.9074,-5.192627,5.192627
2026-11-18 10:00:00,575.9,588.46796,12.567932,12.567932
2026-11-18 11:00:00,583.17,546.9667,-36.20331,36.20331
2026-11-18 12:00:00,553.52,524.59827,-28.921753,28.921753
2026-11-18 13:00:00,546.86,523.7103,-23.149658,23.149658
2026-11-18 14:00:00,544.89,540.0936,-4.7963867,4.7963867
2026-11-18 15:00:00,582.57,575.52606,-7.0439453,7.0439453
2026-11-18 16:00:00,578.67004,634.6007,55.930664,55.930664
2026-11-18 17:00:00,648.62,706.0199,57.399902,57.399902
2026-11-18 18:00:00,706.54004,768.2726,61.732544,61.732544
2026-11-18 19:00:00,724.23,787.60956,63.379578,63.379578
2026-11-18 20:00:00,724.78,776.86414,52.084106,52.084106
2026-11-18 21:00:00,673.15,748.0146,74.86456,74.86456
2026-11-18 22:00:00,626.23,707.81256,81.58258,81.58258
2026-11-18 23:00:00,590.45,663.7166,73.2666,73.2666
2026-11-19 00:00:00,581.61,629.37714,47.76715,47.76715
2026-11-19 01:00:00,627.52,621.9597,-5.5603027,5.5603027
2026-11-19 02:00:00,607.60004,619.2373,11.637268,11.637268
2026-11-19 03:00:00,631.4,626.1607,-5.239319,5.239319
2026-11-19 04:00:00,618.44,640.1727,21.732727,21.732727
2026-11-19 05:00:00,636.88,661.316,24.435974,24.435974
2026-11-19 06:00:00,674.17,688.31445,14.14447,14.14447
2026-11-19 07:00:00,695.83,700.5407,4.7106934,4.7106934
2026-11-19 08:00:00,694.02,684.55316,-9.466858,9.466858
2026-11-19 09:00:00,644.88,641.23126,-3.6487427,3.6487427
2026-11-19 10:00:00,579.88,587.8915,8.011475,8.011475
2026-11-19 11:00:00,524.57,543.4946,18.924622,18.924622
2026-11-19 12:00:00,543.13,518.4362,-24.693787,24.693787
2026-11-19 13:00:00,518.7,517.69073,-1.0092773,1.0092773
2026-11-19 14:00:00,564.7,538.55786,-26.14215,26.14215
2026-11-19 15:00:00,557.48,577.86957,20.389587,20.389587
2026-11-19 16:00:00,560.39,634.6415,74.251465,74.251465
2026-11-19 17:00:00,651.64,704.2161,52.57611,52.57611
2026-11-19 18:00:00,735.22003,769.56616,34.34613,34.34613
2026-11-19 19:00:00,724.75,791.05695,66.306946,66.306946
2026-11-19 20:00:00,719.79004,781.20135,61.411316,61.411316
2026-11-19 21:00:00,692.79,752.01825,59.22827,59.22827
2026-11-19 22:00:00,629.43,709.4783,80.04828,80.04828
2026-11-19 23:00:00,592.85004,659.9561,67.10608,67.10608
2026-11-20 00:00:00,609.03,620.82623,11.796204,11.796204
2026-11-20 01:00:00,602.14,614.1227,11.982666,11.982666
2026-11-20 02:00:00,624.25,613.7143,-10.535706,10.535706
2026-11-20 03:00:00,613.32,623.79407,10.47406,10.47406
2026-11-20 04:00:00,561.82,639.12354,77.30353,77.30353
2026-11-20 05:00:00,659.09,655.3185,-3.7715454,3.7715454
2026-11-20 06:00:00,689.91003,681.89703,-8.0130005,8.0130005
2026-11-20 07:00:00,683.47003,698.24225,14.772217,14.772217
2026-11-20 08:00:00,654.49,685.1935,30.703491,30.703491
2026-11-20 09:00:00,626.53,640.9081,14.378052,14.378052
2026-11-20 10:00:00,584.75,590.5966,5.8466187,5.8466187
2026-11-20 11:00:00,575.34,547.38855,-27.951477,27.951477
2026-11-20 12:00:00,556.65,521.9358,-34.714233,34.714233
2026-11-20 13:00:00,543.65,522.3245,-21.3255,21.3255
2026-11-20 14:00:00,502.30002,541.588,39.287994,39.287994
2026-11-20 15:00:00,531.62,574.1212,42.50122,42.50122
2026-11-20 16:00:00,653.75,630.8554,-22.894592,22.894592
2026-11-20 17:00:00,674.55,706.48047,31.930481,31.930481
2026-11-20 18:00:00,94.58008,773.00037,678.4203,678.4203
2026-11-20 19:00:00,772.03,768.63275,-3.3972778,3.3972778
2026-11-20 20:00:00,751.79004,765.1712,13.381165,13.381165
2026-11-20 21:00:00,693.54004,741.71,48.169983,48.169983
2026-11-20 22:00:00,639.39,698.8248,59.434814,59.434814
2026-11-20 23:00:00,634.67,629.6347,-5.0352783,5.0352783
2026-11-21 00:00:00,485.94,559.7938,73.85382,73.85382
2026-11-21 01:00:00,504.2,523.4254,19.225403,19.225403
2026-11-21 02:00:00,504.34003,517.72437,13.384338,13.384338
2026-11-21 03:00:00,541.93,526.6638,-15.266174,15.266174
2026-11-21 04:00:00,515.15,541.4344,26.284363,26.284363
2026-11-21 05:00:00,532.36,558.1842,25.824219,25.824219
2026-11-21 06:00:00,562.34,576.4011,14.061096,14.061096
2026-11-21 07:00:00,580.65,591.2994,10.649353,10.649353
2026-11-21 08:00:00,533.09,576.26697,43.17694,43.17694
2026-11-21 09:00:00,553.73,536.1004,-17.629578,17.629578
2026-11-21 10:00:00,499.86002,492.333,-7.527008,7.527008
2026-11-21 11:00:00,424.74,459.99152,35.251526,35.251526
2026-11-21 12:00:00,382.21002,441.08987,58.879852,58.879852
2026-11-21 13:00:00,390.06,433.09143,43.031433,43.031433
2026-11-21 14:00:00,459.48,448.61288,-10.867126,10.867126
2026-11-21 15:00:00,468.91003,482.51636,13.606323,13.606323
2026-11-21 16:00:00,514.67,533.13074,18.460754,18.460754
2026-11-21 17:00:00,570.38,594.49786,24.117859,24.117859
2026-11-21 18:00:00,624.49,657.05426,32.56427,32.56427
2026-11-21 19:00:00,591.68,690.42883,98.74884,98.74884
2026-11-21 20:00:00,582.03,676.59357,94.56354,94.56354
2026-11-21 21:00:00,580.95,631.2707,50.32068,50.32068
2026-11-21 22:00:00,512.8,581.8404,69.040405,69.040405
2026-11-21 23:00:00,492.81,553.84546,61.03546,61.03546
2026-11-22 00:00:00,527.80005,556.1095,28.309448,28.309448
2026-11-22 01:00:00,516.09,557.3764,41.286377,41.286377
2026-11-22 02:00:00,441.86002,546.3522,104.49216,104.49216
2026-11-22 03:00:00,481.7,534.9819,53.28186,53.28186
2026-11-22 04:00:00,504.02002,534.12213,30.102112,30.102112
2026-11-22 05:00:00,498.96002,544.4147,45.45465,45.45465
2026-11-22 06:00:00,571.19,564.02905,-7.1609497,7.1609497
2026-11-22 07:00:00,522.61,582.78174,60.171753,60.171753
2026-11-22 08:00:00,556.32,562.55347,6.2334595,6.2334595
2026-11-22 09:00:00,535.61,523.0561,-12.553894,12.553894
2026-11-22 10:00:00,494.44,484.3428,-10.0971985,10.0971985
2026-11-22 11:00:00,441.88,455.20538,13.325378,13.325378
2026-11-22 12:00:00,385.23,441.4669,56.236877,56.236877
2026-11-22 13:00:00,435.56,436.99548,1.4354858,1.4354858
2026-11-22 14:00:00,419.43002,453.33527,33.905243,33.905243
2026-11-22 15:00:00,449.44,488.09894,38.658936,38.658936
2026-11-22 16:00:00,468.42,534.52014,66.10013,66.10013
2026-11-22 17:00:00,560.68,590.1036,29.423584,29.423584
2026-11-22 18:00:00,616.04004,648.1811,32.141052,32.141052
2026-11-22 19:00:00,625.35004,676.66034,51.310303,51.310303
2026-11-22 20:00:00,559.79004,663.62634,103.8363,103.8363
2026-11-22 21:00:00,595.91003,616.5261,20.616089,20.616089
2026-11-22 22:00:00,549.52,580.5106,30.9906,30.9906
2026-11-22 23:00:00,530.83,579.2256,48.39557,48.39557
2026-11-23 00:00:00,599.56,599.6064,0.04638672,0.04638672
2026-11-23 01:00:00,606.06,636.09357,30.03357,30.03357
2026-11-23 02:00:00,603.64,630.4191,26.779114,26.779114
2026-11-23 03:00:00,614.99,625.6018,10.611816,10.611816
2026-11-23 04:00:00,591.66003,630.4632,38.80316,38.80316
2026-11-23 05:00:00,630.57,654.3326,23.762573,23.762573
2026-11-23 06:00:00,676.81,677.1184,0.30841064,0.30841064
2026-11-23 07:00:00,670.1,695.3626,25.262634,25.262634
2026-11-23 08:00:00,686.11,685.0163,-1.093689,1.093689
2026-11-23 09:00:00,685.87,648.0434,-37.8266,37.8266
2026-11-23 10:00:00,595.02,596.2012,1.1811523,1.1811523
2026-11-23 11:00:00,556.42004,553.5881,-2.8319702,2.8319702
2026-11-23 12:00:00,597.35004,526.0622,-71.28784,71.28784
2026-11-23 13:00:00,556.14,523.7872,-32.352844,32.352844
2026-11-23 14:00:00,589.83,542.1558,-47.674194,47.674194
2026-11-23 15:00:00,578.38,582.92487,4.544861,4.544861
2026-11-23 16:00:00,596.78,641.2899,44.509888,44.509888
2026-11-23 17:00:00,692.1,708.16675,16.066772,16.066772
2026-11-23 18:00:00,703.48,768.56335,65.083374,65.083374
2026-11-23 19:00:00,784.25,785.835,1.585022,1.585022
2026-11-23 20:00:00,735.18,773.88074,38.700745,38.700745
2026-11-23 21:00:00,647.44,743.5285,96.0885,96.0885
2026-11-23 22:00:00,653.64,705.71014,52.07013,52.07013
2026-11-23 23:00:00,640.05,666.74023,26.690247,26.690247
2026-11-24 00:00:00,590.12,638.04126,47.921265,47.921265
2026-11-24 01:00:00,620.8,626.58417,5.7841797,5.7841797
2026-11-24 02:00:00,596.38,622.37854,25.998535,25.998535
2026-11-24 03:00:00,637.72003,626.49756,-11.222473,11.222473
2026-11-24 04:00:00,601.08,639.69775,38.617737,38.617737
2026-11-24 05:00:00,664.28,659.35754,-4.9224854,4.9224854
2026-11-24 06:00:00,667.03,686.10596,19.075928,19.075928
2026-11-24 07:00:00,656.86,702.3814,45.521423,45.521423
2026-11-24 08:00:00,641.39,680.63556,39.245544,39.245544
2026-11-24 09:00:00,625.09,636.35004,11.26001,11.26001
2026-11-24 10:00:00,563.95,584.7997,20.84967,20.84967
2026-11-24 11:00:00,558.75,543.7324,-15.017578,15.017578
2026-11-24 12:00:00,502.28003,520.9891,18.709045,18.709045
2026-11-24 13:00:00,508.55002,518.85156,10.301544,10.301544
2026-11-24 14:00:00,546.36,538.7037,-7.656311,7.656311
2026-11-24 15:00:00,588.58,578.0913,-10.4887085,10.4887085
2026-11-24 16:00:00,587.22003,638.4537,51.233643,51.233643
2026-11-24 17:00:00,661.17,709.49365,48.32367,48.32367
2026-11-24 18:00:00,706.41003,768.61237,62.20233,62.20233
2026-11-24 19:00:00,742.9,783.65515,40.755127,40.755127
2026-11-24 20:00:00,702.17,770.7141,68.54413,68.54413
2026-11-24 21:00:00,661.17,739.6964,78.52643,78.52643
2026-11-24 22:00:00,651.48,701.56683,50.086853,50.086853
2026-11-24 23:00:00,611.02,662.2938,51.273804,51.273804
2026-11-25 00:00:00,593.25,630.2466,36.996582,36.996582
2026-11-25 01:00:00,644.36,619.29016,-25.069824,25.069824
2026-11-25 02:00:00,583.41003,616.9431,33.53308,33.53308
2026-11-25 03:00:00,615.88,623.759,7.8789673,7.8789673
2026-11-25 04:00:00,624.63,636.1388,11.508789,11.508789
2026-11-25 05:00:00,630.7,657.2611,26.561096,26.561096
2026-11-25 06:00:00,684.56,678.739,-5.820984,5.820984
2026-11-25 07:00:00,653.91003,694.7084,40.79834,40.79834
2026-11-25 08:00:00,653.63,678.44415,24.814148,24.814148
2026-11-25 09:00:00,630.24,634.24384,4.003845,4.003845
2026-11-25 10:00:00,626.14,584.1583,-41.98169,41.98169
2026-11-25 11:00:00,558.97003,545.26825,-13.701782,13.701782
2026-11-25 12:00:00,513.93,520.7228,6.7927856,6.7927856
2026-11-25 13:00:00,549.22003,518.7554,-30.46466,30.46466
2026-11-25 14:00:00,534.57,538.18823,3.618225,3.618225
2026-11-25 15:00:00,551.24,576.8175,25.577515,25.577515
2026-11-25 16:00:00,633.42,634.1693,0.7493286,0.7493286
2026-11-25 17:00:00,692.1,715.476,23.376038,23.376038
2026-11-25 18:00:00,698.14,780.3431,82.203064,82.203064
2026-11-25 19:00:00,743.11,797.7517,54.641724,54.641724
2026-11-25 20:00:00,684.62,784.4145,99.794495,99.794495
2026-11-25 21:00:00,698.19,752.0282,53.838196,53.838196
2026-11-25 22:00:00,662.9,709.22473,46.324707,46.324707
2026-11-25 23:00:00,624.02,667.5739,43.553894,43.553894
2026-11-26 00:00:00,599.60004,637.1072,37.50714,37.50714
2026-11-26 01:00:00,613.0,627.6386,14.638611,14.638611
2026-11-26 02:00:00,601.31,621.358,20.047974,20.047974
2026-11-26 03:00:00,639.29004,622.8679,-16.42212,16.42212
2026-11-26 04:00:00,654.26,635.4345,-18.8255,18.8255
2026-11-26 05:00:00,645.28,658.4306,13.150574,13.150574
2026-11-26 06:00:00,682.51,681.7206,-0.7894287,0.7894287
2026-11-26 07:00:00,662.14,697.23627,35.096252,35.096252
2026-11-26 08:00:00,674.41003,681.1766,6.7665405,6.7665405
2026-11-26 09:00:00,656.26,640.0973,-16.16272,16.16272
2026-11-26 10:00:00,571.61,591.5257,19.91571,19.91571
2026-11-26 11:00:00,598.39,548.23505,-50.15497,50.15497
2026-11-26 12:00:00,601.98,523.1345,-78.84546,78.84546
2026-11-26 13:00:00,537.47003,522.9493,-14.520752,14.520752
2026-11-26 14:00:00,582.60004,538.05695,-44.54309,44.54309
2026-11-26 15:00:00,552.0,574.45734,22.457336,22.457336
2026-11-26 16:00:00,545.53,630.42755,84.89752,84.89752
2026-11-26 17:00:00,654.65,696.59296,41.942932,41.942932
2026-11-26 18:00:00,694.03,758.5161,64.486084,64.486084
2026-11-26 19:00:00,739.25,781.6719,42.421875,42.421875
2026-11-26 20:00:00,691.65,772.94476,81.29474,81.29474
2026-11-26 21:00:00,699.72003,740.257,40.536987,40.536987
2026-11-26 22:00:00,673.37,698.7926,25.422607,25.422607
2026-11-26 23:00:00,579.0,650.19965,71.199646,71.199646
2026-11-27 00:00:00,580.48,612.918,32.43805,32.43805
2026-11-27 01:00:00,577.8,611.0974,33.297424,33.297424
2026-11-27 02:00:00,552.62,612.1831,59.56311,59.56311
2026-11-27 03:00:00,630.59,614.71844,-15.871582,15.871582
2026-11-27 04:00:00,597.33,629.5367,32.206665,32.206665
2026-11-27 05:00:00,646.47003,652.17914,5.7091064,5.7091064
2026-11-27 06:00:00,651.26,680.54004,29.28003,29.28003
2026-11-27 07:00:00,651.74,698.9475,47.20752,47.20752
2026-11-27 08:00:00,664.74,684.3581,19.618103,19.618103
2026-11-27 09:00:00,624.4,643.67706,19.277039,19.277039
2026-11-27 10:00:00,591.8,588.29,-3.5100098,3.5100098
2026-11-27 11:00:00,552.96,544.02,-8.940002,8.940002
2026-11-27 12:00:00,566.02,518.49805,-47.521973,47.521973
2026-11-27 13:00:00,544.29004,518.61365,-25.676392,25.676392
2026-11-27 14:00:00,551.07,539.5436,-11.526428,11.526428
2026-11-27 15:00:00,552.24,582.37604,30.136047,30.136047
2026-11-27 16:00:00,608.03,643.50903,35.479004,35.479004
2026-11-27 17:00:00,675.14,713.5643,38.424255,38.424255
2026-11-27 18:00:00,708.92,774.156,65.23602,65.23602
2026-11-27 19:00:00,755.1,793.84814,38.74817,38.74817
2026-11-27 20:00:00,720.06,782.27563,62.215637,62.215637
2026-11-27 21:00:00,683.42,750.3187,66.89874,66.89874
2026-11-27 22:00:00,626.13,691.8196,65.689575,65.689575
2026-11-27 23:00:00,601.33,607.01044,5.68042,5.68042
2026-11-28 00:00:00,473.65002,530.0319,56.381897,56.381897
2026-11-28 01:00:00,495.43,505.09018,9.660187,9.660187
2026-11-28 02:00:00,507.2,509.10428,1.9042664,1.9042664
2026-11-28 03:00:00,491.72003,520.7802,29.06018,29.06018
2026-11-28 04:00:00,492.22003,534.3124,42.092346,42.092346
2026-11-28 05:00:00,525.04004,554.00397,28.963928,28.963928
2026-11-28 06:00:00,583.73,581.7983,-1.9317017,1.9317017
2026-11-28 07:00:00,539.75,601.39276,61.64276,61.64276
2026-11-28 08:00:00,564.22003,584.9899,20.769897,20.769897
2026-11-28 09:00:00,523.35,541.8538,18.503845,18.503845
2026-11-28 10:00:00,452.31003,495.0536,42.74356,42.74356
2026-11-28 11:00:00,457.53003,460.85608,3.3260498,3.3260498
2026-11-28 12:00:00,458.48004,442.83917,-15.640869,15.640869
2026-11-28 13:00:00,422.52002,436.9602,14.440186,14.440186
2026-11-28 14:00:00,446.34003,452.06934,5.729309,5.729309
2026-11-28 15:00:00,469.30002,487.13495,17.83493,17.83493
2026-11-28 16:00:00,515.54004,539.5298,23.989746,23.989746
2026-11-28 17:00:00,522.06,602.8038,80.743774,80.743774
2026-11-28 18:00:00,617.35004,657.51324,40.163208,40.163208
2026-11-28 19:00:00,630.43,682.51086,52.08087,52.08087
2026-11-28 20:00:00,596.18,666.353,70.173035,70.173035
2026-11-28 21:00:00,546.56,623.31335,76.75336,76.75336
2026-11-28 22:00:00,584.09,572.28595,-11.804077,11.804077
2026-11-28 23:00:00,536.91003,545.77594,8.865906,8.865906
2026-11-29 00:00:00,513.18,551.8886,38.70862,38.70862
2026-11-29 01:00:00,523.13,551.16724,28.037231,28.037231
2026-11-29 02:00:00,531.13,547.1631,16.033081,16.033081
2026-11-29 03:00:00,495.48,536.3878,40.907806,40.907806
2026-11-29 04:00:00,540.64,536.6488,-3.991211,3.991211
2026-11-29 05:00:00,512.79004,546.0115,33.221436,33.221436
2026-11-29 06:00:00,539.47003,561.3026,21.83258,21.83258
2026-11-29 07:00:00,565.49,583.2506,17.76062,17.76062
2026-11-29 08:00:00,523.29004,566.86346,43.573425,43.573425
2026-11-29 09:00:00,549.93,524.30316,-25.626831,25.626831
2026-11-29 10:00:00,473.63,481.25522,7.6252136,7.6252136
2026-11-29 11:00:00,444.14,453.1405,9.000488,9.000488
2026-11-29 12:00:00,437.24002,438.9054,1.6653748,1.6653748
2026-11-29 13:00:00,401.68,434.19147,32.511475,32.511475
2026-11-29 14:00:00,399.23,451.01105,51.781036,51.781036
2026-11-29 15:00:00,429.67,484.6522,54.982178,54.982178
2026-11-29 16:00:00,503.74,533.38116,29.641174,29.641174
2026-11-29 17:00:00,512.3,593.98804,81.68805,81.68805
2026-11-29 18:00:00,585.95,654.1089,68.158875,68.158875
2026-11-29 19:00:00,594.76,679.4563,84.69629,84.69629
2026-11-29 20:00:00,600.89,653.4635,52.573486,52.573486
2026-11-29 21:00:00,567.42004,611.473,44.05298,44.05298
2026-11-29 22:00:00,531.41003,575.8911,44.48108,44.48108
2026-11-29 23:00:00,502.45,575.0682,72.618164,72.618164
2026-11-30 00:00:00,624.63,595.78217,-28.84784,28.84784
2026-11-30 01:00:00,613.43,629.80536,16.375366,16.375366
2026-11-30 02:00:00,626.54004,625.66144,-0.8786011,0.8786011
2026-11-30 03:00:00,610.92,625.24384,14.323853,14.323853
2026-11-30 04:00:00,633.98,635.7161,1.736145,1.736145
2026-11-30 05:00:00,615.31,652.4424,37.132385,37.132385
2026-11-30 06:00:00,658.97003,679.24097,20.270935,20.270935
2026-11-30 07:00:00,709.19,695.5695,-13.620483,13.620483
2026-11-30 08:00:00,685.54,685.5448,0.0048217773,0.0048217773
2026-11-30 09:00:00,658.3,647.2082,-11.091797,11.091797
2026-11-30 10:00:00,598.81,596.8564,-1.9536133,1.9536133
2026-11-30 11:00:00,537.34,554.79474,17.454712,17.454712
2026-11-30 12:00:00,533.34,527.1725,-6.1675415,6.1675415
2026-11-30 13:00:00,499.32,523.0459,23.725891,23.725891
2026-11-30 14:00:00,555.31,536.6063,-18.703674,18.703674
2026-11-30 15:00:00,588.57,568.5256,-20.044434,20.044434
2026-11-30 16:00:00,607.63,623.0321,15.4021,15.4021
2026-11-30 17:00:00,627.82,692.2638,64.44379,64.44379
2026-11-30 18:00:00,660.92,757.2352,96.31525,96.31525
2026-11-30 19:00:00,751.68,774.9763,23.296326,23.296326
2026-11-30 20:00:00,722.37,765.5302,43.160217,43.160217
2026-11-30 21:00:00,670.16003,737.91504,67.755005,67.755005
2026-11-30 22:00:00,661.28,701.6983,40.418274,40.418274
2026-11-30 23:00:00,609.83,663.0108,53.180786,53.180786
2026-12-01 00:00:00,595.3,632.81067,37.51068,37.51068
2026-12-01 01:00:00,663.2,621.5675,-41.632507,41.632507
2026-12-01 02:00:00,599.3,621.41156,22.111572,22.111572
2026-12-01 03:00:00,550.23,624.90686,74.67688,74.67688
2026-12-01 04:00:00,610.49,635.3921,24.9021,24.9021
2026-12-01 05:00:00,603.36,652.1492,48.789185,48.789185
2026-12-01 06:00:00,639.04004,673.5173,34.477234,34.477234
2026-12-01 07:00:00,661.16003,691.3885,30.228455,30.228455
2026-12-01 08:00:00,642.83,675.07336,32.243347,32.243347
2026-12-01 09:00:00,670.02,633.51556,-36.504456,36.504456
2026-12-01 10:00:00,590.81,585.294,-5.515991,5.515991
2026-12-01 11:00:00,593.06,546.0665,-46.99347,46.99347
2026-12-01 12:00:00,505.09003,524.9737,19.883667,19.883667
2026-12-01 13:00:00,534.94,521.16406,-13.77594,13.77594
2026-12-01 14:00:00,551.12,541.46136,-9.65863,9.65863
2026-12-01 15:00:00,535.94,579.1184,43.178406,43.178406
2026-12-01 16:00:00,602.15,637.9901,35.840088,35.840088
2026-12-01 17:00:00,666.34,706.33307,39.993042,39.993042
2026-12-01 18:00:00,707.97,765.0072,57.03723,57.03723
2026-12-01 19:00:00,755.31,778.47534,23.165344,23.165344
2026-12-01 20:00:00,743.37,765.8859,22.51593,22.51593
2026-12-01 21:00:00,716.53,737.1907,20.660645,20.660645
2026-12-01 22:00:00,683.53,699.26074,15.730713,15.730713
2026-12-01 23:00:00,616.34,659.74756,43.40753,43.40753
2026-12-02 00:00:00,612.08,625.9217,13.841675,13.841675
2026-12-02 01:00:00,603.78,618.0606,14.280579,14.280579
2026-12-02 02:00:00,625.51,614.12665,-11.383362,11.383362
2026-12-02 03:00:00,649.37,619.63354,-29.73645,29.73645
2026-12-02 04:00:00,643.16003,633.92816,-9.231873,9.231873
2026-12-02 05:00:00,664.65,652.94794,-11.702087,11.702087
2026-12-02 06:00:00,645.92,683.2551,37.335144,37.335144
2026-12-02 07:00:00,683.42,696.05237,12.632385,12.632385
2026-12-02 08:00:00,693.38,684.4843,-8.895691,8.895691
2026-12-02 09:00:00,630.12,644.3922,14.272217,14.272217
2026-12-02 10:00:00,554.19,591.64746,37.45746,37.45746
2026-12-02 11:00:00,606.49,548.348,-58.141968,58.141968
2026-12-02 12:00:00,514.59,522.91364,8.323608,8.323608
2026-12-02 13:00:00,514.35004,520.3945,6.0444336,6.0444336
2026-12-02 14:00:00,508.62,536.595,27.974976,27.974976
2026-12-02 15:00:00,575.79004,570.39215,-5.397888,5.397888
2026-12-02 16:00:00,600.09,622.8933,22.803284,22.803284
2026-12-02 17:00:00,686.9,693.9527,7.0526733,7.0526733
2026-12-02 18:00:00,732.19,760.0893,27.899292,27.899292
2026-12-02 19:00:00,725.07,785.86444,60.794434,60.794434
2026-12-02 20:00:00,702.75,775.6262,72.87622,72.87622
2026-12-02 21:00:00,733.49,747.2426,13.7526245,13.7526245
2026-12-02 22:00:00,652.24,709.0497,56.809692,56.809692
2026-12-02 23:00:00,661.29,665.9084,4.618408,4.618408
2026-12-03 00:00:00,622.77,628.8169,6.046875,6.046875
2026-12-03 01:00:00,628.24,617.42365,-10.816345,10.816345
2026-12-03 02:00:00,589.95,615.3892,25.439209,25.439209
2026-12-03 03:00:00,612.2,618.29425,6.0942383,6.0942383
2026-12-03 04:00:00,644.68,629.92487,-14.755127,14.755127
2026-12-03 05:00:00,606.69,650.47943,43.78943,43.78943
2026-12-03 06:00:00,655.3,675.2918,19.991821,19.991821
2026-12-03 07:00:00,688.47003,692.1866,3.7165527,3.7165527
2026-12-03 08:00:00,649.65,680.9597,31.309692,31.309692
2026-12-03 09:00:00,588.56,639.14453,50.584534,50.584534
2026-12-03 10:00:00,626.04004,587.2282,-38.81183,38.81183
2026-12-03 11:00:00,552.94,547.0752,-5.864807,5.864807
2026-12-03 12:00:00,565.49,522.3639,-43.1261,43.1261
2026-12-03 13:00:00,553.06,521.85815,-31.201843,31.201843
2026-12-03 14:00:00,553.10004,544.6658,-8.434265,8.434265
2026-12-03 15:00:00,559.27,612.9055,53.635498,53.635498
2026-12-03 16:00:00,575.88,682.50146,106.62146,106.62146
2026-12-03 17:00:00,668.37,740.1189,71.7489,71.7489
2026-12-03 18:00:00,728.63,784.15924,55.529236,55.529236
2026-12-03 19:00:00,725.02,786.66705,61.647034,61.647034
2026-12-03 20:00:00,727.7,766.5078,38.8078,38.8078
2026-12-03 21:00:00,692.83,735.536,42.705994,42.705994
2026-12-03 22:00:00,644.53,693.5526,49.022583,49.022583
2026-12-03 23:00:00,624.92,647.34375,22.423767,22.423767
2026-12-04 00:00:00,597.08,612.702,15.622009,15.622009
2026-12-04 01:00:00,610.78,610.5379,-0.24212646,0.24212646
2026-12-04 02:00:00,616.46,612.3864,-4.0736084,4.0736084
2026-12-04 03:00:00,542.34,617.9047,75.5647,75.5647
2026-12-04 04:00:00,604.23,631.57153,27.341553,27.341553
2026-12-04 05:00:00,673.91003,649.1637,-24.746338,24.746338
2026-12-04 06:00:00,649.74,678.8914,29.151428,29.151428
2026-12-04 07:00:00,701.25,698.50757,-2.7424316,2.7424316
2026-12-04 08:00:00,659.07,688.3572,29.28717,29.28717
2026-12-04 09:00:00,664.49,645.5555,-18.93451,18.93451
2026-12-04 10:00:00,602.29004,590.4703,-11.819763,11.819763
2026-12-04 11:00:00,576.05,546.33466,-29.715332,29.715332
2026-12-04 12:00:00,557.58,521.60187,-35.97815,35.97815
2026-12-04 13:00:00,505.19,520.27045,15.080444,15.080444
2026-12-04 14:00:00,569.32,538.18945,-31.130554,31.130554
2026-12-04 15:00:00,563.48,572.785,9.304993,9.304993
2026-12-04 16:00:00,638.93,630.1141,-8.815918,8.815918
2026-12-04 17:00:00,652.84,705.0295,52.189453,52.189453
2026-12-04 18:00:00,730.56,771.6631,41.10309,41.10309
2026-12-04 19:00:00,723.22,795.36017,72.1402,72.1402
2026-12-04 20:00:00,709.28,786.8277,77.54767,77.54767
2026-12-04 21:00:00,694.66003,754.8976,60.23755,60.23755
2026-12-04 22:00:00,623.84,695.95306,72.11304,72.11304
2026-12-04 23:00:00,619.64,609.4229,-10.217102,10.217102
2026-12-05 00:00:00,531.18,533.33856,2.1585693,2.1585693
2026-12-05 01:00:00,501.59003,507.75732,6.1672974,6.1672974
2026-12-05 02:00:00,495.97003,506.78473,10.814697,10.814697
2026-12-05 03:00:00,540.74,517.725,-23.015015,23.015015
2026-12-05 04:00:00,504.42,534.722,30.301971,30.301971
2026-12-05 05:00:00,545.72003,555.938,10.217957,10.217957
2026-12-05 06:00:00,557.13,578.18665,21.05664,21.05664
2026-12-05 07:00:00,615.88,598.3538,-17.526184,17.526184
2026-12-05 08:00:00,582.92,586.72437,3.8043823,3.8043823
2026-12-05 09:00:00,542.75,548.4409,5.690918,5.690918
2026-12-05 10:00:00,443.87,501.66452,57.794525,57.794525
2026-12-05 11:00:00,433.47003,464.32306,30.853027,30.853027
2026-12-05 12:00:00,472.48,443.09293,-29.387085,29.387085
2026-12-05 13:00:00,461.10004,437.487,-23.613037,23.613037
2026-12-05 14:00:00,411.74,451.92007,40.180084,40.180084
2026-12-05 15:00:00,466.91003,481.73254,14.82251,14.82251
2026-12-05 16:00:00,483.29,530.38367,47.09366,47.09366
2026-12-05 17:00:00,565.57,593.4802,27.910217,27.910217
2026-12-05 18:00:00,573.89,656.0466,82.156555,82.156555
2026-12-05 19:00:00,612.01,681.66797,69.65796,69.65796
2026-12-05 20:00:00,626.5,668.0807,41.58069,41.58069
2026-12-05 21:00:00,564.71,628.04926,63.339233,63.339233
2026-12-05 22:00:00,541.41003,578.0808,36.670776,36.670776
2026-12-05 23:00:00,538.87,546.1245,7.2545166,7.2545166
2026-12-06 00:00:00,520.53,548.6094,28.079346,28.079346
2026-12-06 01:00:00,487.25,543.5961,56.34613,56.34613
2026-12-06 02:00:00,478.72003,532.1953,53.47528,53.47528
2026-12-06 03:00:00,494.54,525.93024,31.390228,31.390228
2026-12-06 04:00:00,495.01,532.1667,37.156677,37.156677
2026-12-06 05:00:00,492.37003,542.6857,50.315704,50.315704
2026-12-06 06:00:00,574.42,559.192,-15.227966,15.227966
2026-12-06 07:00:00,528.26,576.88385,48.62384,48.62384
2026-12-06 08:00:00,561.29004,568.74414,7.4541016,7.4541016
2026-12-06 09:00:00,533.47003,531.41656,-2.0534668,2.0534668
2026-12-06 10:00:00,468.25,488.7725,20.522491,20.522491
2026-12-06 11:00:00,477.26,457.37552,-19.884491,19.884491
2026-12-06 12:00:00,457.30002,441.10266,-16.197357,16.197357
2026-12-06 13:00:00,417.37,435.0422,17.67221,17.67221
2026-12-06 14:00:00,431.88,449.49683,17.616821,17.616821
2026-12-06 15:00:00,471.34003,483.33908,11.999054,11.999054
2026-12-06 16:00:00,490.76,529.3196,38.55957,38.55957
2026-12-06 17:00:00,578.39,586.5187,8.128662,8.128662
2026-12-06 18:00:00,605.98,651.3042,45.32422,45.32422
2026-12-06 19:00:00,622.3,676.7884,54.488403,54.488403
2026-12-06 20:00:00,596.94,659.04865,62.108643,62.108643
2026-12-06 21:00:00,561.31,606.7832,45.473206,45.473206
2026-12-06 22:00:00,531.93,568.48883,36.558838,36.558838
2026-12-06 23:00:00,500.39,576.8094,76.41937,76.41937
2026-12-07 00:00:00,651.69,600.9778,-50.71222,50.71222
2026-12-07 01:00:00,604.85004,637.60986,32.759827,32.759827
2026-12-07 02:00:00,594.4,631.4394,37.039368,37.039368
2026-12-07 03:00:00,622.06,623.33905,1.2790527,1.2790527
2026-12-07 04:00:00,652.71,628.9702,-23.739807,23.739807
2026-12-07 05:00:00,607.39,648.30255,40.912537,40.912537
2026-12-07 06:00:00,664.49,681.46234,16.972351,16.972351
2026-12-07 07:00:00,672.89,695.9999,23.109863,23.109863
2026-12-07 08:00:00,637.46,681.18695,43.72693,43.72693
2026-12-07 09:00:00,601.37,643.88165,42.511658,42.511658
2026-12-07 10:00:00,566.84,594.6896,27.849548,27.849548
2026-12-07 11:00:00,559.68,552.99805,-6.681946,6.681946
2026-12-07 12:00:00,505.07,529.1385,24.068481,24.068481
2026-12-07 13:00:00,523.46,522.7269,-0.73309326,0.73309326
2026-12-07 14:00:00,542.48,536.4481,-6.0318604,6.0318604
2026-12-07 15:00:00,545.33,569.6117,24.281677,24.281677
2026-12-07 16:00:00,631.23,621.2252,-10.004761,10.004761
2026-12-07 17:00:00,668.39,692.8352,24.44519,24.44519
2026-12-07 18:00:00,704.73,762.12067,57.390686,57.390686
2026-12-07 19:00:00,724.92,783.80615,58.88617,58.88617
2026-12-07 20:00:00,727.75,772.91956,45.169556,45.169556
2026-12-07 21:00:00,658.9,742.613,83.71295,83.71295
2026-12-07 22:00:00,618.29004,704.83527,86.54523,86.54523
2026-12-07 23:00:00,583.65,664.49884,80.848816,80.848816
2026-12-08 00:00:00,509.96002,632.74384,122.78381,122.78381
2026-12-08 01:00:00,486.2,574.68713,88.48712,88.48712
2026-12-08 02:00:00,450.69,533.55334,82.86334,82.86334
2026-12-08 03:00:00,547.3,516.68506,-30.61493,30.61493
2026-12-08 04:00:00,571.97003,527.5877,-44.382324,44.382324
2026-12-08 05:00:00,530.64,552.2398,21.599792,21.599792
2026-12-08 06:00:00,611.55,577.9257,-33.624268,33.624268
2026-12-08 07:00:00,579.26,600.3311,21.071106,21.071106
2026-12-08 08:00:00,592.72003,584.5179,-8.202148,8.202148
2026-12-08 09:00:00,557.65,540.1393,-17.510742,17.510742
2026-12-08 10:00:00,490.27002,492.02435,1.7543335,1.7543335
2026-12-08 11:00:00,438.63,453.8896,15.2595825,15.2595825
2026-12-08 12:00:00,424.79004,433.8842,9.094147,9.094147
2026-12-08 13:00:00,393.14,428.4553,35.315277,35.315277
2026-12-08 14:00:00,405.49002,448.21967,42.729645,42.729645
2026-12-08 15:00:00,439.93,491.03082,51.10083,51.10083
2026-12-08 16:00:00,539.74,551.6881,11.94812,11.94812
2026-12-08 17:00:00,581.07,626.23114,45.161133,45.161133
2026-12-08 18:00:00,579.39,685.713,106.323,106.323
2026-12-08 19:00:00,641.96,696.8223,54.862305,54.862305
2026-12-08 20:00:00,630.56,676.5684,46.008423,46.008423
2026-12-08 21:00:00,560.26,638.0219,77.7619,77.7619
2026-12-08 22:00:00,525.03,601.7568,76.726746,76.726746
2026-12-08 23:00:00,531.22003,577.0373,45.81726,45.81726
2026-12-09 00:00:00,602.09,575.7999,-26.2901,26.2901
2026-12-09 01:00:00,586.61,608.9773,22.36731,22.36731
2026-12-09 02:00:00,609.01,616.65643,7.6464233,7.6464233
2026-12-09 03:00:00,609.15,626.5322,17.382202,17.382202
2026-12-09 04:00:00,616.09,639.3613,23.271301,23.271301
2026-12-09 05:00:00,588.06,657.5135,69.45349,69.45349
2026-12-09 06:00:00,685.79,683.638,-2.1519775,2.1519775
2026-12-09 07:00:00,683.15,700.476,17.325989,17.325989
2026-12-09 08:00:00,710.9,688.95856,-21.941467,21.941467
2026-12-09 09:00:00,653.63,652.00116,-1.6288452,1.6288452
2026-12-09 10:00:00,614.45,596.5256,-17.924438,17.924438
2026-12-09 11:00:00,569.58,551.3017,-18.27832,18.27832
2026-12-09 12:00:00,503.52002,524.36774,20.847717,20.847717
2026-12-09 13:00:00,555.23,521.1559,-34.074097,34.074097
2026-12-09 14:00:00,543.73,540.32355,-3.406433,3.406433
2026-12-09 15:00:00,559.62,576.11475,16.494751,16.494751
2026-12-09 16:00:00,589.21,636.8168,47.60675,47.60675
2026-12-09 17:00:00,657.77,706.96234,49.19232,49.19232
2026-12-09 18:00:00,657.24,766.86694,109.62695,109.62695
2026-12-09 19:00:00,748.22003,781.12415,32.904114,32.904114
2026-12-09 20:00:00,720.49,772.1451,51.65509,51.65509
2026-12-09 21:00:00,701.9,743.4664,41.566345,41.566345
2026-12-09 22:00:00,630.3,704.40515,74.10516,74.10516
2026-12-09 23:00:00,620.26,659.82513,39.565125,39.565125
2026-12-10 00:00:00,615.23,623.92706,8.6970825,8.6970825
2026-12-10 01:00:00,618.60004,615.54803,-3.052002,3.052002
2026-12-10 02:00:00,613.82,613.47034,-0.3496704,0.3496704
2026-12-10 03:00:00,600.55,618.19446,17.64447,17.64447
2026-12-10 04:00:00,618.18,630.2631,12.08313,12.08313
2026-12-10 05:00:00,627.10004,651.7158,24.615784,24.615784
2026-12-10 06:00:00,635.35004,679.7353,44.385254,44.385254
2026-12-10 07:00:00,672.71,698.7034,25.993408,25.993408
2026-12-10 08:00:00,671.22003,686.71173,15.491699,15.491699
2026-12-10 09:00:00,633.46,645.3365,11.876465,11.876465
2026-12-10 10:00:00,584.3,592.61584,8.315857,8.315857
2026-12-10 11:00:00,575.26,548.1942,-27.065796,27.065796
2026-12-10 12:00:00,548.38,522.9519,-25.4281,25.4281
2026-12-10 13:00:00,515.92004,521.76184,5.841797,5.841797
2026-12-10 14:00:00,585.75,538.414,-47.336,47.336
2026-12-10 15:00:00,559.5,578.20715,18.707153,18.707153
2026-12-10 16:00:00,587.78,636.75385,48.973816,48.973816
2026-12-10 17:00:00,633.47003,708.76025,75.29022,75.29022
2026-12-10 18:00:00,726.53,767.72064,41.190613,41.190613
2026-12-10 19:00:00,736.2,786.3178,50.117798,50.117798
2026-12-10 20:00:00,721.53,774.74725,53.217224,53.217224
2026-12-10 21:00:00,719.03,744.63293,25.602905,25.602905
2026-12-10 22:00:00,630.9,703.8189,72.918884,72.918884
2026-12-10 23:00:00,629.46,656.7384,27.278381,27.278381
2026-12-11 00:00:00,625.63,617.7338,-7.896179,7.896179
2026-12-11 01:00:00,597.08,612.1194,15.039368,15.039368
2026-12-11 02:00:00,621.11,610.37744,-10.732544,10.732544
2026-12-11 03:00:00,633.48,616.6378,-16.842163,16.842163
2026-12-11 04:00:00,636.0,628.93866,-7.0613403,7.0613403
2026-12-11 05:00:00,667.87,650.1248,-17.745178,17.745178
2026-12-11 06:00:00,699.75,681.8675,-17.882507,17.882507
2026-12-11 07:00:00,691.99,705.23267,13.242676,13.242676
2026-12-11 08:00:00,648.60004,696.7512,48.151184,48.151184
2026-12-11 09:00:00,718.86,653.77356,-65.086426,65.086426
2026-12-11 10:00:00,567.44,599.97736,32.537354,32.537354
2026-12-11 11:00:00,539.29004,550.43536,11.145325,11.145325
2026-12-11 12:00:00,561.86,519.59326,-42.266724,42.266724
2026-12-11 13:00:00,541.65,519.88794,-21.762085,21.762085
2026-12-11 14:00:00,552.51,539.2664,-13.243591,13.243591
2026-12-11 15:00:00,583.31,576.82855,-6.4814453,6.4814453
2026-12-11 16:00:00,612.4,635.95026,23.550232,23.550232
2026-12-11 17:00:00,638.69,703.79395,65.10394,65.10394
2026-12-11 18:00:00,728.49,764.66516,36.17517,36.17517
2026-12-11 19:00:00,733.97,786.2516,52.281616,52.281616
2026-12-11 20:00:00,729.48,778.5779,49.0979,49.0979
2026-12-11 21:00:00,687.44,746.8071,59.367126,59.367126
2026-12-11 22:00:00,626.33,691.789,65.458984,65.458984
2026-12-11 23:00:00,645.25,608.15045,-37.09955,37.09955
2026-12-12 00:00:00,465.67,529.4822,63.812164,63.812164
2026-12-12 01:00:00,509.57,501.7249,-7.845093,7.845093
2026-12-12 02:00:00,557.12,504.41998,-52.700012,52.700012
2026-12-12 03:00:00,494.18002,516.1677,21.987701,21.987701
2026-12-12 04:00:00,491.47003,529.42444,37.954407,37.954407
2026-12-12 05:00:00,531.47003,550.18,18.70996,18.70996
2026-12-12 06:00:00,551.09,576.99896,25.908936,25.908936
2026-12-12 07:00:00,560.34,597.37885,37.03882,37.03882
2026-12-12 08:00:00,551.04004,585.41,34.369934,34.369934
2026-12-12 09:00:00,503.44,543.4828,40.042786,40.042786
2026-12-12 10:00:00,451.92,496.95023,45.030212,45.030212
2026-12-12 11:00:00,411.86002,464.52325,52.66324,52.66324
2026-12-12 12:00:00,443.60004,443.51227,-0.087768555,0.087768555
2026-12-12 13:00:00,444.42,436.38715,-8.032867,8.032867
2026-12-12 14:00:00,445.74002,451.13788,5.3978577,5.3978577
2026-12-12 15:00:00,467.57,483.21112,15.641113,15.641113
2026-12-12 16:00:00,490.18,531.2221,41.042114,41.042114
2026-12-12 17:00:00,565.55,588.39465,22.844666,22.844666
2026-12-12 18:00:00,550.97003,651.9757,101.00568,101.00568
2026-12-12 19:00:00,606.79004,681.42786,74.63782,74.63782
2026-12-12 20:00:00,565.5,673.7863,108.286316,108.286316
2026-12-12 21:00:00,574.56,637.7051,63.14508,63.14508
2026-12-12 22:00:00,536.89,588.4862,51.59619,51.59619
2026-12-12 23:00:00,562.27,549.25635,-13.013672,13.013672
2026-12-13 00:00:00,526.31,540.0246,13.7146,13.7146
2026-12-13 01:00:00,507.34,532.7218,25.381805,25.381805
2026-12-13 02:00:00,486.79,521.9753,35.185272,35.185272
2026-12-13 03:00:00,471.99,519.7059,47.71588,47.71588
2026-12-13 04:00:00,558.59,524.4572,-34.132812,34.132812
2026-12-13 05:00:00,522.94,539.8998,16.959778,16.959778
2026-12-13 06:00:00,561.47003,557.99414,-3.475891,3.475891
2026-12-13 07:00:00,539.41003,575.48364,36.07361,36.07361
2026-12-13 08:00:00,599.28,560.4089,-38.871155,38.871155
2026-12-13 09:00:00,517.2,524.2299,7.029907,7.029907
2026-12-13 10:00:00,463.33002,483.84503,20.515015,20.515015
2026-12-13 11:00:00,452.69,454.3418,1.6517944,1.6517944
2026-12-13 12:00:00,462.99002,438.58282,-24.407196,24.407196
2026-12-13 13:00:00,413.38,434.30664,20.926636,20.926636
2026-12-13 14:00:00,435.81,450.87866,15.068665,15.068665
2026-12-13 15:00:00,475.75,484.12335,8.373352,8.373352
2026-12-13 16:00:00,510.1,534.87506,24.775055,24.775055
2026-12-13 17:00:00,531.2,592.0962,60.89618,60.89618
2026-12-13 18:00:00,632.72003,647.6555,14.935486,14.935486
2026-12-13 19:00:00,618.92,674.82544,55.905457,55.905457
2026-12-13 20:00:00,578.45,660.0449,81.59491,81.59491
2026-12-13 21:00:00,608.0,614.63544,6.635437,6.635437
2026-12-13 22:00:00,552.04004,571.50134,19.461304,19.461304
2026-12-13 23:00:00,521.0,566.09204,45.09204,45.09204
2026-12-14 00:00:00,648.19,588.17993,-60.01007,60.01007
2026-12-14 01:00:00,642.51,635.1441,-7.365906,7.365906
2026-12-14 02:00:00,582.89,633.336,50.445984,50.445984
2026-12-14 03:00:00,612.49,626.57745,14.087463,14.087463
2026-12-14 04:00:00,585.05,628.30634,43.256348,43.256348
2026-12-14 05:00:00,637.69,642.13776,4.447754,4.447754
2026-12-14 06:00:00,675.05,667.9906,-7.059387,7.059387
2026-12-14 07:00:00,651.93,688.1854,36.255432,36.255432
2026-12-14 08:00:00,690.71,683.785,-6.925049,6.925049
2026-12-14 09:00:00,617.93,648.6149,30.684937,30.684937
2026-12-14 10:00:00,611.74,596.943,-14.796997,14.796997
2026-12-14 11:00:00,604.13,554.0457,-50.08429,50.08429
2026-12-14 12:00:00,556.73,528.8055,-27.9245,27.9245
2026-12-14 13:00:00,524.88,524.87445,-0.005554199,0.005554199
2026-12-14 14:00:00,569.33,538.9016,-30.428406,30.428406
2026-12-14 15:00:00,571.81,571.03265,-0.77734375,0.77734375
2026-12-14 16:00:00,575.41003,628.35785,52.947815,52.947815
2026-12-14 17:00:00,636.08,698.2661,62.186096,62.186096
2026-12-14 18:00:00,714.5,760.2179,45.717896,45.717896
2026-12-14 19:00:00,767.54,778.92535,11.385376,11.385376
2026-12-14 20:00:00,705.84,769.1593,63.319275,63.319275
2026-12-14 21:00:00,696.36,739.07526,42.71527,42.71527
2026-12-14 22:00:00,635.68,701.74097,66.060974,66.060974
2026-12-14 23:00:00,639.51,661.1238,21.61377,21.61377
2026-12-15 00:00:00,572.32,631.2217,58.901672,58.901672
2026-12-15 01:00:00,634.74,618.4313,-16.308716,16.308716
2026-12-15 02:00:00,637.5,615.08264,-22.417358,22.417358
2026-12-15 03:00:00,604.53,621.31506,16.785034,16.785034
2026-12-15 04:00:00,651.52,635.86945,-15.650574,15.650574
2026-12-15 05:00:00,571.68,656.0503,84.3703,84.3703
2026-12-15 06:00:00,648.60004,678.09705,29.49701,29.49701
2026-12-15 07:00:00,697.38,693.98816,-3.3918457,3.3918457
2026-12-15 08:00:00,663.33,677.3611,14.031067,14.031067
2026-12-15 09:00:00,581.44,633.3921,51.952087,51.952087
2026-12-15 10:00:00,581.66003,580.42755,-1.2324829,1.2324829
2026-12-15 11:00:00,528.01,541.2572,13.247192,13.247192
2026-12-15 12:00:00,569.2,517.32745,-51.87256,51.87256
2026-12-15 13:00:00,489.45,519.9431,30.493103,30.493103
2026-12-15 14:00:00,546.93,539.08984,-7.840149,7.840149
2026-12-15 15:00:00,500.66003,576.75653,76.0965,76.0965
2026-12-15 16:00:00,602.08,623.71106,21.631042,21.631042
2026-12-15 17:00:00,629.25,695.193,65.94299,65.94299
2026-12-15 18:00:00,705.6,759.62415,54.02417,54.02417
2026-12-15 19:00:00,699.95,783.05896,83.10895,83.10895
2026-12-15 20:00:00,700.39,766.85565,66.46564,66.46564
2026-12-15 21:00:00,686.54004,742.60516,56.065125,56.065125
2026-12-15 22:00:00,666.39,705.8711,39.48108,39.48108
2026-12-15 23:00:00,622.46,666.38715,43.927124,43.927124
2026-12-16 00:00:00,609.05,631.7109,22.660889,22.660889
2026-12-16 01:00:00,629.41003,618.4192,-10.990845,10.990845
2026-12-16 02:00:00,584.94,614.58057,29.640564,29.640564
2026-12-16 03:00:00,625.9,617.0447,-8.855347,8.855347
2026-12-16 04:00:00,612.68,627.78174,15.101746,15.101746
2026-12-16 05:00:00,683.82,647.6775,-36.142517,36.142517
2026-12-16 06:00:00,641.91003,674.2779,32.36786,32.36786
2026-12-16 07:00:00,639.05,692.52435,53.474365,53.474365
2026-12-16 08:00:00,660.33,677.34033,17.010315,17.010315
2026-12-16 09:00:00,618.81,637.3426,18.532593,18.532593
2026-12-16 10:00:00,614.11,586.6714,-27.438599,27.438599
2026-12-16 11:00:00,544.62,548.32996,3.709961,3.709961
2026-12-16 12:00:00,543.68,523.6787,-20.001282,20.001282
2026-12-16 13:00:00,563.45,521.57916,-41.87085,41.87085
2026-12-16 14:00:00,584.79004,542.44507,-42.34497,42.34497
2026-12-16 15:00:00,583.04004,580.1277,-2.9123535,2.9123535
2026-12-16 16:00:00,596.13,640.25446,44.12445,44.12445
2026-12-16 17:00:00,651.09,711.4756,60.38556,60.38556
2026-12-16 18:00:00,701.73,769.1572,67.427246,67.427246
2026-12-16 19:00:00,692.16003,784.36615,92.206116,92.206116
2026-12-16 20:00:00,748.35,771.8306,23.480652,23.480652
2026-12-16 21:00:00,700.21,748.0349,47.82489,47.82489
2026-12-16 22:00:00,643.01,718.40295,75.392944,75.392944
2026-12-16 23:00:00,600.43,679.57104,79.14105,79.14105
2026-12-17 00:00:00,577.1,645.3432,68.243225,68.243225
2026-12-17 01:00:00,615.98,630.6702,14.690247,14.690247
2026-12-17 02:00:00,640.36,624.32043,-16.03955,16.03955
2026-12-17 03:00:00,565.86,632.59686,66.73688,66.73688
2026-12-17 04:00:00,618.34,638.19244,19.852417,19.852417
2026-12-17 05:00:00,601.63,655.1385,53.508484,53.508484
2026-12-17 06:00:00,637.57,676.4839,38.91388,38.91388
2026-12-17 07:00:00,669.47003,692.39886,22.928833,22.928833
2026-12-17 08:00:00,705.61,677.7918,-27.818176,27.818176
2026-12-17 09:00:00,632.83,638.89136,6.0613403,6.0613403
2026-12-17 10:00:00,622.18,586.0067,-36.17328,36.17328
2026-12-17 11:00:00,540.86,544.01904,3.1590576,3.1590576
2026-12-17 12:00:00,547.03,517.9889,-29.041138,29.041138
2026-12-17 13:00:00,530.32,516.161,-14.158997,14.158997
2026-12-17 14:00:00,593.43,532.0158,-61.414185,61.414185
2026-12-17 15:00:00,575.15,567.3579,-7.7921143,7.7921143
2026-12-17 16:00:00,620.96,626.22784,5.2678223,5.2678223
2026-12-17 17:00:00,667.32,698.053,30.732971,30.732971
2026-12-17 18:00:00,699.05,763.61975,64.56976,64.56976
2026-12-17 19:00:00,694.49,785.02673,90.53674,90.53674
2026-12-17 20:00:00,707.22,773.5614,66.34143,66.34143
2026-12-17 21:00:00,696.74,743.3245,46.584534,46.584534
2026-12-17 22:00:00,642.25,702.927,60.677002,60.677002
2026-12-17 23:00:00,628.45,653.53815,25.088135,25.088135
2026-12-18 00:00:00,598.54004,611.77094,13.230896,13.230896
2026-12-18 01:00:00,602.03,604.0579,2.027893,2.027893
2026-12-18 02:00:00,584.88,605.2631,20.383118,20.383118
2026-12-18 03:00:00,628.16003,610.6363,-17.523743,17.523743
2026-12-18 04:00:00,631.64,627.0774,-4.562622,4.562622
2026-12-18 05:00:00,669.91003,653.4999,-16.410156,16.410156
2026-12-18 06:00:00,641.44,682.6642,41.224182,41.224182
2026-12-18 07:00:00,730.23,698.52893,-31.70105,31.70105
2026-12-18 08:00:00,661.52,686.9012,25.381165,25.381165
2026-12-18 09:00:00,586.95,646.1177,59.167664,59.167664
2026-12-18 10:00:00,612.72003,590.00037,-22.719666,22.719666
2026-12-18 11:00:00,579.62,544.6669,-34.953125,34.953125
2026-12-18 12:00:00,512.78,519.7641,6.98407,6.98407
2026-12-18 13:00:00,501.30002,519.2553,17.955292,17.955292
2026-12-18 14:00:00,484.43,537.799,53.36902,53.36902
2026-12-18 15:00:00,533.68,572.2054,38.52539,38.52539
2026-12-18 16:00:00,592.2,626.0233,33.823303,33.823303
2026-12-18 17:00:00,679.08,697.6127,18.532654,18.532654
2026-12-18 18:00:00,715.57,765.2971,49.72711,49.72711
2026-12-18 19:00:00,732.83,790.87933,58.049316,58.049316
2026-12-18 20:00:00,699.28,783.40826,84.128235,84.128235
2026-12-18 21:00:00,679.1,750.6643,71.56433,71.56433
2026-12-18 22:00:00,661.24,697.48724,36.247253,36.247253
2026-12-18 23:00:00,638.22003,616.8415,-21.37854,21.37854
2026-12-19 00:00:00,493.10004,537.7242,44.624146,44.624146
2026-12-19 01:00:00,518.60004,506.74768,-11.852356,11.852356
2026-12-19 02:00:00,467.10004,510.12424,43.0242,43.0242
2026-12-19 03:00:00,480.04,519.5307,39.490692,39.490692
2026-12-19 04:00:00,530.11,532.6704,2.5604248,2.5604248
2026-12-19 05:00:00,513.05,552.64026,39.59027,39.59027
2026-12-19 06:00:00,550.48,576.7538,26.273804,26.273804
2026-12-19 07:00:00,564.58,595.7417,31.161682,31.161682
2026-12-19 08:00:00,572.38,586.4583,14.078308,14.078308
2026-12-19 09:00:00,521.05005,548.67114,27.621094,27.621094
2026-12-19 10:00:00,523.79004,501.00305,-22.786987,22.786987
2026-12-19 11:00:00,438.16003,465.28534,27.125305,27.125305
2026-12-19 12:00:00,444.12,440.4777,-3.6423035,3.6423035
2026-12-19 13:00:00,375.12003,436.6322,61.512177,61.512177
2026-12-19 14:00:00,410.16,450.03003,39.870026,39.870026
2026-12-19 15:00:00,438.92,480.4,41.47998,41.47998
2026-12-19 16:00:00,492.38,523.69226,31.312256,31.312256
2026-12-19 17:00:00,506.63,582.37866,75.74866,75.74866
2026-12-19 18:00:00,600.74,646.2599,45.519897,45.519897
2026-12-19 19:00:00,577.57,678.3433,100.773315,100.773315
2026-12-19 20:00:00,577.62,670.0975,92.47748,92.47748
2026-12-19 21:00:00,535.7,632.69446,96.994446,96.994446
2026-12-19 22:00:00,535.96,585.5649,49.60486,49.60486
2026-12-19 23:00:00,493.66003,553.67065,60.01062,60.01062
2026-12-20 00:00:00,496.81,546.3499,49.539917,49.539917
2026-12-20 01:00:00,461.75,536.70483,74.954834,74.954834
2026-12-20 02:00:00,460.13,525.46814,65.338135,65.338135
2026-12-20 03:00:00,489.75,522.86945,33.119446,33.119446
2026-12-20 04:00:00,542.62,529.6176,-13.00238,13.00238
2026-12-20 05:00:00,496.92,546.5526,49.6326,49.6326
2026-12-20 06:00:00,553.08,562.9526,9.872559,9.872559
2026-12-20 07:00:00,564.31,576.8183,12.508301,12.508301
2026-12-20 08:00:00,576.94,559.6826,-17.257385,17.257385
2026-12-20 09:00:00,501.90002,523.8034,21.903381,21.903381
2026-12-20 10:00:00,486.03003,482.74725,-3.2827759,3.2827759
2026-12-20 11:00:00,470.80002,456.49225,-14.30777,14.30777
2026-12-20 12:00:00,447.99002,441.2425,-6.747528,6.747528
2026-12-20 13:00:00,416.57,434.69702,18.127014,18.127014
2026-12-20 14:00:00,443.95,449.54068,5.5906677,5.5906677
2026-12-20 15:00:00,448.49002,482.6399,34.14987,34.14987
2026-12-20 16:00:00,513.27,528.4388,15.168762,15.168762
2026-12-20 17:00:00,500.24002,587.5047,87.26468,87.26468
2026-12-20 18:00:00,627.55,641.94135,14.391357,14.391357
2026-12-20 19:00:00,592.68,669.48694,76.806946,76.806946
2026-12-20 20:00:00,598.57,654.41095,55.840942,55.840942
2026-12-20 21:00:00,592.93,609.6171,16.687134,16.687134
2026-12-20 22:00:00,556.18,572.0219,15.841919,15.841919
2026-12-20 23:00:00,484.5,571.12756,86.62756,86.62756
2026-12-21 00:00:00,605.68,595.0458,-10.634216,10.634216
2026-12-21 01:00:00,631.31,633.7954,2.4854126,2.4854126
2026-12-21 02:00:00,618.21,631.3687,13.158691,13.158691
2026-12-21 03:00:00,579.91003,625.9355,46.02545,46.02545
2026-12-21 04:00:00,610.8,630.1384,19.33844,19.33844
2026-12-21 05:00:00,647.01,645.4721,-1.5379028,1.5379028
2026-12-21 06:00:00,655.76,669.67535,13.915344,13.915344
2026-12-21 07:00:00,669.12,687.29736,18.177368,18.177368
2026-12-21 08:00:00,676.53,679.96014,3.4301147,3.4301147
2026-12-21 09:00:00,683.72003,646.1245,-37.59552,37.59552
2026-12-21 10:00:00,600.79004,600.0216,-0.7684326,0.7684326
2026-12-21 11:00:00,521.52,558.886,37.365967,37.365967
2026-12-21 12:00:00,506.35,530.3373,23.987274,23.987274
2026-12-21 13:00:00,550.87,524.6343,-26.235718,26.235718
2026-12-21 14:00:00,545.33,539.09894,-6.231079,6.231079
2026-12-21 15:00:00,565.09,570.2011,5.111084,5.111084
2026-12-21 16:00:00,624.05,622.6061,-1.4439087,1.4439087
2026-12-21 17:00:00,692.19,697.7598,5.569824,5.569824
2026-12-21 18:00:00,731.09,757.5654,26.475403,26.475403
2026-12-21 19:00:00,722.72003,780.016,57.29596,57.29596
2026-12-21 20:00:00,710.04004,770.6641,60.624084,60.624084
2026-12-21 21:00:00,691.07,741.3977,50.327698,50.327698
2026-12-21 22:00:00,600.59,703.8513,103.26129,103.26129
2026-12-21 23:00:00,667.35004,663.6107,-3.7393188,3.7393188
2026-12-22 00:00:00,593.18,632.0376,38.857605,38.857605
2026-12-22 01:00:00,583.22003,620.0172,36.79718,36.79718
2026-12-22 02:00:00,613.95,615.9676,2.0175781,2.0175781
2026-12-22 03:00:00,595.42,617.54315,22.123169,22.123169
2026-12-22 04:00:00,661.09,628.8073,-32.282715,32.282715
2026-12-22 05:00:00,640.04004,653.1266,13.086548,13.086548
2026-12-22 06:00:00,656.31,678.23126,21.921265,21.921265
2026-12-22 07:00:00,703.36,691.5372,-11.822815,11.822815
2026-12-22 08:00:00,633.35004,680.06476,46.71472,46.71472
2026-12-22 09:00:00,634.99,635.3408,0.35083008,0.35083008
2026-12-22 10:00:00,604.10004,585.26636,-18.83368,18.83368
2026-12-22 11:00:00,550.22003,546.90717,-3.3128662,3.3128662
2026-12-22 12:00:00,501.28003,521.0992,19.819153,19.819153
2026-12-22 13:00:00,525.99,521.09344,-4.8965454,4.8965454
2026-12-22 14:00:00,517.92004,541.5202,23.600159,23.600159
2026-12-22 15:00:00,562.67004,578.96967,16.299622,16.299622
2026-12-22 16:00:00,621.91003,639.066,17.155945,17.155945
2026-12-22 17:00:00,693.12,711.1998,18.079834,18.079834
2026-12-22 18:00:00,722.98,771.5197,48.539734,48.539734
2026-12-22 19:00:00,716.95,784.44806,67.49805,67.49805
2026-12-22 20:00:00,702.59,769.02325,66.43323,66.43323
2026-12-22 21:00:00,698.9,739.0896,40.189575,40.189575
2026-12-22 22:00:00,641.15,701.48517,60.335144,60.335144
2026-12-22 23:00:00,621.82,660.5762,38.756165,38.756165
2026-12-23 00:00:00,627.21,627.5944,0.3843994,0.3843994
2026-12-23 01:00:00,621.83,620.7354,-1.0946045,1.0946045
2026-12-23 02:00:00,582.95,618.9223,35.97229,35.97229
2026-12-23 03:00:00,599.86,624.19147,24.331482,24.331482
2026-12-23 04:00:00,656.96,632.999,-23.960999,23.960999
2026-12-23 05:00:00,644.77,655.8165,11.046509,11.046509
2026-12-23 06:00:00,692.93,680.8535,-12.076477,12.076477
2026-12-23 07:00:00,630.37,701.2835,70.91351,70.91351
2026-12-23 08:00:00,659.48,682.2491,22.769104,22.769104
2026-12-23 09:00:00,641.23,636.6946,-4.5354004,4.5354004
2026-12-23 10:00:00,609.43,584.5803,-24.84967,24.84967
2026-12-23 11:00:00,587.29004,543.6253,-43.664734,43.664734
2026-12-23 12:00:00,519.89,521.35596,1.4659424,1.4659424
2026-12-23 13:00:00,528.88,519.54785,-9.332153,9.332153
2026-12-23 14:00:00,541.54004,535.99036,-5.5496826,5.5496826
2026-12-23 15:00:00,588.2,572.455,-15.744995,15.744995
2026-12-23 16:00:00,567.32,632.7356,65.41559,65.41559
2026-12-23 17:00:00,604.48,704.55927,100.079285,100.079285
2026-12-23 18:00:00,705.28,761.7411,56.46106,56.46106
2026-12-23 19:00:00,726.19,779.5338,53.34381,53.34381
2026-12-23 20:00:00,719.02,768.7726,49.752563,49.752563
2026-12-23 21:00:00,670.9,740.85596,69.95593,69.95593
2026-12-23 22:00:00,668.53,701.4426,32.912598,32.912598
2026-12-23 23:00:00,636.74,658.6561,21.916138,21.916138
2026-12-24 00:00:00,599.21,623.1682,23.95819,23.95819
2026-12-24 01:00:00,604.63,611.3704,6.7404175,6.7404175
2026-12-24 02:00:00,570.35004,609.97327,39.62323,39.62323
2026-12-24 03:00:00,665.3,614.0015,-51.298462,51.298462
2026-12-24 04:00:00,613.75,630.6329,16.882874,16.882874
2026-12-24 05:00:00,650.9,652.7785,1.878479,1.878479
2026-12-24 06:00:00,656.95,678.99365,22.04364,22.04364
2026-12-24 07:00:00,684.64,692.1213,7.481262,7.481262
2026-12-24 08:00:00,675.04004,679.2057,4.1656494,4.1656494
2026-12-24 09:00:00,602.88,640.7659,37.885925,37.885925
2026-12-24 10:00:00,607.12,590.6492,-16.470825,16.470825
2026-12-24 11:00:00,551.36,548.19824,-3.1617432,3.1617432
2026-12-24 12:00:00,571.42,522.7247,-48.695312,48.695312
2026-12-24 13:00:00,536.9,522.19,-14.710022,14.710022
2026-12-24 14:00:00,542.11,536.7938,-5.316162,5.316162
2026-12-24 15:00:00,598.64,569.7418,-28.898193,28.898193
2026-12-24 16:00:00,632.12,626.3466,-5.7733765,5.7733765
2026-12-24 17:00:00,637.82,697.25885,59.438843,59.438843
2026-12-24 18:00:00,698.09,764.6165,66.52649,66.52649
2026-12-24 19:00:00,692.75,784.9941,92.24408,92.24408
2026-12-24 20:00:00,710.18,773.88403,63.70404,63.70404
2026-12-24 21:00:00,689.29,744.27515,54.98517,54.98517
2026-12-24 22:00:00,630.94,702.75867,71.818665,71.818665
2026-12-24 23:00:00,622.12,656.906,34.78601,34.78601
2026-12-25 00:00:00,546.44,616.31726,69.87726,69.87726
2026-12-25 01:00:00,509.38,558.5707,49.190674,49.190674
2026-12-25 02:00:00,507.1,522.4994,15.399384,15.399384
2026-12-25 03:00:00,513.82,512.95483,-0.86517334,0.86517334
2026-12-25 04:00:00,529.99,526.1485,-3.8414917,3.8414917
2026-12-25 05:00:00,489.38,551.43,62.049988,62.049988
2026-12-25 06:00:00,565.03,579.92456,14.894531,14.894531
2026-12-25 07:00:00,567.24,599.95197,32.711975,32.711975
2026-12-25 08:00:00,580.12,579.878,-0.2420044,0.2420044
2026-12-25 09:00:00,529.37,529.35657,-0.013427734,0.013427734
2026-12-25 10:00:00,536.4,482.39563,-54.004395,54.004395
2026-12-25 11:00:00,466.67,449.77295,-16.897064,16.897064
2026-12-25 12:00:00,476.42,431.4771,-44.9429,44.9429
2026-12-25 13:00:00,406.40002,427.93872,21.538696,21.538696
2026-12-25 14:00:00,458.12,450.03928,-8.080719,8.080719
2026-12-25 15:00:00,506.92,493.60226,-13.317749,13.317749
2026-12-25 16:00:00,464.63,556.49554,91.86554,91.86554
2026-12-25 17:00:00,600.63,618.52856,17.89856,17.89856
2026-12-25 18:00:00,638.19,675.1478,36.957825,36.957825
2026-12-25 19:00:00,624.56,690.93134,66.37134,66.37134
2026-12-25 20:00:00,615.06,667.5068,52.446777,52.446777
2026-12-25 21:00:00,606.19,623.8043,17.614319,17.614319
2026-12-25 22:00:00,583.52,587.2276,3.7075806,3.7075806
2026-12-25 23:00:00,496.41003,581.51166,85.10162,85.10162
2026-12-26 00:00:00,515.34,575.4283,60.088257,60.088257
2026-12-26 01:00:00,466.76,578.66693,111.90692,111.90692
2026-12-26 02:00:00,505.32,564.411,59.091003,59.091003
2026-12-26 03:00:00,463.09003,556.8136,93.72357,93.72357
2026-12-26 04:00:00,482.67,555.13715,72.46713,72.46713
2026-12-26 05:00:00,578.22003,559.4024,-18.817627,18.817627
2026-12-26 06:00:00,567.39,576.41003,9.02002,9.02002
2026-12-26 07:00:00,522.27,597.09357,74.82355,74.82355
2026-12-26 08:00:00,538.19,580.577,42.387024,42.387024
2026-12-26 09:00:00,512.0,540.7594,28.7594,28.7594
2026-12-26 10:00:00,475.48,495.35947,19.879456,19.879456
2026-12-26 11:00:00,446.30002,461.69397,15.393951,15.393951
2026-12-26 12:00:00,389.58002,441.8215,52.241486,52.241486
2026-12-26 13:00:00,395.93002,433.12878,37.19876,37.19876
2026-12-26 14:00:00,435.29004,445.50934,10.219299,10.219299
2026-12-26 15:00:00,437.91003,476.11176,38.20172,38.20172
2026-12-26 16:00:00,543.17004,519.96765,-23.202393,23.202393
2026-12-26 17:00:00,525.58,582.68805,57.108032,57.108032
2026-12-26 18:00:00,594.64,642.4226,47.782593,47.782593
2026-12-26 19:00:00,623.56,670.40326,46.84326,46.84326
2026-12-26 20:00:00,590.5,660.7781,70.278076,70.278076
2026-12-26 21:00:00,558.35004,619.8153,61.46527,61.46527
2026-12-26 22:00:00,557.59,571.705,14.11499,14.11499
2026-12-26 23:00:00,499.95,549.80774,49.857727,49.857727
2026-12-27 00:00:00,513.31,555.8678,42.5578,42.5578
2026-12-27 01:00:00,494.35004,554.94165,60.591614,60.591614
2026-12-27 02:00:00,517.42004,540.3299,22.909851,22.909851
2026-12-27 03:00:00,470.84003,536.51306,65.673035,65.673035
2026-12-27 04:00:00,507.69,534.82837,27.138367,27.138367
2026-12-27 05:00:00,511.16,544.4125,33.252472,33.252472
2026-12-27 06:00:00,588.05,558.9324,-29.117615,29.117615
2026-12-27 07:00:00,574.36,575.98303,1.6230469,1.6230469
2026-12-27 08:00:00,543.65,563.36725,19.717224,19.717224
2026-12-27 09:00:00,507.86002,525.7845,17.924469,17.924469
2026-12-27 10:00:00,456.05002,485.38992,29.339905,29.339905
2026-12-27 11:00:00,428.23,455.00354,26.77353,26.77353
2026-12-27 12:00:00,438.22003,436.94092,-1.2791138,1.2791138
2026-12-27 13:00:00,487.13,430.53632,-56.59369,56.59369
2026-12-27 14:00:00,437.07,448.61456,11.544556,11.544556
2026-12-27 15:00:00,401.25,483.00604,81.75604,81.75604
2026-12-27 16:00:00,524.4,529.8103,5.4102783,5.4102783
2026-12-27 17:00:00,560.14,593.0297,32.88971,32.88971
2026-12-27 18:00:00,579.81,648.52075,68.710754,68.710754
2026-12-27 19:00:00,625.41003,671.5921,46.182068,46.182068
2026-12-27 20:00:00,610.82,652.9725,42.152466,42.152466
2026-12-27 21:00:00,584.13,610.6592,26.529175,26.529175
2026-12-27 22:00:00,507.29,571.8279,64.53787,64.53787
2026-12-27 23:00:00,526.36,568.29694,41.93695,41.93695
2026-12-28 00:00:00,569.22003,589.98724,20.767212,20.767212
2026-12-28 01:00:00,579.76,623.688,43.92798,43.92798
2026-12-28 02:00:00,608.8,620.0773,11.277283,11.277283
2026-12-28 03:00:00,595.23,617.68896,22.458984,22.458984
2026-12-28 04:00:00,609.92,627.70184,17.78186,17.78186
2026-12-28 05:00:00,641.15,644.29376,3.1437378,3.1437378
2026-12-28 06:00:00,658.07,672.1564,14.086365,14.086365
2026-12-28 07:00:00,642.66003,691.67975,49.019714,49.019714
2026-12-28 08:00:00,669.43,680.2292,10.799194,10.799194
2026-12-28 09:00:00,642.65,642.76996,0.11993408,0.11993408
2026-12-28 10:00:00,595.93,591.85504,-4.074951,4.074951
2026-12-28 11:00:00,605.54004,549.8293,-55.710754,55.710754
2026-12-28 12:00:00,536.96,528.7646,-8.195435,8.195435
2026-12-28 13:00:00,586.57,525.84607,-60.723938,60.723938
2026-12-28 14:00:00,493.98,543.2068,49.226776,49.226776
2026-12-28 15:00:00,581.66003,575.41003,-6.25,6.25
2026-12-28 16:00:00,605.38,629.151,23.770996,23.770996
2026-12-28 17:00:00,639.60004,698.0962,58.496155,58.496155
2026-12-28 18:00:00,748.88,760.4473,11.567322,11.567322
2026-12-28 19:00:00,688.04004,780.9469,92.90686,92.90686
2026-12-28 20:00:00,737.43,770.9187,33.48871,33.48871
2026-12-28 21:00:00,694.03,742.8202,48.79016,48.79016
2026-12-28 22:00:00,657.59,705.1136,47.52356,47.52356
2026-12-28 23:00:00,614.94,664.59186,49.651855,49.651855
2026-12-29 00:00:00,636.86,631.72614,-5.13385,5.13385
2026-12-29 01:00:00,611.97003,620.8792,8.90918,8.90918
2026-12-29 02:00:00,624.74,616.75305,-7.9869385,7.9869385
2026-12-29 03:00:00,571.65,620.3497,48.699646,48.699646
2026-12-29 04:00:00,599.73,630.0678,30.33783,30.33783
2026-12-29 05:00:00,634.78,648.04565,13.265625,13.265625
2026-12-29 06:00:00,675.93,673.42865,-2.5013428,2.5013428
2026-12-29 07:00:00,625.23,695.0755,69.84552,69.84552
2026-12-29 08:00:00,632.2,675.5429,43.342896,43.342896
2026-12-29 09:00:00,650.91003,632.23865,-18.671387,18.671387
2026-12-29 10:00:00,581.7,585.0836,3.383606,3.383606
2026-12-29 11:00:00,552.43,545.30853,-7.12146,7.12146
2026-12-29 12:00:00,550.32,521.9054,-28.414612,28.414612
2026-12-29 13:00:00,564.45,520.38354,-44.066467,44.066467
2026-12-29 14:00:00,508.59003,538.7156,30.12555,30.12555
2026-12-29 15:00:00,544.62,572.3689,27.748901,27.748901
2026-12-29 16:00:00,589.57,626.03644,36.46643,36.46643
2026-12-29 17:00:00,677.28,694.0543,16.774292,16.774292
2026-12-29 18:00:00,683.02,759.7492,76.72919,76.72919
2026-12-29 19:00:00,725.85,778.5325,52.682495,52.682495
2026-12-29 20:00:00,685.06,769.85693,84.796936,84.796936
2026-12-29 21:00:00,692.16003,740.9476,48.787537,48.787537
2026-12-29 22:00:00,665.58,704.1146,38.534607,38.534607
2026-12-29 23:00:00,619.24,662.4418,43.201782,43.201782
2026-12-30 00:00:00,589.76,627.50964,37.749634,37.749634
2026-12-30 01:00:00,593.73,615.6629,21.932922,21.932922
2026-12-30 02:00:00,601.68,610.67694,8.996948,8.996948
2026-12-30 03:00:00,631.9,614.9883,-16.911743,16.911743
2026-12-30 04:00:00,617.45,627.8022,10.352173,10.352173
2026-12-30 05:00:00,658.33,647.1051,-11.224915,11.224915
2026-12-30 06:00:00,653.18,678.0095,24.829529,24.829529
2026-12-30 07:00:00,669.82,696.52454,26.704529,26.704529
2026-12-30 08:00:00,718.33,682.3712,-35.9588,35.9588
2026-12-30 09:00:00,634.52,640.5641,6.0440674,6.0440674
2026-12-30 10:00:00,576.05,588.5144,12.4644165,12.4644165
2026-12-30 11:00:00,543.43,545.90955,2.4795532,2.4795532
2026-12-30 12:00:00,552.2,518.84784,-33.352173,33.352173
2026-12-30 13:00:00,539.35004,519.5363,-19.81372,19.81372
2026-12-30 14:00:00,541.76,537.7351,-4.0249023,4.0249023
2026-12-30 15:00:00,561.63,573.3081,11.678101,11.678101
2026-12-30 16:00:00,619.11,625.5102,6.4002075,6.4002075
2026-12-30 17:00:00,686.51,696.265,9.755005,9.755005
2026-12-30 18:00:00,721.27,765.1846,43.91455,43.91455
2026-12-30 19:00:00,721.21,787.4916,66.281555,66.281555
2026-12-30 20:00:00,697.88,775.6809,77.8009,77.8009
2026-12-30 21:00:00,698.82,744.3879,45.56787,45.56787
2026-12-30 22:00:00,617.54004,703.87354,86.333496,86.333496
2026-12-30 23:00:00,624.19,656.9496,32.759583,32.759583
2026-12-31 00:00:00,588.75,625.2283,36.47827,36.47827
2026-12-31 01:00:00,589.72003,617.5682,27.848145,27.848145
2026-12-31 02:00:00,623.97003,613.39215,-10.577881,10.577881
2026-12-31 03:00:00,608.96,617.5995,8.639465,8.639465
2026-12-31 04:00:00,644.13,633.2912,-10.838806,10.838806
2026-12-31 05:00:00,624.63,659.52655,34.896545,34.896545
2026-12-31 06:00:00,673.69,685.3516,11.661621,11.661621
2026-12-31 07:00:00,635.65,702.0303,66.38025,66.38025
2026-12-31 08:00:00,685.18,684.7156,-0.4644165,0.4644165
2026-12-31 09:00:00,609.36,643.7539,34.39392,34.39392
2026-12-31 10:00:00,585.97003,589.7147,3.74469,3.74469
2026-12-31 11:00:00,568.72003,546.1288,-22.591248,22.591248
2026-12-31 12:00:00,499.69,520.3948,20.704773,20.704773
2026-12-31 13:00:00,551.62,517.05646,-34.563538,34.563538
2026-12-31 14:00:00,537.09,535.8534,-1.2366333,1.2366333
2026-12-31 15:00:00,542.85004,572.46155,29.611511,29.611511
2026-12-31 16:00:00,608.39,627.14886,18.75885,18.75885
2026-12-31 17:00:00,664.63,698.4271,33.79712,33.79712
2026-12-31 18:00:00,755.52,763.41125,7.8912354,7.8912354
2026-12-31 19:00:00,693.28,787.3236,94.04358,94.04358
2026-12-31 20:00:00,699.02,775.55896,76.53894,76.53894
2026-12-31 21:00:00,706.51,746.1066,39.59662,39.59662
2026-12-31 22:00:00,644.4,705.1395,60.739502,60.739502
2026-12-31 23:00:00,635.14,657.7957,22.6557,22.6557
