timestamp_objetivo,y_real_mw,y_pred_mw,error_mw,error_absoluto_mw
2026-09-13 11:00:00,429.27002,479.32593,50.05591,50.05591
2026-09-13 12:00:00,413.5,466.06738,52.567383,52.567383
2026-09-13 13:00:00,424.42004,464.3405,39.92047,39.92047
2026-09-13 14:00:00,394.81003,479.26804,84.45801,84.45801
2026-09-13 15:00:00,494.02002,513.194,19.17395,19.17395
2026-09-13 16:00:00,533.33,570.52014,37.190125,37.190125
2026-09-13 17:00:00,580.42,641.8189,61.398926,61.398926
2026-09-13 18:00:00,671.75,710.12195,38.37195,38.37195
2026-09-13 19:00:00,697.47003,748.9332,51.463196,51.463196
2026-09-13 20:00:00,652.57,742.3578,89.78778,89.78778
2026-09-13 21:00:00,646.13,697.39716,51.26715,51.26715
2026-09-13 22:00:00,602.34,637.4099,35.069885,35.069885
2026-09-13 23:00:00,535.95,593.1809,57.230896,57.230896
2026-09-14 00:00:00,686.8,671.3395,-15.46051,15.46051
2026-09-14 01:00:00,662.19,675.9081,13.718079,13.718079
2026-09-14 02:00:00,694.28,664.1723,-30.107727,30.107727
2026-09-14 03:00:00,643.43,663.44366,20.013672,20.013672
2026-09-14 04:00:00,664.42,677.0858,12.6658325,12.6658325
2026-09-14 05:00:00,689.81,702.20245,12.392456,12.392456
2026-09-14 06:00:00,732.53,726.5087,-6.0213013,6.0213013
2026-09-14 07:00:00,693.17,735.0122,41.842224,41.842224
2026-09-14 08:00:00,693.76,710.13135,16.371338,16.371338
2026-09-14 09:00:00,642.53,655.53864,13.008606,13.008606
2026-09-14 10:00:00,626.0,597.0136,-28.98639,28.98639
2026-09-14 11:00:00,495.17,562.88245,67.71243,67.71243
2026-09-14 12:00:00,584.7,544.2942,-40.405823,40.405823
2026-09-14 13:00:00,499.31,544.62573,45.315735,45.315735
2026-09-14 14:00:00,526.56,564.0558,37.49579,37.49579
2026-09-14 15:00:00,644.75,601.35864,-43.391357,43.391357
2026-09-14 16:00:00,637.64,662.5856,24.945557,24.945557
2026-09-14 17:00:00,711.24,731.87146,20.63147,20.63147
2026-09-14 18:00:00,796.94,787.8294,-9.110596,9.110596
2026-09-14 19:00:00,810.01,808.9258,-1.0842285,1.0842285
2026-09-14 20:00:00,807.07,798.7887,-8.281311,8.281311
2026-09-14 21:00:00,763.23,770.55695,7.3269653,7.3269653
2026-09-14 22:00:00,687.19,731.8706,44.680603,44.680603
2026-09-14 23:00:00,689.83,693.17004,3.3400269,3.3400269
2026-09-15 00:00:00,706.38,659.75635,-46.623657,46.623657
2026-09-15 01:00:00,675.19,652.1396,-23.050415,23.050415
2026-09-15 02:00:00,650.37,648.4298,-1.9401855,1.9401855
2026-09-15 03:00:00,653.42,654.9197,1.4996948,1.4996948
2026-09-15 04:00:00,666.66003,669.5529,2.8928833,2.8928833
2026-09-15 05:00:00,658.86,692.75586,33.895874,33.895874
2026-09-15 06:00:00,736.48,718.4634,-18.016602,18.016602
2026-09-15 07:00:00,702.85,731.5189,28.668945,28.668945
2026-09-15 08:00:00,682.96,707.1212,24.161194,24.161194
2026-09-15 09:00:00,717.38,656.04517,-61.33484,61.33484
2026-09-15 10:00:00,584.28,594.52484,10.244812,10.244812
2026-09-15 11:00:00,558.46,562.1134,3.6533813,3.6533813
2026-09-15 12:00:00,558.84,545.12256,-13.717468,13.717468
2026-09-15 13:00:00,551.35004,544.3901,-6.959961,6.959961
2026-09-15 14:00:00,534.17004,560.9588,26.788757,26.788757
2026-09-15 15:00:00,574.59,596.1993,21.609253,21.609253
2026-09-15 16:00:00,636.37,643.1766,6.8065796,6.8065796
2026-09-15 17:00:00,677.81,720.3033,42.493286,42.493286
2026-09-15 18:00:00,755.53,790.7617,35.23169,35.23169
2026-09-15 19:00:00,811.0,821.7224,10.722412,10.722412
2026-09-15 20:00:00,759.87,814.6373,54.767334,54.767334
2026-09-15 21:00:00,701.77,783.55505,81.785034,81.785034
2026-09-15 22:00:00,704.87,743.238,38.36798,38.36798
2026-09-15 23:00:00,713.89,705.5846,-8.30542,8.30542
2026-09-16 00:00:00,609.4,672.04,62.639954,62.639954
2026-09-16 01:00:00,658.97003,656.95746,-2.0125732,2.0125732
2026-09-16 02:00:00,665.98,651.5007,-14.479309,14.479309
2026-09-16 03:00:00,659.35004,655.9771,-3.3729248,3.3729248
2026-09-16 04:00:00,622.87,670.1311,47.26111,47.26111
2026-09-16 05:00:00,672.54,699.46704,26.927063,26.927063
2026-09-16 06:00:00,685.83,726.654,40.823975,40.823975
2026-09-16 07:00:00,766.63,734.43243,-32.19757,32.19757
2026-09-16 08:00:00,684.32,711.9829,27.662903,27.662903
2026-09-16 09:00:00,651.24,661.49915,10.259155,10.259155
2026-09-16 10:00:00,575.89,595.5425,19.652466,19.652466
2026-09-16 11:00:00,570.98,562.5735,-8.406494,8.406494
2026-09-16 12:00:00,540.06,545.5221,5.462097,5.462097
2026-09-16 13:00:00,528.47003,546.7764,18.306396,18.306396
2026-09-16 14:00:00,571.31,569.09296,-2.217041,2.217041
2026-09-16 15:00:00,579.45,607.6945,28.244507,28.244507
2026-09-16 16:00:00,615.53,668.0787,52.548645,52.548645
2026-09-16 17:00:00,688.91003,743.7428,54.832764,54.832764
2026-09-16 18:00:00,768.55,800.20374,31.653748,31.653748
2026-09-16 19:00:00,797.58,820.0104,22.430359,22.430359
2026-09-16 20:00:00,724.76,807.3023,82.5423,82.5423
2026-09-16 21:00:00,733.33,774.5494,41.21936,41.21936
2026-09-16 22:00:00,674.6,734.8904,60.290405,60.290405
2026-09-16 23:00:00,635.79004,701.2642,65.47418,65.47418
2026-09-17 00:00:00,693.15,671.9682,-21.181824,21.181824
2026-09-17 01:00:00,654.9,660.4636,5.5635986,5.5635986
2026-09-17 02:00:00,626.51,654.44824,27.938232,27.938232
2026-09-17 03:00:00,647.94,654.5028,6.562805,6.562805
2026-09-17 04:00:00,645.89,666.66626,20.776245,20.776245
2026-09-17 05:00:00,659.03,692.5169,33.486877,33.486877
2026-09-17 06:00:00,706.79004,721.1005,14.310486,14.310486
2026-09-17 07:00:00,724.83,730.01263,5.182617,5.182617
2026-09-17 08:00:00,703.35,702.72516,-0.6248169,0.6248169
2026-09-17 09:00:00,629.03,650.7013,21.671265,21.671265
2026-09-17 10:00:00,573.23,591.84204,18.61206,18.61206
2026-09-17 11:00:00,520.92,560.52844,39.60846,39.60846
2026-09-17 12:00:00,539.92004,544.91833,4.998291,4.998291
2026-09-17 13:00:00,555.76,545.943,-9.817017,9.817017
2026-09-17 14:00:00,531.17004,565.40894,34.23889,34.23889
2026-09-17 15:00:00,586.4,600.80634,14.406311,14.406311
2026-09-17 16:00:00,651.64,658.5081,6.868103,6.868103
2026-09-17 17:00:00,706.38,740.102,33.721985,33.721985
2026-09-17 18:00:00,751.01,804.7238,53.713806,53.713806
2026-09-17 19:00:00,807.12,828.0962,20.976196,20.976196
2026-09-17 20:00:00,788.11,814.63,26.52002,26.52002
2026-09-17 21:00:00,736.26,782.3666,46.106567,46.106567
2026-09-17 22:00:00,722.63,742.2049,19.57489,19.57489
2026-09-17 23:00:00,700.32,706.12854,5.8085327,5.8085327
2026-09-18 00:00:00,706.53,671.5276,-35.00244,35.00244
2026-09-18 01:00:00,656.60004,665.3368,8.736755,8.736755
2026-09-18 02:00:00,659.63,662.0012,2.3712158,2.3712158
2026-09-18 03:00:00,626.25,660.7363,34.48633,34.48633
2026-09-18 04:00:00,678.55,672.4402,-6.1098022,6.1098022
2026-09-18 05:00:00,674.16003,698.0061,23.84607,23.84607
2026-09-18 06:00:00,706.15,724.1742,18.02417,18.02417
2026-09-18 07:00:00,663.23,732.5057,69.275696,69.275696
2026-09-18 08:00:00,651.91003,709.7739,57.86389,57.86389
2026-09-18 09:00:00,644.21,659.49744,15.287415,15.287415
2026-09-18 10:00:00,546.97003,598.1854,51.215393,51.215393
2026-09-18 11:00:00,560.98,566.8485,5.8685303,5.8685303
2026-09-18 12:00:00,548.62,549.17664,0.5566406,0.5566406
2026-09-18 13:00:00,581.59,549.5987,-31.991333,31.991333
2026-09-18 14:00:00,532.77,570.13306,37.363037,37.363037
2026-09-18 15:00:00,600.92,605.3523,4.432312,4.432312
2026-09-18 16:00:00,702.64,670.67316,-31.966858,31.966858
2026-09-18 17:00:00,678.0,753.00793,75.007935,75.007935
2026-09-18 18:00:00,781.1,812.8369,31.736938,31.736938
2026-09-18 19:00:00,784.83997,831.2179,46.37793,46.37793
2026-09-18 20:00:00,751.98,815.831,63.851013,63.851013
2026-09-18 21:00:00,702.35,782.9434,80.593445,80.593445
2026-09-18 22:00:00,699.32,743.8104,44.490417,44.490417
2026-09-18 23:00:00,694.17,709.7855,15.61554,15.61554
2026-09-19 00:00:00,547.13,566.62115,19.49115,19.49115
2026-09-19 01:00:00,528.76,562.46533,33.705322,33.705322
2026-09-19 02:00:00,564.46,564.03406,-0.42596436,0.42596436
2026-09-19 03:00:00,557.11,568.17975,11.069763,11.069763
2026-09-19 04:00:00,618.64,571.6645,-46.975525,46.975525
2026-09-19 05:00:00,584.48,590.7285,6.248535,6.248535
2026-09-19 06:00:00,610.79004,609.83295,-0.9570923,0.9570923
2026-09-19 07:00:00,587.93,617.8291,29.899109,29.899109
2026-09-19 08:00:00,601.21,598.70325,-2.506775,2.506775
2026-09-19 09:00:00,516.91003,559.3426,42.432556,42.432556
2026-09-19 10:00:00,478.33002,508.52637,30.19635,30.19635
2026-09-19 11:00:00,440.38,477.38574,37.005737,37.005737
2026-09-19 12:00:00,445.83002,464.65103,18.821014,18.821014
2026-09-19 13:00:00,427.53003,463.51868,35.988647,35.988647
2026-09-19 14:00:00,441.91003,478.7602,36.85016,36.85016
2026-09-19 15:00:00,499.92,514.8859,14.965912,14.965912
2026-09-19 16:00:00,564.7,572.5143,7.81427,7.81427
2026-09-19 17:00:00,620.76,646.77106,26.011047,26.011047
2026-09-19 18:00:00,676.66003,714.6824,38.02234,38.02234
2026-09-19 19:00:00,684.12,754.91797,70.79797,70.79797
2026-09-19 20:00:00,677.02,747.0153,69.9953,69.9953
2026-09-19 21:00:00,646.84,698.71216,51.87213,51.87213
2026-09-19 22:00:00,613.44,644.48157,31.041565,31.041565
2026-09-19 23:00:00,565.11,601.08344,35.97345,35.97345
2026-09-20 00:00:00,550.80005,584.781,33.980957,33.980957
2026-09-20 01:00:00,578.48,578.9352,0.4552002,0.4552002
2026-09-20 02:00:00,564.12,574.2042,10.0842285,10.0842285
2026-09-20 03:00:00,559.26,573.3436,14.083618,14.083618
2026-09-20 04:00:00,548.60004,575.9143,27.31427,27.31427
2026-09-20 05:00:00,567.27,584.3899,17.119873,17.119873
2026-09-20 06:00:00,577.1,598.802,21.702026,21.702026
2026-09-20 07:00:00,590.62,612.33405,21.71405,21.71405
2026-09-20 08:00:00,585.07,599.04724,13.977234,13.977234
2026-09-20 09:00:00,538.36,561.4445,23.084534,23.084534
2026-09-20 10:00:00,443.95,510.27148,66.32147,66.32147
2026-09-20 11:00:00,478.78003,477.66266,-1.1173706,1.1173706
2026-09-20 12:00:00,407.89,463.91614,56.026123,56.026123
2026-09-20 13:00:00,377.52002,461.7168,84.19678,84.19678
2026-09-20 14:00:00,432.54004,474.71033,42.170288,42.170288
2026-09-20 15:00:00,449.7,509.57745,59.87744,59.87744
2026-09-20 16:00:00,497.29004,564.8438,67.55377,67.55377
2026-09-20 17:00:00,603.19,631.58765,28.397644,28.397644
2026-09-20 18:00:00,688.43,706.441,18.010986,18.010986
2026-09-20 19:00:00,663.67,751.437,87.76703,87.76703
2026-09-20 20:00:00,599.11,739.4289,140.31891,140.31891
2026-09-20 21:00:00,609.16003,681.45386,72.29382,72.29382
2026-09-20 22:00:00,600.60004,622.9178,22.317749,22.317749
2026-09-20 23:00:00,540.27,585.90643,45.636414,45.636414
2026-09-21 00:00:00,651.89,665.2342,13.344177,13.344177
2026-09-21 01:00:00,622.8,670.64966,47.84967,47.84967
2026-09-21 02:00:00,650.5,660.28296,9.782959,9.782959
2026-09-21 03:00:00,647.55,657.0674,9.517395,9.517395
2026-09-21 04:00:00,656.66003,672.6279,15.9678955,15.9678955
2026-09-21 05:00:00,666.5,701.55206,35.052063,35.052063
2026-09-21 06:00:00,677.14,728.861,51.72101,51.72101
2026-09-21 07:00:00,729.22003,735.35596,6.1359253,6.1359253
2026-09-21 08:00:00,674.63,709.04266,34.41266,34.41266
2026-09-21 09:00:00,686.13,657.4126,-28.717407,28.717407
2026-09-21 10:00:00,615.23,599.1891,-16.040894,16.040894
2026-09-21 11:00:00,587.78,563.85583,-23.924194,23.924194
2026-09-21 12:00:00,523.39,544.654,21.263977,21.263977
2026-09-21 13:00:00,522.78,542.42096,19.64093,19.64093
2026-09-21 14:00:00,525.62,559.0202,33.400208,33.400208
2026-09-21 15:00:00,591.77,593.95874,2.1887207,2.1887207
2026-09-21 16:00:00,635.62,647.2725,11.652527,11.652527
2026-09-21 17:00:00,699.27,726.70294,27.432922,27.432922
2026-09-21 18:00:00,754.45,796.15125,41.701233,41.701233
2026-09-21 19:00:00,795.8,822.24286,26.442871,26.442871
2026-09-21 20:00:00,801.52,811.6416,10.121582,10.121582
2026-09-21 21:00:00,733.35,782.3534,49.003418,49.003418
2026-09-21 22:00:00,693.1,743.5631,50.463135,50.463135
2026-09-21 23:00:00,638.19,705.1636,66.97357,66.97357
2026-09-22 00:00:00,643.73,670.9133,27.18335,27.18335
2026-09-22 01:00:00,666.83,654.1596,-12.67041,12.67041
2026-09-22 02:00:00,648.01,648.9264,0.91638184,0.91638184
2026-09-22 03:00:00,602.39,650.2809,47.89087,47.89087
2026-09-22 04:00:00,653.38,662.17816,8.798157,8.798157
2026-09-22 05:00:00,673.65,684.9927,11.342651,11.342651
2026-09-22 06:00:00,704.39,713.23627,8.846252,8.846252
2026-09-22 07:00:00,744.63,724.44934,-20.180664,20.180664
2026-09-22 08:00:00,720.69,702.9284,-17.761597,17.761597
2026-09-22 09:00:00,633.3,655.26746,21.967468,21.967468
2026-09-22 10:00:00,595.28,595.752,0.47198486,0.47198486
2026-09-22 11:00:00,546.29004,561.686,15.395935,15.395935
2026-09-22 12:00:00,548.23,544.4272,-3.8027954,3.8027954
2026-09-22 13:00:00,528.9,543.3708,14.470764,14.470764
2026-09-22 14:00:00,560.93,561.84674,0.91674805,0.91674805
2026-09-22 15:00:00,572.68,599.3543,26.674316,26.674316
2026-09-22 16:00:00,599.63,657.63983,58.009827,58.009827
2026-09-22 17:00:00,683.39,733.0159,49.625916,49.625916
2026-09-22 18:00:00,758.99,794.91284,35.92285,35.92285
2026-09-22 19:00:00,808.04004,820.42114,12.3811035,12.3811035
2026-09-22 20:00:00,771.8,810.21515,38.41516,38.41516
2026-09-22 21:00:00,728.81,779.8799,51.069885,51.069885
2026-09-22 22:00:00,735.28,739.28485,4.004822,4.004822
2026-09-22 23:00:00,669.52,703.9779,34.457886,34.457886
2026-09-23 00:00:00,640.4,671.93054,31.530518,31.530518
2026-09-23 01:00:00,652.11,658.44653,6.336548,6.336548
2026-09-23 02:00:00,650.39,651.0177,0.62768555,0.62768555
2026-09-23 03:00:00,636.26,653.3503,17.090271,17.090271
2026-09-23 04:00:00,636.69,667.15344,30.46344,30.46344
2026-09-23 05:00:00,668.67,689.32025,20.650269,20.650269
2026-09-23 06:00:00,670.94,726.15845,55.218445,55.218445
2026-09-23 07:00:00,694.89,736.4105,41.520508,41.520508
2026-09-23 08:00:00,664.42,711.5298,47.109802,47.109802
2026-09-23 09:00:00,643.8,657.70557,13.905579,13.905579
2026-09-23 10:00:00,599.75,594.93005,-4.8199463,4.8199463
2026-09-23 11:00:00,550.69,561.792,11.10199,11.10199
2026-09-23 12:00:00,524.97003,544.70544,19.735413,19.735413
2026-09-23 13:00:00,535.43,545.75,10.320007,10.320007
2026-09-23 14:00:00,564.95,566.4355,1.4854736,1.4854736
2026-09-23 15:00:00,571.0,606.521,35.520996,35.520996
2026-09-23 16:00:00,633.12,671.0888,37.96881,37.96881
2026-09-23 17:00:00,742.21,746.7937,4.583679,4.583679
2026-09-23 18:00:00,746.13,806.0531,59.923096,59.923096
2026-09-23 19:00:00,782.17004,825.1934,43.023376,43.023376
2026-09-23 20:00:00,751.41003,811.4834,60.073364,60.073364
2026-09-23 21:00:00,723.06,780.12415,57.064148,57.064148
2026-09-23 22:00:00,686.65,741.1728,54.522766,54.522766
2026-09-23 23:00:00,673.14,704.3828,31.242798,31.242798
2026-09-24 00:00:00,666.96,673.7923,6.8322754,6.8322754
2026-09-24 01:00:00,647.67,660.017,12.347046,12.347046
2026-09-24 02:00:00,673.65,653.16833,-20.48169,20.48169
2026-09-24 03:00:00,648.4,656.4894,8.089355,8.089355
2026-09-24 04:00:00,636.98,676.16956,39.189575,39.189575
2026-09-24 05:00:00,672.77,700.6208,27.850769,27.850769
2026-09-24 06:00:00,672.44,725.8101,53.370117,53.370117
2026-09-24 07:00:00,695.35,730.4068,35.056824,35.056824
2026-09-24 08:00:00,669.25,702.3107,33.06073,33.06073
2026-09-24 09:00:00,684.51,651.1648,-33.345215,33.345215
2026-09-24 10:00:00,610.88,590.9529,-19.927124,19.927124
2026-09-24 11:00:00,536.63,561.3302,24.700195,24.700195
2026-09-24 12:00:00,528.87,545.4447,16.574707,16.574707
2026-09-24 13:00:00,547.83,546.0232,-1.8068237,1.8068237
2026-09-24 14:00:00,552.97003,563.99963,11.029602,11.029602
2026-09-24 15:00:00,568.28,599.0472,30.76715,30.76715
2026-09-24 16:00:00,561.0,654.59796,93.59796,93.59796
2026-09-24 17:00:00,679.66003,730.4681,50.808044,50.808044
2026-09-24 18:00:00,745.39,795.04156,49.65155,49.65155
2026-09-24 19:00:00,798.89,822.71075,23.82074,23.82074
2026-09-24 20:00:00,793.06,812.8758,19.815796,19.815796
2026-09-24 21:00:00,716.1,782.81555,66.715576,66.715576
2026-09-24 22:00:00,713.41003,741.4301,28.02008,28.02008
2026-09-24 23:00:00,651.33,704.7508,53.420776,53.420776
2026-09-25 00:00:00,662.63,670.8951,8.265076,8.265076
2026-09-25 01:00:00,598.43,658.5954,60.165405,60.165405
2026-09-25 02:00:00,626.92,651.5773,24.657288,24.657288
2026-09-25 03:00:00,626.99,651.94824,24.958252,24.958252
2026-09-25 04:00:00,622.45,664.0474,41.597412,41.597412
2026-09-25 05:00:00,677.39,692.3125,14.922485,14.922485
2026-09-25 06:00:00,658.51,721.33136,62.82135,62.82135
2026-09-25 07:00:00,689.23,733.41345,44.18347,44.18347
2026-09-25 08:00:00,682.14,708.0421,25.9021,25.9021
2026-09-25 09:00:00,593.97003,658.59503,64.625,64.625
2026-09-25 10:00:00,563.59,594.3856,30.795593,30.795593
2026-09-25 11:00:00,566.32,562.4189,-3.901123,3.901123
2026-09-25 12:00:00,545.04004,546.17584,1.1358032,1.1358032
2026-09-25 13:00:00,563.77,546.15393,-17.616089,17.616089
2026-09-25 14:00:00,573.11,563.52313,-9.586853,9.586853
2026-09-25 15:00:00,562.28,599.0627,36.782654,36.782654
2026-09-25 16:00:00,637.08,659.1436,22.063599,22.063599
2026-09-25 17:00:00,732.0,742.2302,10.230225,10.230225
2026-09-25 18:00:00,784.24,802.8639,18.623901,18.623901
2026-09-25 19:00:00,761.14,822.2616,61.121582,61.121582
2026-09-25 20:00:00,781.64,806.9143,25.274292,25.274292
2026-09-25 21:00:00,710.75,773.893,63.143005,63.143005
2026-09-25 22:00:00,688.83,734.33344,45.503418,45.503418
2026-09-25 23:00:00,680.58,699.6918,19.111755,19.111755
2026-09-26 00:00:00,548.9,561.5832,12.6831665,12.6831665
2026-09-26 01:00:00,528.69,558.082,29.391968,29.391968
2026-09-26 02:00:00,503.18,562.02625,58.846252,58.846252
2026-09-26 03:00:00,533.53,561.73505,28.205017,28.205017
2026-09-26 04:00:00,546.98,568.4404,21.46045,21.46045
2026-09-26 05:00:00,513.86,585.4297,71.5697,71.5697
2026-09-26 06:00:00,572.06,598.2192,26.15918,26.15918
2026-09-26 07:00:00,581.44,612.2946,30.854614,30.854614
2026-09-26 08:00:00,566.85,599.6058,32.7558,32.7558
2026-09-26 09:00:00,513.29004,561.31335,48.023315,48.023315
2026-09-26 10:00:00,446.03003,510.37527,64.345245,64.345245
2026-09-26 11:00:00,416.18,477.4701,61.2901,61.2901
2026-09-26 12:00:00,414.76,461.38876,46.628754,46.628754
2026-09-26 13:00:00,405.47003,463.8548,58.384766,58.384766
2026-09-26 14:00:00,405.29,479.9426,74.65259,74.65259
2026-09-26 15:00:00,468.97003,516.79846,47.82843,47.82843
2026-09-26 16:00:00,523.78,570.5376,46.75757,46.75757
2026-09-26 17:00:00,585.3,631.74414,46.444153,46.444153
2026-09-26 18:00:00,663.34,695.9108,32.5708,32.5708
2026-09-26 19:00:00,689.37,735.9853,46.615295,46.615295
2026-09-26 20:00:00,692.81,728.4179,35.60791,35.60791
2026-09-26 21:00:00,548.13,685.6367,137.50671,137.50671
2026-09-26 22:00:00,567.42004,627.44556,60.025513,60.025513
2026-09-26 23:00:00,591.08,588.3471,-2.7329102,2.7329102
2026-09-27 00:00:00,509.11002,568.09845,58.988434,58.988434
2026-09-27 01:00:00,567.55,567.89685,0.3468628,0.3468628
2026-09-27 02:00:00,537.61,567.08704,29.47705,29.47705
2026-09-27 03:00:00,543.85004,567.0067,23.156677,23.156677
2026-09-27 04:00:00,532.02,572.56866,40.548645,40.548645
2026-09-27 05:00:00,583.25,585.1089,1.8588867,1.8588867
2026-09-27 06:00:00,595.32,599.4991,4.179077,4.179077
2026-09-27 07:00:00,612.45,608.2804,-4.1696167,4.1696167
2026-09-27 08:00:00,537.88,597.995,60.11499,60.11499
2026-09-27 09:00:00,517.60004,563.4282,45.828186,45.828186
2026-09-27 10:00:00,413.64,512.28076,98.64075,98.64075
2026-09-27 11:00:00,459.42,477.9123,18.49228,18.49228
2026-09-27 12:00:00,443.88,463.45264,19.572632,19.572632
2026-09-27 13:00:00,410.76,459.73285,48.97284,48.97284
2026-09-27 14:00:00,441.32,474.36365,33.04364,33.04364
2026-09-27 15:00:00,443.56,509.16382,65.60382,65.60382
2026-09-27 16:00:00,532.81,560.9321,28.122131,28.122131
2026-09-27 17:00:00,574.64,621.6791,47.039062,47.039062
2026-09-27 18:00:00,625.23,687.61365,62.383667,62.383667
2026-09-27 19:00:00,653.18,724.9132,71.733215,71.733215
2026-09-27 20:00:00,660.57,710.0503,49.480286,49.480286
2026-09-27 21:00:00,625.38,663.11255,37.732544,37.732544
2026-09-27 22:00:00,564.17004,614.07733,49.907288,49.907288
2026-09-27 23:00:00,538.05005,580.92883,42.878784,42.878784
2026-09-28 00:00:00,606.0,650.8563,44.856323,44.856323
2026-09-28 01:00:00,626.34,659.117,32.776978,32.776978
2026-09-28 02:00:00,657.74,651.7667,-5.9732666,5.9732666
2026-09-28 03:00:00,654.10004,650.0319,-4.068115,4.068115
2026-09-28 04:00:00,675.65,665.0718,-10.578247,10.578247
2026-09-28 05:00:00,613.22003,690.4671,77.24707,77.24707
2026-09-28 06:00:00,708.43,713.97565,5.5456543,5.5456543
2026-09-28 07:00:00,663.13,726.752,63.62201,63.62201
2026-09-28 08:00:00,684.47003,708.3706,23.900574,23.900574
2026-09-28 09:00:00,640.08,660.02185,19.941833,19.941833
2026-09-28 10:00:00,573.56,602.2146,28.654602,28.654602
2026-09-28 11:00:00,553.83,564.37445,10.544434,10.544434
2026-09-28 12:00:00,564.39,544.46326,-19.926758,19.926758
2026-09-28 13:00:00,530.48004,541.9535,11.47345,11.47345
2026-09-28 14:00:00,524.51,557.04114,32.531128,32.531128
2026-09-28 15:00:00,567.81,591.8392,24.029175,24.029175
2026-09-28 16:00:00,607.5,640.6499,33.149902,33.149902
2026-09-28 17:00:00,684.31,716.14905,31.83905,31.83905
2026-09-28 18:00:00,747.42,786.55634,39.136353,39.136353
2026-09-28 19:00:00,786.32,816.15,29.830017,29.830017
2026-09-28 20:00:00,727.23,809.7974,82.567444,82.567444
2026-09-28 21:00:00,737.44,782.40015,44.960144,44.960144
2026-09-28 22:00:00,695.38,743.6156,48.235596,48.235596
2026-09-28 23:00:00,689.49,702.33466,12.844666,12.844666
2026-09-29 00:00:00,634.61,665.6104,31.000427,31.000427
2026-09-29 01:00:00,658.52,646.8314,-11.688599,11.688599
2026-09-29 02:00:00,618.73,642.66925,23.93927,23.93927
2026-09-29 03:00:00,624.38,647.2312,22.851196,22.851196
2026-09-29 04:00:00,657.15,660.62286,3.4728394,3.4728394
2026-09-29 05:00:00,650.67,683.1919,32.52191,32.52191
2026-09-29 06:00:00,704.65,712.5301,7.880066,7.880066
2026-09-29 07:00:00,658.27,731.55316,73.28314,73.28314
2026-09-29 08:00:00,682.13,712.6633,30.533325,30.533325
2026-09-29 09:00:00,655.63,660.22687,4.596863,4.596863
2026-09-29 10:00:00,596.39,599.8418,3.4517822,3.4517822
2026-09-29 11:00:00,579.91003,564.2205,-15.689514,15.689514
2026-09-29 12:00:00,544.52,545.1248,0.60479736,0.60479736
2026-09-29 13:00:00,510.78003,543.9311,33.151062,33.151062
2026-09-29 14:00:00,528.35004,559.93835,31.588318,31.588318
2026-09-29 15:00:00,593.63,599.4043,5.774292,5.774292
2026-09-29 16:00:00,637.15,658.1665,21.01648,21.01648
2026-09-29 17:00:00,685.89,732.0366,46.146606,46.146606
2026-09-29 18:00:00,759.85,790.1038,30.253845,30.253845
2026-09-29 19:00:00,748.26,809.65454,61.39453,61.39453
2026-09-29 20:00:00,750.25,797.0404,46.790405,46.790405
2026-09-29 21:00:00,752.91003,763.90015,10.990112,10.990112
2026-09-29 22:00:00,689.79004,718.5,28.70996,28.70996
2026-09-29 23:00:00,653.09,683.52264,30.432617,30.432617
2026-09-30 00:00:00,640.01,653.3781,13.368103,13.368103
2026-09-30 01:00:00,633.97003,643.89435,9.924316,9.924316
2026-09-30 02:00:00,638.37,642.0096,3.6395874,3.6395874
2026-09-30 03:00:00,658.28,647.6128,-10.667236,10.667236
2026-09-30 04:00:00,651.48,663.1676,11.687622,11.687622
2026-09-30 05:00:00,612.91003,697.20996,84.29993,84.29993
2026-09-30 06:00:00,728.05,728.0035,-0.04650879,0.04650879
2026-09-30 07:00:00,698.44,736.60736,38.16736,38.16736
2026-09-30 08:00:00,669.8,710.3142,40.51422,40.51422
2026-09-30 09:00:00,656.64,659.1244,2.484375,2.484375
2026-09-30 10:00:00,636.93,594.8327,-42.09729,42.09729
2026-09-30 11:00:00,560.86,562.2147,1.3547363,1.3547363
2026-09-30 12:00:00,521.25,545.03894,23.78894,23.78894
2026-09-30 13:00:00,521.35004,543.79065,22.440613,22.440613
2026-09-30 14:00:00,555.2,561.585,6.38501,6.38501
2026-09-30 15:00:00,554.64,599.534,44.893982,44.893982
2026-09-30 16:00:00,632.24,661.3626,29.12262,29.12262
2026-09-30 17:00:00,667.14,736.9257,69.785706,69.785706
2026-09-30 18:00:00,797.95,793.6571,-4.2929077,4.2929077
2026-09-30 19:00:00,742.83,812.40454,69.574524,69.574524
2026-09-30 20:00:00,753.71,794.7144,41.004395,41.004395
2026-09-30 21:00:00,740.66003,756.7377,16.077637,16.077637
2026-09-30 22:00:00,693.97003,719.6034,25.633362,25.633362
2026-09-30 23:00:00,666.35,691.08325,24.733276,24.733276
2026-10-01 00:00:00,632.05,667.0342,34.98419,34.98419
2026-10-01 01:00:00,654.15,654.714,0.56396484,0.56396484
2026-10-01 02:00:00,620.62,648.9814,28.36139,28.36139
2026-10-01 03:00:00,636.16003,652.6258,16.46576,16.46576
2026-10-01 04:00:00,668.12,664.24756,-3.8724365,3.8724365
2026-10-01 05:00:00,655.96,692.87994,36.91992,36.91992
2026-10-01 06:00:00,715.24,723.6505,8.410522,8.410522
2026-10-01 07:00:00,687.15,735.482,48.33197,48.33197
2026-10-01 08:00:00,710.17,711.4209,1.2509155,1.2509155
2026-10-01 09:00:00,686.37,656.4008,-29.969177,29.969177
2026-10-01 10:00:00,591.98,595.08215,3.1021729,3.1021729
2026-10-01 11:00:00,580.07,563.2524,-16.817627,16.817627
2026-10-01 12:00:00,553.71,546.56116,-7.1488647,7.1488647
2026-10-01 13:00:00,512.53,546.8771,34.347046,34.347046
2026-10-01 14:00:00,585.21,564.3273,-20.882751,20.882751
2026-10-01 15:00:00,554.02,602.2893,48.269287,48.269287
2026-10-01 16:00:00,622.91003,662.481,39.570984,39.570984
2026-10-01 17:00:00,698.95,740.4275,41.477478,41.477478
2026-10-01 18:00:00,770.03,798.8481,28.818054,28.818054
2026-10-01 19:00:00,767.95,817.5081,49.558105,49.558105
2026-10-01 20:00:00,751.29004,802.0132,50.723145,50.723145
2026-10-01 21:00:00,727.36,768.0521,40.69214,40.69214
2026-10-01 22:00:00,730.34,725.71326,-4.62677,4.62677
2026-10-01 23:00:00,677.08,688.6298,11.549805,11.549805
2026-10-02 00:00:00,678.99,653.629,-25.360962,25.360962
2026-10-02 01:00:00,629.73,644.69006,14.960083,14.960083
2026-10-02 02:00:00,670.24,641.0306,-29.209412,29.209412
2026-10-02 03:00:00,632.13,646.18365,14.05365,14.05365
2026-10-02 04:00:00,611.69,661.33307,49.643066,49.643066
2026-10-02 05:00:00,654.52,685.28546,30.765442,30.765442
2026-10-02 06:00:00,679.63,716.7005,37.070496,37.070496
2026-10-02 07:00:00,655.65,737.2767,81.62665,81.62665
2026-10-02 08:00:00,731.71,711.2386,-20.471436,20.471436
2026-10-02 09:00:00,596.96,663.64954,66.689514,66.689514
2026-10-02 10:00:00,603.88,595.991,-7.888977,7.888977
2026-10-02 11:00:00,540.05,563.98456,23.93457,23.93457
2026-10-02 12:00:00,552.87,547.52875,-5.3412476,5.3412476
2026-10-02 13:00:00,522.13,546.6982,24.568176,24.568176
2026-10-02 14:00:00,569.55,563.0127,-6.5372925,6.5372925
2026-10-02 15:00:00,596.98,599.1271,2.1470947,2.1470947
2026-10-02 16:00:00,623.0,662.5384,39.53839,39.53839
2026-10-02 17:00:00,703.29004,739.37964,36.0896,36.0896
2026-10-02 18:00:00,747.87,793.8714,46.001404,46.001404
2026-10-02 19:00:00,709.72003,813.9431,104.22308,104.22308
2026-10-02 20:00:00,736.33,798.50256,62.172546,62.172546
2026-10-02 21:00:00,760.93,763.6798,2.749817,2.749817
2026-10-02 22:00:00,703.4,723.24115,19.841125,19.841125
2026-10-02 23:00:00,651.29004,689.77765,38.48761,38.48761
2026-10-03 00:00:00,535.09,549.35034,14.260315,14.260315
2026-10-03 01:00:00,543.71,549.1082,5.3981934,5.3981934
2026-10-03 02:00:00,543.93,553.08984,9.159851,9.159851
2026-10-03 03:00:00,577.23,557.3897,-19.840271,19.840271
2026-10-03 04:00:00,551.78,571.90295,20.122925,20.122925
2026-10-03 05:00:00,578.44,587.61664,9.176636,9.176636
2026-10-03 06:00:00,597.59,603.259,5.6689453,5.6689453
2026-10-03 07:00:00,570.84,613.9223,43.082275,43.082275
2026-10-03 08:00:00,585.55,596.8456,11.295593,11.295593
2026-10-03 09:00:00,530.38,556.5682,26.188171,26.188171
2026-10-03 10:00:00,470.38,508.87994,38.49994,38.49994
2026-10-03 11:00:00,472.78003,479.47827,6.698242,6.698242
2026-10-03 12:00:00,454.91003,467.00995,12.099915,12.099915
2026-10-03 13:00:00,412.44,465.09058,52.650574,52.650574
2026-10-03 14:00:00,479.30002,478.29535,-1.0046692,1.0046692
2026-10-03 15:00:00,493.76,513.4745,19.714478,19.714478
2026-10-03 16:00:00,551.98,568.49274,16.512756,16.512756
2026-10-03 17:00:00,592.38,634.11505,41.735046,41.735046
2026-10-03 18:00:00,603.56,699.5142,95.95422,95.95422
2026-10-03 19:00:00,634.04004,734.5401,100.50006,100.50006
2026-10-03 20:00:00,650.16003,724.3443,74.184265,74.184265
2026-10-03 21:00:00,588.07,676.9863,88.91632,88.91632
2026-10-03 22:00:00,576.55,621.0263,44.47632,44.47632
2026-10-03 23:00:00,560.92004,578.2462,17.326172,17.326172
2026-10-04 00:00:00,512.17004,562.0981,49.92804,49.92804
2026-10-04 01:00:00,543.54004,561.8355,18.295471,18.295471
2026-10-04 02:00:00,539.08,564.9075,25.827454,25.827454
2026-10-04 03:00:00,506.86002,567.317,60.457,60.457
2026-10-04 04:00:00,541.58,573.19415,31.614136,31.614136
2026-10-04 05:00:00,590.95,583.4056,-7.5444336,7.5444336
2026-10-04 06:00:00,580.13,602.41693,22.286926,22.286926
2026-10-04 07:00:00,543.46,609.1671,65.70709,65.70709
2026-10-04 08:00:00,538.96,592.907,53.94696,53.94696
2026-10-04 09:00:00,550.04004,551.3762,1.3361816,1.3361816
2026-10-04 10:00:00,447.58002,503.91876,56.338745,56.338745
2026-10-04 11:00:00,476.07,474.52704,-1.5429688,1.5429688
2026-10-04 12:00:00,406.13,464.10898,57.978973,57.978973
2026-10-04 13:00:00,412.52002,462.18872,49.6687,49.6687
2026-10-04 14:00:00,439.55002,477.82358,38.27356,38.27356
2026-10-04 15:00:00,475.76,516.12946,40.369446,40.369446
2026-10-04 16:00:00,539.64,574.7398,35.099792,35.099792
2026-10-04 17:00:00,587.59,636.1053,48.51526,48.51526
2026-10-04 18:00:00,664.76,699.3827,34.62268,34.62268
2026-10-04 19:00:00,665.87,734.3152,68.44519,68.44519
2026-10-04 20:00:00,623.86,718.9319,95.0719,95.0719
2026-10-04 21:00:00,603.53,663.51733,59.987305,59.987305
2026-10-04 22:00:00,579.79004,603.9859,24.195862,24.195862
2026-10-04 23:00:00,525.14,565.9734,40.833374,40.833374
2026-10-05 00:00:00,616.78,638.9323,22.152283,22.152283
2026-10-05 01:00:00,670.52,651.3607,-19.159302,19.159302
2026-10-05 02:00:00,618.39,626.0192,7.6292114,7.6292114
2026-10-05 03:00:00,632.45,631.9749,-0.47509766,0.47509766
2026-10-05 04:00:00,643.57,650.1246,6.5545654,6.5545654
2026-10-05 05:00:00,675.61,678.51135,2.9013672,2.9013672
2026-10-05 06:00:00,696.39,710.7856,14.395569,14.395569
2026-10-05 07:00:00,663.53,724.82983,61.299805,61.299805
2026-10-05 08:00:00,696.04,700.7465,4.706543,4.706543
2026-10-05 09:00:00,635.81,654.9516,19.141602,19.141602
2026-10-05 10:00:00,579.08,596.8712,17.791199,17.791199
2026-10-05 11:00:00,607.46,562.50574,-44.954285,44.954285
2026-10-05 12:00:00,528.4,543.84033,15.440308,15.440308
2026-10-05 13:00:00,541.9,541.7229,-0.17712402,0.17712402
2026-10-05 14:00:00,532.29004,558.05444,25.764404,25.764404
2026-10-05 15:00:00,590.7,592.7506,2.0505981,2.0505981
2026-10-05 16:00:00,592.15,646.7243,54.57428,54.57428
2026-10-05 17:00:00,683.74,718.0828,34.342834,34.342834
2026-10-05 18:00:00,728.5,782.586,54.086,54.086
2026-10-05 19:00:00,759.98,808.596,48.616028,48.616028
2026-10-05 20:00:00,741.18,799.85474,58.674744,58.674744
2026-10-05 21:00:00,737.93,770.9936,33.0636,33.0636
2026-10-05 22:00:00,672.93,730.75446,57.824463,57.824463
2026-10-05 23:00:00,649.84,690.4538,40.61377,40.61377
2026-10-06 00:00:00,639.01,656.91693,17.906921,17.906921
2026-10-06 01:00:00,666.02,645.36414,-20.655884,20.655884
2026-10-06 02:00:00,680.03,646.36664,-33.66339,33.66339
2026-10-06 03:00:00,622.67,650.15894,27.488953,27.488953
2026-10-06 04:00:00,632.38,663.8744,31.494385,31.494385
2026-10-06 05:00:00,667.56,690.57153,23.011536,23.011536
2026-10-06 06:00:00,698.33,718.78625,20.456238,20.456238
2026-10-06 07:00:00,726.55,729.5905,3.0405273,3.0405273
2026-10-06 08:00:00,694.5,712.2422,17.742188,17.742188
2026-10-06 09:00:00,660.79,664.55273,3.7627563,3.7627563
2026-10-06 10:00:00,609.56,602.9492,-6.610779,6.610779
2026-10-06 11:00:00,545.61,566.381,20.770996,20.770996
2026-10-06 12:00:00,543.15,545.9077,2.7576904,2.7576904
2026-10-06 13:00:00,519.51,543.1973,23.687317,23.687317
2026-10-06 14:00:00,132.90002,558.9561,426.0561,426.0561
2026-10-06 15:00:00,616.68,582.4375,-34.242493,34.242493
2026-10-06 16:00:00,1181.62,630.5867,-551.0333,551.0333
2026-10-06 17:00:00,707.77,720.3109,12.540894,12.540894
2026-10-06 18:00:00,728.92,788.664,59.74402,59.74402
2026-10-06 19:00:00,749.74,812.8025,63.0625,63.0625
2026-10-06 20:00:00,770.92,802.07935,31.159363,31.159363
2026-10-06 21:00:00,701.31,768.3427,67.032715,67.032715
2026-10-06 22:00:00,730.69,727.0784,-3.6115723,3.6115723
2026-10-06 23:00:00,661.71,692.32074,30.610718,30.610718
2026-10-07 00:00:00,680.31,659.59454,-20.715454,20.715454
2026-10-07 01:00:00,597.86,647.02814,49.16815,49.16815
2026-10-07 02:00:00,629.73,640.8145,11.084534,11.084534
2026-10-07 03:00:00,676.18,644.38385,-31.796143,31.796143
2026-10-07 04:00:00,644.14,659.9084,15.768372,15.768372
2026-10-07 05:00:00,661.2,685.7459,24.545898,24.545898
2026-10-07 06:00:00,689.03,716.27136,27.241333,27.241333
2026-10-07 07:00:00,666.55,725.8451,59.295105,59.295105
2026-10-07 08:00:00,667.76,699.8694,32.109375,32.109375
2026-10-07 09:00:00,662.13,649.6946,-12.435425,12.435425
2026-10-07 10:00:00,537.18,591.0619,53.881897,53.881897
2026-10-07 11:00:00,562.64,558.89746,-3.7425537,3.7425537
2026-10-07 12:00:00,549.71,543.09534,-6.614685,6.614685
2026-10-07 13:00:00,515.67004,542.945,27.274963,27.274963
2026-10-07 14:00:00,570.31,559.9151,-10.394897,10.394897
2026-10-07 15:00:00,585.03,599.0342,14.00415,14.00415
2026-10-07 16:00:00,638.41003,660.98944,22.579407,22.579407
2026-10-07 17:00:00,691.72003,737.4974,45.777344,45.777344
2026-10-07 18:00:00,737.06,794.34796,57.287964,57.287964
2026-10-07 19:00:00,760.19,813.51624,53.326233,53.326233
2026-10-07 20:00:00,741.53,798.2954,56.76538,56.76538
2026-10-07 21:00:00,734.37,763.0572,28.687195,28.687195
2026-10-07 22:00:00,716.74,720.2106,3.470581,3.470581
2026-10-07 23:00:00,669.05,681.6199,12.569885,12.569885
2026-10-08 00:00:00,619.33,642.99274,23.66272,23.66272
2026-10-08 01:00:00,582.97003,633.5287,50.558655,50.558655
2026-10-08 02:00:00,642.34,637.0574,-5.282654,5.282654
2026-10-08 03:00:00,654.63,642.54803,-12.08197,12.08197
2026-10-08 04:00:00,624.0,659.53754,35.537537,35.537537
2026-10-08 05:00:00,662.64,690.0765,27.436462,27.436462
2026-10-08 06:00:00,659.0,719.34534,60.345337,60.345337
2026-10-08 07:00:00,705.35,735.0709,29.720947,29.720947
2026-10-08 08:00:00,637.99,712.98627,74.99628,74.99628
2026-10-08 09:00:00,646.88,660.5978,13.717773,13.717773
2026-10-08 10:00:00,582.79004,595.9178,13.127747,13.127747
2026-10-08 11:00:00,557.51,563.00433,5.4943237,5.4943237
2026-10-08 12:00:00,545.82,546.15155,0.33154297,0.33154297
2026-10-08 13:00:00,563.22003,545.84863,-17.371399,17.371399
2026-10-08 14:00:00,574.29004,563.3905,-10.899536,10.899536
2026-10-08 15:00:00,566.79004,599.7053,32.915283,32.915283
2026-10-08 16:00:00,674.15,660.4602,-13.689819,13.689819
2026-10-08 17:00:00,688.39,738.3054,49.915405,49.915405
2026-10-08 18:00:00,708.26,795.80615,87.54614,87.54614
2026-10-08 19:00:00,748.09,812.03345,63.94342,63.94342
2026-10-08 20:00:00,720.64,795.28235,74.642334,74.642334
2026-10-08 21:00:00,693.72003,760.74854,67.0285,67.0285
2026-10-08 22:00:00,676.97003,718.1652,41.19519,41.19519
2026-10-08 23:00:00,641.96,680.198,38.237976,38.237976
2026-10-09 00:00:00,637.45,642.3216,4.871582,4.871582
2026-10-09 01:00:00,623.10004,635.46155,12.361511,12.361511
2026-10-09 02:00:00,677.44,635.87744,-41.56256,41.56256
2026-10-09 03:00:00,639.11,643.1851,4.0751343,4.0751343
2026-10-09 04:00:00,608.85004,661.4971,52.647034,52.647034
2026-10-09 05:00:00,675.91003,684.51843,8.608398,8.608398
2026-10-09 06:00:00,694.26,715.8197,21.559692,21.559692
2026-10-09 07:00:00,661.29,731.8611,70.571106,70.571106
2026-10-09 08:00:00,667.65,709.56696,41.91693,41.91693
2026-10-09 09:00:00,619.18,662.9456,43.765625,43.765625
2026-10-09 10:00:00,596.38,597.696,1.315979,1.315979
2026-10-09 11:00:00,526.08,564.8568,38.776794,38.776794
2026-10-09 12:00:00,551.26,546.81165,-4.4483643,4.4483643
2026-10-09 13:00:00,541.63,544.787,3.1569824,3.1569824
2026-10-09 14:00:00,573.60004,559.7855,-13.814514,13.814514
2026-10-09 15:00:00,554.04004,595.0349,40.994873,40.994873
2026-10-09 16:00:00,630.55,649.4747,18.924683,18.924683
2026-10-09 17:00:00,699.27,730.1353,30.865295,30.865295
2026-10-09 18:00:00,749.85,792.96936,43.119385,43.119385
2026-10-09 19:00:00,777.52,814.9929,37.4729,37.4729
2026-10-09 20:00:00,758.77,800.09045,41.320435,41.320435
2026-10-09 21:00:00,716.81,766.0841,49.27411,49.27411
2026-10-09 22:00:00,711.71,725.35156,13.641541,13.641541
2026-10-09 23:00:00,682.89,688.417,5.5269775,5.5269775
2026-10-10 00:00:00,549.32,549.527,0.20697021,0.20697021
2026-10-10 01:00:00,512.84,551.5768,38.736755,38.736755
2026-10-10 02:00:00,483.66003,554.156,70.49597,70.49597
2026-10-10 03:00:00,519.85004,558.3512,38.50116,38.50116
2026-10-10 04:00:00,523.47003,561.21686,37.746826,37.746826
2026-10-10 05:00:00,592.73,576.4988,-16.231201,16.231201
2026-10-10 06:00:00,530.54004,599.022,68.48193,68.48193
2026-10-10 07:00:00,634.49,610.56854,-23.921448,23.921448
2026-10-10 08:00:00,580.49,598.72723,18.237244,18.237244
2026-10-10 09:00:00,563.15,558.89966,-4.250366,4.250366
2026-10-10 10:00:00,535.41003,510.73535,-24.674683,24.674683
2026-10-10 11:00:00,453.56,479.51974,25.959747,25.959747
2026-10-10 12:00:00,431.18002,464.40808,33.228058,33.228058
2026-10-10 13:00:00,424.73,463.14093,38.41092,38.41092
2026-10-10 14:00:00,443.43002,476.36438,32.934357,32.934357
2026-10-10 15:00:00,461.22003,511.68997,50.46994,50.46994
2026-10-10 16:00:00,523.07,564.89685,41.826843,41.826843
2026-10-10 17:00:00,579.41003,626.2539,46.843872,46.843872
2026-10-10 18:00:00,624.52,688.85925,64.33923,64.33923
2026-10-10 19:00:00,667.0,721.2687,54.268677,54.268677
2026-10-10 20:00:00,614.03,710.8615,96.83148,96.83148
2026-10-10 21:00:00,606.37,662.8706,56.50061,56.50061
2026-10-10 22:00:00,584.94,605.71844,20.778442,20.778442
2026-10-10 23:00:00,503.54004,563.7207,60.180664,60.180664
2026-10-11 00:00:00,476.41003,564.4282,88.01819,88.01819
2026-10-11 01:00:00,531.27,559.84265,28.572632,28.572632
2026-10-11 02:00:00,486.89,558.33795,71.44794,71.44794
2026-10-11 03:00:00,527.75,560.0687,32.318726,32.318726
2026-10-11 04:00:00,523.05,566.81067,43.76068,43.76068
2026-10-11 05:00:00,561.35004,576.41003,15.059998,15.059998
2026-10-11 06:00:00,586.4,591.4525,5.05249,5.05249
2026-10-11 07:00:00,550.59,607.3746,56.784546,56.784546
2026-10-11 08:00:00,594.24,595.9937,1.7537231,1.7537231
2026-10-11 09:00:00,551.84,561.59344,9.753418,9.753418
2026-10-11 10:00:00,491.11002,513.69617,22.586151,22.586151
2026-10-11 11:00:00,485.57,480.57675,-4.9932556,4.9932556
2026-10-11 12:00:00,435.18002,465.73907,30.559052,30.559052
2026-10-11 13:00:00,417.17,462.154,44.98398,44.98398
2026-10-11 14:00:00,450.76,474.85144,24.09143,24.09143
2026-10-11 15:00:00,483.55002,511.35767,27.807648,27.807648
2026-10-11 16:00:00,524.29004,567.06964,42.779602,42.779602
2026-10-11 17:00:00,599.83,626.5355,26.705505,26.705505
2026-10-11 18:00:00,642.42,688.20764,45.78766,45.78766
2026-10-11 19:00:00,597.26,720.8675,123.60748,123.60748
2026-10-11 20:00:00,668.82,702.26746,33.44745,33.44745
2026-10-11 21:00:00,610.47003,649.54626,39.076233,39.076233
2026-10-11 22:00:00,592.67,600.8994,8.229431,8.229431
2026-10-11 23:00:00,548.12,568.4738,20.35382,20.35382
2026-10-12 00:00:00,597.55,632.2021,34.6521,34.6521
2026-10-12 01:00:00,590.54004,644.312,53.771973,53.771973
2026-10-12 02:00:00,612.77,638.97235,26.202332,26.202332
2026-10-12 03:00:00,636.07,641.0802,5.010193,5.010193
2026-10-12 04:00:00,620.83,657.81665,36.986633,36.986633
2026-10-12 05:00:00,681.8,682.68036,0.8803711,0.8803711
2026-10-12 06:00:00,675.39,714.983,39.592957,39.592957
2026-10-12 07:00:00,720.85,734.27563,13.425659,13.425659
2026-10-12 08:00:00,683.37,717.1387,33.768677,33.768677
2026-10-12 09:00:00,649.0,667.9711,18.97113,18.97113
2026-10-12 10:00:00,574.97003,607.2036,32.23358,32.23358
2026-10-12 11:00:00,537.36,567.61084,30.250854,30.250854
2026-10-12 12:00:00,510.01,546.0885,36.07849,36.07849
2026-10-12 13:00:00,510.19,542.5792,32.38922,32.38922
2026-10-12 14:00:00,536.2,558.70013,22.500122,22.500122
2026-10-12 15:00:00,606.52,594.0133,-12.506714,12.506714
2026-10-12 16:00:00,675.05,650.6102,-24.439758,24.439758
2026-10-12 17:00:00,656.21,725.42755,69.21753,69.21753
2026-10-12 18:00:00,740.83,784.16187,43.33185,43.33185
2026-10-12 19:00:00,754.17,807.3987,53.2287,53.2287
2026-10-12 20:00:00,739.87,795.88715,56.01715,56.01715
2026-10-12 21:00:00,692.88,765.07544,72.195435,72.195435
2026-10-12 22:00:00,699.67,724.25336,24.583374,24.583374
2026-10-12 23:00:00,658.08,685.1665,27.086487,27.086487
2026-10-13 00:00:00,643.52,650.83276,7.312744,7.312744
2026-10-13 01:00:00,628.97003,637.903,8.932983,8.932983
2026-10-13 02:00:00,584.51,634.4549,49.944885,49.944885
2026-10-13 03:00:00,617.42,645.0482,27.628235,27.628235
2026-10-13 04:00:00,655.14,658.46326,3.3232422,3.3232422
2026-10-13 05:00:00,663.14,687.0314,23.891357,23.891357
2026-10-13 06:00:00,688.84,723.84503,35.005005,35.005005
2026-10-13 07:00:00,712.94,736.09436,23.154358,23.154358
2026-10-13 08:00:00,660.25,708.6901,48.440125,48.440125
2026-10-13 09:00:00,654.31,660.35376,6.043762,6.043762
2026-10-13 10:00:00,656.61,597.07416,-59.535828,59.535828
2026-10-13 11:00:00,584.54004,563.95276,-20.58728,20.58728
2026-10-13 12:00:00,554.96,546.12994,-8.830078,8.830078
2026-10-13 13:00:00,551.81,545.6069,-6.203125,6.203125
2026-10-13 14:00:00,572.71,563.7216,-8.988403,8.988403
2026-10-13 15:00:00,588.52,601.9493,13.42926,13.42926
2026-10-13 16:00:00,634.23,664.5552,30.325195,30.325195
2026-10-13 17:00:00,716.49,736.74603,20.256042,20.256042
2026-10-13 18:00:00,685.03,789.0784,104.0484,104.0484
2026-10-13 19:00:00,714.58,802.5469,87.96686,87.96686
2026-10-13 20:00:00,711.31,786.451,75.14099,75.14099
2026-10-13 21:00:00,700.85,751.9511,51.101135,51.101135
2026-10-13 22:00:00,688.91003,707.91095,19.000916,19.000916
2026-10-13 23:00:00,686.55,668.5447,-18.00531,18.00531
2026-10-14 00:00:00,605.95,634.76776,28.817749,28.817749
2026-10-14 01:00:00,664.06,628.00854,-36.051453,36.051453
2026-10-14 02:00:00,616.41003,631.0724,14.6623535,14.6623535
2026-10-14 03:00:00,648.19,640.88745,-7.3025513,7.3025513
2026-10-14 04:00:00,636.22003,656.98926,20.769226,20.769226
2026-10-14 05:00:00,628.64,683.85706,55.21704,55.21704
2026-10-14 06:00:00,709.96,716.6132,6.6531982,6.6531982
2026-10-14 07:00:00,673.31,732.9905,59.68048,59.68048
2026-10-14 08:00:00,637.69,709.5026,71.81262,71.81262
2026-10-14 09:00:00,649.48,657.0991,7.6191406,7.6191406
2026-10-14 10:00:00,619.19,594.31915,-24.87085,24.87085
2026-10-14 11:00:00,596.7,562.03674,-34.66327,34.66327
2026-10-14 12:00:00,559.61,546.33057,-13.279419,13.279419
2026-10-14 13:00:00,551.01,543.69476,-7.3152466,7.3152466
2026-10-14 14:00:00,526.58,559.41693,32.836914,32.836914
2026-10-14 15:00:00,536.12,594.5242,58.404175,58.404175
2026-10-14 16:00:00,591.46,649.4404,57.980408,57.980408
2026-10-14 17:00:00,707.2,724.1212,16.921204,16.921204
2026-10-14 18:00:00,747.53,781.19604,33.666016,33.666016
2026-10-14 19:00:00,750.47,803.92096,53.45099,53.45099
2026-10-14 20:00:00,763.18,791.82294,28.642944,28.642944
2026-10-14 21:00:00,728.96,760.759,31.79895,31.79895
2026-10-14 22:00:00,679.83,718.58105,38.751038,38.751038
2026-10-14 23:00:00,669.92,679.341,9.4210205,9.4210205
2026-10-15 00:00:00,601.44,642.41003,40.97003,40.97003
2026-10-15 01:00:00,687.51,635.21594,-52.294067,52.294067
2026-10-15 02:00:00,581.99,634.56006,52.57007,52.57007
2026-10-15 03:00:00,617.87,638.6061,20.736084,20.736084
2026-10-15 04:00:00,619.19,653.742,34.552002,34.552002
2026-10-15 05:00:00,650.01,688.0947,38.084717,38.084717
2026-10-15 06:00:00,680.61,721.21564,40.60565,40.60565
2026-10-15 07:00:00,728.28,733.4508,5.1707764,5.1707764
2026-10-15 08:00:00,692.59,712.97394,20.383911,20.383911
2026-10-15 09:00:00,646.22003,663.43933,17.2193,17.2193
2026-10-15 10:00:00,617.08,598.4735,-18.606506,18.606506
2026-10-15 11:00:00,542.35004,563.8736,21.52356,21.52356
2026-10-15 12:00:00,545.57,545.3795,-0.19049072,0.19049072
2026-10-15 13:00:00,526.53,544.69885,18.168823,18.168823
2026-10-15 14:00:00,513.88,561.3055,47.425476,47.425476
2026-10-15 15:00:00,564.21,596.7367,32.526672,32.526672
2026-10-15 16:00:00,617.23,654.4692,37.239197,37.239197
2026-10-15 17:00:00,736.75,731.56396,-5.186035,5.186035
2026-10-15 18:00:00,735.41003,793.27783,57.867798,57.867798
2026-10-15 19:00:00,747.32,812.50867,65.18866,65.18866
2026-10-15 20:00:00,727.39,795.8606,68.47058,68.47058
2026-10-15 21:00:00,673.69,759.1679,85.477905,85.477905
2026-10-15 22:00:00,660.06,719.71594,59.655945,59.655945
2026-10-15 23:00:00,638.0,684.6803,46.680298,46.680298
2026-10-16 00:00:00,652.34,648.6898,-3.6502075,3.6502075
2026-10-16 01:00:00,624.88,637.0708,12.190796,12.190796
2026-10-16 02:00:00,628.05,635.09454,7.0445557,7.0445557
2026-10-16 03:00:00,654.88,639.6753,-15.204712,15.204712
2026-10-16 04:00:00,657.48,654.29834,-3.1816406,3.1816406
2026-10-16 05:00:00,670.22003,681.69885,11.478821,11.478821
2026-10-16 06:00:00,715.37,716.2665,0.8964844,0.8964844
2026-10-16 07:00:00,676.05,731.8333,55.783325,55.783325
2026-10-16 08:00:00,622.46,710.4546,87.99457,87.99457
2026-10-16 09:00:00,655.03,662.70654,7.6765137,7.6765137
2026-10-16 10:00:00,584.51,599.5725,15.0625,15.0625
2026-10-16 11:00:00,581.61,566.67053,-14.939453,14.939453
2026-10-16 12:00:00,536.44,548.55865,12.118652,12.118652
2026-10-16 13:00:00,605.74,547.62756,-58.112427,58.112427
2026-10-16 14:00:00,574.15,564.8366,-9.313416,9.313416
2026-10-16 15:00:00,589.67,599.09393,9.42395,9.42395
2026-10-16 16:00:00,657.19,661.5868,4.3967896,4.3967896
2026-10-16 17:00:00,661.83,740.05817,78.22815,78.22815
2026-10-16 18:00:00,724.09,793.30927,69.21924,69.21924
2026-10-16 19:00:00,730.09,807.5368,77.44678,77.44678
2026-10-16 20:00:00,734.72003,788.5429,53.822876,53.822876
2026-10-16 21:00:00,674.72003,752.17413,77.4541,77.4541
2026-10-16 22:00:00,649.27,711.37415,62.104126,62.104126
2026-10-16 23:00:00,639.36,670.6541,31.294128,31.294128
2026-10-17 00:00:00,471.98,538.81305,66.83304,66.83304
2026-10-17 01:00:00,505.83002,543.09625,37.266235,37.266235
2026-10-17 02:00:00,484.45,551.1344,66.68439,66.68439
2026-10-17 03:00:00,508.98,547.91675,38.936737,38.936737
2026-10-17 04:00:00,489.40002,557.05566,67.65564,67.65564
2026-10-17 05:00:00,579.31,573.01184,-6.2981567,6.2981567
2026-10-17 06:00:00,603.66003,594.8009,-8.859131,8.859131
2026-10-17 07:00:00,565.42004,606.39557,40.975525,40.975525
2026-10-17 08:00:00,584.51,595.063,10.5529785,10.5529785
2026-10-17 09:00:00,561.75,559.6969,-2.0531006,2.0531006
2026-10-17 10:00:00,505.69,510.90884,5.2188416,5.2188416
2026-10-17 11:00:00,427.89,478.2456,50.35559,50.35559
2026-10-17 12:00:00,398.48,466.8637,68.3837,68.3837
2026-10-17 13:00:00,461.74002,466.13882,4.3988037,4.3988037
2026-10-17 14:00:00,411.17004,483.33197,72.16193,72.16193
2026-10-17 15:00:00,483.48004,518.29913,34.81909,34.81909
2026-10-17 16:00:00,502.79,572.7244,69.93442,69.93442
2026-10-17 17:00:00,554.92,628.9481,74.02814,74.02814
2026-10-17 18:00:00,616.41003,688.3256,71.91559,71.91559
2026-10-17 19:00:00,652.79,720.5983,67.80835,67.80835
2026-10-17 20:00:00,630.04004,713.37213,83.33209,83.33209
2026-10-17 21:00:00,569.3,668.2506,98.95062,98.95062
2026-10-17 22:00:00,564.54004,612.2154,47.675354,47.675354
2026-10-17 23:00:00,523.09,570.18036,47.090332,47.090332
2026-10-18 00:00:00,511.78,566.9276,55.147614,55.147614
2026-10-18 01:00:00,524.66003,563.3039,38.64386,38.64386
2026-10-18 02:00:00,505.88,561.08435,55.204346,55.204346
2026-10-18 03:00:00,518.25,560.22736,41.977356,41.977356
2026-10-18 04:00:00,517.65,564.61926,46.96924,46.96924
2026-10-18 05:00:00,561.45,576.2428,14.792786,14.792786
2026-10-18 06:00:00,580.72003,588.3988,7.678772,7.678772
2026-10-18 07:00:00,586.48,605.3446,18.864624,18.864624
2026-10-18 08:00:00,568.34,595.08203,26.742004,26.742004
2026-10-18 09:00:00,579.0,561.3281,-17.671875,17.671875
2026-10-18 10:00:00,491.81,514.6048,22.7948,22.7948
2026-10-18 11:00:00,452.65002,480.14447,27.494446,27.494446
2026-10-18 12:00:00,405.64,464.84247,59.202454,59.202454
2026-10-18 13:00:00,465.64,460.69635,-4.9436646,4.9436646
2026-10-18 14:00:00,463.05002,474.76,11.709991,11.709991
2026-10-18 15:00:00,485.71002,510.09335,24.383331,24.383331
2026-10-18 16:00:00,487.13,564.9204,77.790405,77.790405
2026-10-18 17:00:00,590.32,622.4043,32.08429,32.08429
2026-10-18 18:00:00,622.99,685.615,62.625,62.625
2026-10-18 19:00:00,657.71,717.16345,59.45343,59.45343
2026-10-18 20:00:00,630.13,702.3655,72.23547,72.23547
2026-10-18 21:00:00,596.64,650.62665,53.986633,53.986633
2026-10-18 22:00:00,557.39,600.3226,42.932556,42.932556
2026-10-18 23:00:00,543.08,564.66187,21.581848,21.581848
2026-10-19 00:00:00,641.14,635.8436,-5.2963867,5.2963867
2026-10-19 01:00:00,649.52,653.0144,3.4943848,3.4943848
2026-10-19 02:00:00,606.08,643.6744,37.59436,37.59436
2026-10-19 03:00:00,628.58,645.7496,17.169556,17.169556
2026-10-19 04:00:00,616.22003,659.92615,43.706116,43.706116
2026-10-19 05:00:00,650.53,687.8519,37.3219,37.3219
2026-10-19 06:00:00,670.18,719.3007,49.120728,49.120728
2026-10-19 07:00:00,675.34,733.6775,58.337463,58.337463
2026-10-19 08:00:00,680.36,716.22266,35.86267,35.86267
2026-10-19 09:00:00,680.59,670.81366,-9.776367,9.776367
2026-10-19 10:00:00,569.99,610.11597,40.125977,40.125977
2026-10-19 11:00:00,557.84,568.7449,10.904846,10.904846
2026-10-19 12:00:00,523.52,545.6316,22.111572,22.111572
2026-10-19 13:00:00,524.38,541.8976,17.517578,17.517578
2026-10-19 14:00:00,586.24,558.71875,-27.52124,27.52124
2026-10-19 15:00:00,590.92,596.2536,5.333618,5.333618
2026-10-19 16:00:00,613.97003,652.28046,38.310425,38.310425
2026-10-19 17:00:00,715.09,723.0265,7.9364624,7.9364624
2026-10-19 18:00:00,739.46,781.0458,41.585754,41.585754
2026-10-19 19:00:00,727.66003,802.58984,74.92981,74.92981
2026-10-19 20:00:00,732.74,790.6129,57.872925,57.872925
2026-10-19 21:00:00,705.87,758.60394,52.733948,52.733948
2026-10-19 22:00:00,690.38,714.23785,23.85785,23.85785
2026-10-19 23:00:00,660.0,672.8076,12.807617,12.807617
2026-10-20 00:00:00,622.72003,633.4106,10.690552,10.690552
2026-10-20 01:00:00,641.29004,622.0429,-19.247131,19.247131
2026-10-20 02:00:00,619.67,627.033,7.363037,7.363037
2026-10-20 03:00:00,631.45,632.3674,0.9173584,0.9173584
2026-10-20 04:00:00,683.39,646.8482,-36.54181,36.54181
2026-10-20 05:00:00,625.52,676.7508,51.230774,51.230774
2026-10-20 06:00:00,707.81,706.9868,-0.82318115,0.82318115
2026-10-20 07:00:00,672.35004,722.3657,50.015686,50.015686
2026-10-20 08:00:00,688.07,701.95984,13.889832,13.889832
2026-10-20 09:00:00,643.07,654.21466,11.144653,11.144653
2026-10-20 10:00:00,574.48,595.90936,21.429382,21.429382
2026-10-20 11:00:00,537.76,561.5893,23.829285,23.829285
2026-10-20 12:00:00,517.62,545.08154,27.461548,27.461548
2026-10-20 13:00:00,537.39,543.41864,6.0286255,6.0286255
2026-10-20 14:00:00,544.97003,561.66943,16.699402,16.699402
2026-10-20 15:00:00,585.71,598.98285,13.272827,13.272827
2026-10-20 16:00:00,659.82,657.53033,-2.2896729,2.2896729
2026-10-20 17:00:00,662.17,724.5349,62.36493,62.36493
2026-10-20 18:00:00,721.38,771.4327,50.052673,50.052673
2026-10-20 19:00:00,732.29004,790.1006,57.810547,57.810547
2026-10-20 20:00:00,756.74,773.5858,16.845825,16.845825
2026-10-20 21:00:00,698.35,732.7173,34.36731,34.36731
2026-10-20 22:00:00,685.46,695.64166,10.181641,10.181641
2026-10-20 23:00:00,620.99,661.9519,40.961914,40.961914
2026-10-21 00:00:00,625.76,634.2368,8.476807,8.476807
2026-10-21 01:00:00,633.83,628.72705,-5.1029663,5.1029663
2026-10-21 02:00:00,621.99,629.6024,7.6124268,7.6124268
2026-10-21 03:00:00,619.31,636.3228,17.012817,17.012817
2026-10-21 04:00:00,609.23,652.9583,43.728333,43.728333
2026-10-21 05:00:00,699.41003,681.02985,-18.380188,18.380188
2026-10-21 06:00:00,688.17,714.8585,26.688538,26.688538
2026-10-21 07:00:00,746.14,732.0952,-14.0448,14.0448
2026-10-21 08:00:00,692.59,709.27545,16.685425,16.685425
2026-10-21 09:00:00,657.14,657.60004,0.46002197,0.46002197
2026-10-21 10:00:00,590.55,594.5855,4.0355225,4.0355225
2026-10-21 11:00:00,556.47003,560.6312,4.161194,4.161194
2026-10-21 12:00:00,537.28,544.18976,6.909729,6.909729
2026-10-21 13:00:00,555.32,542.80505,-12.514954,12.514954
2026-10-21 14:00:00,575.49,560.9862,-14.503784,14.503784
2026-10-21 15:00:00,563.72003,596.82294,33.102905,33.102905
2026-10-21 16:00:00,608.15,653.2642,45.114197,45.114197
2026-10-21 17:00:00,668.27,728.15936,59.889343,59.889343
2026-10-21 18:00:00,745.43,787.78064,42.350647,42.350647
2026-10-21 19:00:00,737.1,806.6636,69.5636,69.5636
2026-10-21 20:00:00,732.31,792.3107,60.000732,60.000732
2026-10-21 21:00:00,745.32,757.81433,12.494324,12.494324
2026-10-21 22:00:00,669.24,715.9868,46.746826,46.746826
2026-10-21 23:00:00,625.76,677.0351,51.275085,51.275085
2026-10-22 00:00:00,660.37,638.6063,-21.763672,21.763672
2026-10-22 01:00:00,624.35004,628.5904,4.2403564,4.2403564
2026-10-22 02:00:00,651.84,629.2776,-22.562439,22.562439
2026-10-22 03:00:00,657.08,634.60815,-22.471863,22.471863
2026-10-22 04:00:00,649.29004,653.01825,3.7282104,3.7282104
2026-10-22 05:00:00,670.13,676.8766,6.746582,6.746582
2026-10-22 06:00:00,672.82,704.5281,31.708069,31.708069
2026-10-22 07:00:00,685.83,720.174,34.343994,34.343994
2026-10-22 08:00:00,707.79004,701.93353,-5.8565063,5.8565063
2026-10-22 09:00:00,646.29,656.96326,10.673279,10.673279
2026-10-22 10:00:00,578.69,597.3096,18.619568,18.619568
2026-10-22 11:00:00,510.58002,563.7125,53.132507,53.132507
2026-10-22 12:00:00,540.61,545.5441,4.934143,4.934143
2026-10-22 13:00:00,497.43,543.9515,46.521484,46.521484
2026-10-22 14:00:00,583.13,559.67114,-23.458862,23.458862
2026-10-22 15:00:00,594.54004,597.6138,3.0737305,3.0737305
2026-10-22 16:00:00,628.78,660.0576,31.277588,31.277588
2026-10-22 17:00:00,705.85,735.53845,29.688477,29.688477
2026-10-22 18:00:00,736.64,790.0469,53.40686,53.40686
2026-10-22 19:00:00,753.6,805.3552,51.75525,51.75525
2026-10-22 20:00:00,713.65,787.3198,73.6698,73.6698
2026-10-22 21:00:00,720.61,751.16504,30.555054,30.555054
2026-10-22 22:00:00,668.63,713.78723,45.157227,45.157227
2026-10-22 23:00:00,654.27,679.6709,25.400879,25.400879
2026-10-23 00:00:00,599.94,645.5883,45.648315,45.648315
2026-10-23 01:00:00,598.36,637.00214,38.64215,38.64215
2026-10-23 02:00:00,611.84,633.0653,21.22528,21.22528
2026-10-23 03:00:00,626.8,637.8347,11.034729,11.034729
2026-10-23 04:00:00,663.74,654.1786,-9.561401,9.561401
2026-10-23 05:00:00,590.47003,685.2153,94.74524,94.74524
2026-10-23 06:00:00,731.98,712.9445,-19.035461,19.035461
2026-10-23 07:00:00,690.41003,729.6136,39.203552,39.203552
2026-10-23 08:00:00,687.34,713.22363,25.883606,25.883606
2026-10-23 09:00:00,646.12,668.4708,22.35083,22.35083
2026-10-23 10:00:00,585.5,602.6883,17.188293,17.188293
2026-10-23 11:00:00,566.45,567.5138,1.0637817,1.0637817
2026-10-23 12:00:00,545.2,549.30273,4.102722,4.102722
2026-10-23 13:00:00,537.65,546.8665,9.216492,9.216492
2026-10-23 14:00:00,506.39,562.2734,55.88336,55.88336
2026-10-23 15:00:00,551.38,594.8626,43.482605,43.482605
2026-10-23 16:00:00,643.36,651.2198,7.8598022,7.8598022
2026-10-23 17:00:00,699.93,726.56134,26.631348,26.631348
2026-10-23 18:00:00,723.58,785.5493,61.9693,61.9693
2026-10-23 19:00:00,738.67,804.68964,66.01965,66.01965
2026-10-23 20:00:00,712.28,787.1947,74.91467,74.91467
2026-10-23 21:00:00,720.9,748.4456,27.545593,27.545593
2026-10-23 22:00:00,674.32,706.0103,31.690308,31.690308
2026-10-23 23:00:00,639.58,661.39954,21.819519,21.819519
2026-10-24 00:00:00,501.23,533.7606,32.53061,32.53061
2026-10-24 01:00:00,526.64,540.771,14.130981,14.130981
2026-10-24 02:00:00,511.87003,547.59503,35.725006,35.725006
2026-10-24 03:00:00,529.06,550.55414,21.49414,21.49414
2026-10-24 04:00:00,527.82,556.4209,28.600891,28.600891
2026-10-24 05:00:00,558.27,574.51385,16.243835,16.243835
2026-10-24 06:00:00,587.2,600.40375,13.203735,13.203735
2026-10-24 07:00:00,591.8,614.3977,22.597717,22.597717
2026-10-24 08:00:00,569.68,603.56165,33.881653,33.881653
2026-10-24 09:00:00,467.42,571.2279,103.80789,103.80789
2026-10-24 10:00:00,485.81,520.4062,34.59619,34.59619
2026-10-24 11:00:00,453.25,485.09943,31.849426,31.849426
2026-10-24 12:00:00,441.74002,469.18613,27.446106,27.446106
2026-10-24 13:00:00,399.29004,464.8493,65.559265,65.559265
2026-10-24 14:00:00,414.0,477.1109,63.1109,63.1109
2026-10-24 15:00:00,441.23,508.30072,67.07071,67.07071
2026-10-24 16:00:00,555.7,559.67395,3.973938,3.973938
2026-10-24 17:00:00,579.37,622.3387,42.96869,42.96869
2026-10-24 18:00:00,636.5,683.9581,47.45813,47.45813
2026-10-24 19:00:00,589.51,720.64874,131.13873,131.13873
2026-10-24 20:00:00,620.31,698.4879,78.17792,78.17792
2026-10-24 21:00:00,606.78,656.67065,49.890625,49.890625
2026-10-24 22:00:00,579.66003,610.0112,30.351196,30.351196
2026-10-24 23:00:00,525.72003,571.31024,45.59021,45.59021
2026-10-25 00:00:00,494.71002,558.8293,64.11926,64.11926
2026-10-25 01:00:00,496.88,557.8857,61.005676,61.005676
2026-10-25 02:00:00,530.1,552.62146,22.521484,22.521484
2026-10-25 03:00:00,480.24002,555.61206,75.37204,75.37204
2026-10-25 04:00:00,528.38,559.8855,31.505493,31.505493
2026-10-25 05:00:00,483.90002,575.4406,91.54059,91.54059
2026-10-25 06:00:00,595.60004,588.7076,-6.892456,6.892456
2026-10-25 07:00:00,577.45,602.68695,25.236938,25.236938
2026-10-25 08:00:00,599.79004,595.18665,-4.6033936,4.6033936
2026-10-25 09:00:00,527.0,562.2466,35.246582,35.246582
2026-10-25 10:00:00,478.42,514.30536,35.885345,35.885345
2026-10-25 11:00:00,444.94,479.18073,34.240723,34.240723
2026-10-25 12:00:00,419.0,462.82877,43.828766,43.828766
2026-10-25 13:00:00,386.39,459.26627,72.87625,72.87625
2026-10-25 14:00:00,423.82,471.67392,47.853912,47.853912
2026-10-25 15:00:00,418.26,505.6893,87.42929,87.42929
2026-10-25 16:00:00,528.85,556.20166,27.351685,27.351685
2026-10-25 17:00:00,564.01,617.597,53.586975,53.586975
2026-10-25 18:00:00,639.14,676.43463,37.294617,37.294617
2026-10-25 19:00:00,673.60004,708.0381,34.43805,34.43805
2026-10-25 20:00:00,580.38,695.53986,115.15985,115.15985
2026-10-25 21:00:00,598.18,643.76575,45.585754,45.585754
2026-10-25 22:00:00,550.62,592.2213,41.60132,41.60132
2026-10-25 23:00:00,547.45,561.2134,13.763367,13.763367
2026-10-26 00:00:00,609.33,629.6508,20.3208,20.3208
2026-10-26 01:00:00,624.38,646.78204,22.402039,22.402039
2026-10-26 02:00:00,599.15,637.9274,38.777405,38.777405
2026-10-26 03:00:00,612.65,636.69214,24.042114,24.042114
2026-10-26 04:00:00,631.7,653.64996,21.949951,21.949951
2026-10-26 05:00:00,620.3,684.7659,64.46594,64.46594
2026-10-26 06:00:00,651.89,713.1313,61.241272,61.241272
2026-10-26 07:00:00,692.89,727.9928,35.102783,35.102783
2026-10-26 08:00:00,674.72003,714.5888,39.868774,39.868774
2026-10-26 09:00:00,663.92,672.1521,8.232117,8.232117
2026-10-26 10:00:00,601.0,614.792,13.791992,13.791992
2026-10-26 11:00:00,546.72003,572.4442,25.724182,25.724182
2026-10-26 12:00:00,538.38,548.4686,10.088623,10.088623
2026-10-26 13:00:00,529.18,543.29956,14.119568,14.119568
2026-10-26 14:00:00,518.73,560.1773,41.447327,41.447327
2026-10-26 15:00:00,594.54004,594.3994,-0.140625,0.140625
2026-10-26 16:00:00,621.51,652.9034,31.393372,31.393372
2026-10-26 17:00:00,639.35004,718.9027,79.55267,79.55267
2026-10-26 18:00:00,707.76,770.6205,62.860474,62.860474
2026-10-26 19:00:00,783.71,787.88257,4.1725464,4.1725464
2026-10-26 20:00:00,742.5,774.91705,32.417053,32.417053
2026-10-26 21:00:00,728.99,741.48785,12.497864,12.497864
2026-10-26 22:00:00,640.23,698.74713,58.51715,58.51715
2026-10-26 23:00:00,660.5,658.5093,-1.9907227,1.9907227
2026-10-27 00:00:00,604.88,630.0727,25.192688,25.192688
2026-10-27 01:00:00,593.06,629.2966,36.236572,36.236572
2026-10-27 02:00:00,626.53,631.24854,4.718506,4.718506
2026-10-27 03:00:00,605.45,636.30743,30.857422,30.857422
2026-10-27 04:00:00,623.26,652.44366,29.183655,29.183655
2026-10-27 05:00:00,638.34,684.96844,46.628418,46.628418
2026-10-27 06:00:00,623.37,715.76447,92.39447,92.39447
2026-10-27 07:00:00,643.88,729.2466,85.36658,85.36658
2026-10-27 08:00:00,695.46,706.9885,11.528503,11.528503
2026-10-27 09:00:00,616.53,659.7908,43.260742,43.260742
2026-10-27 10:00:00,621.13,599.6218,-21.508179,21.508179
2026-10-27 11:00:00,560.48,563.6865,3.206543,3.206543
2026-10-27 12:00:00,503.43,545.2673,41.83728,41.83728
2026-10-27 13:00:00,531.88,541.22577,9.345764,9.345764
2026-10-27 14:00:00,550.45,559.5971,9.147095,9.147095
2026-10-27 15:00:00,593.94,596.156,2.2160034,2.2160034
2026-10-27 16:00:00,630.66003,656.71375,26.05371,26.05371
2026-10-27 17:00:00,665.4,731.9189,66.51886,66.51886
2026-10-27 18:00:00,731.71,783.2781,51.568054,51.568054
2026-10-27 19:00:00,751.92,799.5125,47.59253,47.59253
2026-10-27 20:00:00,705.88,783.6947,77.8147,77.8147
2026-10-27 21:00:00,716.26,743.7215,27.461487,27.461487
2026-10-27 22:00:00,661.02,700.2656,39.245605,39.245605
2026-10-27 23:00:00,654.71,664.8594,10.149353,10.149353
2026-10-28 00:00:00,611.27,637.8796,26.609558,26.609558
2026-10-28 01:00:00,577.47003,633.12646,55.656433,55.656433
2026-10-28 02:00:00,630.01,631.1326,1.1226196,1.1226196
2026-10-28 03:00:00,671.41003,636.13904,-35.270996,35.270996
2026-10-28 04:00:00,613.75,658.2278,44.477783,44.477783
2026-10-28 05:00:00,650.0,694.012,44.012024,44.012024
2026-10-28 06:00:00,673.38,723.3755,49.995483,49.995483
2026-10-28 07:00:00,701.01,736.25385,35.243835,35.243835
2026-10-28 08:00:00,678.75,711.1675,32.41748,32.41748
2026-10-28 09:00:00,616.63,656.7274,40.097412,40.097412
2026-10-28 10:00:00,591.84,594.07587,2.2358398,2.2358398
2026-10-28 11:00:00,528.69,561.5767,32.88672,32.88672
2026-10-28 12:00:00,551.54004,544.2593,-7.2807617,7.2807617
2026-10-28 13:00:00,539.81,541.6453,1.8353271,1.8353271
2026-10-28 14:00:00,544.98,556.12067,11.140686,11.140686
2026-10-28 15:00:00,576.98,590.35986,13.379883,13.379883
2026-10-28 16:00:00,626.72003,649.362,22.641968,22.641968
2026-10-28 17:00:00,701.89,722.9928,21.102783,21.102783
2026-10-28 18:00:00,758.67,782.2883,23.618347,23.618347
2026-10-28 19:00:00,742.84,802.2141,59.374084,59.374084
2026-10-28 20:00:00,714.12,785.6571,71.53711,71.53711
2026-10-28 21:00:00,674.4,749.74854,75.34851,75.34851
2026-10-28 22:00:00,684.77,705.9204,21.15039,21.15039
2026-10-28 23:00:00,617.45,666.267,48.817017,48.817017
2026-10-29 00:00:00,609.86,630.693,20.833008,20.833008
2026-10-29 01:00:00,608.07,627.08575,19.015747,19.015747
2026-10-29 02:00:00,662.55,628.4883,-34.061707,34.061707
2026-10-29 03:00:00,651.07,632.662,-18.40802,18.40802
2026-10-29 04:00:00,671.89,649.1319,-22.758118,22.758118
2026-10-29 05:00:00,639.15,678.7555,39.60547,39.60547
2026-10-29 06:00:00,711.39,711.80084,0.41082764,0.41082764
2026-10-29 07:00:00,673.0,727.9495,54.949524,54.949524
2026-10-29 08:00:00,674.38,704.15015,29.770142,29.770142
2026-10-29 09:00:00,608.82,659.7295,50.909485,50.909485
2026-10-29 10:00:00,603.3,601.42535,-1.8746338,1.8746338
2026-10-29 11:00:00,567.39,569.265,1.875,1.875
2026-10-29 12:00:00,511.40002,550.0244,38.62439,38.62439
2026-10-29 13:00:00,524.3,548.7899,24.48993,24.48993
2026-10-29 14:00:00,581.05,567.1696,-13.880371,13.880371
2026-10-29 15:00:00,563.92004,604.15625,40.236206,40.236206
2026-10-29 16:00:00,615.88,666.2329,50.352905,50.352905
2026-10-29 17:00:00,685.66003,732.3518,46.691772,46.691772
2026-10-29 18:00:00,756.24,782.15234,25.912354,25.912354
2026-10-29 19:00:00,724.31,798.2862,73.9762,73.9762
2026-10-29 20:00:00,689.84,781.79834,91.95831,91.95831
2026-10-29 21:00:00,707.81,745.1075,37.297485,37.297485
2026-10-29 22:00:00,687.39,703.5005,16.110474,16.110474
2026-10-29 23:00:00,668.15,664.657,-3.493042,3.493042
2026-10-30 00:00:00,626.88,630.1851,3.3051147,3.3051147
2026-10-30 01:00:00,596.65,628.6589,32.00885,32.00885
2026-10-30 02:00:00,636.7,627.7874,-8.912598,8.912598
2026-10-30 03:00:00,642.77,630.7248,-12.045227,12.045227
2026-10-30 04:00:00,619.09,647.4277,28.337646,28.337646
2026-10-30 05:00:00,666.98,677.26215,10.282166,10.282166
2026-10-30 06:00:00,637.99,709.18756,71.19757,71.19757
2026-10-30 07:00:00,720.23,721.2912,1.0612183,1.0612183
2026-10-30 08:00:00,657.71,703.68774,45.977722,45.977722
2026-10-30 09:00:00,586.26,657.99036,71.73035,71.73035
2026-10-30 10:00:00,573.38,594.6053,21.22528,21.22528
2026-10-30 11:00:00,566.01,562.72015,-3.289856,3.289856
2026-10-30 12:00:00,561.84,546.59985,-15.240173,15.240173
2026-10-30 13:00:00,548.23,545.9627,-2.267273,2.267273
2026-10-30 14:00:00,506.46002,561.15234,54.69232,54.69232
2026-10-30 15:00:00,551.91003,594.74316,42.83313,42.83313
2026-10-30 16:00:00,601.72003,654.14514,52.42511,52.42511
2026-10-30 17:00:00,678.8,722.77924,43.979248,43.979248
2026-10-30 18:00:00,705.89,777.2663,71.37628,71.37628
2026-10-30 19:00:00,740.51,795.3739,54.86389,54.86389
2026-10-30 20:00:00,750.29004,780.9082,30.618164,30.618164
2026-10-30 21:00:00,701.1,748.5225,47.422546,47.422546
2026-10-30 22:00:00,697.6,709.84595,12.245972,12.245972
2026-10-30 23:00:00,639.35004,671.6329,32.282837,32.282837
2026-10-31 00:00:00,537.19,539.489,2.2990112,2.2990112
2026-10-31 01:00:00,532.79004,545.7488,12.95874,12.95874
2026-10-31 02:00:00,522.47003,552.129,29.658997,29.658997
2026-10-31 03:00:00,518.60004,549.28107,30.68103,30.68103
2026-10-31 04:00:00,555.3,559.85724,4.557251,4.557251
2026-10-31 05:00:00,563.14,575.32996,12.189941,12.189941
2026-10-31 06:00:00,563.67004,596.0655,32.395447,32.395447
2026-10-31 07:00:00,552.01,609.58636,57.576355,57.576355
2026-10-31 08:00:00,564.03,595.0507,31.02069,31.02069
2026-10-31 09:00:00,485.87003,558.1311,72.26108,72.26108
2026-10-31 10:00:00,480.36002,509.84174,29.48172,29.48172
2026-10-31 11:00:00,434.28003,479.5172,45.237183,45.237183
2026-10-31 12:00:00,404.34003,466.61444,62.274414,62.274414
2026-10-31 13:00:00,428.69003,464.04727,35.35724,35.35724
2026-10-31 14:00:00,438.26,478.82257,40.56256,40.56256
2026-10-31 15:00:00,476.62,513.7269,37.106934,37.106934
2026-10-31 16:00:00,516.1,566.9158,50.815796,50.815796
2026-10-31 17:00:00,585.45,623.62836,38.178345,38.178345
2026-10-31 18:00:00,638.05,680.7258,42.675842,42.675842
2026-10-31 19:00:00,626.15,706.35803,80.20801,80.20801
2026-10-31 20:00:00,618.29004,689.6953,71.40527,71.40527
2026-10-31 21:00:00,590.83,646.2988,55.46881,55.46881
2026-10-31 22:00:00,596.98,598.642,1.6620483,1.6620483
2026-10-31 23:00:00,551.06,560.1859,9.125916,9.125916
2026-11-01 00:00:00,495.7,577.2325,81.53247,81.53247
2026-11-01 01:00:00,475.26,556.96265,81.70264,81.70264
2026-11-01 02:00:00,542.31,552.83704,10.527039,10.527039
2026-11-01 03:00:00,523.36,553.501,30.140991,30.140991
2026-11-01 04:00:00,561.22003,561.08777,-0.13226318,0.13226318
2026-11-01 05:00:00,571.59,571.68384,0.093811035,0.093811035
2026-11-01 06:00:00,559.13,588.0227,28.8927,28.8927
2026-11-01 07:00:00,566.94,602.61633,35.67633,35.67633
2026-11-01 08:00:00,583.48,595.0433,11.563293,11.563293
2026-11-01 09:00:00,514.4,565.71484,51.31482,51.31482
2026-11-01 10:00:00,483.31,517.69385,34.38385,34.38385
2026-11-01 11:00:00,460.69,485.2931,24.603088,24.603088
2026-11-01 12:00:00,410.34003,468.53738,58.197357,58.197357
2026-11-01 13:00:00,464.44,463.39642,-1.0435791,1.0435791
2026-11-01 14:00:00,443.92004,477.32867,33.40863,33.40863
2026-11-01 15:00:00,432.72003,512.1126,79.39258,79.39258
2026-11-01 16:00:00,520.57,564.24695,43.67694,43.67694
2026-11-01 17:00:00,588.81,620.88416,32.074158,32.074158
2026-11-01 18:00:00,641.9,681.3273,39.427246,39.427246
2026-11-01 19:00:00,612.5,708.39777,95.897766,95.897766
2026-11-01 20:00:00,629.76,687.2691,57.509094,57.509094
2026-11-01 21:00:00,593.66003,637.6255,43.965454,43.965454
2026-11-01 22:00:00,553.47003,586.86774,33.397705,33.397705
2026-11-01 23:00:00,541.63,558.5818,16.951782,16.951782
2026-11-02 00:00:00,632.5,618.767,-13.732971,13.732971
2026-11-02 01:00:00,652.65,636.183,-16.467041,16.467041
2026-11-02 02:00:00,628.22003,633.5139,5.2938843,5.2938843
2026-11-02 03:00:00,632.88,634.47186,1.5918579,1.5918579
2026-11-02 04:00:00,640.87,651.33923,10.469238,10.469238
2026-11-02 05:00:00,689.84,678.31305,-11.526978,11.526978
2026-11-02 06:00:00,648.25,711.46906,63.219055,63.219055
2026-11-02 07:00:00,712.22003,728.1757,15.955688,15.955688
2026-11-02 08:00:00,676.84,716.7568,39.916748,39.916748
2026-11-02 09:00:00,639.2,670.76886,31.568848,31.568848
2026-11-02 10:00:00,602.51,608.79095,6.280945,6.280945
2026-11-02 11:00:00,582.31,568.62964,-13.680359,13.680359
2026-11-02 12:00:00,540.9,547.42487,6.5248413,6.5248413
2026-11-02 13:00:00,545.76,543.3296,-2.43042,2.43042
2026-11-02 14:00:00,538.54004,558.45514,19.9151,19.9151
2026-11-02 15:00:00,593.53,591.1379,-2.3921509,2.3921509
2026-11-02 16:00:00,617.63,645.70996,28.079956,28.079956
2026-11-02 17:00:00,632.35004,716.6704,84.32037,84.32037
2026-11-02 18:00:00,730.0,771.26245,41.26245,41.26245
2026-11-02 19:00:00,799.44,784.0154,-15.424622,15.424622
2026-11-02 20:00:00,767.45,794.636,27.185974,27.185974
2026-11-02 21:00:00,723.71,773.35895,49.648926,49.648926
2026-11-02 22:00:00,658.66003,734.5771,75.91705,75.91705
2026-11-02 23:00:00,667.88,689.5621,21.682068,21.682068
2026-11-03 00:00:00,619.93,641.4612,21.531189,21.531189
2026-11-03 01:00:00,581.34,627.5953,46.25525,46.25525
2026-11-03 02:00:00,617.06,627.529,10.468994,10.468994
2026-11-03 03:00:00,594.94,631.7705,36.830505,36.830505
2026-11-03 04:00:00,626.47003,642.0609,15.590881,15.590881
2026-11-03 05:00:00,698.46,666.1122,-32.34784,32.34784
2026-11-03 06:00:00,651.43,699.911,48.481018,48.481018
2026-11-03 07:00:00,693.35,726.71625,33.366272,33.366272
2026-11-03 08:00:00,639.19,711.7145,72.524475,72.524475
2026-11-03 09:00:00,614.59,670.16504,55.575012,55.575012
2026-11-03 10:00:00,575.39,613.4994,38.109375,38.109375
2026-11-03 11:00:00,518.79004,572.366,53.57599,53.57599
2026-11-03 12:00:00,520.91003,548.7855,27.875488,27.875488
2026-11-03 13:00:00,519.67004,543.9897,24.319641,24.319641
2026-11-03 14:00:00,543.99,557.9817,13.991699,13.991699
2026-11-03 15:00:00,574.67,592.6253,17.955322,17.955322
2026-11-03 16:00:00,579.68,649.39685,69.71686,69.71686
2026-11-03 17:00:00,643.86,718.9767,75.1167,75.1167
2026-11-03 18:00:00,728.76,770.9774,42.217407,42.217407
2026-11-03 19:00:00,754.64,789.78156,35.14154,35.14154
2026-11-03 20:00:00,670.91003,774.5264,103.616394,103.616394
2026-11-03 21:00:00,715.24,739.24176,24.00177,24.00177
2026-11-03 22:00:00,637.57,695.2374,57.66742,57.66742
2026-11-03 23:00:00,650.33,650.0397,-0.29034424,0.29034424
2026-11-04 00:00:00,614.15,618.0836,3.9335938,3.9335938
2026-11-04 01:00:00,637.92,620.4269,-17.493103,17.493103
2026-11-04 02:00:00,656.26,627.66064,-28.599365,28.599365
2026-11-04 03:00:00,628.53,631.6465,3.116455,3.116455
2026-11-04 04:00:00,638.49,646.8801,8.390137,8.390137
2026-11-04 05:00:00,603.37,680.0192,76.64923,76.64923
2026-11-04 06:00:00,664.65,709.54706,44.897034,44.897034
2026-11-04 07:00:00,665.56,728.5114,62.951416,62.951416
2026-11-04 08:00:00,663.43,711.39325,47.963257,47.963257
2026-11-04 09:00:00,646.13,664.01215,17.882141,17.882141
2026-11-04 10:00:00,589.92,601.9657,12.045715,12.045715
2026-11-04 11:00:00,540.91003,565.78845,24.878418,24.878418
2026-11-04 12:00:00,575.54004,545.84753,-29.692505,29.692505
2026-11-04 13:00:00,562.96,545.8278,-17.132202,17.132202
2026-11-04 14:00:00,546.36,565.79224,19.432251,19.432251
2026-11-04 15:00:00,554.63,603.56384,48.933838,48.933838
2026-11-04 16:00:00,601.46,658.3558,56.895752,56.895752
2026-11-04 17:00:00,699.76,721.24915,21.489136,21.489136
2026-11-04 18:00:00,732.23,775.1786,42.94861,42.94861
2026-11-04 19:00:00,771.55,790.7911,19.241089,19.241089
2026-11-04 20:00:00,705.86,776.4366,70.5766,70.5766
2026-11-04 21:00:00,705.93,738.44434,32.514343,32.514343
2026-11-04 22:00:00,646.71,693.56024,46.85022,46.85022
2026-11-04 23:00:00,648.48,654.53436,6.0543823,6.0543823
2026-11-05 00:00:00,624.81,624.0866,-0.7233887,0.7233887
2026-11-05 01:00:00,625.24,623.8572,-1.3828125,1.3828125
2026-11-05 02:00:00,611.91003,625.8033,13.8932495,13.8932495
2026-11-05 03:00:00,597.04004,629.84393,32.803894,32.803894
2026-11-05 04:00:00,629.32,645.40826,16.088257,16.088257
2026-11-05 05:00:00,664.61,668.1525,3.5425415,3.5425415
2026-11-05 06:00:00,618.99,702.29987,83.309875,83.309875
2026-11-05 07:00:00,703.88,720.9836,17.103577,17.103577
2026-11-05 08:00:00,675.09,707.07135,31.981323,31.981323
2026-11-05 09:00:00,625.4,662.0519,36.651855,36.651855
2026-11-05 10:00:00,590.25,600.64343,10.393433,10.393433
2026-11-05 11:00:00,574.03,565.173,-8.857056,8.857056
2026-11-05 12:00:00,555.48,546.9743,-8.505676,8.505676
2026-11-05 13:00:00,515.12,545.09546,29.975464,29.975464
2026-11-05 14:00:00,598.22003,561.1732,-37.046814,37.046814
2026-11-05 15:00:00,587.36,598.1747,10.814697,10.814697
2026-11-05 16:00:00,621.31,662.245,40.934998,40.934998
2026-11-05 17:00:00,660.38,729.37,68.98999,68.98999
2026-11-05 18:00:00,720.84,780.8551,60.015076,60.015076
2026-11-05 19:00:00,704.53,796.8718,92.3418,92.3418
2026-11-05 20:00:00,762.4,779.03064,16.630615,16.630615
2026-11-05 21:00:00,699.86,745.094,45.23401,45.23401
2026-11-05 22:00:00,657.38,701.66956,44.28955,44.28955
2026-11-05 23:00:00,654.60004,660.0604,5.460388,5.460388
2026-11-06 00:00:00,620.52,626.98016,6.460144,6.460144
2026-11-06 01:00:00,582.46,624.2396,41.779602,41.779602
2026-11-06 02:00:00,622.76,626.3862,3.6262207,3.6262207
2026-11-06 03:00:00,603.29004,629.21967,25.929626,25.929626
2026-11-06 04:00:00,628.23,648.52423,20.29425,20.29425
2026-11-06 05:00:00,683.29004,673.2608,-10.029236,10.029236
2026-11-06 06:00:00,679.73,710.71423,30.984253,30.984253
2026-11-06 07:00:00,698.02,728.3716,30.351562,30.351562
2026-11-06 08:00:00,690.2,713.92004,23.720032,23.720032
2026-11-06 09:00:00,654.05,667.6267,13.576721,13.576721
2026-11-06 10:00:00,612.33,603.5195,-8.810547,8.810547
2026-11-06 11:00:00,579.21,568.0736,-11.136414,11.136414
2026-11-06 12:00:00,549.77,548.5438,-1.2261963,1.2261963
2026-11-06 13:00:00,553.94,546.46924,-7.470764,7.470764
2026-11-06 14:00:00,528.30005,563.8204,35.520325,35.520325
2026-11-06 15:00:00,557.06,597.5961,40.536133,40.536133
2026-11-06 16:00:00,625.26,654.4859,29.225891,29.225891
2026-11-06 17:00:00,685.57,723.90344,38.333435,38.333435
2026-11-06 18:00:00,711.54,777.95654,66.416565,66.416565
2026-11-06 19:00:00,737.03,796.79016,59.76013,59.76013
2026-11-06 20:00:00,719.74,779.1564,59.41638,59.41638
2026-11-06 21:00:00,726.4,745.2863,18.886292,18.886292
2026-11-06 22:00:00,658.76,704.9091,46.14911,46.14911
2026-11-06 23:00:00,626.82,661.5157,34.69568,34.69568
2026-11-07 00:00:00,481.28003,527.1927,45.91266,45.91266
2026-11-07 01:00:00,477.27002,531.48553,54.215515,54.215515
2026-11-07 02:00:00,478.68,539.2758,60.595825,60.595825
2026-11-07 03:00:00,517.41003,544.43054,27.020508,27.020508
2026-11-07 04:00:00,493.98,553.4075,59.42746,59.42746
2026-11-07 05:00:00,503.97003,567.7659,63.7959,63.7959
2026-11-07 06:00:00,519.27,588.03375,68.76373,68.76373
2026-11-07 07:00:00,570.72003,602.56793,31.8479,31.8479
2026-11-07 08:00:00,494.84003,597.67395,102.83392,102.83392
2026-11-07 09:00:00,501.15002,560.9629,59.812866,59.812866
2026-11-07 10:00:00,506.23,515.2547,9.024689,9.024689
2026-11-07 11:00:00,465.97003,483.65634,17.68631,17.68631
2026-11-07 12:00:00,391.95,467.96002,76.01001,76.01001
2026-11-07 13:00:00,448.80002,462.3947,13.594696,13.594696
2026-11-07 14:00:00,420.99,478.68042,57.69043,57.69043
2026-11-07 15:00:00,442.68002,515.44977,72.769745,72.769745
2026-11-07 16:00:00,518.4,570.04376,51.643738,51.643738
2026-11-07 17:00:00,561.47003,623.1833,61.713257,61.713257
2026-11-07 18:00:00,582.21,679.9513,97.74127,97.74127
2026-11-07 19:00:00,614.17,703.6855,89.5155,89.5155
2026-11-07 20:00:00,605.67,684.8849,79.214905,79.214905
2026-11-07 21:00:00,619.97003,640.4027,20.432678,20.432678
2026-11-07 22:00:00,538.48,591.17804,52.69806,52.69806
2026-11-07 23:00:00,520.01,557.05396,37.043945,37.043945
2026-11-08 00:00:00,489.79,540.1532,50.36319,50.36319
2026-11-08 01:00:00,490.47003,544.433,53.96295,53.96295
2026-11-08 02:00:00,515.15,548.9799,33.829895,33.829895
2026-11-08 03:00:00,538.16003,554.4142,16.25415,16.25415
2026-11-08 04:00:00,503.31,557.8167,54.506714,54.506714
2026-11-08 05:00:00,485.93002,568.14465,82.21463,82.21463
2026-11-08 06:00:00,559.89,580.4784,20.588379,20.588379
2026-11-08 07:00:00,526.28,594.5486,68.268555,68.268555
2026-11-08 08:00:00,555.62,588.95636,33.336365,33.336365
2026-11-08 09:00:00,517.26,560.5573,43.297302,43.297302
2026-11-08 10:00:00,461.04,513.8003,52.760284,52.760284
2026-11-08 11:00:00,464.03003,483.3138,19.283783,19.283783
2026-11-08 12:00:00,427.82,468.2293,40.4093,40.4093
2026-11-08 13:00:00,386.36002,463.7893,77.42929,77.42929
2026-11-08 14:00:00,394.03003,476.0133,81.98328,81.98328
2026-11-08 15:00:00,470.94,507.92514,36.985138,36.985138
2026-11-08 16:00:00,540.54004,562.36487,21.82483,21.82483
2026-11-08 17:00:00,542.21,622.7572,80.54718,80.54718
2026-11-08 18:00:00,606.68,681.4984,74.81842,74.81842
2026-11-08 19:00:00,606.0,708.15546,102.15546,102.15546
2026-11-08 20:00:00,619.14,692.0982,72.95819,72.95819
2026-11-08 21:00:00,580.18,641.2531,61.07312,61.07312
2026-11-08 22:00:00,559.88,585.8039,25.92389,25.92389
2026-11-08 23:00:00,512.95,548.17865,35.228638,35.228638
2026-11-09 00:00:00,597.93,618.27826,20.348267,20.348267
2026-11-09 01:00:00,604.4,636.1927,31.792664,31.792664
2026-11-09 02:00:00,607.04004,631.46234,24.422302,24.422302
2026-11-09 03:00:00,625.66003,631.21356,5.553528,5.553528
2026-11-09 04:00:00,640.68,647.192,6.512024,6.512024
2026-11-09 05:00:00,654.82,672.46387,17.64386,17.64386
2026-11-09 06:00:00,648.42,704.7243,56.30432,56.30432
2026-11-09 07:00:00,701.86,721.12054,19.26056,19.26056
2026-11-09 08:00:00,675.31,713.037,37.72699,37.72699
2026-11-09 09:00:00,666.15,669.16656,3.0165405,3.0165405
2026-11-09 10:00:00,606.10004,610.86774,4.7677,4.7677
2026-11-09 11:00:00,509.73,569.84033,60.11032,60.11032
2026-11-09 12:00:00,500.23,547.3143,47.08426,47.08426
2026-11-09 13:00:00,578.08,542.54297,-35.53705,35.53705
2026-11-09 14:00:00,566.42004,557.08264,-9.337402,9.337402
2026-11-09 15:00:00,567.12,593.74927,26.629272,26.629272
2026-11-09 16:00:00,661.49,655.6909,-5.7990723,5.7990723
2026-11-09 17:00:00,630.15,722.42834,92.27832,92.27832
2026-11-09 18:00:00,704.34,771.5958,67.2558,67.2558
2026-11-09 19:00:00,742.48,784.9273,42.447327,42.447327
2026-11-09 20:00:00,721.15,772.143,50.99298,50.99298
2026-11-09 21:00:00,713.91003,736.05664,22.146606,22.146606
2026-11-09 22:00:00,696.8,689.8629,-6.9370728,6.9370728
2026-11-09 23:00:00,652.0,644.84174,-7.158264,7.158264
2026-11-10 00:00:00,574.0,611.66956,37.669556,37.669556
2026-11-10 01:00:00,652.68,612.7807,-39.899292,39.899292
2026-11-10 02:00:00,609.15,622.97314,13.82312,13.82312
2026-11-10 03:00:00,609.87,630.268,20.39801,20.39801
2026-11-10 04:00:00,589.55,646.59283,57.042847,57.042847
2026-11-10 05:00:00,649.11,670.28326,21.173279,21.173279
2026-11-10 06:00:00,632.44,703.8383,71.398315,71.398315
2026-11-10 07:00:00,664.31,722.9692,58.65918,58.65918
2026-11-10 08:00:00,646.38,708.636,62.25598,62.25598
2026-11-10 09:00:00,626.7,664.7834,38.083374,38.083374
2026-11-10 10:00:00,583.46,603.3581,19.898071,19.898071
2026-11-10 11:00:00,509.94,566.44305,56.50305,56.50305
2026-11-10 12:00:00,534.48,545.06665,10.58667,10.58667
2026-11-10 13:00:00,539.67004,540.9858,1.3157349,1.3157349
2026-11-10 14:00:00,536.23,554.8462,18.61621,18.61621
2026-11-10 15:00:00,630.61,591.97705,-38.632935,38.632935
2026-11-10 16:00:00,588.97003,654.59485,65.62482,65.62482
2026-11-10 17:00:00,683.73,724.2738,40.543823,40.543823
2026-11-10 18:00:00,735.76,775.19995,39.43994,39.43994
2026-11-10 19:00:00,716.95,789.6673,72.717285,72.717285
2026-11-10 20:00:00,738.18,772.0964,33.91638,33.91638
2026-11-10 21:00:00,668.97003,736.819,67.84894,67.84894
2026-11-10 22:00:00,649.38,692.1827,42.802673,42.802673
2026-11-10 23:00:00,641.44,645.75964,4.319641,4.319641
2026-11-11 00:00:00,597.65,610.57227,12.922241,12.922241
2026-11-11 01:00:00,607.81,611.82904,4.019043,4.019043
2026-11-11 02:00:00,573.07,619.84204,46.772034,46.772034
2026-11-11 03:00:00,651.79004,624.86676,-26.923279,26.923279
2026-11-11 04:00:00,636.47003,640.66833,4.198303,4.198303
2026-11-11 05:00:00,650.03,672.26044,22.230408,22.230408
2026-11-11 06:00:00,661.47003,704.1105,42.64044,42.64044
2026-11-11 07:00:00,642.59,723.3891,80.79907,80.79907
2026-11-11 08:00:00,697.7,707.884,10.18396,10.18396
2026-11-11 09:00:00,645.57,666.24554,20.675537,20.675537
2026-11-11 10:00:00,559.81,604.90466,45.094666,45.094666
2026-11-11 11:00:00,530.64,568.20435,37.56433,37.56433
2026-11-11 12:00:00,545.53,548.4888,2.9587402,2.9587402
2026-11-11 13:00:00,535.41003,545.98364,10.573608,10.573608
2026-11-11 14:00:00,548.85004,561.729,12.878967,12.878967
2026-11-11 15:00:00,522.47003,597.1863,74.71625,74.71625
2026-11-11 16:00:00,615.17,655.2719,40.10193,40.10193
2026-11-11 17:00:00,652.06,721.17,69.109985,69.109985
2026-11-11 18:00:00,690.64,770.54315,79.90314,79.90314
2026-11-11 19:00:00,725.28,786.93024,61.650208,61.650208
2026-11-11 20:00:00,708.82,768.5991,59.779114,59.779114
2026-11-11 21:00:00,644.5,731.9616,87.46161,87.46161
2026-11-11 22:00:00,657.91003,690.5462,32.63617,32.63617
2026-11-11 23:00:00,652.98,649.69775,-3.2822266,3.2822266
2026-11-12 00:00:00,625.51,618.45776,-7.052246,7.052246
2026-11-12 01:00:00,631.99,625.4514,-6.538574,6.538574
2026-11-12 02:00:00,597.44,626.79834,29.358337,29.358337
2026-11-12 03:00:00,605.03,633.2611,28.23108,28.23108
2026-11-12 04:00:00,599.72003,645.25696,45.536926,45.536926
2026-11-12 05:00:00,597.96,673.76135,75.80133,75.80133
2026-11-12 06:00:00,679.16003,709.92456,30.764526,30.764526
2026-11-12 07:00:00,671.9,732.4175,60.517456,60.517456
2026-11-12 08:00:00,665.55,714.1856,48.63562,48.63562
2026-11-12 09:00:00,669.83,666.06836,-3.7616577,3.7616577
2026-11-12 10:00:00,588.38,600.7584,12.378418,12.378418
2026-11-12 11:00:00,571.11,566.0978,-5.012207,5.012207
2026-11-12 12:00:00,518.07,548.82117,30.75116,30.75116
2026-11-12 13:00:00,564.55,546.8536,-17.696411,17.696411
2026-11-12 14:00:00,567.72003,563.75146,-3.968567,3.968567
2026-11-12 15:00:00,528.35004,599.7619,71.411865,71.411865
2026-11-12 16:00:00,595.06,657.1999,62.139893,62.139893
2026-11-12 17:00:00,664.71,725.3069,60.596863,60.596863
2026-11-12 18:00:00,702.09,779.0809,76.990845,76.990845
2026-11-12 19:00:00,753.28,796.71594,43.435913,43.435913
2026-11-12 20:00:00,748.39,780.322,31.932007,31.932007
2026-11-12 21:00:00,675.08,744.66266,69.58264,69.58264
2026-11-12 22:00:00,649.34,701.09424,51.75421,51.75421
2026-11-12 23:00:00,640.93,657.3172,16.387207,16.387207
2026-11-13 00:00:00,651.64,619.6762,-31.963806,31.963806
2026-11-13 01:00:00,631.98,616.147,-15.833008,15.833008
2026-11-13 02:00:00,609.72003,620.92896,11.208923,11.208923
2026-11-13 03:00:00,604.24,623.7988,19.558838,19.558838
2026-11-13 04:00:00,635.48,635.85895,0.3789673,0.3789673
2026-11-13 05:00:00,649.86,657.6214,7.7614136,7.7614136
2026-11-13 06:00:00,674.78,692.6453,17.865295,17.865295
2026-11-13 07:00:00,651.8,720.4559,68.65588,68.65588
2026-11-13 08:00:00,668.33,709.95795,41.62793,41.62793
2026-11-13 09:00:00,643.0,668.4181,25.41809,25.41809
2026-11-13 10:00:00,582.52,607.2883,24.76831,24.76831
2026-11-13 11:00:00,576.24,570.5033,-5.7366943,5.7366943
2026-11-13 12:00:00,558.55,551.5041,-7.0458984,7.0458984
2026-11-13 13:00:00,529.8,549.27136,19.471375,19.471375
2026-11-13 14:00:00,553.12,564.08154,10.961548,10.961548
2026-11-13 15:00:00,538.3,596.2657,57.9657,57.9657
2026-11-13 16:00:00,618.47003,655.71625,37.246216,37.246216
2026-11-13 17:00:00,706.15,724.51434,18.364319,18.364319
2026-11-13 18:00:00,744.48,775.1011,30.621094,30.621094
2026-11-13 19:00:00,685.84,793.0918,107.25177,107.25177
2026-11-13 20:00:00,711.66003,778.5877,66.92767,66.92767
2026-11-13 21:00:00,694.32,742.0344,47.714417,47.714417
2026-11-13 22:00:00,603.54004,699.7365,96.19647,96.19647
2026-11-13 23:00:00,639.46,652.6566,13.196594,13.196594
2026-11-14 00:00:00,459.02002,526.1799,67.15985,67.15985
2026-11-14 01:00:00,489.04,533.4103,44.37027,44.37027
2026-11-14 02:00:00,494.83002,537.4487,42.618713,42.618713
2026-11-14 03:00:00,489.95,541.8218,51.871765,51.871765
2026-11-14 04:00:00,510.77002,552.06433,41.29431,41.29431
2026-11-14 05:00:00,486.44,567.3912,80.95117,80.95117
2026-11-14 06:00:00,575.38,585.9719,10.591919,10.591919
2026-11-14 07:00:00,565.24,600.53033,35.290344,35.290344
2026-11-14 08:00:00,570.9,596.0724,25.172363,25.172363
2026-11-14 09:00:00,562.07,566.2823,4.2122803,4.2122803
2026-11-14 10:00:00,522.06,517.2981,-4.761902,4.761902
2026-11-14 11:00:00,449.15002,484.21094,35.060913,35.060913
2026-11-14 12:00:00,440.73,467.2146,26.484589,26.484589
2026-11-14 13:00:00,466.10004,462.73615,-3.3638916,3.3638916
2026-11-14 14:00:00,404.41003,477.78934,73.3793,73.3793
2026-11-14 15:00:00,455.11002,511.00388,55.89386,55.89386
2026-11-14 16:00:00,483.44,561.5437,78.1037,78.1037
2026-11-14 17:00:00,552.83,615.8721,63.042053,63.042053
2026-11-14 18:00:00,593.02,673.3718,80.35181,80.35181
2026-11-14 19:00:00,620.02,698.884,78.86395,78.86395
2026-11-14 20:00:00,626.67,683.0757,56.4057,56.4057
2026-11-14 21:00:00,560.03,638.1231,78.09308,78.09308
2026-11-14 22:00:00,574.74,590.0462,15.306213,15.306213
2026-11-14 23:00:00,525.08,550.2569,25.17688,25.17688
2026-11-15 00:00:00,492.86002,547.35394,54.493927,54.493927
2026-11-15 01:00:00,490.23004,546.45953,56.229492,56.229492
2026-11-15 02:00:00,499.97003,550.8523,50.882263,50.882263
2026-11-15 03:00:00,491.90002,550.1317,58.23169,58.23169
2026-11-15 04:00:00,489.32,553.8513,64.53131,64.53131
2026-11-15 05:00:00,525.86,563.9979,38.13794,38.13794
2026-11-15 06:00:00,554.43,581.3566,26.926636,26.926636
2026-11-15 07:00:00,578.74,595.8717,17.131714,17.131714
2026-11-15 08:00:00,596.21,589.1207,-7.0892944,7.0892944
2026-11-15 09:00:00,531.45,559.2831,27.833069,27.833069
2026-11-15 10:00:00,464.30002,510.96042,46.6604,46.6604
2026-11-15 11:00:00,443.89,478.91217,35.022156,35.022156
2026-11-15 12:00:00,478.55002,464.65897,-13.891052,13.891052
2026-11-15 13:00:00,473.86002,461.5777,-12.282318,12.282318
2026-11-15 14:00:00,454.19,476.50848,22.318481,22.318481
2026-11-15 15:00:00,502.2,514.18866,11.988647,11.988647
2026-11-15 16:00:00,510.46002,572.1925,61.732483,61.732483
2026-11-15 17:00:00,574.23,623.7632,49.533203,49.533203
2026-11-15 18:00:00,615.99,676.01013,60.02014,60.02014
2026-11-15 19:00:00,642.36,698.1185,55.758545,55.758545
2026-11-15 20:00:00,634.2,677.65295,43.45294,43.45294
2026-11-15 21:00:00,553.11,625.71466,72.604675,72.604675
2026-11-15 22:00:00,528.30005,574.5858,46.285767,46.285767
2026-11-15 23:00:00,523.76,548.4241,24.664062,24.664062
2026-11-16 00:00:00,604.99,617.0663,12.076294,12.076294
2026-11-16 01:00:00,588.28,631.4905,43.21045,43.21045
2026-11-16 02:00:00,580.89,626.2493,45.359314,45.359314
2026-11-16 03:00:00,605.67,628.0018,22.331787,22.331787
2026-11-16 04:00:00,610.53,644.3965,33.866455,33.866455
2026-11-16 05:00:00,654.39,669.3227,14.932678,14.932678
2026-11-16 06:00:00,692.97003,709.44403,16.473999,16.473999
2026-11-16 07:00:00,660.02,729.7503,69.730286,69.730286
2026-11-16 08:00:00,685.61,712.95197,27.34198,27.34198
2026-11-16 09:00:00,605.82,667.9394,62.119385,62.119385
2026-11-16 10:00:00,640.82,607.4614,-33.35858,33.35858
2026-11-16 11:00:00,549.57,567.4075,17.837463,17.837463
2026-11-16 12:00:00,537.18,546.26764,9.0876465,9.0876465
2026-11-16 13:00:00,534.58,542.10016,7.5201416,7.5201416
2026-11-16 14:00:00,564.61,556.9781,-7.631897,7.631897
2026-11-16 15:00:00,581.23,591.4065,10.176514,10.176514
2026-11-16 16:00:00,588.76,650.4907,61.730713,61.730713
2026-11-16 17:00:00,660.2,720.50916,60.309143,60.309143
2026-11-16 18:00:00,718.43,773.81775,55.387756,55.387756
2026-11-16 19:00:00,706.35,791.2865,84.93652,84.93652
2026-11-16 20:00:00,716.11,778.2826,62.172607,62.172607
2026-11-16 21:00:00,661.44,745.82697,84.38696,84.38696
2026-11-16 22:00:00,669.53,698.46783,28.937805,28.937805
2026-11-16 23:00:00,616.18,657.5045,41.324524,41.324524
2026-11-17 00:00:00,631.28,628.3504,-2.9296265,2.9296265
2026-11-17 01:00:00,601.68,624.62976,22.949768,22.949768
2026-11-17 02:00:00,594.9,626.5512,31.651184,31.651184
2026-11-17 03:00:00,597.58,629.8315,32.251465,32.251465
2026-11-17 04:00:00,660.84,645.05536,-15.784668,15.784668
2026-11-17 05:00:00,652.64,675.5129,22.872864,22.872864
2026-11-17 06:00:00,665.89,709.29285,43.402832,43.402832
2026-11-17 07:00:00,717.88,725.40186,7.5218506,7.5218506
2026-11-17 08:00:00,725.35,705.9506,-19.399353,19.399353
2026-11-17 09:00:00,636.25,662.3079,26.057922,26.057922
2026-11-17 10:00:00,600.22003,601.0667,0.8466797,0.8466797
2026-11-17 11:00:00,537.72003,565.26654,27.546509,27.546509
2026-11-17 12:00:00,561.81,547.12854,-14.6814575,14.6814575
2026-11-17 13:00:00,512.42004,546.7091,34.289062,34.289062
2026-11-17 14:00:00,560.86,563.0558,2.1958008,2.1958008
2026-11-17 15:00:00,581.23,602.10425,20.874268,20.874268
2026-11-17 16:00:00,628.33,661.88025,33.550232,33.550232
2026-11-17 17:00:00,649.09,724.7977,75.7077,75.7077
2026-11-17 18:00:00,752.07,772.1684,20.098389,20.098389
2026-11-17 19:00:00,781.71,786.61755,4.9075317,4.9075317
2026-11-17 20:00:00,736.81,773.39417,36.584167,36.584167
2026-11-17 21:00:00,711.87,740.3,28.429993,28.429993
2026-11-17 22:00:00,621.51,695.7554,74.24536,74.24536
2026-11-17 23:00:00,617.5,654.2709,36.770874,36.770874
2026-11-18 00:00:00,645.06,621.7582,-23.301819,23.301819
2026-11-18 01:00:00,640.89,617.93555,-22.954468,22.954468
2026-11-18 02:00:00,623.48,623.85474,0.37475586,0.37475586
2026-11-18 03:00:00,607.57,627.58234,20.01233,20.01233
2026-11-18 04:00:00,623.04004,643.746,20.705933,20.705933
2026-11-18 05:00:00,650.16003,673.53394,23.373901,23.373901
2026-11-18 06:00:00,685.76,709.255,23.494995,23.494995
2026-11-18 07:00:00,685.44,731.2956,45.85559,45.85559
2026-11-18 08:00:00,640.89,715.9695,75.07947,75.07947
2026-11-18 09:00:00,647.10004,668.3162,21.216187,21.216187
2026-11-18 10:00:00,575.9,605.6597,29.759705,29.759705
2026-11-18 11:00:00,583.17,569.0148,-14.155212,14.155212
2026-11-18 12:00:00,553.52,549.18506,-4.334961,4.334961
2026-11-18 13:00:00,546.86,544.9096,-1.9503784,1.9503784
2026-11-18 14:00:00,544.89,558.9063,14.016296,14.016296
2026-11-18 15:00:00,582.57,592.28296,9.712952,9.712952
2026-11-18 16:00:00,578.67004,651.64215,72.97211,72.97211
2026-11-18 17:00:00,648.62,719.9869,71.36688,71.36688
2026-11-18 18:00:00,706.54004,770.5334,63.993347,63.993347
2026-11-18 19:00:00,724.23,785.91547,61.685486,61.685486
2026-11-18 20:00:00,724.78,770.6206,45.840576,45.840576
2026-11-18 21:00:00,673.15,735.6452,62.49518,62.49518
2026-11-18 22:00:00,626.23,690.35406,64.124084,64.124084
2026-11-18 23:00:00,590.45,643.41345,52.96344,52.96344
2026-11-19 00:00:00,581.61,609.9248,28.31482,28.31482
2026-11-19 01:00:00,627.52,616.54047,-10.979553,10.979553
2026-11-19 02:00:00,607.60004,621.7847,14.184692,14.184692
2026-11-19 03:00:00,631.4,627.22876,-4.1712646,4.1712646
2026-11-19 04:00:00,618.44,642.9554,24.51538,24.51538
2026-11-19 05:00:00,636.88,671.733,34.852966,34.852966
2026-11-19 06:00:00,674.17,710.5371,36.367126,36.367126
2026-11-19 07:00:00,695.83,729.14734,33.31732,33.31732
2026-11-19 08:00:00,694.02,712.70306,18.683044,18.683044
2026-11-19 09:00:00,644.88,667.66534,22.78534,22.78534
2026-11-19 10:00:00,579.88,605.0204,25.14038,25.14038
2026-11-19 11:00:00,524.57,567.76843,43.198425,43.198425
2026-11-19 12:00:00,543.13,547.61646,4.48645,4.48645
2026-11-19 13:00:00,518.7,544.5739,25.873901,25.873901
2026-11-19 14:00:00,564.7,560.63934,-4.060669,4.060669
2026-11-19 15:00:00,557.48,597.3165,39.836548,39.836548
2026-11-19 16:00:00,560.39,656.01294,95.622925,95.622925
2026-11-19 17:00:00,651.64,718.5726,66.932556,66.932556
2026-11-19 18:00:00,735.22003,768.8666,33.646545,33.646545
2026-11-19 19:00:00,724.75,786.1714,61.421387,61.421387
2026-11-19 20:00:00,719.79004,772.9668,53.176758,53.176758
2026-11-19 21:00:00,692.79,737.7816,44.99164,44.99164
2026-11-19 22:00:00,629.43,693.9798,64.549805,64.549805
2026-11-19 23:00:00,592.85004,649.5686,56.718567,56.718567
2026-11-20 00:00:00,609.03,612.1425,3.1124878,3.1124878
2026-11-20 01:00:00,602.14,615.6735,13.533508,13.533508
2026-11-20 02:00:00,624.25,620.28094,-3.9690552,3.9690552
2026-11-20 03:00:00,613.32,626.4737,13.153687,13.153687
2026-11-20 04:00:00,561.82,640.8358,79.01581,79.01581
2026-11-20 05:00:00,659.09,663.2608,4.1707764,4.1707764
2026-11-20 06:00:00,689.91003,698.9874,9.077393,9.077393
2026-11-20 07:00:00,683.47003,721.37036,37.90033,37.90033
2026-11-20 08:00:00,654.49,708.29285,53.802856,53.802856
2026-11-20 09:00:00,626.53,666.8662,40.33618,40.33618
2026-11-20 10:00:00,584.75,611.19507,26.445068,26.445068
2026-11-20 11:00:00,575.34,573.39215,-1.947876,1.947876
2026-11-20 12:00:00,556.65,551.89124,-4.758789,4.758789
2026-11-20 13:00:00,543.65,548.44885,4.798828,4.798828
2026-11-20 14:00:00,502.30002,563.25903,60.959015,60.959015
2026-11-20 15:00:00,531.62,595.4484,63.82843,63.82843
2026-11-20 16:00:00,653.75,654.30475,0.55474854,0.55474854
2026-11-20 17:00:00,674.55,723.9282,49.378235,49.378235
2026-11-20 18:00:00,94.58008,773.73376,679.1537,679.1537
2026-11-20 19:00:00,772.03,764.2198,-7.8102417,7.8102417
2026-11-20 20:00:00,751.79004,747.80206,-3.987976,3.987976
2026-11-20 21:00:00,693.54004,716.36383,22.823792,22.823792
2026-11-20 22:00:00,639.39,679.6873,40.297302,40.297302
2026-11-20 23:00:00,634.67,636.3046,1.6346436,1.6346436
2026-11-21 00:00:00,485.94,516.27124,30.331238,30.331238
2026-11-21 01:00:00,504.2,524.67395,20.473938,20.473938
2026-11-21 02:00:00,504.34003,533.66974,29.329712,29.329712
2026-11-21 03:00:00,541.93,542.4487,0.5187378,0.5187378
2026-11-21 04:00:00,515.15,550.2525,35.102478,35.102478
2026-11-21 05:00:00,532.36,563.63574,31.275757,31.275757
2026-11-21 06:00:00,562.34,581.29004,18.950012,18.950012
2026-11-21 07:00:00,580.65,599.0279,18.377869,18.377869
2026-11-21 08:00:00,533.09,596.15283,63.062805,63.062805
2026-11-21 09:00:00,553.73,569.5098,15.779846,15.779846
2026-11-21 10:00:00,499.86002,523.4364,23.576385,23.576385
2026-11-21 11:00:00,424.74,488.91028,64.17029,64.17029
2026-11-21 12:00:00,382.21002,470.6996,88.48956,88.48956
2026-11-21 13:00:00,390.06,464.3432,74.2832,74.2832
2026-11-21 14:00:00,459.48,477.078,17.597992,17.597992
2026-11-21 15:00:00,468.91003,511.24982,42.339783,42.339783
2026-11-21 16:00:00,514.67,563.16876,48.49878,48.49878
2026-11-21 17:00:00,570.38,619.03394,48.65393,48.65393
2026-11-21 18:00:00,624.49,671.7519,47.2619,47.2619
2026-11-21 19:00:00,591.68,697.3751,105.69513,105.69513
2026-11-21 20:00:00,582.03,681.61725,99.58722,99.58722
2026-11-21 21:00:00,580.95,633.6071,52.657104,52.657104
2026-11-21 22:00:00,512.8,581.13293,68.33295,68.33295
2026-11-21 23:00:00,492.81,543.98126,51.171265,51.171265
2026-11-22 00:00:00,527.80005,575.0425,47.24243,47.24243
2026-11-22 01:00:00,516.09,561.1547,45.064697,45.064697
2026-11-22 02:00:00,441.86002,554.0495,112.18948,112.18948
2026-11-22 03:00:00,481.7,545.98047,64.28046,64.28046
2026-11-22 04:00:00,504.02002,551.8427,47.822693,47.822693
2026-11-22 05:00:00,498.96002,564.1558,65.1958,65.1958
2026-11-22 06:00:00,571.19,584.89594,13.705933,13.705933
2026-11-22 07:00:00,522.61,599.86066,77.25067,77.25067
2026-11-22 08:00:00,556.32,594.2167,37.896667,37.896667
2026-11-22 09:00:00,535.61,563.9468,28.336792,28.336792
2026-11-22 10:00:00,494.44,518.7877,24.347717,24.347717
2026-11-22 11:00:00,441.88,481.91516,40.035156,40.035156
2026-11-22 12:00:00,385.23,465.8115,80.58148,80.58148
2026-11-22 13:00:00,435.56,461.45074,25.890747,25.890747
2026-11-22 14:00:00,419.43002,475.9216,56.491577,56.491577
2026-11-22 15:00:00,449.44,511.71912,62.279114,62.279114
2026-11-22 16:00:00,468.42,563.33545,94.915436,94.915436
2026-11-22 17:00:00,560.68,614.89764,54.21765,54.21765
2026-11-22 18:00:00,616.04004,665.2366,49.196533,49.196533
2026-11-22 19:00:00,625.35004,690.5427,65.19269,65.19269
2026-11-22 20:00:00,559.79004,674.9058,115.11578,115.11578
2026-11-22 21:00:00,595.91003,624.1785,28.268494,28.268494
2026-11-22 22:00:00,549.52,573.7852,24.265198,24.265198
2026-11-22 23:00:00,530.83,549.5909,18.760864,18.760864
2026-11-23 00:00:00,599.56,612.3611,12.801086,12.801086
2026-11-23 01:00:00,606.06,629.85297,23.792969,23.792969
2026-11-23 02:00:00,603.64,626.20337,22.563354,22.563354
2026-11-23 03:00:00,614.99,628.1262,13.13623,13.13623
2026-11-23 04:00:00,591.66003,639.66614,48.006104,48.006104
2026-11-23 05:00:00,630.57,673.28345,42.71344,42.71344
2026-11-23 06:00:00,676.81,704.80835,27.998352,27.998352
2026-11-23 07:00:00,670.1,724.82556,54.725586,54.725586
2026-11-23 08:00:00,686.11,713.56433,27.454346,27.454346
2026-11-23 09:00:00,685.87,674.814,-11.055969,11.055969
2026-11-23 10:00:00,595.02,618.28015,23.260132,23.260132
2026-11-23 11:00:00,556.42004,573.3252,16.905151,16.905151
2026-11-23 12:00:00,597.35004,547.9757,-49.37433,49.37433
2026-11-23 13:00:00,556.14,543.02075,-13.119263,13.119263
2026-11-23 14:00:00,589.83,558.238,-31.592041,31.592041
2026-11-23 15:00:00,578.38,596.5659,18.185913,18.185913
2026-11-23 16:00:00,596.78,657.6516,60.871582,60.871582
2026-11-23 17:00:00,692.1,719.8649,27.764954,27.764954
2026-11-23 18:00:00,703.48,768.42615,64.94617,64.94617
2026-11-23 19:00:00,784.25,783.6796,-0.57037354,0.57037354
2026-11-23 20:00:00,735.18,770.2109,35.030884,35.030884
2026-11-23 21:00:00,647.44,733.82886,86.388855,86.388855
2026-11-23 22:00:00,653.64,688.1047,34.46466,34.46466
2026-11-23 23:00:00,640.05,643.6749,3.624939,3.624939
2026-11-24 00:00:00,590.12,611.7119,21.591919,21.591919
2026-11-24 01:00:00,620.8,613.4089,-7.3911133,7.3911133
2026-11-24 02:00:00,596.38,622.64026,26.260254,26.260254
2026-11-24 03:00:00,637.72003,627.26874,-10.451294,10.451294
2026-11-24 04:00:00,601.08,643.68665,42.60663,42.60663
2026-11-24 05:00:00,664.28,671.73785,7.4578247,7.4578247
2026-11-24 06:00:00,667.03,708.6585,41.62848,41.62848
2026-11-24 07:00:00,656.86,733.1247,76.26471,76.26471
2026-11-24 08:00:00,641.39,710.5004,69.11041,69.11041
2026-11-24 09:00:00,625.09,663.4047,38.314697,38.314697
2026-11-24 10:00:00,563.95,602.18634,38.23633,38.23633
2026-11-24 11:00:00,558.75,565.0923,6.342285,6.342285
2026-11-24 12:00:00,502.28003,546.321,44.040955,44.040955
2026-11-24 13:00:00,508.55002,542.59045,34.040436,34.040436
2026-11-24 14:00:00,546.36,560.9315,14.571533,14.571533
2026-11-24 15:00:00,588.58,599.39465,10.814636,10.814636
2026-11-24 16:00:00,587.22003,660.04785,72.82782,72.82782
2026-11-24 17:00:00,661.17,722.8988,61.72882,61.72882
2026-11-24 18:00:00,706.41003,770.8414,64.431335,64.431335
2026-11-24 19:00:00,742.9,783.26263,40.36261,40.36261
2026-11-24 20:00:00,702.17,768.6304,66.46039,66.46039
2026-11-24 21:00:00,661.17,732.9413,71.7713,71.7713
2026-11-24 22:00:00,651.48,689.90063,38.420654,38.420654
2026-11-24 23:00:00,611.02,648.7896,37.769592,37.769592
2026-11-25 00:00:00,593.25,615.7736,22.52362,22.52362
2026-11-25 01:00:00,644.36,612.3944,-31.965576,31.965576
2026-11-25 02:00:00,583.41003,621.4442,38.03418,38.03418
2026-11-25 03:00:00,615.88,627.23193,11.351929,11.351929
2026-11-25 04:00:00,624.63,640.1727,15.542725,15.542725
2026-11-25 05:00:00,630.7,668.84424,38.144226,38.144226
2026-11-25 06:00:00,684.56,702.41614,17.85614,17.85614
2026-11-25 07:00:00,653.91003,723.8609,69.95087,69.95087
2026-11-25 08:00:00,653.63,706.5746,52.94458,52.94458
2026-11-25 09:00:00,630.24,660.7516,30.511597,30.511597
2026-11-25 10:00:00,626.14,600.5726,-25.567444,25.567444
2026-11-25 11:00:00,558.97003,565.21564,6.2456055,6.2456055
2026-11-25 12:00:00,513.93,545.5944,31.664429,31.664429
2026-11-25 13:00:00,549.22003,542.2286,-6.991455,6.991455
2026-11-25 14:00:00,534.57,557.87115,23.301147,23.301147
2026-11-25 15:00:00,551.24,594.354,43.114014,43.114014
2026-11-25 16:00:00,633.42,652.19135,18.771362,18.771362
2026-11-25 17:00:00,692.1,727.7436,35.643616,35.643616
2026-11-25 18:00:00,698.14,779.25525,81.115234,81.115234
2026-11-25 19:00:00,743.11,793.0341,49.924133,49.924133
2026-11-25 20:00:00,684.62,778.12915,93.509155,93.509155
2026-11-25 21:00:00,698.19,742.3375,44.147522,44.147522
2026-11-25 22:00:00,662.9,697.6822,34.782166,34.782166
2026-11-25 23:00:00,624.02,656.70135,32.681335,32.681335
2026-11-26 00:00:00,599.60004,624.63403,25.033997,25.033997
2026-11-26 01:00:00,613.0,624.53906,11.5390625,11.5390625
2026-11-26 02:00:00,601.31,624.1363,22.826294,22.826294
2026-11-26 03:00:00,639.29004,626.2975,-12.992554,12.992554
2026-11-26 04:00:00,654.26,641.567,-12.692993,12.692993
2026-11-26 05:00:00,645.28,671.4176,26.137573,26.137573
2026-11-26 06:00:00,682.51,704.1197,21.60968,21.60968
2026-11-26 07:00:00,662.14,724.3257,62.18567,62.18567
2026-11-26 08:00:00,674.41003,706.8455,32.435486,32.435486
2026-11-26 09:00:00,656.26,662.3326,6.072571,6.072571
2026-11-26 10:00:00,571.61,604.83655,33.226562,33.226562
2026-11-26 11:00:00,598.39,568.2125,-30.17749,30.17749
2026-11-26 12:00:00,601.98,547.85175,-54.128235,54.128235
2026-11-26 13:00:00,537.47003,544.2673,6.797241,6.797241
2026-11-26 14:00:00,582.60004,556.0466,-26.553467,26.553467
2026-11-26 15:00:00,552.0,590.45154,38.451538,38.451538
2026-11-26 16:00:00,545.53,647.1716,101.64154,101.64154
2026-11-26 17:00:00,654.65,711.9239,57.273865,57.273865
2026-11-26 18:00:00,694.03,763.76495,69.734924,69.734924
2026-11-26 19:00:00,739.25,781.73987,42.48987,42.48987
2026-11-26 20:00:00,691.65,766.3674,74.71735,74.71735
2026-11-26 21:00:00,699.72003,727.0509,27.330872,27.330872
2026-11-26 22:00:00,673.37,682.4947,9.124695,9.124695
2026-11-26 23:00:00,579.0,641.19824,62.198242,62.198242
2026-11-27 00:00:00,580.48,611.8312,31.351196,31.351196
2026-11-27 01:00:00,577.8,616.67706,38.877075,38.877075
2026-11-27 02:00:00,552.62,621.6815,69.06152,69.06152
2026-11-27 03:00:00,630.59,623.2679,-7.3221436,7.3221436
2026-11-27 04:00:00,597.33,639.1357,41.805664,41.805664
2026-11-27 05:00:00,646.47003,667.16876,20.69873,20.69873
2026-11-27 06:00:00,651.26,702.66077,51.400757,51.400757
2026-11-27 07:00:00,651.74,726.1723,74.43231,74.43231
2026-11-27 08:00:00,664.74,711.8304,47.090393,47.090393
2026-11-27 09:00:00,624.4,668.7102,44.31018,44.31018
2026-11-27 10:00:00,591.8,604.65497,12.85498,12.85498
2026-11-27 11:00:00,552.96,567.89355,14.933533,14.933533
2026-11-27 12:00:00,566.02,547.8749,-18.145142,18.145142
2026-11-27 13:00:00,544.29004,546.1904,1.9003906,1.9003906
2026-11-27 14:00:00,551.07,562.125,11.054993,11.054993
2026-11-27 15:00:00,552.24,600.2422,48.002197,48.002197
2026-11-27 16:00:00,608.03,663.68066,55.650635,55.650635
2026-11-27 17:00:00,675.14,726.68604,51.54602,51.54602
2026-11-27 18:00:00,708.92,774.7639,65.84393,65.84393
2026-11-27 19:00:00,755.1,787.9523,32.852295,32.852295
2026-11-27 20:00:00,720.06,770.1437,50.08368,50.08368
2026-11-27 21:00:00,683.42,732.1483,48.728333,48.728333
2026-11-27 22:00:00,626.13,690.4794,64.349365,64.349365
2026-11-27 23:00:00,601.33,645.29034,43.960327,43.960327
2026-11-28 00:00:00,473.65002,522.15,48.5,48.5
2026-11-28 01:00:00,495.43,527.16077,31.730774,31.730774
2026-11-28 02:00:00,507.2,536.43225,29.232239,29.232239
2026-11-28 03:00:00,491.72003,537.15454,45.43451,45.43451
2026-11-28 04:00:00,492.22003,545.2756,53.055542,53.055542
2026-11-28 05:00:00,525.04004,560.5919,35.55188,35.55188
2026-11-28 06:00:00,583.73,585.49097,1.7609863,1.7609863
2026-11-28 07:00:00,539.75,601.9856,62.235596,62.235596
2026-11-28 08:00:00,564.22003,594.90704,30.687012,30.687012
2026-11-28 09:00:00,523.35,568.62317,45.273193,45.273193
2026-11-28 10:00:00,452.31003,520.85095,68.540924,68.540924
2026-11-28 11:00:00,457.53003,484.9071,27.377075,27.377075
2026-11-28 12:00:00,458.48004,468.25262,9.772583,9.772583
2026-11-28 13:00:00,422.52002,463.5876,41.067566,41.067566
2026-11-28 14:00:00,446.34003,476.603,30.26297,30.26297
2026-11-28 15:00:00,469.30002,512.4815,43.181488,43.181488
2026-11-28 16:00:00,515.54004,568.71814,53.1781,53.1781
2026-11-28 17:00:00,522.06,623.8581,101.798096,101.798096
2026-11-28 18:00:00,617.35004,671.564,54.21399,54.21399
2026-11-28 19:00:00,630.43,691.84326,61.41327,61.41327
2026-11-28 20:00:00,596.18,674.7124,78.53241,78.53241
2026-11-28 21:00:00,546.56,625.3405,78.78052,78.78052
2026-11-28 22:00:00,584.09,577.6394,-6.4506226,6.4506226
2026-11-28 23:00:00,536.91003,544.7467,7.83667,7.83667
2026-11-29 00:00:00,513.18,556.391,43.211,43.211
2026-11-29 01:00:00,523.13,554.0581,30.9281,30.9281
2026-11-29 02:00:00,531.13,554.55023,23.420227,23.420227
2026-11-29 03:00:00,495.48,554.63824,59.158234,59.158234
2026-11-29 04:00:00,540.64,556.15845,15.518433,15.518433
2026-11-29 05:00:00,512.79004,565.4156,52.62555,52.62555
2026-11-29 06:00:00,539.47003,579.98926,40.519226,40.519226
2026-11-29 07:00:00,565.49,597.86316,32.37317,32.37317
2026-11-29 08:00:00,523.29004,594.24927,70.95923,70.95923
2026-11-29 09:00:00,549.93,563.755,13.825012,13.825012
2026-11-29 10:00:00,473.63,514.9282,41.298218,41.298218
2026-11-29 11:00:00,444.14,482.4619,38.3219,38.3219
2026-11-29 12:00:00,437.24002,466.5063,29.266266,29.266266
2026-11-29 13:00:00,401.68,462.87067,61.190674,61.190674
2026-11-29 14:00:00,399.23,475.849,76.61899,76.61899
2026-11-29 15:00:00,429.67,510.86548,81.195465,81.195465
2026-11-29 16:00:00,503.74,567.314,63.574036,63.574036
2026-11-29 17:00:00,512.3,621.4562,109.15619,109.15619
2026-11-29 18:00:00,585.95,673.9636,88.01361,88.01361
2026-11-29 19:00:00,594.76,700.2155,105.455505,105.455505
2026-11-29 20:00:00,600.89,677.26373,76.37372,76.37372
2026-11-29 21:00:00,567.42004,634.06006,66.640015,66.640015
2026-11-29 22:00:00,531.41003,589.3262,57.916138,57.916138
2026-11-29 23:00:00,502.45,556.49634,54.046326,54.046326
2026-11-30 00:00:00,624.63,600.93756,-23.692444,23.692444
2026-11-30 01:00:00,613.43,627.68225,14.252258,14.252258
2026-11-30 02:00:00,626.54004,626.79016,0.25012207,0.25012207
2026-11-30 03:00:00,610.92,629.18494,18.264954,18.264954
2026-11-30 04:00:00,633.98,644.27386,10.293884,10.293884
2026-11-30 05:00:00,615.31,670.30566,54.995667,54.995667
2026-11-30 06:00:00,658.97003,705.98645,47.01642,47.01642
2026-11-30 07:00:00,709.19,725.0201,15.830078,15.830078
2026-11-30 08:00:00,685.54,711.86414,26.324158,26.324158
2026-11-30 09:00:00,658.3,670.32263,12.022644,12.022644
2026-11-30 10:00:00,598.81,614.1144,15.304382,15.304382
2026-11-30 11:00:00,537.34,571.9666,34.626587,34.626587
2026-11-30 12:00:00,533.34,547.5096,14.169556,14.169556
2026-11-30 13:00:00,499.32,541.96906,42.649048,42.649048
2026-11-30 14:00:00,555.31,554.0392,-1.270813,1.270813
2026-11-30 15:00:00,588.57,586.4091,-2.1608887,2.1608887
2026-11-30 16:00:00,607.63,640.637,33.00702,33.00702
2026-11-30 17:00:00,627.82,705.07166,77.25165,77.25165
2026-11-30 18:00:00,660.92,756.859,95.939026,95.939026
2026-11-30 19:00:00,751.68,774.27057,22.590576,22.590576
2026-11-30 20:00:00,722.37,760.4746,38.104614,38.104614
2026-11-30 21:00:00,670.16003,725.84863,55.6886,55.6886
2026-11-30 22:00:00,661.28,682.1342,20.854187,20.854187
2026-11-30 23:00:00,609.83,639.6346,29.804565,29.804565
2026-12-01 00:00:00,595.3,609.721,14.4210205,14.4210205
2026-12-01 01:00:00,663.2,611.4041,-51.7959,51.7959
2026-12-01 02:00:00,599.3,622.42365,23.123657,23.123657
2026-12-01 03:00:00,550.23,625.75525,75.52527,75.52527
2026-12-01 04:00:00,610.49,640.1895,29.699524,29.699524
2026-12-01 05:00:00,603.36,665.692,62.33203,62.33203
2026-12-01 06:00:00,639.04004,695.5489,56.50885,56.50885
2026-12-01 07:00:00,661.16003,720.7552,59.595154,59.595154
2026-12-01 08:00:00,642.83,704.63043,61.800415,61.800415
2026-12-01 09:00:00,670.02,661.0793,-8.940735,8.940735
2026-12-01 10:00:00,590.81,602.40356,11.593567,11.593567
2026-12-01 11:00:00,593.06,567.5188,-25.541199,25.541199
2026-12-01 12:00:00,505.09003,548.5183,43.428284,43.428284
2026-12-01 13:00:00,534.94,544.0249,9.0849,9.0849
2026-12-01 14:00:00,551.12,562.6416,11.521606,11.521606
2026-12-01 15:00:00,535.94,598.76056,62.820557,62.820557
2026-12-01 16:00:00,602.15,658.7528,56.602783,56.602783
2026-12-01 17:00:00,666.34,718.5122,52.17218,52.17218
2026-12-01 18:00:00,707.97,764.8504,56.880432,56.880432
2026-12-01 19:00:00,755.31,777.0732,21.763184,21.763184
2026-12-01 20:00:00,743.37,761.99976,18.62976,18.62976
2026-12-01 21:00:00,716.53,725.6676,9.137573,9.137573
2026-12-01 22:00:00,683.53,680.3119,-3.2181396,3.2181396
2026-12-01 23:00:00,616.34,633.48596,17.145935,17.145935
2026-12-02 00:00:00,612.08,600.9243,-11.155701,11.155701
2026-12-02 01:00:00,603.78,601.9687,-1.8113403,1.8113403
2026-12-02 02:00:00,625.51,614.5343,-10.975708,10.975708
2026-12-02 03:00:00,649.37,622.24506,-27.124939,27.124939
2026-12-02 04:00:00,643.16003,634.46063,-8.699402,8.699402
2026-12-02 05:00:00,664.65,658.32245,-6.3275757,6.3275757
2026-12-02 06:00:00,645.92,698.9393,53.019287,53.019287
2026-12-02 07:00:00,683.42,721.3868,37.966797,37.966797
2026-12-02 08:00:00,693.38,712.6158,19.235779,19.235779
2026-12-02 09:00:00,630.12,671.9502,41.8302,41.8302
2026-12-02 10:00:00,554.19,610.38684,56.19684,56.19684
2026-12-02 11:00:00,606.49,570.6005,-35.889465,35.889465
2026-12-02 12:00:00,514.59,549.2959,34.70587,34.70587
2026-12-02 13:00:00,514.35004,545.70667,31.356628,31.356628
2026-12-02 14:00:00,508.62,560.37683,51.756836,51.756836
2026-12-02 15:00:00,575.79004,592.9127,17.12268,17.12268
2026-12-02 16:00:00,600.09,646.6731,46.58307,46.58307
2026-12-02 17:00:00,686.9,709.7725,22.872498,22.872498
2026-12-02 18:00:00,732.19,761.75903,29.56903,29.56903
2026-12-02 19:00:00,725.07,782.33374,57.263733,57.263733
2026-12-02 20:00:00,702.75,768.48785,65.737854,65.737854
2026-12-02 21:00:00,733.49,733.59094,0.10095215,0.10095215
2026-12-02 22:00:00,652.24,689.43475,37.194763,37.194763
2026-12-02 23:00:00,661.29,642.6684,-18.621582,18.621582
2026-12-03 00:00:00,622.77,605.395,-17.375,17.375
2026-12-03 01:00:00,628.24,606.4608,-21.779175,21.779175
2026-12-03 02:00:00,589.95,617.63074,27.680725,27.680725
2026-12-03 03:00:00,612.2,621.73584,9.535828,9.535828
2026-12-03 04:00:00,644.68,632.6061,-12.073914,12.073914
2026-12-03 05:00:00,606.69,658.20886,51.51886,51.51886
2026-12-03 06:00:00,655.3,691.31995,36.01996,36.01996
2026-12-03 07:00:00,688.47003,715.0806,26.610596,26.610596
2026-12-03 08:00:00,649.65,705.1963,55.546265,55.546265
2026-12-03 09:00:00,588.56,662.78174,74.22174,74.22174
2026-12-03 10:00:00,626.04004,606.7762,-19.263855,19.263855
2026-12-03 11:00:00,552.94,570.05707,17.117065,17.117065
2026-12-03 12:00:00,565.49,549.56445,-15.925537,15.925537
2026-12-03 13:00:00,553.06,546.85876,-6.201233,6.201233
2026-12-03 14:00:00,553.10004,557.69305,4.5930176,4.5930176
2026-12-03 15:00:00,559.27,605.0616,45.791565,45.791565
2026-12-03 16:00:00,575.88,712.30536,136.42535,136.42535
2026-12-03 17:00:00,668.37,779.00024,110.63025,110.63025
2026-12-03 18:00:00,728.63,803.58307,74.953064,74.953064
2026-12-03 19:00:00,725.02,799.43066,74.410645,74.410645
2026-12-03 20:00:00,727.7,770.204,42.503967,42.503967
2026-12-03 21:00:00,692.83,731.53076,38.700745,38.700745
2026-12-03 22:00:00,644.53,693.9283,49.398254,49.398254
2026-12-03 23:00:00,624.92,652.27057,27.350586,27.350586
2026-12-04 00:00:00,597.08,616.2382,19.158203,19.158203
2026-12-04 01:00:00,610.78,609.97363,-0.8063965,0.8063965
2026-12-04 02:00:00,616.46,617.7413,1.28125,1.28125
2026-12-04 03:00:00,542.34,622.86804,80.528015,80.528015
2026-12-04 04:00:00,604.23,632.98016,28.750183,28.750183
2026-12-04 05:00:00,673.91003,652.7297,-21.180359,21.180359
2026-12-04 06:00:00,649.74,689.0701,39.33014,39.33014
2026-12-04 07:00:00,701.25,717.99866,16.748657,16.748657
2026-12-04 08:00:00,659.07,711.48914,52.41913,52.41913
2026-12-04 09:00:00,664.49,671.10974,6.619751,6.619751
2026-12-04 10:00:00,602.29004,611.00336,8.713318,8.713318
2026-12-04 11:00:00,576.05,571.97766,-4.0723267,4.0723267
2026-12-04 12:00:00,557.58,553.17285,-4.4071655,4.4071655
2026-12-04 13:00:00,505.19,549.6275,44.4375,44.4375
2026-12-04 14:00:00,569.32,564.1388,-5.1812134,5.1812134
2026-12-04 15:00:00,563.48,597.47174,33.99176,33.99176
2026-12-04 16:00:00,638.93,657.5499,18.619934,18.619934
2026-12-04 17:00:00,652.84,725.78906,72.949036,72.949036
2026-12-04 18:00:00,730.56,774.0317,43.47168,43.47168
2026-12-04 19:00:00,723.22,786.78125,63.56128,63.56128
2026-12-04 20:00:00,709.28,770.84595,61.565918,61.565918
2026-12-04 21:00:00,694.66003,734.0892,39.42914,39.42914
2026-12-04 22:00:00,623.84,689.37537,65.53534,65.53534
2026-12-04 23:00:00,619.64,633.76306,14.123047,14.123047
2026-12-05 00:00:00,531.18,518.6476,-12.53241,12.53241
2026-12-05 01:00:00,501.59003,524.85016,23.260132,23.260132
2026-12-05 02:00:00,495.97003,532.1666,36.196594,36.196594
2026-12-05 03:00:00,540.74,537.42444,-3.3155518,3.3155518
2026-12-05 04:00:00,504.42,545.18884,40.76883,40.76883
2026-12-05 05:00:00,545.72003,557.9306,12.210571,12.210571
2026-12-05 06:00:00,557.13,577.63257,20.502563,20.502563
2026-12-05 07:00:00,615.88,595.49316,-20.38684,20.38684
2026-12-05 08:00:00,582.92,594.9122,11.9921875,11.9921875
2026-12-05 09:00:00,542.75,573.29083,30.540833,30.540833
2026-12-05 10:00:00,443.87,527.3518,83.48181,83.48181
2026-12-05 11:00:00,433.47003,489.65375,56.183716,56.183716
2026-12-05 12:00:00,472.48,469.49078,-2.9892273,2.9892273
2026-12-05 13:00:00,461.10004,465.58273,4.4826965,4.4826965
2026-12-05 14:00:00,411.74,478.67224,66.93225,66.93225
2026-12-05 15:00:00,466.91003,511.6437,44.733673,44.733673
2026-12-05 16:00:00,483.29,564.1207,80.83072,80.83072
2026-12-05 17:00:00,565.57,618.18427,52.614258,52.614258
2026-12-05 18:00:00,573.89,669.3546,95.4646,95.4646
2026-12-05 19:00:00,612.01,686.74066,74.73065,74.73065
2026-12-05 20:00:00,626.5,669.438,42.93799,42.93799
2026-12-05 21:00:00,564.71,621.36206,56.65204,56.65204
2026-12-05 22:00:00,541.41003,575.6481,34.238037,34.238037
2026-12-05 23:00:00,538.87,542.88586,4.015869,4.015869
2026-12-06 00:00:00,520.53,567.2811,46.7511,46.7511
2026-12-06 01:00:00,487.25,558.08417,70.83417,70.83417
2026-12-06 02:00:00,478.72003,550.794,72.073975,72.073975
2026-12-06 03:00:00,494.54,547.46027,52.920258,52.920258
2026-12-06 04:00:00,495.01,552.8524,57.842407,57.842407
2026-12-06 05:00:00,492.37003,562.25653,69.886505,69.886505
2026-12-06 06:00:00,574.42,576.07556,1.6555786,1.6555786
2026-12-06 07:00:00,528.26,593.1678,64.907776,64.907776
2026-12-06 08:00:00,561.29004,590.2211,28.931091,28.931091
2026-12-06 09:00:00,533.47003,573.87744,40.40741,40.40741
2026-12-06 10:00:00,468.25,525.71063,57.460632,57.460632
2026-12-06 11:00:00,477.26,487.97568,10.715668,10.715668
2026-12-06 12:00:00,457.30002,468.17157,10.8715515,10.8715515
2026-12-06 13:00:00,417.37,462.1909,44.820892,44.820892
2026-12-06 14:00:00,431.88,474.12305,42.243042,42.243042
2026-12-06 15:00:00,471.34003,509.35992,38.019897,38.019897
2026-12-06 16:00:00,490.76,562.6482,71.88818,71.88818
2026-12-06 17:00:00,578.39,614.6627,36.272705,36.272705
2026-12-06 18:00:00,605.98,668.981,63.001038,63.001038
2026-12-06 19:00:00,622.3,688.47723,66.177246,66.177246
2026-12-06 20:00:00,596.94,670.3438,73.40381,73.40381
2026-12-06 21:00:00,561.31,613.3325,52.022522,52.022522
2026-12-06 22:00:00,531.93,563.56616,31.63617,31.63617
2026-12-06 23:00:00,500.39,543.0354,42.645386,42.645386
2026-12-07 00:00:00,651.69,609.18585,-42.50415,42.50415
2026-12-07 01:00:00,604.85004,629.9075,25.057434,25.057434
2026-12-07 02:00:00,594.4,627.70886,33.308838,33.308838
2026-12-07 03:00:00,622.06,627.0783,5.0183105,5.0183105
2026-12-07 04:00:00,652.71,638.92065,-13.789368,13.789368
2026-12-07 05:00:00,607.39,669.7072,62.3172,62.3172
2026-12-07 06:00:00,664.49,711.0141,46.52411,46.52411
2026-12-07 07:00:00,672.89,730.0389,57.148865,57.148865
2026-12-07 08:00:00,637.46,715.3199,77.85986,77.85986
2026-12-07 09:00:00,601.37,673.6849,72.31488,72.31488
2026-12-07 10:00:00,566.84,619.14417,52.30414,52.30414
2026-12-07 11:00:00,559.68,574.16815,14.488159,14.488159
2026-12-07 12:00:00,505.07,551.47656,46.406555,46.406555
2026-12-07 13:00:00,523.46,544.4189,20.958862,20.958862
2026-12-07 14:00:00,542.48,558.163,15.683044,15.683044
2026-12-07 15:00:00,545.33,590.70123,45.371216,45.371216
2026-12-07 16:00:00,631.23,645.1443,13.914307,13.914307
2026-12-07 17:00:00,668.39,711.89514,43.505127,43.505127
2026-12-07 18:00:00,704.73,768.8545,64.12451,64.12451
2026-12-07 19:00:00,724.92,788.69495,63.774963,63.774963
2026-12-07 20:00:00,727.75,773.104,45.354004,45.354004
2026-12-07 21:00:00,658.9,737.66455,78.76453,78.76453
2026-12-07 22:00:00,618.29004,691.79126,73.50122,73.50122
2026-12-07 23:00:00,583.65,649.20557,65.55554,65.55554
2026-12-08 00:00:00,509.96002,614.91565,104.95563,104.95563
2026-12-08 01:00:00,486.2,561.3512,75.151184,75.151184
2026-12-08 02:00:00,450.69,540.28217,89.59216,89.59216
2026-12-08 03:00:00,547.3,544.8638,-2.4362183,2.4362183
2026-12-08 04:00:00,571.97003,563.7946,-8.175415,8.175415
2026-12-08 05:00:00,530.64,584.5094,53.869385,53.869385
2026-12-08 06:00:00,611.55,598.0232,-13.526794,13.526794
2026-12-08 07:00:00,579.26,616.34503,37.085022,37.085022
2026-12-08 08:00:00,592.72003,604.0565,11.336487,11.336487
2026-12-08 09:00:00,557.65,577.9928,20.342773,20.342773
2026-12-08 10:00:00,490.27002,551.0563,60.786255,60.786255
2026-12-08 11:00:00,438.63,512.7459,74.115906,74.115906
2026-12-08 12:00:00,424.79004,486.12463,61.334595,61.334595
2026-12-08 13:00:00,393.14,480.48456,87.34454,87.34454
2026-12-08 14:00:00,405.49002,507.99673,102.506714,102.506714
2026-12-08 15:00:00,439.93,555.0921,115.16211,115.16211
2026-12-08 16:00:00,539.74,598.94727,59.207275,59.207275
2026-12-08 17:00:00,581.07,639.59705,58.52704,58.52704
2026-12-08 18:00:00,579.39,677.8771,98.48706,98.48706
2026-12-08 19:00:00,641.96,685.9015,43.941467,43.941467
2026-12-08 20:00:00,630.56,666.81213,36.252136,36.252136
2026-12-08 21:00:00,560.26,625.0245,64.764465,64.764465
2026-12-08 22:00:00,525.03,579.04694,54.016907,54.016907
2026-12-08 23:00:00,531.22003,548.67285,17.45282,17.45282
2026-12-09 00:00:00,602.09,552.54016,-49.549866,49.549866
2026-12-09 01:00:00,586.61,610.83826,24.228271,24.228271
2026-12-09 02:00:00,609.01,622.4988,13.48877,13.48877
2026-12-09 03:00:00,609.15,635.7705,26.620483,26.620483
2026-12-09 04:00:00,616.09,653.9803,37.89026,37.89026
2026-12-09 05:00:00,588.06,679.78595,91.72595,91.72595
2026-12-09 06:00:00,685.79,711.34344,25.553467,25.553467
2026-12-09 07:00:00,683.15,725.91705,42.76703,42.76703
2026-12-09 08:00:00,710.9,709.70276,-1.1972656,1.1972656
2026-12-09 09:00:00,653.63,668.9131,15.283081,15.283081
2026-12-09 10:00:00,614.45,608.7362,-5.713806,5.713806
2026-12-09 11:00:00,569.58,568.0649,-1.5151367,1.5151367
2026-12-09 12:00:00,503.52002,547.6326,44.11261,44.11261
2026-12-09 13:00:00,555.23,542.50134,-12.728638,12.728638
2026-12-09 14:00:00,543.73,556.77814,13.048157,13.048157
2026-12-09 15:00:00,559.62,590.9836,31.363586,31.363586
2026-12-09 16:00:00,589.21,651.61664,62.406616,62.406616
2026-12-09 17:00:00,657.77,718.3771,60.607056,60.607056
2026-12-09 18:00:00,657.24,768.3214,111.08142,111.08142
2026-12-09 19:00:00,748.22003,782.64886,34.428833,34.428833
2026-12-09 20:00:00,720.49,767.558,47.067993,47.067993
2026-12-09 21:00:00,701.9,731.4454,29.54535,29.54535
2026-12-09 22:00:00,630.3,688.01526,57.71527,57.71527
2026-12-09 23:00:00,620.26,641.2427,20.982666,20.982666
2026-12-10 00:00:00,615.23,607.1149,-8.115051,8.115051
2026-12-10 01:00:00,618.60004,608.27515,-10.32489,10.32489
2026-12-10 02:00:00,613.82,619.04755,5.227539,5.227539
2026-12-10 03:00:00,600.55,623.4757,22.92572,22.92572
2026-12-10 04:00:00,618.18,635.56006,17.380066,17.380066
2026-12-10 05:00:00,627.10004,663.90753,36.807495,36.807495
2026-12-10 06:00:00,635.35004,699.3497,63.999634,63.999634
2026-12-10 07:00:00,672.71,723.4973,50.787292,50.787292
2026-12-10 08:00:00,671.22003,712.9826,41.762573,41.762573
2026-12-10 09:00:00,633.46,671.5991,38.1391,38.1391
2026-12-10 10:00:00,584.3,610.15717,25.857178,25.857178
2026-12-10 11:00:00,575.26,571.0471,-4.2128906,4.2128906
2026-12-10 12:00:00,548.38,550.9139,2.5338745,2.5338745
2026-12-10 13:00:00,515.92004,546.69696,30.776917,30.776917
2026-12-10 14:00:00,585.75,560.0139,-25.736084,25.736084
2026-12-10 15:00:00,559.5,596.65106,37.151062,37.151062
2026-12-10 16:00:00,587.78,657.44666,69.666626,69.666626
2026-12-10 17:00:00,633.47003,722.1466,88.676575,88.676575
2026-12-10 18:00:00,726.53,766.9473,40.417297,40.417297
2026-12-10 19:00:00,736.2,781.61945,45.419434,45.419434
2026-12-10 20:00:00,721.53,766.4574,44.92737,44.92737
2026-12-10 21:00:00,719.03,729.12225,10.092224,10.092224
2026-12-10 22:00:00,630.9,685.53674,54.63672,54.63672
2026-12-10 23:00:00,629.46,639.32983,9.869812,9.869812
2026-12-11 00:00:00,625.63,601.71375,-23.91626,23.91626
2026-12-11 01:00:00,597.08,608.54407,11.46405,11.46405
2026-12-11 02:00:00,621.11,616.0652,-5.0448,5.0448
2026-12-11 03:00:00,633.48,620.6267,-12.8532715,12.8532715
2026-12-11 04:00:00,636.0,630.5954,-5.404602,5.404602
2026-12-11 05:00:00,667.87,654.73126,-13.138733,13.138733
2026-12-11 06:00:00,699.75,694.57184,-5.1781616,5.1781616
2026-12-11 07:00:00,691.99,725.9565,33.96649,33.96649
2026-12-11 08:00:00,648.60004,723.04346,74.44342,74.44342
2026-12-11 09:00:00,718.86,684.2938,-34.566162,34.566162
2026-12-11 10:00:00,567.44,627.83624,60.39624,60.39624
2026-12-11 11:00:00,539.29004,579.99884,40.7088,40.7088
2026-12-11 12:00:00,561.86,553.75037,-8.109619,8.109619
2026-12-11 13:00:00,541.65,551.8754,10.225403,10.225403
2026-12-11 14:00:00,552.51,567.2741,14.764099,14.764099
2026-12-11 15:00:00,583.31,602.14026,18.830261,18.830261
2026-12-11 16:00:00,612.4,665.16705,52.76703,52.76703
2026-12-11 17:00:00,638.69,721.88727,83.197266,83.197266
2026-12-11 18:00:00,728.49,764.5427,36.052734,36.052734
2026-12-11 19:00:00,733.97,778.9809,45.010925,45.010925
2026-12-11 20:00:00,729.48,761.22565,31.745667,31.745667
2026-12-11 21:00:00,687.44,723.9105,36.47052,36.47052
2026-12-11 22:00:00,626.33,682.31586,55.98584,55.98584
2026-12-11 23:00:00,645.25,631.4851,-13.764893,13.764893
2026-12-12 00:00:00,465.67,515.2387,49.568695,49.568695
2026-12-12 01:00:00,509.57,522.70245,13.132446,13.132446
2026-12-12 02:00:00,557.12,534.15564,-22.964355,22.964355
2026-12-12 03:00:00,494.18002,537.7538,43.57376,43.57376
2026-12-12 04:00:00,491.47003,543.3323,51.862244,51.862244
2026-12-12 05:00:00,531.47003,558.72845,27.258423,27.258423
2026-12-12 06:00:00,551.09,578.71405,27.624023,27.624023
2026-12-12 07:00:00,560.34,593.31714,32.97711,32.97711
2026-12-12 08:00:00,551.04004,593.03143,41.991394,41.991394
2026-12-12 09:00:00,503.44,569.02783,65.58783,65.58783
2026-12-12 10:00:00,451.92,522.0138,70.09378,70.09378
2026-12-12 11:00:00,411.86002,488.9301,77.0701,77.0701
2026-12-12 12:00:00,443.60004,471.36462,27.764587,27.764587
2026-12-12 13:00:00,444.42,466.59796,22.177948,22.177948
2026-12-12 14:00:00,445.74002,479.94537,34.205353,34.205353
2026-12-12 15:00:00,467.57,513.48285,45.91284,45.91284
2026-12-12 16:00:00,490.18,567.9498,77.76984,77.76984
2026-12-12 17:00:00,565.55,619.16815,53.618164,53.618164
2026-12-12 18:00:00,550.97003,671.93414,120.96411,120.96411
2026-12-12 19:00:00,606.79004,692.9332,86.14319,86.14319
2026-12-12 20:00:00,565.5,677.584,112.083984,112.083984
2026-12-12 21:00:00,574.56,634.703,60.143005,60.143005
2026-12-12 22:00:00,536.89,587.9748,51.084778,51.084778
2026-12-12 23:00:00,562.27,551.7966,-10.47345,10.47345
2026-12-13 00:00:00,526.31,555.84314,29.533142,29.533142
2026-12-13 01:00:00,507.34,550.23425,42.894257,42.894257
2026-12-13 02:00:00,486.79,546.0603,59.270294,59.270294
2026-12-13 03:00:00,471.99,546.84863,74.85864,74.85864
2026-12-13 04:00:00,558.59,551.03735,-7.5526733,7.5526733
2026-12-13 05:00:00,522.94,564.0947,41.154724,41.154724
2026-12-13 06:00:00,561.47003,578.12195,16.651917,16.651917
2026-12-13 07:00:00,539.41003,594.86664,55.456604,55.456604
2026-12-13 08:00:00,599.28,591.1466,-8.133423,8.133423
2026-12-13 09:00:00,517.2,568.2915,51.09149,51.09149
2026-12-13 10:00:00,463.33002,520.378,57.047974,57.047974
2026-12-13 11:00:00,452.69,484.56232,31.872314,31.872314
2026-12-13 12:00:00,462.99002,466.49042,3.5003967,3.5003967
2026-12-13 13:00:00,413.38,462.08594,48.705933,48.705933
2026-12-13 14:00:00,435.81,475.1101,39.30011,39.30011
2026-12-13 15:00:00,475.75,510.45334,34.70334,34.70334
2026-12-13 16:00:00,510.1,567.4283,57.328278,57.328278
2026-12-13 17:00:00,531.2,619.1831,87.98309,87.98309
2026-12-13 18:00:00,632.72003,669.51953,36.7995,36.7995
2026-12-13 19:00:00,618.92,691.61664,72.696655,72.696655
2026-12-13 20:00:00,578.45,673.62396,95.17395,95.17395
2026-12-13 21:00:00,608.0,619.44556,11.445557,11.445557
2026-12-13 22:00:00,552.04004,567.8443,15.80426,15.80426
2026-12-13 23:00:00,521.0,546.00995,25.009949,25.009949
2026-12-14 00:00:00,648.19,605.2795,-42.910522,42.910522
2026-12-14 01:00:00,642.51,628.741,-13.768982,13.768982
2026-12-14 02:00:00,582.89,627.4844,44.59436,44.59436
2026-12-14 03:00:00,612.49,627.22095,14.730957,14.730957
2026-12-14 04:00:00,585.05,636.8641,51.814087,51.814087
2026-12-14 05:00:00,637.69,661.68195,23.991943,23.991943
2026-12-14 06:00:00,675.05,695.76105,20.71106,20.71106
2026-12-14 07:00:00,651.93,717.82794,65.89795,65.89795
2026-12-14 08:00:00,690.71,714.0493,23.339294,23.339294
2026-12-14 09:00:00,617.93,676.2688,58.338806,58.338806
2026-12-14 10:00:00,611.74,621.3129,9.572937,9.572937
2026-12-14 11:00:00,604.13,574.5853,-29.544678,29.544678
2026-12-14 12:00:00,556.73,551.01013,-5.7198486,5.7198486
2026-12-14 13:00:00,524.88,544.5166,19.636597,19.636597
2026-12-14 14:00:00,569.33,556.9432,-12.386841,12.386841
2026-12-14 15:00:00,571.81,588.9424,17.132385,17.132385
2026-12-14 16:00:00,575.41003,646.10156,70.69153,70.69153
2026-12-14 17:00:00,636.08,709.7301,73.650085,73.650085
2026-12-14 18:00:00,714.5,758.95154,44.451538,44.451538
2026-12-14 19:00:00,767.54,777.11005,9.570068,9.570068
2026-12-14 20:00:00,705.84,763.24304,57.403015,57.403015
2026-12-14 21:00:00,696.36,726.708,30.348022,30.348022
2026-12-14 22:00:00,635.68,681.1345,45.45453,45.45453
2026-12-14 23:00:00,639.51,637.60486,-1.9051514,1.9051514
2026-12-15 00:00:00,572.32,606.6127,34.292664,34.292664
2026-12-15 01:00:00,634.74,606.65924,-28.08075,28.08075
2026-12-15 02:00:00,637.5,618.563,-18.937012,18.937012
2026-12-15 03:00:00,604.53,624.4177,19.887695,19.887695
2026-12-15 04:00:00,651.52,640.00073,-11.519287,11.519287
2026-12-15 05:00:00,571.68,673.27374,101.59375,101.59375
2026-12-15 06:00:00,648.60004,707.7578,59.157776,59.157776
2026-12-15 07:00:00,697.38,729.1959,31.815918,31.815918
2026-12-15 08:00:00,663.33,708.3817,45.051697,45.051697
2026-12-15 09:00:00,581.44,660.90857,79.46857,79.46857
2026-12-15 10:00:00,581.66003,601.9952,20.335144,20.335144
2026-12-15 11:00:00,528.01,565.962,37.951965,37.951965
2026-12-15 12:00:00,569.2,546.35034,-22.84967,22.84967
2026-12-15 13:00:00,489.45,544.59784,55.147827,55.147827
2026-12-15 14:00:00,546.93,561.14056,14.210571,14.210571
2026-12-15 15:00:00,500.66003,597.57904,96.91901,96.91901
2026-12-15 16:00:00,602.08,649.16394,47.083923,47.083923
2026-12-15 17:00:00,629.25,713.6283,84.378296,84.378296
2026-12-15 18:00:00,705.6,763.72314,58.12317,58.12317
2026-12-15 19:00:00,699.95,781.41296,81.46295,81.46295
2026-12-15 20:00:00,700.39,765.4198,65.029785,65.029785
2026-12-15 21:00:00,686.54004,731.57153,45.031494,45.031494
2026-12-15 22:00:00,666.39,690.6743,24.284302,24.284302
2026-12-15 23:00:00,622.46,650.9593,28.499268,28.499268
2026-12-16 00:00:00,609.05,619.69476,10.644775,10.644775
2026-12-16 01:00:00,629.41003,613.52295,-15.887085,15.887085
2026-12-16 02:00:00,584.94,619.6784,34.738403,34.738403
2026-12-16 03:00:00,625.9,623.1768,-2.7232056,2.7232056
2026-12-16 04:00:00,612.68,634.4379,21.757935,21.757935
2026-12-16 05:00:00,683.82,659.7486,-24.071411,24.071411
2026-12-16 06:00:00,641.91003,696.3276,54.41754,54.41754
2026-12-16 07:00:00,639.05,720.0754,81.02539,81.02539
2026-12-16 08:00:00,660.33,707.2465,46.916504,46.916504
2026-12-16 09:00:00,618.81,665.5477,46.737732,46.737732
2026-12-16 10:00:00,614.11,603.4095,-10.7005005,10.7005005
2026-12-16 11:00:00,544.62,568.15546,23.535461,23.535461
2026-12-16 12:00:00,543.68,549.0065,5.326477,5.326477
2026-12-16 13:00:00,563.45,544.766,-18.684021,18.684021
2026-12-16 14:00:00,584.79004,561.5231,-23.266968,23.266968
2026-12-16 15:00:00,583.04004,597.3408,14.300781,14.300781
2026-12-16 16:00:00,596.13,659.315,63.184998,63.184998
2026-12-16 17:00:00,651.09,725.55426,74.46423,74.46423
2026-12-16 18:00:00,701.73,772.8043,71.07434,71.07434
2026-12-16 19:00:00,692.16003,786.81226,94.65222,94.65222
2026-12-16 20:00:00,748.35,769.0541,20.704102,20.704102
2026-12-16 21:00:00,700.21,745.70416,45.49414,45.49414
2026-12-16 22:00:00,643.01,710.64307,67.63306,67.63306
2026-12-16 23:00:00,600.43,674.8955,74.465515,74.465515
2026-12-17 00:00:00,577.1,640.8615,63.761536,63.761536
2026-12-17 01:00:00,615.98,625.63727,9.657288,9.657288
2026-12-17 02:00:00,640.36,627.3915,-12.968506,12.968506
2026-12-17 03:00:00,565.86,634.00934,68.14935,68.14935
2026-12-17 04:00:00,618.34,643.52625,25.186218,25.186218
2026-12-17 05:00:00,601.63,668.7649,67.13489,67.13489
2026-12-17 06:00:00,637.57,701.14636,63.576355,63.576355
2026-12-17 07:00:00,669.47003,723.6635,54.19348,54.19348
2026-12-17 08:00:00,705.61,706.93665,1.3266602,1.3266602
2026-12-17 09:00:00,632.83,663.99774,31.167725,31.167725
2026-12-17 10:00:00,622.18,602.1337,-20.046265,20.046265
2026-12-17 11:00:00,540.86,567.10486,26.244873,26.244873
2026-12-17 12:00:00,547.03,546.96313,-0.06689453,0.06689453
2026-12-17 13:00:00,530.32,543.7052,13.385193,13.385193
2026-12-17 14:00:00,593.43,556.4356,-36.994385,36.994385
2026-12-17 15:00:00,575.15,589.3776,14.2276,14.2276
2026-12-17 16:00:00,620.96,650.22894,29.26892,29.26892
2026-12-17 17:00:00,667.32,716.61426,49.29425,49.29425
2026-12-17 18:00:00,699.05,766.6279,67.57794,67.57794
2026-12-17 19:00:00,694.49,782.4466,87.956604,87.956604
2026-12-17 20:00:00,707.22,764.22205,57.002075,57.002075
2026-12-17 21:00:00,696.74,725.5946,28.854614,28.854614
2026-12-17 22:00:00,642.25,682.6975,40.44751,40.44751
2026-12-17 23:00:00,628.45,636.80756,8.357544,8.357544
2026-12-18 00:00:00,598.54004,598.914,0.3739624,0.3739624
2026-12-18 01:00:00,602.03,603.3478,1.317749,1.317749
2026-12-18 02:00:00,584.88,614.7536,29.873596,29.873596
2026-12-18 03:00:00,628.16003,618.6387,-9.521362,9.521362
2026-12-18 04:00:00,631.64,628.7238,-2.9161987,2.9161987
2026-12-18 05:00:00,669.91003,656.54004,-13.369995,13.369995
2026-12-18 06:00:00,641.44,694.13666,52.696655,52.696655
2026-12-18 07:00:00,730.23,718.90094,-11.329041,11.329041
2026-12-18 08:00:00,661.52,711.51117,49.99115,49.99115
2026-12-18 09:00:00,586.95,672.1528,85.20276,85.20276
2026-12-18 10:00:00,612.72003,611.4006,-1.319458,1.319458
2026-12-18 11:00:00,579.62,570.97644,-8.643555,8.643555
2026-12-18 12:00:00,512.78,551.92755,39.147522,39.147522
2026-12-18 13:00:00,501.30002,548.31915,47.019135,47.019135
2026-12-18 14:00:00,484.43,563.0433,78.61328,78.61328
2026-12-18 15:00:00,533.68,596.798,63.11798,63.11798
2026-12-18 16:00:00,592.2,651.06055,58.860535,58.860535
2026-12-18 17:00:00,679.08,713.70886,34.628845,34.628845
2026-12-18 18:00:00,715.57,764.34076,48.770752,48.770752
2026-12-18 19:00:00,732.83,781.25806,48.42804,48.42804
2026-12-18 20:00:00,699.28,765.43463,66.1546,66.1546
2026-12-18 21:00:00,679.1,726.83215,47.732178,47.732178
2026-12-18 22:00:00,661.24,683.7288,22.48883,22.48883
2026-12-18 23:00:00,638.22003,630.7834,-7.4366455,7.4366455
2026-12-19 00:00:00,493.10004,516.59283,23.492798,23.492798
2026-12-19 01:00:00,518.60004,527.36914,8.769104,8.769104
2026-12-19 02:00:00,467.10004,534.2137,67.11365,67.11365
2026-12-19 03:00:00,480.04,539.3582,59.318207,59.318207
2026-12-19 04:00:00,530.11,543.7027,13.592712,13.592712
2026-12-19 05:00:00,513.05,558.37665,45.32666,45.32666
2026-12-19 06:00:00,550.48,579.3771,28.897095,28.897095
2026-12-19 07:00:00,564.58,594.3494,29.76941,29.76941
2026-12-19 08:00:00,572.38,596.28326,23.90326,23.90326
2026-12-19 09:00:00,521.05005,575.0027,53.952637,53.952637
2026-12-19 10:00:00,523.79004,527.78,3.9899902,3.9899902
2026-12-19 11:00:00,438.16003,490.737,52.576965,52.576965
2026-12-19 12:00:00,444.12,469.90906,25.789062,25.789062
2026-12-19 13:00:00,375.12003,468.35217,93.23215,93.23215
2026-12-19 14:00:00,410.16,482.47913,72.31912,72.31912
2026-12-19 15:00:00,438.92,516.51935,77.599335,77.599335
2026-12-19 16:00:00,492.38,565.6713,73.29132,73.29132
2026-12-19 17:00:00,506.63,613.3164,106.6864,106.6864
2026-12-19 18:00:00,600.74,664.3438,63.60382,63.60382
2026-12-19 19:00:00,577.57,693.10095,115.530945,115.530945
2026-12-19 20:00:00,577.62,678.637,101.01703,101.01703
2026-12-19 21:00:00,535.7,637.342,101.64197,101.64197
2026-12-19 22:00:00,535.96,588.4506,52.4906,52.4906
2026-12-19 23:00:00,493.66003,552.8677,59.20764,59.20764
2026-12-20 00:00:00,496.81,565.8908,69.08081,69.08081
2026-12-20 01:00:00,461.75,550.98694,89.23694,89.23694
2026-12-20 02:00:00,460.13,546.5824,86.45239,86.45239
2026-12-20 03:00:00,489.75,546.82935,57.079346,57.079346
2026-12-20 04:00:00,542.62,555.1196,12.499634,12.499634
2026-12-20 05:00:00,496.92,568.11206,71.19205,71.19205
2026-12-20 06:00:00,553.08,581.4874,28.40741,28.40741
2026-12-20 07:00:00,564.31,593.8933,29.583313,29.583313
2026-12-20 08:00:00,576.94,587.18964,10.249634,10.249634
2026-12-20 09:00:00,501.90002,562.83276,60.93274,60.93274
2026-12-20 10:00:00,486.03003,515.46265,29.432617,29.432617
2026-12-20 11:00:00,470.80002,483.32346,12.5234375,12.5234375
2026-12-20 12:00:00,447.99002,467.4365,19.446472,19.446472
2026-12-20 13:00:00,416.57,462.8402,46.270203,46.270203
2026-12-20 14:00:00,443.95,476.4439,32.493896,32.493896
2026-12-20 15:00:00,448.49002,512.1844,63.694366,63.694366
2026-12-20 16:00:00,513.27,564.99384,51.723816,51.723816
2026-12-20 17:00:00,500.24002,617.9872,117.74716,117.74716
2026-12-20 18:00:00,627.55,666.7212,39.171204,39.171204
2026-12-20 19:00:00,592.68,686.5721,93.89209,93.89209
2026-12-20 20:00:00,598.57,672.0993,73.5293,73.5293
2026-12-20 21:00:00,592.93,620.1309,27.200928,27.200928
2026-12-20 22:00:00,556.18,570.05774,13.877747,13.877747
2026-12-20 23:00:00,484.5,544.064,59.564026,59.564026
2026-12-21 00:00:00,605.68,608.0436,2.3635864,2.3635864
2026-12-21 01:00:00,631.31,627.7379,-3.5720825,3.5720825
2026-12-21 02:00:00,618.21,626.3028,8.092773,8.092773
2026-12-21 03:00:00,579.91003,627.21674,47.3067,47.3067
2026-12-21 04:00:00,610.8,637.5907,26.79071,26.79071
2026-12-21 05:00:00,647.01,661.3992,14.38916,14.38916
2026-12-21 06:00:00,655.76,694.0481,38.288086,38.288086
2026-12-21 07:00:00,669.12,716.7537,47.633728,47.633728
2026-12-21 08:00:00,676.53,709.8023,33.272278,33.272278
2026-12-21 09:00:00,683.72003,674.16486,-9.555176,9.555176
2026-12-21 10:00:00,600.79004,625.4039,24.61383,24.61383
2026-12-21 11:00:00,521.52,578.7727,57.252686,57.252686
2026-12-21 12:00:00,506.35,552.9344,46.58438,46.58438
2026-12-21 13:00:00,550.87,545.7446,-5.125366,5.125366
2026-12-21 14:00:00,545.33,558.818,13.487976,13.487976
2026-12-21 15:00:00,565.09,590.158,25.067993,25.067993
2026-12-21 16:00:00,624.05,644.3358,20.285828,20.285828
2026-12-21 17:00:00,692.19,711.1418,18.951782,18.951782
2026-12-21 18:00:00,731.09,760.23804,29.14801,29.14801
2026-12-21 19:00:00,722.72003,779.41064,56.690613,56.690613
2026-12-21 20:00:00,710.04004,768.9966,58.956543,58.956543
2026-12-21 21:00:00,691.07,734.9302,43.86017,43.86017
2026-12-21 22:00:00,600.59,688.9826,88.39258,88.39258
2026-12-21 23:00:00,667.35004,638.3281,-29.021912,29.021912
2026-12-22 00:00:00,593.18,602.9455,9.765503,9.765503
2026-12-22 01:00:00,583.22003,603.74713,20.5271,20.5271
2026-12-22 02:00:00,613.95,619.08484,5.1348267,5.1348267
2026-12-22 03:00:00,595.42,623.06433,27.644348,27.644348
2026-12-22 04:00:00,661.09,633.2281,-27.861938,27.861938
2026-12-22 05:00:00,640.04004,661.8863,21.846252,21.846252
2026-12-22 06:00:00,656.31,697.96027,41.65027,41.65027
2026-12-22 07:00:00,703.36,721.8092,18.449219,18.449219
2026-12-22 08:00:00,633.35004,712.67053,79.320496,79.320496
2026-12-22 09:00:00,634.99,668.60846,33.61847,33.61847
2026-12-22 10:00:00,604.10004,607.8581,3.7580566,3.7580566
2026-12-22 11:00:00,550.22003,570.2752,20.055176,20.055176
2026-12-22 12:00:00,501.28003,549.1025,47.82245,47.82245
2026-12-22 13:00:00,525.99,546.46875,20.47876,20.47876
2026-12-22 14:00:00,517.92004,563.58405,45.664,45.664
2026-12-22 15:00:00,562.67004,600.1514,37.481384,37.481384
2026-12-22 16:00:00,621.91003,661.0455,39.135437,39.135437
2026-12-22 17:00:00,693.12,722.4306,29.310608,29.310608
2026-12-22 18:00:00,722.98,768.0844,45.10443,45.10443
2026-12-22 19:00:00,716.95,782.2418,65.29181,65.29181
2026-12-22 20:00:00,702.59,764.43427,61.84424,61.84424
2026-12-22 21:00:00,698.9,729.46814,30.568115,30.568115
2026-12-22 22:00:00,641.15,686.3413,45.191284,45.191284
2026-12-22 23:00:00,621.82,642.3524,20.53241,20.53241
2026-12-23 00:00:00,627.21,607.96484,-19.245178,19.245178
2026-12-23 01:00:00,621.83,612.0763,-9.753723,9.753723
2026-12-23 02:00:00,582.95,619.9875,37.037476,37.037476
2026-12-23 03:00:00,599.86,624.84784,24.987854,24.987854
2026-12-23 04:00:00,656.96,634.8962,-22.063843,22.063843
2026-12-23 05:00:00,644.77,663.51074,18.740723,18.740723
2026-12-23 06:00:00,692.93,699.53064,6.600647,6.600647
2026-12-23 07:00:00,630.37,727.0942,96.72418,96.72418
2026-12-23 08:00:00,659.48,712.42804,52.94806,52.94806
2026-12-23 09:00:00,641.23,667.2708,26.040833,26.040833
2026-12-23 10:00:00,609.43,603.37726,-6.0527344,6.0527344
2026-12-23 11:00:00,587.29004,566.5913,-20.69873,20.69873
2026-12-23 12:00:00,519.89,547.6204,27.730408,27.730408
2026-12-23 13:00:00,528.88,545.03644,16.156433,16.156433
2026-12-23 14:00:00,541.54004,560.0523,18.512268,18.512268
2026-12-23 15:00:00,588.2,594.74176,6.541748,6.541748
2026-12-23 16:00:00,567.32,655.20483,87.88483,87.88483
2026-12-23 17:00:00,604.48,719.07135,114.59137,114.59137
2026-12-23 18:00:00,705.28,762.16113,56.881104,56.881104
2026-12-23 19:00:00,726.19,777.1023,50.912292,50.912292
2026-12-23 20:00:00,719.02,760.8918,41.871765,41.871765
2026-12-23 21:00:00,670.9,724.7403,53.84027,53.84027
2026-12-23 22:00:00,668.53,681.41846,12.888428,12.888428
2026-12-23 23:00:00,636.74,638.1451,1.4050903,1.4050903
2026-12-24 00:00:00,599.21,604.96344,5.753418,5.753418
2026-12-24 01:00:00,604.63,606.2974,1.6674194,1.6674194
2026-12-24 02:00:00,570.35004,616.9156,46.56555,46.56555
2026-12-24 03:00:00,665.3,621.1042,-44.1958,44.1958
2026-12-24 04:00:00,613.75,634.4988,20.74878,20.74878
2026-12-24 05:00:00,650.9,662.8392,11.939148,11.939148
2026-12-24 06:00:00,656.95,698.18823,41.23822,41.23822
2026-12-24 07:00:00,684.64,718.1605,33.520508,33.520508
2026-12-24 08:00:00,675.04004,705.58887,30.548828,30.548828
2026-12-24 09:00:00,602.88,667.424,64.54401,64.54401
2026-12-24 10:00:00,607.12,611.15765,4.0376587,4.0376587
2026-12-24 11:00:00,551.36,572.0433,20.683289,20.683289
2026-12-24 12:00:00,571.42,550.5633,-20.85669,20.85669
2026-12-24 13:00:00,536.9,546.7584,9.858398,9.858398
2026-12-24 14:00:00,542.11,558.7647,16.654724,16.654724
2026-12-24 15:00:00,598.64,590.95154,-7.6884766,7.6884766
2026-12-24 16:00:00,632.12,649.09705,16.97705,16.97705
2026-12-24 17:00:00,637.82,716.51666,78.696655,78.696655
2026-12-24 18:00:00,698.09,771.3261,73.236084,73.236084
2026-12-24 19:00:00,692.75,788.0409,95.29089,95.29089
2026-12-24 20:00:00,710.18,767.30457,57.124573,57.124573
2026-12-24 21:00:00,689.29,729.5557,40.265747,40.265747
2026-12-24 22:00:00,630.94,686.9453,56.00531,56.00531
2026-12-24 23:00:00,622.12,641.75165,19.631653,19.631653
2026-12-25 00:00:00,546.44,605.6907,59.25067,59.25067
2026-12-25 01:00:00,509.38,546.9267,37.54669,37.54669
2026-12-25 02:00:00,507.1,533.2558,26.155792,26.155792
2026-12-25 03:00:00,513.82,541.8085,27.988464,27.988464
2026-12-25 04:00:00,529.99,556.04193,26.05194,26.05194
2026-12-25 05:00:00,489.38,574.9613,85.5813,85.5813
2026-12-25 06:00:00,565.03,589.955,24.924988,24.924988
2026-12-25 07:00:00,567.24,610.8367,43.59668,43.59668
2026-12-25 08:00:00,580.12,598.8949,18.774902,18.774902
2026-12-25 09:00:00,529.37,574.67786,45.30786,45.30786
2026-12-25 10:00:00,536.4,553.56396,17.16394,17.16394
2026-12-25 11:00:00,466.67,515.30096,48.63095,48.63095
2026-12-25 12:00:00,476.42,482.9331,6.513092,6.513092
2026-12-25 13:00:00,406.40002,480.34753,73.94751,73.94751
2026-12-25 14:00:00,458.12,510.0578,51.937805,51.937805
2026-12-25 15:00:00,506.92,561.5724,54.652374,54.652374
2026-12-25 16:00:00,464.63,604.3203,139.6903,139.6903
2026-12-25 17:00:00,600.63,634.68933,34.059326,34.059326
2026-12-25 18:00:00,638.19,670.7145,32.524475,32.524475
2026-12-25 19:00:00,624.56,675.3989,50.83893,50.83893
2026-12-25 20:00:00,615.06,644.44574,29.385742,29.385742
2026-12-25 21:00:00,606.19,597.54486,-8.645142,8.645142
2026-12-25 22:00:00,583.52,574.07556,-9.444458,9.444458
2026-12-25 23:00:00,496.41003,588.6156,92.20557,92.20557
2026-12-26 00:00:00,515.34,603.79224,88.45221,88.45221
2026-12-26 01:00:00,466.76,583.8558,117.095764,117.095764
2026-12-26 02:00:00,505.32,562.8454,57.52539,57.52539
2026-12-26 03:00:00,463.09003,560.87134,97.78131,97.78131
2026-12-26 04:00:00,482.67,564.4709,81.80087,81.80087
2026-12-26 05:00:00,578.22003,574.27264,-3.9473877,3.9473877
2026-12-26 06:00:00,567.39,590.11316,22.723145,22.723145
2026-12-26 07:00:00,522.27,610.5692,88.299194,88.299194
2026-12-26 08:00:00,538.19,602.6791,64.489075,64.489075
2026-12-26 09:00:00,512.0,575.0756,63.075623,63.075623
2026-12-26 10:00:00,475.48,527.7706,52.29062,52.29062
2026-12-26 11:00:00,446.30002,488.4734,42.17337,42.17337
2026-12-26 12:00:00,389.58002,467.34015,77.76013,77.76013
2026-12-26 13:00:00,395.93002,460.5296,64.59958,64.59958
2026-12-26 14:00:00,435.29004,472.082,36.79196,36.79196
2026-12-26 15:00:00,437.91003,503.50858,65.59854,65.59854
2026-12-26 16:00:00,543.17004,553.76886,10.598816,10.598816
2026-12-26 17:00:00,525.58,611.1713,85.59131,85.59131
2026-12-26 18:00:00,594.64,661.2653,66.625305,66.625305
2026-12-26 19:00:00,623.56,681.17773,57.617737,57.617737
2026-12-26 20:00:00,590.5,669.8656,79.3656,79.3656
2026-12-26 21:00:00,558.35004,624.4469,66.09686,66.09686
2026-12-26 22:00:00,557.59,577.521,19.93097,19.93097
2026-12-26 23:00:00,499.95,542.13293,42.182922,42.182922
2026-12-27 00:00:00,513.31,547.198,33.888,33.888
2026-12-27 01:00:00,494.35004,547.03094,52.68091,52.68091
2026-12-27 02:00:00,517.42004,547.7666,30.346558,30.346558
2026-12-27 03:00:00,470.84003,553.62354,82.78351,82.78351
2026-12-27 04:00:00,507.69,552.47437,44.784363,44.784363
2026-12-27 05:00:00,511.16,565.5347,54.374725,54.374725
2026-12-27 06:00:00,588.05,580.36426,-7.68573,7.68573
2026-12-27 07:00:00,574.36,597.0308,22.670837,22.670837
2026-12-27 08:00:00,543.65,594.09174,50.44171,50.44171
2026-12-27 09:00:00,507.86002,565.5701,57.710114,57.710114
2026-12-27 10:00:00,456.05002,517.57666,61.52664,61.52664
2026-12-27 11:00:00,428.23,482.6026,54.37259,54.37259
2026-12-27 12:00:00,438.22003,466.33472,28.114685,28.114685
2026-12-27 13:00:00,487.13,462.40973,-24.720276,24.720276
2026-12-27 14:00:00,437.07,476.375,39.304993,39.304993
2026-12-27 15:00:00,401.25,511.25238,110.00238,110.00238
2026-12-27 16:00:00,524.4,565.70355,41.303528,41.303528
2026-12-27 17:00:00,560.14,619.84973,59.709717,59.709717
2026-12-27 18:00:00,579.81,666.7263,86.91632,86.91632
2026-12-27 19:00:00,625.41003,681.4245,56.014465,56.014465
2026-12-27 20:00:00,610.82,659.7081,48.888123,48.888123
2026-12-27 21:00:00,584.13,606.0345,21.90448,21.90448
2026-12-27 22:00:00,507.29,558.68726,51.397247,51.397247
2026-12-27 23:00:00,526.36,550.83105,24.47107,24.47107
2026-12-28 00:00:00,569.22003,602.4161,33.196045,33.196045
2026-12-28 01:00:00,579.76,624.80334,45.043335,45.043335
2026-12-28 02:00:00,608.8,623.70355,14.903564,14.903564
2026-12-28 03:00:00,595.23,625.33374,30.10376,30.10376
2026-12-28 04:00:00,609.92,639.1264,29.20642,29.20642
2026-12-28 05:00:00,641.15,665.4643,24.31427,24.31427
2026-12-28 06:00:00,658.07,700.775,42.705017,42.705017
2026-12-28 07:00:00,642.66003,722.56323,79.9032,79.9032
2026-12-28 08:00:00,669.43,711.44586,42.01587,42.01587
2026-12-28 09:00:00,642.65,671.8836,29.233582,29.233582
2026-12-28 10:00:00,595.93,613.72473,17.794739,17.794739
2026-12-28 11:00:00,605.54004,573.13434,-32.4057,32.4057
2026-12-28 12:00:00,536.96,552.0242,15.064148,15.064148
2026-12-28 13:00:00,586.57,546.19104,-40.378967,40.378967
2026-12-28 14:00:00,493.98,561.3987,67.41867,67.41867
2026-12-28 15:00:00,581.66003,596.4653,14.805237,14.805237
2026-12-28 16:00:00,605.38,653.958,48.578003,48.578003
2026-12-28 17:00:00,639.60004,716.63434,77.0343,77.0343
2026-12-28 18:00:00,748.88,764.06903,15.189026,15.189026
2026-12-28 19:00:00,688.04004,779.5741,91.53406,91.53406
2026-12-28 20:00:00,737.43,766.3158,28.885803,28.885803
2026-12-28 21:00:00,694.03,732.8888,38.858765,38.858765
2026-12-28 22:00:00,657.59,686.60077,29.010742,29.010742
2026-12-28 23:00:00,614.94,640.6207,25.680725,25.680725
2026-12-29 00:00:00,636.86,606.97546,-29.884521,29.884521
2026-12-29 01:00:00,611.97003,608.6683,-3.3017578,3.3017578
2026-12-29 02:00:00,624.74,617.7538,-6.986206,6.986206
2026-12-29 03:00:00,571.65,623.60974,51.959717,51.959717
2026-12-29 04:00:00,599.73,634.2157,34.485718,34.485718
2026-12-29 05:00:00,634.78,661.67267,26.89264,26.89264
2026-12-29 06:00:00,675.93,696.8553,20.925293,20.925293
2026-12-29 07:00:00,625.23,725.63135,100.40137,100.40137
2026-12-29 08:00:00,632.2,706.351,74.151,74.151
2026-12-29 09:00:00,650.91003,662.0138,11.10376,11.10376
2026-12-29 10:00:00,581.7,604.1436,22.443604,22.443604
2026-12-29 11:00:00,552.43,567.10486,14.674866,14.674866
2026-12-29 12:00:00,550.32,546.80035,-3.5196533,3.5196533
2026-12-29 13:00:00,564.45,543.57074,-20.879272,20.879272
2026-12-29 14:00:00,508.59003,559.01807,50.42804,50.42804
2026-12-29 15:00:00,544.62,591.9708,47.35083,47.35083
2026-12-29 16:00:00,589.57,646.2829,56.71289,56.71289
2026-12-29 17:00:00,677.28,708.41724,31.137207,31.137207
2026-12-29 18:00:00,683.02,761.1551,78.13507,78.13507
2026-12-29 19:00:00,725.85,779.15564,53.305664,53.305664
2026-12-29 20:00:00,685.06,766.30493,81.244934,81.244934
2026-12-29 21:00:00,692.16003,732.22076,40.06073,40.06073
2026-12-29 22:00:00,665.58,686.78546,21.205444,21.205444
2026-12-29 23:00:00,619.24,638.2775,19.037537,19.037537
2026-12-30 00:00:00,589.76,602.9722,13.212219,13.212219
2026-12-30 01:00:00,593.73,604.8196,11.0896,11.0896
2026-12-30 02:00:00,601.68,615.73737,14.057373,14.057373
2026-12-30 03:00:00,631.9,622.4943,-9.405701,9.405701
2026-12-30 04:00:00,617.45,633.2763,15.826294,15.826294
2026-12-30 05:00:00,658.33,658.1526,-0.1774292,0.1774292
2026-12-30 06:00:00,653.18,696.693,43.513,43.513
2026-12-30 07:00:00,669.82,727.2362,57.4162,57.4162
2026-12-30 08:00:00,718.33,714.0664,-4.263611,4.263611
2026-12-30 09:00:00,634.52,670.0622,35.542175,35.542175
2026-12-30 10:00:00,576.05,609.56604,33.516052,33.516052
2026-12-30 11:00:00,543.43,570.6778,27.247803,27.247803
2026-12-30 12:00:00,552.2,548.96875,-3.2312622,3.2312622
2026-12-30 13:00:00,539.35004,545.57,6.2199707,6.2199707
2026-12-30 14:00:00,541.76,559.9685,18.208496,18.208496
2026-12-30 15:00:00,561.63,593.2953,31.665283,31.665283
2026-12-30 16:00:00,619.11,646.5227,27.41272,27.41272
2026-12-30 17:00:00,686.51,714.36523,27.855225,27.855225
2026-12-30 18:00:00,721.27,770.0387,48.768677,48.768677
2026-12-30 19:00:00,721.21,787.4132,66.203186,66.203186
2026-12-30 20:00:00,697.88,770.0717,72.19171,72.19171
2026-12-30 21:00:00,698.82,730.2727,31.452698,31.452698
2026-12-30 22:00:00,617.54004,684.34503,66.80499,66.80499
2026-12-30 23:00:00,624.19,636.6055,12.415527,12.415527
2026-12-31 00:00:00,588.75,605.11127,16.361267,16.361267
2026-12-31 01:00:00,589.72003,610.2298,20.509766,20.509766
2026-12-31 02:00:00,623.97003,620.7365,-3.2335205,3.2335205
2026-12-31 03:00:00,608.96,623.84485,14.884827,14.884827
2026-12-31 04:00:00,644.13,639.5308,-4.599182,4.599182
2026-12-31 05:00:00,624.63,669.2642,44.634216,44.634216
2026-12-31 06:00:00,673.69,704.43585,30.74585,30.74585
2026-12-31 07:00:00,635.65,727.7685,92.11847,92.11847
2026-12-31 08:00:00,685.18,713.0672,27.887207,27.887207
2026-12-31 09:00:00,609.36,672.23004,62.870056,62.870056
2026-12-31 10:00:00,585.97003,610.94354,24.97351,24.97351
2026-12-31 11:00:00,568.72003,570.981,2.2609863,2.2609863
2026-12-31 12:00:00,499.69,550.12756,50.43756,50.43756
2026-12-31 13:00:00,551.62,545.9443,-5.67572,5.67572
2026-12-31 14:00:00,537.09,559.0608,21.970764,21.970764
2026-12-31 15:00:00,542.85004,591.571,48.720947,48.720947
2026-12-31 16:00:00,608.39,646.6447,38.2547,38.2547
2026-12-31 17:00:00,664.63,714.61975,49.989746,49.989746
2026-12-31 18:00:00,755.52,769.8478,14.327759,14.327759
2026-12-31 19:00:00,693.28,788.0822,94.802185,94.802185
2026-12-31 20:00:00,699.02,769.7559,70.7359,70.7359
2026-12-31 21:00:00,706.51,732.34955,25.839539,25.839539
2026-12-31 22:00:00,644.4,688.37646,43.97644,43.97644
2026-12-31 23:00:00,635.14,641.5601,6.420105,6.420105
