timestamp_objetivo,y_real_mw,y_pred_mw,error_mw,error_absoluto_mw
2026-09-13 11:00:00,429.27002,467.17596,37.905945,37.905945
2026-09-13 12:00:00,413.5,452.14795,38.64795,38.64795
2026-09-13 13:00:00,424.42004,445.75018,21.33014,21.33014
2026-09-13 14:00:00,394.81003,459.0533,64.243286,64.243286
2026-09-13 15:00:00,494.02002,492.6013,-1.4187317,1.4187317
2026-09-13 16:00:00,533.33,557.15265,23.822632,23.822632
2026-09-13 17:00:00,580.42,626.4851,46.065125,46.065125
2026-09-13 18:00:00,671.75,702.1695,30.419495,30.419495
2026-09-13 19:00:00,697.47003,744.82935,47.359314,47.359314
2026-09-13 20:00:00,652.57,739.60205,87.03204,87.03204
2026-09-13 21:00:00,646.13,695.1521,49.022095,49.022095
2026-09-13 22:00:00,602.34,637.39307,35.05304,35.05304
2026-09-13 23:00:00,535.95,589.464,53.513977,53.513977
2026-09-14 00:00:00,686.8,667.26483,-19.535156,19.535156
2026-09-14 01:00:00,662.19,680.1137,17.923706,17.923706
2026-09-14 02:00:00,694.28,669.3798,-24.900208,24.900208
2026-09-14 03:00:00,643.43,669.34973,25.919739,25.919739
2026-09-14 04:00:00,664.42,677.9687,13.548706,13.548706
2026-09-14 05:00:00,689.81,699.8787,10.068726,10.068726
2026-09-14 06:00:00,732.53,725.2676,-7.262451,7.262451
2026-09-14 07:00:00,693.17,728.4941,35.324097,35.324097
2026-09-14 08:00:00,693.76,708.21375,14.453735,14.453735
2026-09-14 09:00:00,642.53,657.3572,14.827148,14.827148
2026-09-14 10:00:00,626.0,597.407,-28.593018,28.593018
2026-09-14 11:00:00,495.17,556.34625,61.17624,61.17624
2026-09-14 12:00:00,584.7,537.584,-47.116028,47.116028
2026-09-14 13:00:00,499.31,538.70984,39.39984,39.39984
2026-09-14 14:00:00,526.56,558.5755,32.015503,32.015503
2026-09-14 15:00:00,644.75,599.3336,-45.41638,45.41638
2026-09-14 16:00:00,637.64,655.93335,18.293335,18.293335
2026-09-14 17:00:00,711.24,732.0793,20.839294,20.839294
2026-09-14 18:00:00,796.94,795.7267,-1.2133179,1.2133179
2026-09-14 19:00:00,810.01,814.38104,4.3710327,4.3710327
2026-09-14 20:00:00,807.07,804.0412,-3.0288086,3.0288086
2026-09-14 21:00:00,763.23,775.5071,12.2771,12.2771
2026-09-14 22:00:00,687.19,743.92346,56.73346,56.73346
2026-09-14 23:00:00,689.83,712.10583,22.275818,22.275818
2026-09-15 00:00:00,706.38,683.34045,-23.03955,23.03955
2026-09-15 01:00:00,675.19,682.2627,7.072693,7.072693
2026-09-15 02:00:00,650.37,676.5537,26.183716,26.183716
2026-09-15 03:00:00,653.42,678.58246,25.162476,25.162476
2026-09-15 04:00:00,666.66003,684.99426,18.334229,18.334229
2026-09-15 05:00:00,658.86,698.18353,39.323547,39.323547
2026-09-15 06:00:00,736.48,719.4909,-16.989075,16.989075
2026-09-15 07:00:00,702.85,722.78906,19.939087,19.939087
2026-09-15 08:00:00,682.96,699.6025,16.642456,16.642456
2026-09-15 09:00:00,717.38,651.9711,-65.408875,65.408875
2026-09-15 10:00:00,584.28,597.127,12.846985,12.846985
2026-09-15 11:00:00,558.46,559.433,0.9729614,0.9729614
2026-09-15 12:00:00,558.84,540.81305,-18.026978,18.026978
2026-09-15 13:00:00,551.35004,540.41754,-10.932495,10.932495
2026-09-15 14:00:00,534.17004,556.7546,22.584534,22.584534
2026-09-15 15:00:00,574.59,594.71924,20.129211,20.129211
2026-09-15 16:00:00,636.37,640.8158,4.445801,4.445801
2026-09-15 17:00:00,677.81,720.2405,42.43048,42.43048
2026-09-15 18:00:00,755.53,792.33154,36.801514,36.801514
2026-09-15 19:00:00,811.0,822.3876,11.387573,11.387573
2026-09-15 20:00:00,759.87,820.16376,60.293762,60.293762
2026-09-15 21:00:00,701.77,793.93164,92.16162,92.16162
2026-09-15 22:00:00,704.87,758.69025,53.82025,53.82025
2026-09-15 23:00:00,713.89,720.8401,6.9500732,6.9500732
2026-09-16 00:00:00,609.4,684.34625,74.94623,74.94623
2026-09-16 01:00:00,658.97003,674.3322,15.362183,15.362183
2026-09-16 02:00:00,665.98,667.82074,1.8407593,1.8407593
2026-09-16 03:00:00,659.35004,670.98175,11.631714,11.631714
2026-09-16 04:00:00,622.87,679.6783,56.80829,56.80829
2026-09-16 05:00:00,672.54,702.5477,30.007751,30.007751
2026-09-16 06:00:00,685.83,728.589,42.758972,42.758972
2026-09-16 07:00:00,766.63,728.682,-37.947998,37.947998
2026-09-16 08:00:00,684.32,700.79047,16.470459,16.470459
2026-09-16 09:00:00,651.24,650.7144,-0.52557373,0.52557373
2026-09-16 10:00:00,575.89,593.7587,17.868713,17.868713
2026-09-16 11:00:00,570.98,555.5367,-15.443298,15.443298
2026-09-16 12:00:00,540.06,538.87244,-1.187561,1.187561
2026-09-16 13:00:00,528.47003,539.08813,10.618103,10.618103
2026-09-16 14:00:00,571.31,561.5725,-9.737488,9.737488
2026-09-16 15:00:00,579.45,602.99335,23.543335,23.543335
2026-09-16 16:00:00,615.53,657.85144,42.32141,42.32141
2026-09-16 17:00:00,688.91003,736.608,47.697937,47.697937
2026-09-16 18:00:00,768.55,801.1906,32.640625,32.640625
2026-09-16 19:00:00,797.58,820.0159,22.435913,22.435913
2026-09-16 20:00:00,724.76,808.0605,83.300476,83.300476
2026-09-16 21:00:00,733.33,778.20276,44.87274,44.87274
2026-09-16 22:00:00,674.6,745.27856,70.67859,70.67859
2026-09-16 23:00:00,635.79004,714.4852,78.69519,78.69519
2026-09-17 00:00:00,693.15,680.22394,-12.926086,12.926086
2026-09-17 01:00:00,654.9,677.2375,22.337463,22.337463
2026-09-17 02:00:00,626.51,670.8844,44.37439,44.37439
2026-09-17 03:00:00,647.94,665.9059,17.965881,17.965881
2026-09-17 04:00:00,645.89,671.7766,25.886597,25.886597
2026-09-17 05:00:00,659.03,691.19214,32.16211,32.16211
2026-09-17 06:00:00,706.79004,717.67175,10.881714,10.881714
2026-09-17 07:00:00,724.83,723.0469,-1.7831421,1.7831421
2026-09-17 08:00:00,703.35,699.6028,-3.7471924,3.7471924
2026-09-17 09:00:00,629.03,650.4558,21.425781,21.425781
2026-09-17 10:00:00,573.23,592.2863,19.056335,19.056335
2026-09-17 11:00:00,520.92,555.557,34.637024,34.637024
2026-09-17 12:00:00,539.92004,539.1354,-0.78466797,0.78466797
2026-09-17 13:00:00,555.76,539.70984,-16.05017,16.05017
2026-09-17 14:00:00,531.17004,559.1836,28.01355,28.01355
2026-09-17 15:00:00,586.4,600.4217,14.0216675,14.0216675
2026-09-17 16:00:00,651.64,654.8961,3.2561035,3.2561035
2026-09-17 17:00:00,706.38,737.30084,30.920837,30.920837
2026-09-17 18:00:00,751.01,803.9017,52.891663,52.891663
2026-09-17 19:00:00,807.12,828.1904,21.070435,21.070435
2026-09-17 20:00:00,788.11,817.5055,29.395508,29.395508
2026-09-17 21:00:00,736.26,789.3348,53.074768,53.074768
2026-09-17 22:00:00,722.63,753.43335,30.803345,30.803345
2026-09-17 23:00:00,700.32,715.3163,14.996277,14.996277
2026-09-18 00:00:00,706.53,665.5267,-41.003357,41.003357
2026-09-18 01:00:00,656.60004,671.77936,15.179321,15.179321
2026-09-18 02:00:00,659.63,674.24335,14.613342,14.613342
2026-09-18 03:00:00,626.25,673.52515,47.275146,47.275146
2026-09-18 04:00:00,678.55,680.5283,1.9783325,1.9783325
2026-09-18 05:00:00,674.16003,702.41595,28.25592,28.25592
2026-09-18 06:00:00,706.15,726.78455,20.634521,20.634521
2026-09-18 07:00:00,663.23,728.61084,65.38086,65.38086
2026-09-18 08:00:00,651.91003,706.1733,54.263245,54.263245
2026-09-18 09:00:00,644.21,654.79004,10.580017,10.580017
2026-09-18 10:00:00,546.97003,592.72186,45.75183,45.75183
2026-09-18 11:00:00,560.98,554.83203,-6.147949,6.147949
2026-09-18 12:00:00,548.62,540.1213,-8.498718,8.498718
2026-09-18 13:00:00,581.59,540.22455,-41.36548,41.36548
2026-09-18 14:00:00,532.77,558.57404,25.804016,25.804016
2026-09-18 15:00:00,600.92,600.6252,-0.2947998,0.2947998
2026-09-18 16:00:00,702.64,657.7839,-44.85614,44.85614
2026-09-18 17:00:00,678.0,738.4272,60.427185,60.427185
2026-09-18 18:00:00,781.1,804.43945,23.339478,23.339478
2026-09-18 19:00:00,784.83997,825.6626,40.82263,40.82263
2026-09-18 20:00:00,751.98,816.35693,64.37695,64.37695
2026-09-18 21:00:00,702.35,787.86523,85.51526,85.51526
2026-09-18 22:00:00,699.32,754.5004,55.18042,55.18042
2026-09-18 23:00:00,694.17,706.57996,12.409973,12.409973
2026-09-19 00:00:00,547.13,555.09094,7.9609375,7.9609375
2026-09-19 01:00:00,528.76,566.58984,37.829834,37.829834
2026-09-19 02:00:00,564.46,566.922,2.461975,2.461975
2026-09-19 03:00:00,557.11,571.6681,14.558105,14.558105
2026-09-19 04:00:00,618.64,575.7637,-42.876343,42.876343
2026-09-19 05:00:00,584.48,592.5752,8.095215,8.095215
2026-09-19 06:00:00,610.79004,612.8337,2.0436401,2.0436401
2026-09-19 07:00:00,587.93,614.21173,26.281738,26.281738
2026-09-19 08:00:00,601.21,598.0571,-3.152893,3.152893
2026-09-19 09:00:00,516.91003,556.3799,39.46985,39.46985
2026-09-19 10:00:00,478.33002,497.4334,19.103394,19.103394
2026-09-19 11:00:00,440.38,465.41718,25.03717,25.03717
2026-09-19 12:00:00,445.83002,451.15482,5.3247986,5.3247986
2026-09-19 13:00:00,427.53003,445.71448,18.184448,18.184448
2026-09-19 14:00:00,441.91003,458.4587,16.548676,16.548676
2026-09-19 15:00:00,499.92,491.90088,-8.0191345,8.0191345
2026-09-19 16:00:00,564.7,556.15796,-8.542053,8.542053
2026-09-19 17:00:00,620.76,626.5197,5.7597046,5.7597046
2026-09-19 18:00:00,676.66003,702.17334,25.513306,25.513306
2026-09-19 19:00:00,684.12,747.3176,63.19763,63.19763
2026-09-19 20:00:00,677.02,742.83295,65.81293,65.81293
2026-09-19 21:00:00,646.84,695.6762,48.83618,48.83618
2026-09-19 22:00:00,613.44,639.1792,25.739197,25.739197
2026-09-19 23:00:00,565.11,595.9411,30.831116,30.831116
2026-09-20 00:00:00,550.80005,585.6913,34.891235,34.891235
2026-09-20 01:00:00,578.48,582.7362,4.2562256,4.2562256
2026-09-20 02:00:00,564.12,576.93835,12.818359,12.818359
2026-09-20 03:00:00,559.26,574.6109,15.350891,15.350891
2026-09-20 04:00:00,548.60004,577.14343,28.543396,28.543396
2026-09-20 05:00:00,567.27,587.9894,20.71936,20.71936
2026-09-20 06:00:00,577.1,605.9577,28.857727,28.857727
2026-09-20 07:00:00,590.62,613.41656,22.79657,22.79657
2026-09-20 08:00:00,585.07,598.4759,13.405884,13.405884
2026-09-20 09:00:00,538.36,555.82245,17.462463,17.462463
2026-09-20 10:00:00,443.95,497.24072,53.29071,53.29071
2026-09-20 11:00:00,478.78003,463.24707,-15.532959,15.532959
2026-09-20 12:00:00,407.89,450.70416,42.814148,42.814148
2026-09-20 13:00:00,377.52002,442.9262,65.40619,65.40619
2026-09-20 14:00:00,432.54004,452.98126,20.441223,20.441223
2026-09-20 15:00:00,449.7,486.14398,36.44397,36.44397
2026-09-20 16:00:00,497.29004,546.0129,48.72284,48.72284
2026-09-20 17:00:00,603.19,614.9928,11.802795,11.802795
2026-09-20 18:00:00,688.43,691.8994,3.4694214,3.4694214
2026-09-20 19:00:00,663.67,736.4474,72.777405,72.777405
2026-09-20 20:00:00,599.11,731.67487,132.56488,132.56488
2026-09-20 21:00:00,609.16003,680.0291,70.86908,70.86908
2026-09-20 22:00:00,600.60004,627.0395,26.439453,26.439453
2026-09-20 23:00:00,540.27,585.425,45.15497,45.15497
2026-09-21 00:00:00,651.89,660.798,8.907959,8.907959
2026-09-21 01:00:00,622.8,672.6001,49.80011,49.80011
2026-09-21 02:00:00,650.5,664.87213,14.372131,14.372131
2026-09-21 03:00:00,647.55,662.7621,15.212097,15.212097
2026-09-21 04:00:00,656.66003,674.47894,17.818909,17.818909
2026-09-21 05:00:00,666.5,699.10156,32.601562,32.601562
2026-09-21 06:00:00,677.14,727.4203,50.280273,50.280273
2026-09-21 07:00:00,729.22003,729.5937,0.37365723,0.37365723
2026-09-21 08:00:00,674.63,705.515,30.88501,30.88501
2026-09-21 09:00:00,686.13,657.54626,-28.58374,28.58374
2026-09-21 10:00:00,615.23,600.05347,-15.176514,15.176514
2026-09-21 11:00:00,587.78,555.8397,-31.940308,31.940308
2026-09-21 12:00:00,523.39,537.49005,14.100037,14.100037
2026-09-21 13:00:00,522.78,537.4573,14.677246,14.677246
2026-09-21 14:00:00,525.62,554.79877,29.178772,29.178772
2026-09-21 15:00:00,591.77,592.63306,0.8630371,0.8630371
2026-09-21 16:00:00,635.62,642.35376,6.7337646,6.7337646
2026-09-21 17:00:00,699.27,722.7635,23.49347,23.49347
2026-09-21 18:00:00,754.45,794.36383,39.91382,39.91382
2026-09-21 19:00:00,795.8,820.0593,24.259338,24.259338
2026-09-21 20:00:00,801.52,813.387,11.867004,11.867004
2026-09-21 21:00:00,733.35,785.7504,52.40045,52.40045
2026-09-21 22:00:00,693.1,754.42975,61.329773,61.329773
2026-09-21 23:00:00,638.19,722.15436,83.964355,83.964355
2026-09-22 00:00:00,643.73,688.20123,44.471252,44.471252
2026-09-22 01:00:00,666.83,676.91254,10.08252,10.08252
2026-09-22 02:00:00,648.01,670.02203,22.012024,22.012024
2026-09-22 03:00:00,602.39,666.2564,63.866394,63.866394
2026-09-22 04:00:00,653.38,671.01294,17.632935,17.632935
2026-09-22 05:00:00,673.65,687.3554,13.705383,13.705383
2026-09-22 06:00:00,704.39,713.9783,9.588257,9.588257
2026-09-22 07:00:00,744.63,719.93567,-24.694336,24.694336
2026-09-22 08:00:00,720.69,699.70184,-20.98816,20.98816
2026-09-22 09:00:00,633.3,652.5278,19.227783,19.227783
2026-09-22 10:00:00,595.28,596.4116,1.1315918,1.1315918
2026-09-22 11:00:00,546.29004,557.3573,11.067261,11.067261
2026-09-22 12:00:00,548.23,539.86066,-8.369324,8.369324
2026-09-22 13:00:00,528.9,538.3384,9.4383545,9.4383545
2026-09-22 14:00:00,560.93,555.1648,-5.7651978,5.7651978
2026-09-22 15:00:00,572.68,594.88763,22.207642,22.207642
2026-09-22 16:00:00,599.63,644.6923,45.062317,45.062317
2026-09-22 17:00:00,683.39,724.1699,40.779907,40.779907
2026-09-22 18:00:00,758.99,793.4303,34.440308,34.440308
2026-09-22 19:00:00,808.04004,820.58325,12.543213,12.543213
2026-09-22 20:00:00,771.8,813.55273,41.752747,41.752747
2026-09-22 21:00:00,728.81,786.4624,57.652405,57.652405
2026-09-22 22:00:00,735.28,752.3557,17.075684,17.075684
2026-09-22 23:00:00,669.52,720.59955,51.07953,51.07953
2026-09-23 00:00:00,640.4,687.76746,47.36743,47.36743
2026-09-23 01:00:00,652.11,679.6393,27.529297,27.529297
2026-09-23 02:00:00,650.39,670.27704,19.887024,19.887024
2026-09-23 03:00:00,636.26,667.3612,31.101196,31.101196
2026-09-23 04:00:00,636.69,674.7307,38.04071,38.04071
2026-09-23 05:00:00,668.67,688.79816,20.128174,20.128174
2026-09-23 06:00:00,670.94,721.98047,51.040466,51.040466
2026-09-23 07:00:00,694.89,729.5257,34.63568,34.63568
2026-09-23 08:00:00,664.42,707.9686,43.548645,43.548645
2026-09-23 09:00:00,643.8,656.82855,13.028564,13.028564
2026-09-23 10:00:00,599.75,597.30817,-2.4418335,2.4418335
2026-09-23 11:00:00,550.69,555.1897,4.499695,4.499695
2026-09-23 12:00:00,524.97003,537.5576,12.587585,12.587585
2026-09-23 13:00:00,535.43,539.827,4.3970337,4.3970337
2026-09-23 14:00:00,564.95,559.30237,-5.647644,5.647644
2026-09-23 15:00:00,571.0,603.87775,32.877747,32.877747
2026-09-23 16:00:00,633.12,662.21204,29.092041,29.092041
2026-09-23 17:00:00,742.21,740.8192,-1.3908081,1.3908081
2026-09-23 18:00:00,746.13,805.5012,59.371216,59.371216
2026-09-23 19:00:00,782.17004,824.6613,42.491272,42.491272
2026-09-23 20:00:00,751.41003,812.7813,61.371277,61.371277
2026-09-23 21:00:00,723.06,784.95123,61.891235,61.891235
2026-09-23 22:00:00,686.65,751.6225,64.97247,64.97247
2026-09-23 23:00:00,673.14,716.4745,43.334473,43.334473
2026-09-24 00:00:00,666.96,682.90686,15.946838,15.946838
2026-09-24 01:00:00,647.67,675.8854,28.215393,28.215393
2026-09-24 02:00:00,673.65,668.6992,-4.9508057,4.9508057
2026-09-24 03:00:00,648.4,670.5693,22.16925,22.16925
2026-09-24 04:00:00,636.98,682.7197,45.739746,45.739746
2026-09-24 05:00:00,672.77,702.0485,29.278503,29.278503
2026-09-24 06:00:00,672.44,727.9343,55.494324,55.494324
2026-09-24 07:00:00,695.35,727.38745,32.037476,32.037476
2026-09-24 08:00:00,669.25,699.6426,30.392578,30.392578
2026-09-24 09:00:00,684.51,649.65204,-34.85797,34.85797
2026-09-24 10:00:00,610.88,593.20435,-17.67566,17.67566
2026-09-24 11:00:00,536.63,556.78,20.150024,20.150024
2026-09-24 12:00:00,528.87,539.0218,10.151794,10.151794
2026-09-24 13:00:00,547.83,539.76227,-8.067749,8.067749
2026-09-24 14:00:00,552.97003,557.9158,4.9457397,4.9457397
2026-09-24 15:00:00,568.28,597.9465,29.666443,29.666443
2026-09-24 16:00:00,561.0,648.90967,87.90967,87.90967
2026-09-24 17:00:00,679.66003,728.84125,49.181213,49.181213
2026-09-24 18:00:00,745.39,798.11066,52.720642,52.720642
2026-09-24 19:00:00,798.89,822.4485,23.558472,23.558472
2026-09-24 20:00:00,793.06,816.0742,23.014221,23.014221
2026-09-24 21:00:00,716.1,788.1687,72.068726,72.068726
2026-09-24 22:00:00,713.41003,752.3337,38.923645,38.923645
2026-09-24 23:00:00,651.33,715.3798,64.049805,64.049805
2026-09-25 00:00:00,662.63,670.68225,8.052246,8.052246
2026-09-25 01:00:00,598.43,667.01337,68.583374,68.583374
2026-09-25 02:00:00,626.92,658.74365,31.82367,31.82367
2026-09-25 03:00:00,626.99,657.165,30.174988,30.174988
2026-09-25 04:00:00,622.45,665.27893,42.82892,42.82892
2026-09-25 05:00:00,677.39,686.3887,8.998657,8.998657
2026-09-25 06:00:00,658.51,715.20154,56.69153,56.69153
2026-09-25 07:00:00,689.23,726.33075,37.10077,37.10077
2026-09-25 08:00:00,682.14,706.0573,23.917297,23.917297
2026-09-25 09:00:00,593.97003,654.5891,60.61908,60.61908
2026-09-25 10:00:00,563.59,592.5606,28.970581,28.970581
2026-09-25 11:00:00,566.32,553.3304,-12.989624,12.989624
2026-09-25 12:00:00,545.04004,537.35693,-7.6831055,7.6831055
2026-09-25 13:00:00,563.77,535.45325,-28.316772,28.316772
2026-09-25 14:00:00,573.11,551.4274,-21.682556,21.682556
2026-09-25 15:00:00,562.28,595.149,32.868958,32.868958
2026-09-25 16:00:00,637.08,649.52185,12.4418335,12.4418335
2026-09-25 17:00:00,732.0,732.26,0.26000977,0.26000977
2026-09-25 18:00:00,784.24,800.4563,16.216309,16.216309
2026-09-25 19:00:00,761.14,820.6163,59.476257,59.476257
2026-09-25 20:00:00,781.64,810.7423,29.102295,29.102295
2026-09-25 21:00:00,710.75,782.16095,71.41095,71.41095
2026-09-25 22:00:00,688.83,746.1942,57.364197,57.364197
2026-09-25 23:00:00,680.58,696.44165,15.861633,15.861633
2026-09-26 00:00:00,548.9,548.38995,-0.5100708,0.5100708
2026-09-26 01:00:00,528.69,565.32874,36.638733,36.638733
2026-09-26 02:00:00,503.18,568.7108,65.53082,65.53082
2026-09-26 03:00:00,533.53,566.32587,32.795837,32.795837
2026-09-26 04:00:00,546.98,571.13135,24.151367,24.151367
2026-09-26 05:00:00,513.86,585.34845,71.488464,71.488464
2026-09-26 06:00:00,572.06,600.0298,27.969788,27.969788
2026-09-26 07:00:00,581.44,607.0216,25.581604,25.581604
2026-09-26 08:00:00,566.85,592.4933,25.64331,25.64331
2026-09-26 09:00:00,513.29004,550.4732,37.183167,37.183167
2026-09-26 10:00:00,446.03003,496.49,50.45996,50.45996
2026-09-26 11:00:00,416.18,463.70087,47.520874,47.520874
2026-09-26 12:00:00,414.76,446.9143,32.154297,32.154297
2026-09-26 13:00:00,405.47003,446.7904,41.320374,41.320374
2026-09-26 14:00:00,405.29,457.62012,52.33011,52.33011
2026-09-26 15:00:00,468.97003,493.71783,24.747803,24.747803
2026-09-26 16:00:00,523.78,554.3108,30.530762,30.530762
2026-09-26 17:00:00,585.3,617.79645,32.49646,32.49646
2026-09-26 18:00:00,663.34,688.73224,25.392212,25.392212
2026-09-26 19:00:00,689.37,726.45984,37.089844,37.089844
2026-09-26 20:00:00,692.81,723.5676,30.75763,30.75763
2026-09-26 21:00:00,548.13,679.77686,131.64685,131.64685
2026-09-26 22:00:00,567.42004,625.2372,57.81714,57.81714
2026-09-26 23:00:00,591.08,586.598,-4.4819946,4.4819946
2026-09-27 00:00:00,509.11002,576.2849,67.1749,67.1749
2026-09-27 01:00:00,567.55,574.20917,6.6591797,6.6591797
2026-09-27 02:00:00,537.61,571.5021,33.89209,33.89209
2026-09-27 03:00:00,543.85004,569.99036,26.14032,26.14032
2026-09-27 04:00:00,532.02,573.50323,41.483215,41.483215
2026-09-27 05:00:00,583.25,585.73596,2.485962,2.485962
2026-09-27 06:00:00,595.32,603.2686,7.9486084,7.9486084
2026-09-27 07:00:00,612.45,608.1977,-4.2523193,4.2523193
2026-09-27 08:00:00,537.88,598.01044,60.130432,60.130432
2026-09-27 09:00:00,517.60004,559.40137,41.80133,41.80133
2026-09-27 10:00:00,413.64,499.02002,85.380005,85.380005
2026-09-27 11:00:00,459.42,461.0491,1.6290894,1.6290894
2026-09-27 12:00:00,443.88,448.68665,4.8066406,4.8066406
2026-09-27 13:00:00,410.76,441.18347,30.423462,30.423462
2026-09-27 14:00:00,441.32,454.02808,12.708069,12.708069
2026-09-27 15:00:00,443.56,486.36414,42.80414,42.80414
2026-09-27 16:00:00,532.81,543.99634,11.18634,11.18634
2026-09-27 17:00:00,574.64,609.70197,35.06195,35.06195
2026-09-27 18:00:00,625.23,678.5341,53.30414,53.30414
2026-09-27 19:00:00,653.18,714.08704,60.907043,60.907043
2026-09-27 20:00:00,660.57,704.0224,43.452393,43.452393
2026-09-27 21:00:00,625.38,661.38916,36.009155,36.009155
2026-09-27 22:00:00,564.17004,620.38855,56.218506,56.218506
2026-09-27 23:00:00,538.05005,577.1421,39.09204,39.09204
2026-09-28 00:00:00,606.0,659.4885,53.488525,53.488525
2026-09-28 01:00:00,626.34,662.72345,36.383423,36.383423
2026-09-28 02:00:00,657.74,656.72107,-1.0189209,1.0189209
2026-09-28 03:00:00,654.10004,656.77673,2.6766968,2.6766968
2026-09-28 04:00:00,675.65,666.7157,-8.934326,8.934326
2026-09-28 05:00:00,613.22003,688.821,75.60095,75.60095
2026-09-28 06:00:00,708.43,713.494,5.064026,5.064026
2026-09-28 07:00:00,663.13,719.63904,56.509033,56.509033
2026-09-28 08:00:00,684.47003,700.1223,15.652283,15.652283
2026-09-28 09:00:00,640.08,656.81683,16.736816,16.736816
2026-09-28 10:00:00,573.56,599.11816,25.558167,25.558167
2026-09-28 11:00:00,553.83,554.4747,0.6446533,0.6446533
2026-09-28 12:00:00,564.39,537.9551,-26.434937,26.434937
2026-09-28 13:00:00,530.48004,537.3161,6.8360596,6.8360596
2026-09-28 14:00:00,524.51,552.6551,28.14508,28.14508
2026-09-28 15:00:00,567.81,591.49316,23.683167,23.683167
2026-09-28 16:00:00,607.5,637.5197,30.019714,30.019714
2026-09-28 17:00:00,684.31,716.0099,31.69989,31.69989
2026-09-28 18:00:00,747.42,787.9592,40.539246,40.539246
2026-09-28 19:00:00,786.32,819.5309,33.210876,33.210876
2026-09-28 20:00:00,727.23,814.3613,87.13135,87.13135
2026-09-28 21:00:00,737.44,789.29663,51.85663,51.85663
2026-09-28 22:00:00,695.38,756.2081,60.828125,60.828125
2026-09-28 23:00:00,689.49,720.0531,30.56311,30.56311
2026-09-29 00:00:00,634.61,682.90454,48.294556,48.294556
2026-09-29 01:00:00,658.52,671.4522,12.93219,12.93219
2026-09-29 02:00:00,618.73,663.35925,44.629272,44.629272
2026-09-29 03:00:00,624.38,662.0852,37.7052,37.7052
2026-09-29 04:00:00,657.15,668.7972,11.647156,11.647156
2026-09-29 05:00:00,650.67,684.30865,33.63867,33.63867
2026-09-29 06:00:00,704.65,712.76355,8.113525,8.113525
2026-09-29 07:00:00,658.27,723.535,65.26495,65.26495
2026-09-29 08:00:00,682.13,707.3345,25.204468,25.204468
2026-09-29 09:00:00,655.63,657.95593,2.3259277,2.3259277
2026-09-29 10:00:00,596.39,600.39374,4.003723,4.003723
2026-09-29 11:00:00,579.91003,557.37054,-22.53949,22.53949
2026-09-29 12:00:00,544.52,537.90704,-6.612976,6.612976
2026-09-29 13:00:00,510.78003,537.828,27.047974,27.047974
2026-09-29 14:00:00,528.35004,553.5364,25.18634,25.18634
2026-09-29 15:00:00,593.63,592.8949,-0.7351074,0.7351074
2026-09-29 16:00:00,637.15,646.1682,9.018188,9.018188
2026-09-29 17:00:00,685.89,727.4709,41.58087,41.58087
2026-09-29 18:00:00,759.85,791.8991,32.049133,32.049133
2026-09-29 19:00:00,748.26,812.5045,64.24451,64.24451
2026-09-29 20:00:00,750.25,801.498,51.247986,51.247986
2026-09-29 21:00:00,752.91003,769.8385,16.928467,16.928467
2026-09-29 22:00:00,689.79004,735.4123,45.622253,45.622253
2026-09-29 23:00:00,653.09,703.78296,50.692932,50.692932
2026-09-30 00:00:00,640.01,672.8155,32.80548,32.80548
2026-09-30 01:00:00,633.97003,667.4566,33.486572,33.486572
2026-09-30 02:00:00,638.37,661.7441,23.374084,23.374084
2026-09-30 03:00:00,658.28,662.2149,3.9348755,3.9348755
2026-09-30 04:00:00,651.48,669.73956,18.259583,18.259583
2026-09-30 05:00:00,612.91003,692.2395,79.32947,79.32947
2026-09-30 06:00:00,728.05,720.95996,-7.090027,7.090027
2026-09-30 07:00:00,698.44,732.609,34.169006,34.169006
2026-09-30 08:00:00,669.8,713.6446,43.844604,43.844604
2026-09-30 09:00:00,656.64,662.512,5.8720093,5.8720093
2026-09-30 10:00:00,636.93,598.5571,-38.372864,38.372864
2026-09-30 11:00:00,560.86,552.32904,-8.530945,8.530945
2026-09-30 12:00:00,521.25,537.03516,15.785156,15.785156
2026-09-30 13:00:00,521.35004,535.6763,14.326233,14.326233
2026-09-30 14:00:00,555.2,551.30164,-3.8983765,3.8983765
2026-09-30 15:00:00,554.64,589.5418,34.901794,34.901794
2026-09-30 16:00:00,632.24,643.6084,11.368408,11.368408
2026-09-30 17:00:00,667.14,720.71045,53.570435,53.570435
2026-09-30 18:00:00,797.95,788.34863,-9.601379,9.601379
2026-09-30 19:00:00,742.83,809.01154,66.18152,66.18152
2026-09-30 20:00:00,753.71,794.89954,41.189514,41.189514
2026-09-30 21:00:00,740.66003,767.0199,26.359863,26.359863
2026-09-30 22:00:00,693.97003,736.30945,42.339417,42.339417
2026-09-30 23:00:00,666.35,709.8638,43.513794,43.513794
2026-10-01 00:00:00,632.05,680.5612,48.51123,48.51123
2026-10-01 01:00:00,654.15,672.35626,18.206238,18.206238
2026-10-01 02:00:00,620.62,663.69336,43.073364,43.073364
2026-10-01 03:00:00,636.16003,661.9733,25.813293,25.813293
2026-10-01 04:00:00,668.12,666.4545,-1.6654663,1.6654663
2026-10-01 05:00:00,655.96,686.69714,30.737122,30.737122
2026-10-01 06:00:00,715.24,715.3149,0.07489014,0.07489014
2026-10-01 07:00:00,687.15,723.93463,36.784607,36.784607
2026-10-01 08:00:00,710.17,704.7932,-5.37677,5.37677
2026-10-01 09:00:00,686.37,652.02795,-34.34204,34.34204
2026-10-01 10:00:00,591.98,596.5109,4.530945,4.530945
2026-10-01 11:00:00,580.07,556.8251,-23.244934,23.244934
2026-10-01 12:00:00,553.71,538.22534,-15.48468,15.48468
2026-10-01 13:00:00,512.53,539.7194,27.189392,27.189392
2026-10-01 14:00:00,585.21,556.19775,-29.012268,29.012268
2026-10-01 15:00:00,554.02,598.72656,44.706543,44.706543
2026-10-01 16:00:00,622.91003,652.11395,29.203918,29.203918
2026-10-01 17:00:00,698.95,732.9902,34.04016,34.04016
2026-10-01 18:00:00,770.03,798.7398,28.709778,28.709778
2026-10-01 19:00:00,767.95,819.4796,51.529602,51.529602
2026-10-01 20:00:00,751.29004,807.9933,56.703247,56.703247
2026-10-01 21:00:00,727.36,776.3705,49.010498,49.010498
2026-10-01 22:00:00,730.34,739.5216,9.18158,9.18158
2026-10-01 23:00:00,677.08,699.8,22.71997,22.71997
2026-10-02 00:00:00,678.99,652.53784,-26.452148,26.452148
2026-10-02 01:00:00,629.73,656.1758,26.4458,26.4458
2026-10-02 02:00:00,670.24,651.822,-18.417969,18.417969
2026-10-02 03:00:00,632.13,653.8582,21.72821,21.72821
2026-10-02 04:00:00,611.69,661.9799,50.289917,50.289917
2026-10-02 05:00:00,654.52,680.845,26.324951,26.324951
2026-10-02 06:00:00,679.63,712.5115,32.88147,32.88147
2026-10-02 07:00:00,655.65,730.21387,74.56384,74.56384
2026-10-02 08:00:00,731.71,711.63135,-20.078674,20.078674
2026-10-02 09:00:00,596.96,663.4654,66.50537,66.50537
2026-10-02 10:00:00,603.88,597.1529,-6.727112,6.727112
2026-10-02 11:00:00,540.05,555.41113,15.361145,15.361145
2026-10-02 12:00:00,552.87,536.0787,-16.79132,16.79132
2026-10-02 13:00:00,522.13,532.37463,10.244629,10.244629
2026-10-02 14:00:00,569.55,547.5804,-21.969604,21.969604
2026-10-02 15:00:00,596.98,591.1659,-5.814087,5.814087
2026-10-02 16:00:00,623.0,646.60706,23.607056,23.607056
2026-10-02 17:00:00,703.29004,728.6269,25.336853,25.336853
2026-10-02 18:00:00,747.87,794.1283,46.2583,46.2583
2026-10-02 19:00:00,709.72003,816.0123,106.2923,106.2923
2026-10-02 20:00:00,736.33,804.40826,68.07825,68.07825
2026-10-02 21:00:00,760.93,776.3347,15.404724,15.404724
2026-10-02 22:00:00,703.4,738.927,35.526978,35.526978
2026-10-02 23:00:00,651.29004,688.1636,36.873535,36.873535
2026-10-03 00:00:00,535.09,542.2086,7.1185913,7.1185913
2026-10-03 01:00:00,543.71,556.7899,13.079895,13.079895
2026-10-03 02:00:00,543.93,561.7409,17.810913,17.810913
2026-10-03 03:00:00,577.23,561.3423,-15.887695,15.887695
2026-10-03 04:00:00,551.78,569.2421,17.462097,17.462097
2026-10-03 05:00:00,578.44,582.65027,4.210266,4.210266
2026-10-03 06:00:00,597.59,601.3002,3.710144,3.710144
2026-10-03 07:00:00,570.84,608.5022,37.66217,37.66217
2026-10-03 08:00:00,585.55,593.73975,8.189758,8.189758
2026-10-03 09:00:00,530.38,553.49475,23.114746,23.114746
2026-10-03 10:00:00,470.38,498.47986,28.099854,28.099854
2026-10-03 11:00:00,472.78003,466.46283,-6.3171997,6.3171997
2026-10-03 12:00:00,454.91003,453.36423,-1.5458069,1.5458069
2026-10-03 13:00:00,412.44,447.54245,35.102448,35.102448
2026-10-03 14:00:00,479.30002,458.1001,-21.19992,21.19992
2026-10-03 15:00:00,493.76,493.04074,-0.7192688,0.7192688
2026-10-03 16:00:00,551.98,552.43774,0.45776367,0.45776367
2026-10-03 17:00:00,592.38,619.5899,27.2099,27.2099
2026-10-03 18:00:00,603.56,689.1195,85.55951,85.55951
2026-10-03 19:00:00,634.04004,723.5419,89.50183,89.50183
2026-10-03 20:00:00,650.16003,711.7055,61.54547,61.54547
2026-10-03 21:00:00,588.07,661.3978,73.32782,73.32782
2026-10-03 22:00:00,576.55,614.77405,38.22406,38.22406
2026-10-03 23:00:00,560.92004,572.12164,11.201599,11.201599
2026-10-04 00:00:00,512.17004,567.80035,55.63031,55.63031
2026-10-04 01:00:00,543.54004,567.7786,24.238586,24.238586
2026-10-04 02:00:00,539.08,566.6443,27.56427,27.56427
2026-10-04 03:00:00,506.86002,567.1952,60.335175,60.335175
2026-10-04 04:00:00,541.58,571.783,30.203003,30.203003
2026-10-04 05:00:00,590.95,581.8704,-9.07959,9.07959
2026-10-04 06:00:00,580.13,600.67755,20.547546,20.547546
2026-10-04 07:00:00,543.46,604.931,61.47101,61.47101
2026-10-04 08:00:00,538.96,591.37134,52.411316,52.411316
2026-10-04 09:00:00,550.04004,552.88776,2.8477173,2.8477173
2026-10-04 10:00:00,447.58002,500.39432,52.8143,52.8143
2026-10-04 11:00:00,476.07,462.35608,-13.713928,13.713928
2026-10-04 12:00:00,406.13,450.97498,44.84497,44.84497
2026-10-04 13:00:00,412.52002,443.1117,30.591675,30.591675
2026-10-04 14:00:00,439.55002,456.79248,17.242462,17.242462
2026-10-04 15:00:00,475.76,489.96173,14.201721,14.201721
2026-10-04 16:00:00,539.64,555.3319,15.691895,15.691895
2026-10-04 17:00:00,587.59,620.49335,32.90332,32.90332
2026-10-04 18:00:00,664.76,688.5094,23.74939,23.74939
2026-10-04 19:00:00,665.87,722.00507,56.13507,56.13507
2026-10-04 20:00:00,623.86,707.40814,83.54816,83.54816
2026-10-04 21:00:00,603.53,657.41797,53.88794,53.88794
2026-10-04 22:00:00,579.79004,610.7726,30.982544,30.982544
2026-10-04 23:00:00,525.14,560.83777,35.697754,35.697754
2026-10-05 00:00:00,616.78,645.6982,28.918152,28.918152
2026-10-05 01:00:00,670.52,655.0733,-15.446716,15.446716
2026-10-05 02:00:00,618.39,634.17346,15.783447,15.783447
2026-10-05 03:00:00,632.45,635.3286,2.878601,2.878601
2026-10-05 04:00:00,643.57,642.3965,-1.173523,1.173523
2026-10-05 05:00:00,675.61,662.8296,-12.7803955,12.7803955
2026-10-05 06:00:00,696.39,693.84375,-2.5462646,2.5462646
2026-10-05 07:00:00,663.53,708.4287,44.89868,44.89868
2026-10-05 08:00:00,696.04,698.471,2.4310303,2.4310303
2026-10-05 09:00:00,635.81,663.15594,27.345947,27.345947
2026-10-05 10:00:00,579.08,608.8121,29.732056,29.732056
2026-10-05 11:00:00,607.46,559.8473,-47.612732,47.612732
2026-10-05 12:00:00,528.4,537.8202,9.420166,9.420166
2026-10-05 13:00:00,541.9,536.1084,-5.791626,5.791626
2026-10-05 14:00:00,532.29004,551.0345,18.744446,18.744446
2026-10-05 15:00:00,590.7,588.14246,-2.5575562,2.5575562
2026-10-05 16:00:00,592.15,637.14557,44.995544,44.995544
2026-10-05 17:00:00,683.74,714.33234,30.592346,30.592346
2026-10-05 18:00:00,728.5,785.0852,56.585205,56.585205
2026-10-05 19:00:00,759.98,812.10614,52.12616,52.12616
2026-10-05 20:00:00,741.18,805.4024,64.22241,64.22241
2026-10-05 21:00:00,737.93,780.71356,42.78357,42.78357
2026-10-05 22:00:00,672.93,746.9415,74.011536,74.011536
2026-10-05 23:00:00,649.84,708.91895,59.07892,59.07892
2026-10-06 00:00:00,639.01,676.46326,37.453247,37.453247
2026-10-06 01:00:00,666.02,669.0661,3.0460815,3.0460815
2026-10-06 02:00:00,680.03,671.6469,-8.383118,8.383118
2026-10-06 03:00:00,622.67,671.85205,49.182068,49.182068
2026-10-06 04:00:00,632.38,674.92487,42.54486,42.54486
2026-10-06 05:00:00,667.56,689.7685,22.208496,22.208496
2026-10-06 06:00:00,698.33,713.30975,14.979736,14.979736
2026-10-06 07:00:00,726.55,721.6886,-4.861389,4.861389
2026-10-06 08:00:00,694.5,708.59485,14.094849,14.094849
2026-10-06 09:00:00,660.79,663.8215,3.0314941,3.0314941
2026-10-06 10:00:00,609.56,606.7949,-2.7650757,2.7650757
2026-10-06 11:00:00,545.61,556.7407,11.130737,11.130737
2026-10-06 12:00:00,543.15,537.994,-5.156006,5.156006
2026-10-06 13:00:00,519.51,536.60364,17.093628,17.093628
2026-10-06 14:00:00,132.90002,549.8956,416.9956,416.9956
2026-10-06 15:00:00,616.68,574.6964,-41.98358,41.98358
2026-10-06 16:00:00,1181.62,624.1458,-557.4742,557.4742
2026-10-06 17:00:00,707.77,705.8484,-1.9216309,1.9216309
2026-10-06 18:00:00,728.92,778.1825,49.262512,49.262512
2026-10-06 19:00:00,749.74,807.68195,57.941956,57.941956
2026-10-06 20:00:00,770.92,802.93475,32.01477,32.01477
2026-10-06 21:00:00,701.31,777.2866,75.97662,75.97662
2026-10-06 22:00:00,730.69,746.04865,15.358643,15.358643
2026-10-06 23:00:00,661.71,715.8606,54.150574,54.150574
2026-10-07 00:00:00,680.31,683.42615,3.11615,3.11615
2026-10-07 01:00:00,597.86,675.9957,78.13574,78.13574
2026-10-07 02:00:00,629.73,661.6337,31.903748,31.903748
2026-10-07 03:00:00,676.18,657.49866,-18.681335,18.681335
2026-10-07 04:00:00,644.14,666.147,22.006958,22.006958
2026-10-07 05:00:00,661.2,679.96674,18.766724,18.766724
2026-10-07 06:00:00,689.03,706.821,17.790955,17.790955
2026-10-07 07:00:00,666.55,715.2529,48.70294,48.70294
2026-10-07 08:00:00,667.76,697.72,29.95996,29.95996
2026-10-07 09:00:00,662.13,652.40234,-9.727661,9.727661
2026-10-07 10:00:00,537.18,594.4406,57.26062,57.26062
2026-10-07 11:00:00,562.64,552.7152,-9.924805,9.924805
2026-10-07 12:00:00,549.71,535.8529,-13.857117,13.857117
2026-10-07 13:00:00,515.67004,534.91833,19.248291,19.248291
2026-10-07 14:00:00,570.31,550.35065,-19.95935,19.95935
2026-10-07 15:00:00,585.03,592.12933,7.099304,7.099304
2026-10-07 16:00:00,638.41003,643.7696,5.359558,5.359558
2026-10-07 17:00:00,691.72003,724.69604,32.976013,32.976013
2026-10-07 18:00:00,737.06,792.5449,55.484924,55.484924
2026-10-07 19:00:00,760.19,815.74634,55.556335,55.556335
2026-10-07 20:00:00,741.53,805.59155,64.06152,64.06152
2026-10-07 21:00:00,734.37,776.24744,41.87744,41.87744
2026-10-07 22:00:00,716.74,737.6555,20.915527,20.915527
2026-10-07 23:00:00,669.05,696.7464,27.696411,27.696411
2026-10-08 00:00:00,619.33,656.3593,37.029297,37.029297
2026-10-08 01:00:00,582.97003,650.6043,67.63428,67.63428
2026-10-08 02:00:00,642.34,650.0451,7.705078,7.705078
2026-10-08 03:00:00,654.63,653.64496,-0.9850464,0.9850464
2026-10-08 04:00:00,624.0,668.40515,44.40515,44.40515
2026-10-08 05:00:00,662.64,691.38965,28.749634,28.749634
2026-10-08 06:00:00,659.0,719.91345,60.913452,60.913452
2026-10-08 07:00:00,705.35,728.6713,23.32135,23.32135
2026-10-08 08:00:00,637.99,705.81006,67.82007,67.82007
2026-10-08 09:00:00,646.88,655.6385,8.758484,8.758484
2026-10-08 10:00:00,582.79004,595.21533,12.425293,12.425293
2026-10-08 11:00:00,557.51,553.4915,-4.0184937,4.0184937
2026-10-08 12:00:00,545.82,536.8148,-9.005188,9.005188
2026-10-08 13:00:00,563.22003,537.0125,-26.20752,26.20752
2026-10-08 14:00:00,574.29004,554.62933,-19.660706,19.660706
2026-10-08 15:00:00,566.79004,595.489,28.698975,28.698975
2026-10-08 16:00:00,674.15,648.51373,-25.636292,25.636292
2026-10-08 17:00:00,688.39,730.011,41.62097,41.62097
2026-10-08 18:00:00,708.26,796.5249,88.26489,88.26489
2026-10-08 19:00:00,748.09,815.3191,67.229065,67.229065
2026-10-08 20:00:00,720.64,802.58453,81.94452,81.94452
2026-10-08 21:00:00,693.72003,771.3239,77.60388,77.60388
2026-10-08 22:00:00,676.97003,733.0578,56.08777,56.08777
2026-10-08 23:00:00,641.96,690.84607,48.886047,48.886047
2026-10-09 00:00:00,637.45,627.5282,-9.921814,9.921814
2026-10-09 01:00:00,623.10004,642.54596,19.445923,19.445923
2026-10-09 02:00:00,677.44,648.616,-28.823975,28.823975
2026-10-09 03:00:00,639.11,654.49554,15.385559,15.385559
2026-10-09 04:00:00,608.85004,668.78973,59.939697,59.939697
2026-10-09 05:00:00,675.91003,686.85864,10.948608,10.948608
2026-10-09 06:00:00,694.26,716.5606,22.300598,22.300598
2026-10-09 07:00:00,661.29,722.8192,61.529236,61.529236
2026-10-09 08:00:00,667.65,700.7993,33.149292,33.149292
2026-10-09 09:00:00,619.18,652.72675,33.546753,33.546753
2026-10-09 10:00:00,596.38,593.1779,-3.2020874,3.2020874
2026-10-09 11:00:00,526.08,553.86224,27.782227,27.782227
2026-10-09 12:00:00,551.26,534.8131,-16.4469,16.4469
2026-10-09 13:00:00,541.63,532.2061,-9.423889,9.423889
2026-10-09 14:00:00,573.60004,544.083,-29.517029,29.517029
2026-10-09 15:00:00,554.04004,585.65796,31.61792,31.61792
2026-10-09 16:00:00,630.55,637.0169,6.466919,6.466919
2026-10-09 17:00:00,699.27,716.8523,17.582275,17.582275
2026-10-09 18:00:00,749.85,788.3095,38.459534,38.459534
2026-10-09 19:00:00,777.52,814.08746,36.567444,36.567444
2026-10-09 20:00:00,758.77,804.6064,45.836365,45.836365
2026-10-09 21:00:00,716.81,776.5017,59.69171,59.69171
2026-10-09 22:00:00,711.71,738.0471,26.337097,26.337097
2026-10-09 23:00:00,682.89,692.5247,9.634705,9.634705
2026-10-10 00:00:00,549.32,543.7587,-5.5612793,5.5612793
2026-10-10 01:00:00,512.84,557.76544,44.925415,44.925415
2026-10-10 02:00:00,483.66003,559.8502,76.190186,76.190186
2026-10-10 03:00:00,519.85004,560.4334,40.583374,40.583374
2026-10-10 04:00:00,523.47003,565.9639,42.493896,42.493896
2026-10-10 05:00:00,592.73,579.0196,-13.710388,13.710388
2026-10-10 06:00:00,530.54004,601.3594,70.819336,70.819336
2026-10-10 07:00:00,634.49,607.07245,-27.417542,27.417542
2026-10-10 08:00:00,580.49,595.77747,15.287476,15.287476
2026-10-10 09:00:00,563.15,555.77893,-7.3710938,7.3710938
2026-10-10 10:00:00,535.41003,499.96503,-35.445007,35.445007
2026-10-10 11:00:00,453.56,466.25494,12.694946,12.694946
2026-10-10 12:00:00,431.18002,450.76648,19.586456,19.586456
2026-10-10 13:00:00,424.73,444.90833,20.178314,20.178314
2026-10-10 14:00:00,443.43002,454.33484,10.904816,10.904816
2026-10-10 15:00:00,461.22003,488.05225,26.832214,26.832214
2026-10-10 16:00:00,523.07,544.86523,21.795227,21.795227
2026-10-10 17:00:00,579.41003,611.11865,31.708618,31.708618
2026-10-10 18:00:00,624.52,676.4779,51.957886,51.957886
2026-10-10 19:00:00,667.0,711.8081,44.808105,44.808105
2026-10-10 20:00:00,614.03,704.84656,90.81653,90.81653
2026-10-10 21:00:00,606.37,654.4002,48.030212,48.030212
2026-10-10 22:00:00,584.94,610.9755,26.035522,26.035522
2026-10-10 23:00:00,503.54004,570.0314,66.49133,66.49133
2026-10-11 00:00:00,476.41003,560.21155,83.80151,83.80151
2026-10-11 01:00:00,531.27,563.0385,31.768494,31.768494
2026-10-11 02:00:00,486.89,561.753,74.862976,74.862976
2026-10-11 03:00:00,527.75,558.4232,30.673218,30.673218
2026-10-11 04:00:00,523.05,563.6889,40.638916,40.638916
2026-10-11 05:00:00,561.35004,573.8193,12.469238,12.469238
2026-10-11 06:00:00,586.4,589.976,3.5759888,3.5759888
2026-10-11 07:00:00,550.59,601.2473,50.657288,50.657288
2026-10-11 08:00:00,594.24,590.0568,-4.1831665,4.1831665
2026-10-11 09:00:00,551.84,554.54956,2.7095337,2.7095337
2026-10-11 10:00:00,491.11002,502.01483,10.904816,10.904816
2026-10-11 11:00:00,485.57,464.08817,-21.481842,21.481842
2026-10-11 12:00:00,435.18002,450.02637,14.846344,14.846344
2026-10-11 13:00:00,417.17,443.02472,25.854706,25.854706
2026-10-11 14:00:00,450.76,453.74237,2.9823608,2.9823608
2026-10-11 15:00:00,483.55002,488.27063,4.7206116,4.7206116
2026-10-11 16:00:00,524.29004,545.23645,20.946411,20.946411
2026-10-11 17:00:00,599.83,609.67926,9.849243,9.849243
2026-10-11 18:00:00,642.42,674.1253,31.705322,31.705322
2026-10-11 19:00:00,597.26,705.6506,108.390564,108.390564
2026-10-11 20:00:00,668.82,692.01526,23.195251,23.195251
2026-10-11 21:00:00,610.47003,645.18225,34.71222,34.71222
2026-10-11 22:00:00,592.67,604.9724,12.302429,12.302429
2026-10-11 23:00:00,548.12,564.6826,16.562622,16.562622
2026-10-12 00:00:00,597.55,645.4721,47.92212,47.92212
2026-10-12 01:00:00,590.54004,646.8399,56.299866,56.299866
2026-10-12 02:00:00,612.77,641.98456,29.214539,29.214539
2026-10-12 03:00:00,636.07,645.54266,9.472656,9.472656
2026-10-12 04:00:00,620.83,657.8449,37.014893,37.014893
2026-10-12 05:00:00,681.8,677.6226,-4.177368,4.177368
2026-10-12 06:00:00,675.39,710.29504,34.90503,34.90503
2026-10-12 07:00:00,720.85,723.1472,2.2972412,2.2972412
2026-10-12 08:00:00,683.37,707.6445,24.274475,24.274475
2026-10-12 09:00:00,649.0,664.6213,15.621277,15.621277
2026-10-12 10:00:00,574.97003,605.80457,30.834534,30.834534
2026-10-12 11:00:00,537.36,555.2065,17.846497,17.846497
2026-10-12 12:00:00,510.01,535.8352,25.825195,25.825195
2026-10-12 13:00:00,510.19,535.392,25.202026,25.202026
2026-10-12 14:00:00,536.2,550.7977,14.597717,14.597717
2026-10-12 15:00:00,606.52,587.74945,-18.770569,18.770569
2026-10-12 16:00:00,675.05,636.174,-38.875977,38.875977
2026-10-12 17:00:00,656.21,715.1958,58.98578,58.98578
2026-10-12 18:00:00,740.83,785.3393,44.509277,44.509277
2026-10-12 19:00:00,754.17,810.095,55.924988,55.924988
2026-10-12 20:00:00,739.87,803.27136,63.401367,63.401367
2026-10-12 21:00:00,692.88,774.7639,81.88391,81.88391
2026-10-12 22:00:00,699.67,742.70844,43.038452,43.038452
2026-10-12 23:00:00,658.08,710.0399,51.9599,51.9599
2026-10-13 00:00:00,643.52,672.0349,28.514893,28.514893
2026-10-13 01:00:00,628.97003,661.1567,32.186646,32.186646
2026-10-13 02:00:00,584.51,652.266,67.75598,67.75598
2026-10-13 03:00:00,617.42,656.9379,39.517944,39.517944
2026-10-13 04:00:00,655.14,662.90393,7.763916,7.763916
2026-10-13 05:00:00,663.14,681.1538,18.013794,18.013794
2026-10-13 06:00:00,688.84,717.4271,28.587097,28.587097
2026-10-13 07:00:00,712.94,727.7421,14.802124,14.802124
2026-10-13 08:00:00,660.25,706.9229,46.672913,46.672913
2026-10-13 09:00:00,654.31,662.6504,8.340393,8.340393
2026-10-13 10:00:00,656.61,603.28864,-53.32135,53.32135
2026-10-13 11:00:00,584.54004,556.9727,-27.567322,27.567322
2026-10-13 12:00:00,554.96,536.8729,-18.087097,18.087097
2026-10-13 13:00:00,551.81,536.6441,-15.165894,15.165894
2026-10-13 14:00:00,572.71,553.54297,-19.167053,19.167053
2026-10-13 15:00:00,588.52,590.11395,1.5939331,1.5939331
2026-10-13 16:00:00,634.23,643.0612,8.831238,8.831238
2026-10-13 17:00:00,716.49,720.126,3.6359863,3.6359863
2026-10-13 18:00:00,685.03,783.33276,98.302734,98.302734
2026-10-13 19:00:00,714.58,801.48285,86.90283,86.90283
2026-10-13 20:00:00,711.31,788.67395,77.36395,77.36395
2026-10-13 21:00:00,700.85,760.59705,59.74707,59.74707
2026-10-13 22:00:00,688.91003,723.63684,34.726807,34.726807
2026-10-13 23:00:00,686.55,687.2105,0.66052246,0.66052246
2026-10-14 00:00:00,605.95,653.8819,47.931885,47.931885
2026-10-14 01:00:00,664.06,646.8771,-17.182922,17.182922
2026-10-14 02:00:00,616.41003,646.0434,29.633362,29.633362
2026-10-14 03:00:00,648.19,652.52277,4.3327637,4.3327637
2026-10-14 04:00:00,636.22003,662.17346,25.95343,25.95343
2026-10-14 05:00:00,628.64,679.99347,51.353455,51.353455
2026-10-14 06:00:00,709.96,709.3201,-0.6398926,0.6398926
2026-10-14 07:00:00,673.31,721.85724,48.54724,48.54724
2026-10-14 08:00:00,637.69,702.5766,64.8866,64.8866
2026-10-14 09:00:00,649.48,655.0025,5.522522,5.522522
2026-10-14 10:00:00,619.19,595.1362,-24.053772,24.053772
2026-10-14 11:00:00,596.7,554.4298,-42.270203,42.270203
2026-10-14 12:00:00,559.61,537.8388,-21.77118,21.77118
2026-10-14 13:00:00,551.01,536.6054,-14.404602,14.404602
2026-10-14 14:00:00,526.58,552.57007,25.990051,25.990051
2026-10-14 15:00:00,536.12,590.42596,54.30597,54.30597
2026-10-14 16:00:00,591.46,641.9862,50.526184,50.526184
2026-10-14 17:00:00,707.2,724.62244,17.422424,17.422424
2026-10-14 18:00:00,747.53,787.88916,40.35913,40.35913
2026-10-14 19:00:00,750.47,811.08154,60.611572,60.611572
2026-10-14 20:00:00,763.18,801.0543,37.87433,37.87433
2026-10-14 21:00:00,728.96,772.4969,43.536865,43.536865
2026-10-14 22:00:00,679.83,734.984,55.15399,55.15399
2026-10-14 23:00:00,669.92,695.54236,25.622375,25.622375
2026-10-15 00:00:00,601.44,658.04803,56.608032,56.608032
2026-10-15 01:00:00,687.51,652.69727,-34.812744,34.812744
2026-10-15 02:00:00,581.99,651.5607,69.57074,69.57074
2026-10-15 03:00:00,617.87,648.5251,30.65509,30.65509
2026-10-15 04:00:00,619.19,654.6788,35.48877,35.48877
2026-10-15 05:00:00,650.01,681.14185,31.131836,31.131836
2026-10-15 06:00:00,680.61,711.3292,30.719238,30.719238
2026-10-15 07:00:00,728.28,719.88684,-8.393188,8.393188
2026-10-15 08:00:00,692.59,703.955,11.36499,11.36499
2026-10-15 09:00:00,646.22003,655.4155,9.195496,9.195496
2026-10-15 10:00:00,617.08,597.5441,-19.535889,19.535889
2026-10-15 11:00:00,542.35004,553.71436,11.364319,11.364319
2026-10-15 12:00:00,545.57,535.3763,-10.193726,10.193726
2026-10-15 13:00:00,526.53,533.5293,6.9992676,6.9992676
2026-10-15 14:00:00,513.88,547.5936,33.713623,33.713623
2026-10-15 15:00:00,564.21,584.5421,20.332092,20.332092
2026-10-15 16:00:00,617.23,633.97766,16.74768,16.74768
2026-10-15 17:00:00,736.75,714.2727,-22.477295,22.477295
2026-10-15 18:00:00,735.41003,787.6332,52.223145,52.223145
2026-10-15 19:00:00,747.32,812.3824,65.06238,65.06238
2026-10-15 20:00:00,727.39,800.5649,73.174866,73.174866
2026-10-15 21:00:00,673.69,768.17285,94.48285,94.48285
2026-10-15 22:00:00,660.06,734.7561,74.696106,74.696106
2026-10-15 23:00:00,638.0,694.69037,56.69037,56.69037
2026-10-16 00:00:00,652.34,640.77905,-11.560974,11.560974
2026-10-16 01:00:00,624.88,641.22,16.339966,16.339966
2026-10-16 02:00:00,628.05,642.35236,14.302368,14.302368
2026-10-16 03:00:00,654.88,644.3589,-10.521118,10.521118
2026-10-16 04:00:00,657.48,653.9668,-3.5131836,3.5131836
2026-10-16 05:00:00,670.22003,675.39575,5.17572,5.17572
2026-10-16 06:00:00,715.37,707.51184,-7.8581543,7.8581543
2026-10-16 07:00:00,676.05,718.75104,42.70105,42.70105
2026-10-16 08:00:00,622.46,702.63086,80.17084,80.17084
2026-10-16 09:00:00,655.03,657.17615,2.1461182,2.1461182
2026-10-16 10:00:00,584.51,595.6461,11.136108,11.136108
2026-10-16 11:00:00,581.61,554.4699,-27.140076,27.140076
2026-10-16 12:00:00,536.44,535.34625,-1.09375,1.09375
2026-10-16 13:00:00,605.74,533.2901,-72.44989,72.44989
2026-10-16 14:00:00,574.15,547.39526,-26.75476,26.75476
2026-10-16 15:00:00,589.67,586.29956,-3.3704224,3.3704224
2026-10-16 16:00:00,657.19,640.8924,-16.297607,16.297607
2026-10-16 17:00:00,661.83,722.57666,60.746643,60.746643
2026-10-16 18:00:00,724.09,789.66833,65.57831,65.57831
2026-10-16 19:00:00,730.09,807.9579,77.86786,77.86786
2026-10-16 20:00:00,734.72003,793.80634,59.086304,59.086304
2026-10-16 21:00:00,674.72003,762.3808,87.66077,87.66077
2026-10-16 22:00:00,649.27,723.3587,74.088684,74.088684
2026-10-16 23:00:00,639.36,656.8762,17.516235,17.516235
2026-10-17 00:00:00,471.98,531.218,59.238007,59.238007
2026-10-17 01:00:00,505.83002,549.37274,43.542725,43.542725
2026-10-17 02:00:00,484.45,555.1866,70.73657,70.73657
2026-10-17 03:00:00,508.98,552.8983,43.918304,43.918304
2026-10-17 04:00:00,489.40002,561.37494,71.974915,71.974915
2026-10-17 05:00:00,579.31,573.8541,-5.4558716,5.4558716
2026-10-17 06:00:00,603.66003,594.2453,-9.414734,9.414734
2026-10-17 07:00:00,565.42004,601.18286,35.762817,35.762817
2026-10-17 08:00:00,584.51,591.53796,7.027954,7.027954
2026-10-17 09:00:00,561.75,556.32153,-5.428467,5.428467
2026-10-17 10:00:00,505.69,499.84045,-5.8495483,5.8495483
2026-10-17 11:00:00,427.89,461.7458,33.855774,33.855774
2026-10-17 12:00:00,398.48,451.81396,53.333954,53.333954
2026-10-17 13:00:00,461.74002,446.19446,-15.545563,15.545563
2026-10-17 14:00:00,411.17004,460.01794,48.8479,48.8479
2026-10-17 15:00:00,483.48004,490.8965,7.4164734,7.4164734
2026-10-17 16:00:00,502.79,547.2496,44.459564,44.459564
2026-10-17 17:00:00,554.92,610.58954,55.669556,55.669556
2026-10-17 18:00:00,616.41003,673.6586,57.248596,57.248596
2026-10-17 19:00:00,652.79,707.5895,54.7995,54.7995
2026-10-17 20:00:00,630.04004,698.8555,68.81549,68.81549
2026-10-17 21:00:00,569.3,652.16364,82.86365,82.86365
2026-10-17 22:00:00,564.54004,609.67334,45.1333,45.1333
2026-10-17 23:00:00,523.09,567.87335,44.783325,44.783325
2026-10-18 00:00:00,511.78,565.8926,54.11258,54.11258
2026-10-18 01:00:00,524.66003,565.9554,41.29535,41.29535
2026-10-18 02:00:00,505.88,563.5553,57.675293,57.675293
2026-10-18 03:00:00,518.25,564.434,46.18402,46.18402
2026-10-18 04:00:00,517.65,567.8642,50.214172,50.214172
2026-10-18 05:00:00,561.45,577.6314,16.181396,16.181396
2026-10-18 06:00:00,580.72003,591.03357,10.313538,10.313538
2026-10-18 07:00:00,586.48,602.0129,15.532898,15.532898
2026-10-18 08:00:00,568.34,593.28375,24.943726,24.943726
2026-10-18 09:00:00,579.0,557.8705,-21.129517,21.129517
2026-10-18 10:00:00,491.81,501.27676,9.466766,9.466766
2026-10-18 11:00:00,452.65002,459.8288,7.178772,7.178772
2026-10-18 12:00:00,405.64,447.17566,41.535645,41.535645
2026-10-18 13:00:00,465.64,440.74286,-24.897156,24.897156
2026-10-18 14:00:00,463.05002,454.60394,-8.446075,8.446075
2026-10-18 15:00:00,485.71002,487.4852,1.775177,1.775177
2026-10-18 16:00:00,487.13,544.0432,56.913208,56.913208
2026-10-18 17:00:00,590.32,606.39417,16.074158,16.074158
2026-10-18 18:00:00,622.99,670.5037,47.513733,47.513733
2026-10-18 19:00:00,657.71,700.9584,43.248352,43.248352
2026-10-18 20:00:00,630.13,689.631,59.500977,59.500977
2026-10-18 21:00:00,596.64,641.5318,44.891785,44.891785
2026-10-18 22:00:00,557.39,601.7568,44.36676,44.36676
2026-10-18 23:00:00,543.08,560.7021,17.62207,17.62207
2026-10-19 00:00:00,641.14,642.3621,1.2221069,1.2221069
2026-10-19 01:00:00,649.52,651.77856,2.258545,2.258545
2026-10-19 02:00:00,606.08,648.0146,41.93457,41.93457
2026-10-19 03:00:00,628.58,652.19025,23.61023,23.61023
2026-10-19 04:00:00,616.22003,662.28375,46.06372,46.06372
2026-10-19 05:00:00,650.53,683.9594,33.429382,33.429382
2026-10-19 06:00:00,670.18,714.62604,44.446045,44.446045
2026-10-19 07:00:00,675.34,723.06213,47.722107,47.722107
2026-10-19 08:00:00,680.36,706.4494,26.089417,26.089417
2026-10-19 09:00:00,680.59,665.341,-15.249023,15.249023
2026-10-19 10:00:00,569.99,610.23987,40.249878,40.249878
2026-10-19 11:00:00,557.84,559.6191,1.7790527,1.7790527
2026-10-19 12:00:00,523.52,536.1755,12.655457,12.655457
2026-10-19 13:00:00,524.38,533.9818,9.601807,9.601807
2026-10-19 14:00:00,586.24,550.2909,-35.949097,35.949097
2026-10-19 15:00:00,590.92,586.77155,-4.1484375,4.1484375
2026-10-19 16:00:00,613.97003,634.56586,20.595825,20.595825
2026-10-19 17:00:00,715.09,709.6083,-5.4817505,5.4817505
2026-10-19 18:00:00,739.46,778.2289,38.76886,38.76886
2026-10-19 19:00:00,727.66003,803.03613,75.3761,75.3761
2026-10-19 20:00:00,732.74,794.8021,62.062134,62.062134
2026-10-19 21:00:00,705.87,766.9746,61.104614,61.104614
2026-10-19 22:00:00,690.38,731.7511,41.371094,41.371094
2026-10-19 23:00:00,660.0,693.2376,33.23761,33.23761
2026-10-20 00:00:00,622.72003,656.9951,34.275085,34.275085
2026-10-20 01:00:00,641.29004,646.7772,5.4871826,5.4871826
2026-10-20 02:00:00,619.67,645.3001,25.630127,25.630127
2026-10-20 03:00:00,631.45,646.11816,14.668152,14.668152
2026-10-20 04:00:00,683.39,651.86334,-31.526672,31.526672
2026-10-20 05:00:00,625.52,670.6329,45.112854,45.112854
2026-10-20 06:00:00,707.81,693.86664,-13.943359,13.943359
2026-10-20 07:00:00,672.35004,707.94794,35.5979,35.5979
2026-10-20 08:00:00,688.07,693.6993,5.6292725,5.6292725
2026-10-20 09:00:00,643.07,654.6222,11.552185,11.552185
2026-10-20 10:00:00,574.48,600.94556,26.465576,26.465576
2026-10-20 11:00:00,537.76,554.8069,17.046875,17.046875
2026-10-20 12:00:00,517.62,536.8682,19.24823,19.24823
2026-10-20 13:00:00,537.39,536.8915,-0.49853516,0.49853516
2026-10-20 14:00:00,544.97003,553.80444,8.834412,8.834412
2026-10-20 15:00:00,585.71,594.8572,9.147156,9.147156
2026-10-20 16:00:00,659.82,645.6847,-14.135315,14.135315
2026-10-20 17:00:00,662.17,721.4735,59.303528,59.303528
2026-10-20 18:00:00,721.38,779.9828,58.602783,58.602783
2026-10-20 19:00:00,732.29004,797.35754,65.067505,65.067505
2026-10-20 20:00:00,756.74,784.05835,27.31836,27.31836
2026-10-20 21:00:00,698.35,754.3445,55.994507,55.994507
2026-10-20 22:00:00,685.46,721.6115,36.15149,36.15149
2026-10-20 23:00:00,620.99,684.2823,63.292297,63.292297
2026-10-21 00:00:00,625.76,650.48175,24.72174,24.72174
2026-10-21 01:00:00,633.83,643.5889,9.758911,9.758911
2026-10-21 02:00:00,621.99,642.6501,20.660095,20.660095
2026-10-21 03:00:00,619.31,645.4084,26.098389,26.098389
2026-10-21 04:00:00,609.23,652.5845,43.354492,43.354492
2026-10-21 05:00:00,699.41003,669.0753,-30.334717,30.334717
2026-10-21 06:00:00,688.17,695.6285,7.458496,7.458496
2026-10-21 07:00:00,746.14,712.65186,-33.48816,33.48816
2026-10-21 08:00:00,692.59,699.65234,7.062317,7.062317
2026-10-21 09:00:00,657.14,655.52325,-1.6167603,1.6167603
2026-10-21 10:00:00,590.55,594.09,3.540039,3.540039
2026-10-21 11:00:00,556.47003,552.2945,-4.175537,4.175537
2026-10-21 12:00:00,537.28,536.24414,-1.0358887,1.0358887
2026-10-21 13:00:00,555.32,535.5649,-19.755127,19.755127
2026-10-21 14:00:00,575.49,552.47363,-23.016357,23.016357
2026-10-21 15:00:00,563.72003,590.2498,26.529785,26.529785
2026-10-21 16:00:00,608.15,640.64044,32.490417,32.490417
2026-10-21 17:00:00,668.27,722.4784,54.208374,54.208374
2026-10-21 18:00:00,745.43,792.1987,46.768738,46.768738
2026-10-21 19:00:00,737.1,811.672,74.57202,74.57202
2026-10-21 20:00:00,732.31,799.0206,66.71063,66.71063
2026-10-21 21:00:00,745.32,768.8215,23.501465,23.501465
2026-10-21 22:00:00,669.24,732.974,63.73401,63.73401
2026-10-21 23:00:00,625.76,693.52625,67.766235,67.766235
2026-10-22 00:00:00,660.37,652.049,-8.320984,8.320984
2026-10-22 01:00:00,624.35004,645.7948,21.444763,21.444763
2026-10-22 02:00:00,651.84,642.3169,-9.523132,9.523132
2026-10-22 03:00:00,657.08,644.2125,-12.867493,12.867493
2026-10-22 04:00:00,649.29004,654.1628,4.8727417,4.8727417
2026-10-22 05:00:00,670.13,670.6835,0.5534668,0.5534668
2026-10-22 06:00:00,672.82,696.66815,23.848145,23.848145
2026-10-22 07:00:00,685.83,709.5401,23.710083,23.710083
2026-10-22 08:00:00,707.79004,697.86414,-9.925903,9.925903
2026-10-22 09:00:00,646.29,658.1215,11.831543,11.831543
2026-10-22 10:00:00,578.69,600.6618,21.971802,21.971802
2026-10-22 11:00:00,510.58002,554.3133,43.733276,43.733276
2026-10-22 12:00:00,540.61,535.12933,-5.480652,5.480652
2026-10-22 13:00:00,497.43,533.8319,36.401917,36.401917
2026-10-22 14:00:00,583.13,547.0625,-36.067505,36.067505
2026-10-22 15:00:00,594.54004,585.91644,-8.623596,8.623596
2026-10-22 16:00:00,628.78,637.431,8.651001,8.651001
2026-10-22 17:00:00,705.85,716.4563,10.606323,10.606323
2026-10-22 18:00:00,736.64,786.66675,50.026733,50.026733
2026-10-22 19:00:00,753.6,805.7967,52.196716,52.196716
2026-10-22 20:00:00,713.65,791.7826,78.13257,78.13257
2026-10-22 21:00:00,720.61,764.8921,44.282104,44.282104
2026-10-22 22:00:00,668.63,731.51,62.880005,62.880005
2026-10-22 23:00:00,654.27,693.5589,39.28888,39.28888
2026-10-23 00:00:00,599.94,645.27893,45.33893,45.33893
2026-10-23 01:00:00,598.36,641.38513,43.025146,43.025146
2026-10-23 02:00:00,611.84,638.48804,26.64801,26.64801
2026-10-23 03:00:00,626.8,642.06006,15.260071,15.260071
2026-10-23 04:00:00,663.74,654.5657,-9.174316,9.174316
2026-10-23 05:00:00,590.47003,681.993,91.52295,91.52295
2026-10-23 06:00:00,731.98,707.6986,-24.281372,24.281372
2026-10-23 07:00:00,690.41003,716.0001,25.590088,25.590088
2026-10-23 08:00:00,687.34,696.72156,9.381531,9.381531
2026-10-23 09:00:00,646.12,655.4246,9.304626,9.304626
2026-10-23 10:00:00,585.5,594.3985,8.898499,8.898499
2026-10-23 11:00:00,566.45,554.5126,-11.937439,11.937439
2026-10-23 12:00:00,545.2,535.64984,-9.550171,9.550171
2026-10-23 13:00:00,537.65,532.35187,-5.2981567,5.2981567
2026-10-23 14:00:00,506.39,543.9303,37.540283,37.540283
2026-10-23 15:00:00,551.38,578.9967,27.6167,27.6167
2026-10-23 16:00:00,643.36,629.1488,-14.211182,14.211182
2026-10-23 17:00:00,699.93,708.848,8.91803,8.91803
2026-10-23 18:00:00,723.58,782.06384,58.483826,58.483826
2026-10-23 19:00:00,738.67,804.9923,66.32233,66.32233
2026-10-23 20:00:00,712.28,793.9822,81.70215,81.70215
2026-10-23 21:00:00,720.9,761.6185,40.718506,40.718506
2026-10-23 22:00:00,674.32,718.6284,44.30841,44.30841
2026-10-23 23:00:00,639.58,619.374,-20.205994,20.205994
2026-10-24 00:00:00,501.23,531.2432,30.013214,30.013214
2026-10-24 01:00:00,526.64,552.80005,26.160034,26.160034
2026-10-24 02:00:00,511.87003,556.71893,44.848907,44.848907
2026-10-24 03:00:00,529.06,554.36395,25.303955,25.303955
2026-10-24 04:00:00,527.82,560.46606,32.646057,32.646057
2026-10-24 05:00:00,558.27,575.3128,17.042786,17.042786
2026-10-24 06:00:00,587.2,599.30505,12.1050415,12.1050415
2026-10-24 07:00:00,591.8,605.3156,13.515625,13.515625
2026-10-24 08:00:00,569.68,593.93097,24.250977,24.250977
2026-10-24 09:00:00,467.42,556.95935,89.53934,89.53934
2026-10-24 10:00:00,485.81,497.37598,11.565979,11.565979
2026-10-24 11:00:00,453.25,465.11786,11.867859,11.867859
2026-10-24 12:00:00,441.74002,452.95056,11.210541,11.210541
2026-10-24 13:00:00,399.29004,444.61472,45.324677,45.324677
2026-10-24 14:00:00,414.0,455.02435,41.024353,41.024353
2026-10-24 15:00:00,441.23,484.83008,43.600067,43.600067
2026-10-24 16:00:00,555.7,537.716,-17.984009,17.984009
2026-10-24 17:00:00,579.37,605.4294,26.059387,26.059387
2026-10-24 18:00:00,636.5,661.32495,24.824951,24.824951
2026-10-24 19:00:00,589.51,697.71,108.20001,108.20001
2026-10-24 20:00:00,620.31,681.0829,60.77289,60.77289
2026-10-24 21:00:00,606.78,640.08844,33.30841,33.30841
2026-10-24 22:00:00,579.66003,602.5389,22.878845,22.878845
2026-10-24 23:00:00,525.72003,567.0115,41.291443,41.291443
2026-10-25 00:00:00,494.71002,571.44165,76.73163,76.73163
2026-10-25 01:00:00,496.88,565.9296,69.04962,69.04962
2026-10-25 02:00:00,530.1,557.9303,27.830322,27.830322
2026-10-25 03:00:00,480.24002,558.7033,78.46329,78.46329
2026-10-25 04:00:00,528.38,560.0949,31.714905,31.714905
2026-10-25 05:00:00,483.90002,573.3767,89.476685,89.476685
2026-10-25 06:00:00,595.60004,588.5618,-7.038208,7.038208
2026-10-25 07:00:00,577.45,599.5104,22.060364,22.060364
2026-10-25 08:00:00,599.79004,591.37994,-8.410095,8.410095
2026-10-25 09:00:00,527.0,558.29016,31.290161,31.290161
2026-10-25 10:00:00,478.42,500.1736,21.753601,21.753601
2026-10-25 11:00:00,444.94,459.45654,14.516541,14.516541
2026-10-25 12:00:00,419.0,445.64386,26.64386,26.64386
2026-10-25 13:00:00,386.39,439.4422,53.052185,53.052185
2026-10-25 14:00:00,423.82,450.95483,27.134827,27.134827
2026-10-25 15:00:00,418.26,480.38104,62.121033,62.121033
2026-10-25 16:00:00,528.85,532.43,3.580017,3.580017
2026-10-25 17:00:00,564.01,598.71265,34.702637,34.702637
2026-10-25 18:00:00,639.14,655.30005,16.160034,16.160034
2026-10-25 19:00:00,673.60004,686.5718,12.971741,12.971741
2026-10-25 20:00:00,580.38,677.9873,97.6073,97.6073
2026-10-25 21:00:00,598.18,637.1146,38.93463,38.93463
2026-10-25 22:00:00,550.62,597.0421,46.42212,46.42212
2026-10-25 23:00:00,547.45,557.4484,9.998413,9.998413
2026-10-26 00:00:00,609.33,638.3163,28.986267,28.986267
2026-10-26 01:00:00,624.38,646.5869,22.20691,22.20691
2026-10-26 02:00:00,599.15,643.1288,43.97876,43.97876
2026-10-26 03:00:00,612.65,643.7361,31.08606,31.08606
2026-10-26 04:00:00,631.7,652.6791,20.979065,20.979065
2026-10-26 05:00:00,620.3,675.6163,55.316284,55.316284
2026-10-26 06:00:00,651.89,705.2339,53.343872,53.343872
2026-10-26 07:00:00,692.89,717.40137,24.511353,24.511353
2026-10-26 08:00:00,674.72003,704.8467,30.126648,30.126648
2026-10-26 09:00:00,663.92,665.73364,1.8136597,1.8136597
2026-10-26 10:00:00,601.0,608.17566,7.175659,7.175659
2026-10-26 11:00:00,546.72003,557.8352,11.115173,11.115173
2026-10-26 12:00:00,538.38,536.85547,-1.5245361,1.5245361
2026-10-26 13:00:00,529.18,533.7264,4.5463867,4.5463867
2026-10-26 14:00:00,518.73,549.3542,30.624207,30.624207
2026-10-26 15:00:00,594.54004,583.95844,-10.581604,10.581604
2026-10-26 16:00:00,621.51,632.4778,10.967773,10.967773
2026-10-26 17:00:00,639.35004,706.0347,66.68469,66.68469
2026-10-26 18:00:00,707.76,774.1241,66.364075,66.364075
2026-10-26 19:00:00,783.71,794.10406,10.394043,10.394043
2026-10-26 20:00:00,742.5,781.87225,39.372253,39.372253
2026-10-26 21:00:00,728.99,753.7952,24.805237,24.805237
2026-10-26 22:00:00,640.23,720.3143,80.08429,80.08429
2026-10-26 23:00:00,660.5,683.3295,22.829529,22.829529
2026-10-27 00:00:00,604.88,649.93933,45.059326,45.059326
2026-10-27 01:00:00,593.06,645.9749,52.914917,52.914917
2026-10-27 02:00:00,626.53,645.3939,18.863892,18.863892
2026-10-27 03:00:00,605.45,647.00696,41.556946,41.556946
2026-10-27 04:00:00,623.26,653.1142,29.854187,29.854187
2026-10-27 05:00:00,638.34,671.23975,32.89972,32.89972
2026-10-27 06:00:00,623.37,694.7393,71.36932,71.36932
2026-10-27 07:00:00,643.88,710.53,66.650024,66.650024
2026-10-27 08:00:00,695.46,696.56793,1.1079102,1.1079102
2026-10-27 09:00:00,616.53,655.69965,39.169617,39.169617
2026-10-27 10:00:00,621.13,598.9334,-22.196594,22.196594
2026-10-27 11:00:00,560.48,554.9242,-5.555786,5.555786
2026-10-27 12:00:00,503.43,536.188,32.757996,32.757996
2026-10-27 13:00:00,531.88,531.7592,-0.120788574,0.120788574
2026-10-27 14:00:00,550.45,548.342,-2.1080322,2.1080322
2026-10-27 15:00:00,593.94,585.8591,-8.080933,8.080933
2026-10-27 16:00:00,630.66003,638.12915,7.469116,7.469116
2026-10-27 17:00:00,665.4,714.9099,49.509888,49.509888
2026-10-27 18:00:00,731.71,779.181,47.47101,47.47101
2026-10-27 19:00:00,751.92,801.0138,49.09381,49.09381
2026-10-27 20:00:00,705.88,788.5696,82.689575,82.689575
2026-10-27 21:00:00,716.26,757.1928,40.9328,40.9328
2026-10-27 22:00:00,661.02,723.5617,62.541687,62.541687
2026-10-27 23:00:00,654.71,689.11926,34.40924,34.40924
2026-10-28 00:00:00,611.27,657.0525,45.78247,45.78247
2026-10-28 01:00:00,577.47003,649.3631,71.89307,71.89307
2026-10-28 02:00:00,630.01,641.7767,11.766663,11.766663
2026-10-28 03:00:00,671.41003,642.3953,-29.01471,29.01471
2026-10-28 04:00:00,613.75,657.16693,43.41693,43.41693
2026-10-28 05:00:00,650.0,678.80145,28.801453,28.801453
2026-10-28 06:00:00,673.38,705.77966,32.39966,32.39966
2026-10-28 07:00:00,701.01,721.44745,20.437439,20.437439
2026-10-28 08:00:00,678.75,704.0463,25.296326,25.296326
2026-10-28 09:00:00,616.63,652.88684,36.256836,36.256836
2026-10-28 10:00:00,591.84,593.42126,1.5812378,1.5812378
2026-10-28 11:00:00,528.69,554.0497,25.35968,25.35968
2026-10-28 12:00:00,551.54004,535.6272,-15.912842,15.912842
2026-10-28 13:00:00,539.81,533.85596,-5.9540405,5.9540405
2026-10-28 14:00:00,544.98,548.5257,3.5457153,3.5457153
2026-10-28 15:00:00,576.98,585.1004,8.120422,8.120422
2026-10-28 16:00:00,626.72003,635.947,9.22699,9.22699
2026-10-28 17:00:00,701.89,712.4435,10.553467,10.553467
2026-10-28 18:00:00,758.67,784.0593,25.389343,25.389343
2026-10-28 19:00:00,742.84,805.3545,62.514465,62.514465
2026-10-28 20:00:00,714.12,793.85406,79.73407,79.73407
2026-10-28 21:00:00,674.4,761.0473,86.64728,86.64728
2026-10-28 22:00:00,684.77,722.9461,38.176086,38.176086
2026-10-28 23:00:00,617.45,681.1969,63.746887,63.746887
2026-10-29 00:00:00,609.86,642.95917,33.099182,33.099182
2026-10-29 01:00:00,608.07,639.8882,31.818176,31.818176
2026-10-29 02:00:00,662.55,637.8062,-24.743774,24.743774
2026-10-29 03:00:00,651.07,640.9507,-10.119324,10.119324
2026-10-29 04:00:00,671.89,648.3831,-23.506897,23.506897
2026-10-29 05:00:00,639.15,669.8236,30.673584,30.673584
2026-10-29 06:00:00,711.39,697.3404,-14.049622,14.049622
2026-10-29 07:00:00,673.0,709.58295,36.582947,36.582947
2026-10-29 08:00:00,674.38,691.5357,17.1557,17.1557
2026-10-29 09:00:00,608.82,652.188,43.36798,43.36798
2026-10-29 10:00:00,603.3,595.99207,-7.3079224,7.3079224
2026-10-29 11:00:00,567.39,554.0834,-13.306641,13.306641
2026-10-29 12:00:00,511.40002,536.41986,25.019836,25.019836
2026-10-29 13:00:00,524.3,535.94806,11.648071,11.648071
2026-10-29 14:00:00,581.05,553.87555,-27.174438,27.174438
2026-10-29 15:00:00,563.92004,595.7127,31.792664,31.792664
2026-10-29 16:00:00,615.88,653.0164,37.136414,37.136414
2026-10-29 17:00:00,685.66003,727.47266,41.812622,41.812622
2026-10-29 18:00:00,756.24,786.6724,30.432434,30.432434
2026-10-29 19:00:00,724.31,801.3272,77.01721,77.01721
2026-10-29 20:00:00,689.84,784.33966,94.49963,94.49963
2026-10-29 21:00:00,707.81,754.93317,47.12317,47.12317
2026-10-29 22:00:00,687.39,718.0634,30.6734,30.6734
2026-10-29 23:00:00,668.15,674.0349,5.8848877,5.8848877
2026-10-30 00:00:00,626.88,626.5768,-0.30322266,0.30322266
2026-10-30 01:00:00,596.65,634.49866,37.848633,37.848633
2026-10-30 02:00:00,636.7,633.34625,-3.3537598,3.3537598
2026-10-30 03:00:00,642.77,635.77637,-6.9936523,6.9936523
2026-10-30 04:00:00,619.09,644.81067,25.720642,25.720642
2026-10-30 05:00:00,666.98,667.19666,0.2166748,0.2166748
2026-10-30 06:00:00,637.99,698.14465,60.154663,60.154663
2026-10-30 07:00:00,720.23,708.1355,-12.094482,12.094482
2026-10-30 08:00:00,657.71,696.7416,39.031555,39.031555
2026-10-30 09:00:00,586.26,656.3777,70.117676,70.117676
2026-10-30 10:00:00,573.38,590.9442,17.564209,17.564209
2026-10-30 11:00:00,566.01,550.29565,-15.714355,15.714355
2026-10-30 12:00:00,561.84,533.8188,-28.02124,28.02124
2026-10-30 13:00:00,548.23,530.75415,-17.47583,17.47583
2026-10-30 14:00:00,506.46002,544.46765,38.00763,38.00763
2026-10-30 15:00:00,551.91003,582.8297,30.919678,30.919678
2026-10-30 16:00:00,601.72003,636.83704,35.117004,35.117004
2026-10-30 17:00:00,678.8,715.71576,36.91577,36.91577
2026-10-30 18:00:00,705.89,779.7795,73.889465,73.889465
2026-10-30 19:00:00,740.51,798.2776,57.76758,57.76758
2026-10-30 20:00:00,750.29004,786.9149,36.624878,36.624878
2026-10-30 21:00:00,701.1,759.01465,57.914673,57.914673
2026-10-30 22:00:00,697.6,718.7027,21.102722,21.102722
2026-10-30 23:00:00,639.35004,655.3779,16.027893,16.027893
2026-10-31 00:00:00,537.19,527.1903,-9.999695,9.999695
2026-10-31 01:00:00,532.79004,548.1708,15.380737,15.380737
2026-10-31 02:00:00,522.47003,560.3265,37.856445,37.856445
2026-10-31 03:00:00,518.60004,559.7493,41.149292,41.149292
2026-10-31 04:00:00,555.3,566.0588,10.758789,10.758789
2026-10-31 05:00:00,563.14,578.15137,15.011353,15.011353
2026-10-31 06:00:00,563.67004,597.00165,33.331604,33.331604
2026-10-31 07:00:00,552.01,604.1745,52.16449,52.16449
2026-10-31 08:00:00,564.03,591.8486,27.818542,27.818542
2026-10-31 09:00:00,485.87003,556.21643,70.346405,70.346405
2026-10-31 10:00:00,480.36002,496.40634,16.046326,16.046326
2026-10-31 11:00:00,434.28003,462.91248,28.632446,28.632446
2026-10-31 12:00:00,404.34003,451.68564,47.34561,47.34561
2026-10-31 13:00:00,428.69003,446.1217,17.431671,17.431671
2026-10-31 14:00:00,438.26,458.5974,20.337402,20.337402
2026-10-31 15:00:00,476.62,489.71634,13.096344,13.096344
2026-10-31 16:00:00,516.1,541.5434,25.44342,25.44342
2026-10-31 17:00:00,585.45,603.4796,18.029602,18.029602
2026-10-31 18:00:00,638.05,658.58856,20.538574,20.538574
2026-10-31 19:00:00,626.15,684.0151,57.86505,57.86505
2026-10-31 20:00:00,618.29004,672.0169,53.726868,53.726868
2026-10-31 21:00:00,590.83,636.0513,45.221252,45.221252
2026-10-31 22:00:00,596.98,596.71533,-0.26464844,0.26464844
2026-10-31 23:00:00,551.06,561.69476,10.634766,10.634766
2026-11-01 00:00:00,495.7,574.0783,78.378296,78.378296
2026-11-01 01:00:00,475.26,563.38617,88.12616,88.12616
2026-11-01 02:00:00,542.31,554.90533,12.595337,12.595337
2026-11-01 03:00:00,523.36,554.45056,31.090576,31.090576
2026-11-01 04:00:00,561.22003,557.39465,-3.8253784,3.8253784
2026-11-01 05:00:00,571.59,565.68134,-5.9086914,5.9086914
2026-11-01 06:00:00,559.13,581.56323,22.433228,22.433228
2026-11-01 07:00:00,566.94,593.11365,26.173645,26.173645
2026-11-01 08:00:00,583.48,588.40955,4.9295654,4.9295654
2026-11-01 09:00:00,514.4,561.61884,47.21881,47.21881
2026-11-01 10:00:00,483.31,501.37192,18.06192,18.06192
2026-11-01 11:00:00,460.69,464.4876,3.7976074,3.7976074
2026-11-01 12:00:00,410.34003,449.48697,39.146942,39.146942
2026-11-01 13:00:00,464.44,441.16544,-23.274567,23.274567
2026-11-01 14:00:00,443.92004,454.50256,10.58252,10.58252
2026-11-01 15:00:00,432.72003,485.26926,52.549225,52.549225
2026-11-01 16:00:00,520.57,536.80054,16.23053,16.23053
2026-11-01 17:00:00,588.81,601.2566,12.446594,12.446594
2026-11-01 18:00:00,641.9,658.3729,16.4729,16.4729
2026-11-01 19:00:00,612.5,688.37805,75.87805,75.87805
2026-11-01 20:00:00,629.76,671.32086,41.560852,41.560852
2026-11-01 21:00:00,593.66003,633.1828,39.522766,39.522766
2026-11-01 22:00:00,553.47003,590.6144,37.14435,37.14435
2026-11-01 23:00:00,541.63,547.2909,5.6608887,5.6608887
2026-11-02 00:00:00,632.5,629.76733,-2.732666,2.732666
2026-11-02 01:00:00,652.65,637.4257,-15.224304,15.224304
2026-11-02 02:00:00,628.22003,639.0189,10.798889,10.798889
2026-11-02 03:00:00,632.88,642.49524,9.615234,9.615234
2026-11-02 04:00:00,640.87,650.6254,9.755432,9.755432
2026-11-02 05:00:00,689.84,669.32965,-20.510376,20.510376
2026-11-02 06:00:00,648.25,700.4898,52.239807,52.239807
2026-11-02 07:00:00,712.22003,714.62994,2.409912,2.409912
2026-11-02 08:00:00,676.84,708.0473,31.207275,31.207275
2026-11-02 09:00:00,639.2,668.572,29.37201,29.37201
2026-11-02 10:00:00,602.51,608.23785,5.727844,5.727844
2026-11-02 11:00:00,582.31,555.3219,-26.988098,26.988098
2026-11-02 12:00:00,540.9,535.59155,-5.3084717,5.3084717
2026-11-02 13:00:00,545.76,533.0668,-12.693237,12.693237
2026-11-02 14:00:00,538.54004,547.4409,8.900879,8.900879
2026-11-02 15:00:00,593.53,579.36633,-14.163696,14.163696
2026-11-02 16:00:00,617.63,624.44604,6.81604,6.81604
2026-11-02 17:00:00,632.35004,699.27325,66.92322,66.92322
2026-11-02 18:00:00,730.0,768.87915,38.87915,38.87915
2026-11-02 19:00:00,799.44,789.0351,-10.404907,10.404907
2026-11-02 20:00:00,767.45,790.07404,22.624023,22.624023
2026-11-02 21:00:00,723.71,766.65826,42.948242,42.948242
2026-11-02 22:00:00,658.66003,735.8124,77.15234,77.15234
2026-11-02 23:00:00,667.88,701.57587,33.69586,33.69586
2026-11-03 00:00:00,619.93,666.12976,46.199768,46.199768
2026-11-03 01:00:00,581.34,659.61554,78.27551,78.27551
2026-11-03 02:00:00,617.06,648.1118,31.051819,31.051819
2026-11-03 03:00:00,594.94,647.92255,52.982544,52.982544
2026-11-03 04:00:00,626.47003,649.79407,23.324036,23.324036
2026-11-03 05:00:00,698.46,665.8784,-32.581604,32.581604
2026-11-03 06:00:00,651.43,691.79,40.359985,40.359985
2026-11-03 07:00:00,693.35,716.0581,22.70813,22.70813
2026-11-03 08:00:00,639.19,709.5576,70.367615,70.367615
2026-11-03 09:00:00,614.59,679.57184,64.98181,64.98181
2026-11-03 10:00:00,575.39,615.9032,40.513184,40.513184
2026-11-03 11:00:00,518.79004,560.07385,41.283813,41.283813
2026-11-03 12:00:00,520.91003,537.4249,16.514893,16.514893
2026-11-03 13:00:00,519.67004,533.50616,13.836121,13.836121
2026-11-03 14:00:00,543.99,547.51404,3.5240479,3.5240479
2026-11-03 15:00:00,574.67,583.2418,8.571838,8.571838
2026-11-03 16:00:00,579.68,634.44934,54.76935,54.76935
2026-11-03 17:00:00,643.86,708.6769,64.816895,64.816895
2026-11-03 18:00:00,728.76,771.15247,42.392456,42.392456
2026-11-03 19:00:00,754.64,793.4436,38.80359,38.80359
2026-11-03 20:00:00,670.91003,782.9793,112.069275,112.069275
2026-11-03 21:00:00,715.24,755.65216,40.41217,40.41217
2026-11-03 22:00:00,637.57,716.45306,78.88306,78.88306
2026-11-03 23:00:00,650.33,675.745,25.414978,25.414978
2026-11-04 00:00:00,614.15,641.88086,27.730835,27.730835
2026-11-04 01:00:00,637.92,639.4354,1.5154419,1.5154419
2026-11-04 02:00:00,656.26,642.74164,-13.518372,13.518372
2026-11-04 03:00:00,628.53,644.52783,15.997803,15.997803
2026-11-04 04:00:00,638.49,650.36975,11.879761,11.879761
2026-11-04 05:00:00,603.37,670.38776,67.01776,67.01776
2026-11-04 06:00:00,664.65,693.0253,28.375305,28.375305
2026-11-04 07:00:00,665.56,707.3716,41.811584,41.811584
2026-11-04 08:00:00,663.43,694.1154,30.685425,30.685425
2026-11-04 09:00:00,646.13,654.8906,8.76062,8.76062
2026-11-04 10:00:00,589.92,598.7726,8.8526,8.8526
2026-11-04 11:00:00,540.91003,555.53394,14.623901,14.623901
2026-11-04 12:00:00,575.54004,534.4183,-41.121765,41.121765
2026-11-04 13:00:00,562.96,534.757,-28.203003,28.203003
2026-11-04 14:00:00,546.36,551.8698,5.5098267,5.5098267
2026-11-04 15:00:00,554.63,591.3068,36.67682,36.67682
2026-11-04 16:00:00,601.46,641.6239,40.16388,40.16388
2026-11-04 17:00:00,699.76,714.1537,14.393677,14.393677
2026-11-04 18:00:00,732.23,780.48413,48.25415,48.25415
2026-11-04 19:00:00,771.55,795.3379,23.787903,23.787903
2026-11-04 20:00:00,705.86,780.9905,75.13049,75.13049
2026-11-04 21:00:00,705.93,750.09796,44.16797,44.16797
2026-11-04 22:00:00,646.71,712.95374,66.24371,66.24371
2026-11-04 23:00:00,648.48,672.0193,23.539307,23.539307
2026-11-05 00:00:00,624.81,639.6231,14.81311,14.81311
2026-11-05 01:00:00,625.24,638.9441,13.704102,13.704102
2026-11-05 02:00:00,611.91003,638.39343,26.483398,26.483398
2026-11-05 03:00:00,597.04004,639.75665,42.716614,42.716614
2026-11-05 04:00:00,629.32,645.33105,16.011047,16.011047
2026-11-05 05:00:00,664.61,659.3152,-5.2948,5.2948
2026-11-05 06:00:00,618.99,685.3241,66.33411,66.33411
2026-11-05 07:00:00,703.88,699.0972,-4.782776,4.782776
2026-11-05 08:00:00,675.09,694.62616,19.536133,19.536133
2026-11-05 09:00:00,625.4,657.2845,31.88446,31.88446
2026-11-05 10:00:00,590.25,597.25464,7.0046387,7.0046387
2026-11-05 11:00:00,574.03,552.81036,-21.219666,21.219666
2026-11-05 12:00:00,555.48,533.7749,-21.705078,21.705078
2026-11-05 13:00:00,515.12,532.49603,17.376038,17.376038
2026-11-05 14:00:00,598.22003,546.75665,-51.46338,51.46338
2026-11-05 15:00:00,587.36,587.5009,0.14093018,0.14093018
2026-11-05 16:00:00,621.31,639.3996,18.0896,18.0896
2026-11-05 17:00:00,660.38,715.0426,54.662598,54.662598
2026-11-05 18:00:00,720.84,781.98413,61.144104,61.144104
2026-11-05 19:00:00,704.53,800.41815,95.88812,95.88812
2026-11-05 20:00:00,762.4,787.459,25.05896,25.05896
2026-11-05 21:00:00,699.86,757.8399,57.97992,57.97992
2026-11-05 22:00:00,657.38,718.732,61.35199,61.35199
2026-11-05 23:00:00,654.60004,672.56616,17.966125,17.966125
2026-11-06 00:00:00,620.52,621.4573,0.93725586,0.93725586
2026-11-06 01:00:00,582.46,627.47156,45.011536,45.011536
2026-11-06 02:00:00,622.76,632.3358,9.575806,9.575806
2026-11-06 03:00:00,603.29004,634.85675,31.566711,31.566711
2026-11-06 04:00:00,628.23,644.58185,16.351868,16.351868
2026-11-06 05:00:00,683.29004,661.6569,-21.633118,21.633118
2026-11-06 06:00:00,679.73,697.1495,17.419495,17.419495
2026-11-06 07:00:00,698.02,709.81177,11.791748,11.791748
2026-11-06 08:00:00,690.2,707.34424,17.144226,17.144226
2026-11-06 09:00:00,654.05,666.1543,12.104309,12.104309
2026-11-06 10:00:00,612.33,601.0006,-11.329407,11.329407
2026-11-06 11:00:00,579.21,555.9044,-23.305603,23.305603
2026-11-06 12:00:00,549.77,534.4939,-15.276123,15.276123
2026-11-06 13:00:00,553.94,528.9161,-25.023926,25.023926
2026-11-06 14:00:00,528.30005,544.69946,16.399414,16.399414
2026-11-06 15:00:00,557.06,585.8131,28.753113,28.753113
2026-11-06 16:00:00,625.26,638.07764,12.817627,12.817627
2026-11-06 17:00:00,685.57,713.70557,28.13556,28.13556
2026-11-06 18:00:00,711.54,778.91376,67.37378,67.37378
2026-11-06 19:00:00,737.03,799.7173,62.687256,62.687256
2026-11-06 20:00:00,719.74,789.4928,69.75281,69.75281
2026-11-06 21:00:00,726.4,760.07654,33.676514,33.676514
2026-11-06 22:00:00,658.76,717.3453,58.585266,58.585266
2026-11-06 23:00:00,626.82,648.2994,21.47937,21.47937
2026-11-07 00:00:00,481.28003,510.81006,29.53003,29.53003
2026-11-07 01:00:00,477.27002,533.922,56.651978,56.651978
2026-11-07 02:00:00,478.68,545.2392,66.559204,66.559204
2026-11-07 03:00:00,517.41003,545.5162,28.10614,28.10614
2026-11-07 04:00:00,493.98,553.6908,59.710785,59.710785
2026-11-07 05:00:00,503.97003,565.9116,61.94159,61.94159
2026-11-07 06:00:00,519.27,587.748,68.47797,68.47797
2026-11-07 07:00:00,570.72003,599.8668,29.14679,29.14679
2026-11-07 08:00:00,494.84003,592.1173,97.27728,97.27728
2026-11-07 09:00:00,501.15002,554.9819,53.83185,53.83185
2026-11-07 10:00:00,506.23,498.92044,-7.3095703,7.3095703
2026-11-07 11:00:00,465.97003,465.57584,-0.39419556,0.39419556
2026-11-07 12:00:00,391.95,451.69843,59.748413,59.748413
2026-11-07 13:00:00,448.80002,441.61118,-7.188843,7.188843
2026-11-07 14:00:00,420.99,455.69232,34.70233,34.70233
2026-11-07 15:00:00,442.68002,487.99683,45.316803,45.316803
2026-11-07 16:00:00,518.4,543.07904,24.679016,24.679016
2026-11-07 17:00:00,561.47003,602.9689,41.49884,41.49884
2026-11-07 18:00:00,582.21,657.9489,75.73889,75.73889
2026-11-07 19:00:00,614.17,682.9884,68.81842,68.81842
2026-11-07 20:00:00,605.67,669.3626,63.692627,63.692627
2026-11-07 21:00:00,619.97003,630.84125,10.871216,10.871216
2026-11-07 22:00:00,538.48,592.1472,53.667236,53.667236
2026-11-07 23:00:00,520.01,560.33606,40.32605,40.32605
2026-11-08 00:00:00,489.79,555.55164,65.76163,65.76163
2026-11-08 01:00:00,490.47003,553.8033,63.333252,63.333252
2026-11-08 02:00:00,515.15,547.71204,32.56201,32.56201
2026-11-08 03:00:00,538.16003,550.3161,12.156067,12.156067
2026-11-08 04:00:00,503.31,556.2019,52.891907,52.891907
2026-11-08 05:00:00,485.93002,563.88525,77.95523,77.95523
2026-11-08 06:00:00,559.89,575.415,15.524963,15.524963
2026-11-08 07:00:00,526.28,584.8858,58.605774,58.605774
2026-11-08 08:00:00,555.62,578.5148,22.894775,22.894775
2026-11-08 09:00:00,517.26,554.3224,37.062378,37.062378
2026-11-08 10:00:00,461.04,502.81793,41.777924,41.777924
2026-11-08 11:00:00,464.03003,462.45563,-1.5744019,1.5744019
2026-11-08 12:00:00,427.82,448.8365,21.01648,21.01648
2026-11-08 13:00:00,386.36002,441.10406,54.74405,54.74405
2026-11-08 14:00:00,394.03003,452.13104,58.101013,58.101013
2026-11-08 15:00:00,470.94,482.9937,12.053711,12.053711
2026-11-08 16:00:00,540.54004,537.213,-3.3270264,3.3270264
2026-11-08 17:00:00,542.21,601.0178,58.8078,58.8078
2026-11-08 18:00:00,606.68,656.0813,49.401306,49.401306
2026-11-08 19:00:00,606.0,683.8964,77.89642,77.89642
2026-11-08 20:00:00,619.14,669.0287,49.88867,49.88867
2026-11-08 21:00:00,580.18,630.5892,50.40918,50.40918
2026-11-08 22:00:00,559.88,587.7194,27.839417,27.839417
2026-11-08 23:00:00,512.95,546.5343,33.58429,33.58429
2026-11-09 00:00:00,597.93,625.8987,27.968689,27.968689
2026-11-09 01:00:00,604.4,635.4194,31.019348,31.019348
2026-11-09 02:00:00,607.04004,633.21783,26.177795,26.177795
2026-11-09 03:00:00,625.66003,637.73755,12.077515,12.077515
2026-11-09 04:00:00,640.68,646.33997,5.659973,5.659973
2026-11-09 05:00:00,654.82,664.0177,9.197693,9.197693
2026-11-09 06:00:00,648.42,691.8609,43.440918,43.440918
2026-11-09 07:00:00,701.86,707.006,5.145996,5.145996
2026-11-09 08:00:00,675.31,704.9029,29.592896,29.592896
2026-11-09 09:00:00,666.15,668.2565,2.1064453,2.1064453
2026-11-09 10:00:00,606.10004,609.3216,3.2215576,3.2215576
2026-11-09 11:00:00,509.73,555.4098,45.67978,45.67978
2026-11-09 12:00:00,500.23,534.5768,34.34677,34.34677
2026-11-09 13:00:00,578.08,531.7865,-46.293518,46.293518
2026-11-09 14:00:00,566.42004,546.11316,-20.306885,20.306885
2026-11-09 15:00:00,567.12,580.66315,13.543152,13.543152
2026-11-09 16:00:00,661.49,629.207,-32.28302,32.28302
2026-11-09 17:00:00,630.15,705.6777,75.52765,75.52765
2026-11-09 18:00:00,704.34,770.79626,66.45624,66.45624
2026-11-09 19:00:00,742.48,788.0964,45.616394,45.616394
2026-11-09 20:00:00,721.15,776.98535,55.835327,55.835327
2026-11-09 21:00:00,713.91003,746.1056,32.195557,32.195557
2026-11-09 22:00:00,696.8,707.5248,10.7247925,10.7247925
2026-11-09 23:00:00,652.0,668.74207,16.742065,16.742065
2026-11-10 00:00:00,574.0,638.128,64.12799,64.12799
2026-11-10 01:00:00,652.68,634.4166,-18.263367,18.263367
2026-11-10 02:00:00,609.15,637.02,27.869995,27.869995
2026-11-10 03:00:00,609.87,641.46344,31.593445,31.593445
2026-11-10 04:00:00,589.55,648.7262,59.17621,59.17621
2026-11-10 05:00:00,649.11,660.9362,11.826233,11.826233
2026-11-10 06:00:00,632.44,685.7298,53.289795,53.289795
2026-11-10 07:00:00,664.31,700.9672,36.657227,36.657227
2026-11-10 08:00:00,646.38,692.2731,45.893066,45.893066
2026-11-10 09:00:00,626.7,655.5875,28.887512,28.887512
2026-11-10 10:00:00,583.46,599.4502,15.990173,15.990173
2026-11-10 11:00:00,509.94,554.1549,44.214905,44.214905
2026-11-10 12:00:00,534.48,533.4555,-1.0244751,1.0244751
2026-11-10 13:00:00,539.67004,530.40137,-9.268677,9.268677
2026-11-10 14:00:00,536.23,544.40436,8.174377,8.174377
2026-11-10 15:00:00,630.61,580.5317,-50.07831,50.07831
2026-11-10 16:00:00,588.97003,630.2104,41.240356,41.240356
2026-11-10 17:00:00,683.73,709.7475,26.017517,26.017517
2026-11-10 18:00:00,735.76,778.20447,42.444458,42.444458
2026-11-10 19:00:00,716.95,797.37054,80.42053,80.42053
2026-11-10 20:00:00,738.18,782.55865,44.378662,44.378662
2026-11-10 21:00:00,668.97003,752.7725,83.80249,83.80249
2026-11-10 22:00:00,649.38,714.0825,64.702515,64.702515
2026-11-10 23:00:00,641.44,667.9665,26.52649,26.52649
2026-11-11 00:00:00,597.65,631.6104,33.96039,33.96039
2026-11-11 01:00:00,607.81,631.1649,23.35492,23.35492
2026-11-11 02:00:00,573.07,633.12604,60.05603,60.05603
2026-11-11 03:00:00,651.79004,634.45245,-17.337585,17.337585
2026-11-11 04:00:00,636.47003,641.2904,4.8203735,4.8203735
2026-11-11 05:00:00,650.03,662.7069,12.67688,12.67688
2026-11-11 06:00:00,661.47003,689.92377,28.453735,28.453735
2026-11-11 07:00:00,642.59,706.8745,64.284485,64.284485
2026-11-11 08:00:00,697.7,698.1638,0.46380615,0.46380615
2026-11-11 09:00:00,645.57,658.99603,13.426025,13.426025
2026-11-11 10:00:00,559.81,600.3733,40.563293,40.563293
2026-11-11 11:00:00,530.64,553.7284,23.088379,23.088379
2026-11-11 12:00:00,545.53,534.4051,-11.124939,11.124939
2026-11-11 13:00:00,535.41003,532.96265,-2.4473877,2.4473877
2026-11-11 14:00:00,548.85004,548.1092,-0.7408447,0.7408447
2026-11-11 15:00:00,522.47003,585.0605,62.590454,62.590454
2026-11-11 16:00:00,615.17,633.583,18.413025,18.413025
2026-11-11 17:00:00,652.06,706.58765,54.52765,54.52765
2026-11-11 18:00:00,690.64,771.4707,80.83069,80.83069
2026-11-11 19:00:00,725.28,790.7967,65.51666,65.51666
2026-11-11 20:00:00,708.82,777.13776,68.31775,68.31775
2026-11-11 21:00:00,644.5,745.3186,100.8186,100.8186
2026-11-11 22:00:00,657.91003,705.9754,48.06537,48.06537
2026-11-11 23:00:00,652.98,661.1918,8.211792,8.211792
2026-11-12 00:00:00,625.51,630.0258,4.515808,4.515808
2026-11-12 01:00:00,631.99,639.7146,7.7246094,7.7246094
2026-11-12 02:00:00,597.44,640.30066,42.860657,42.860657
2026-11-12 03:00:00,605.03,645.2927,40.262695,40.262695
2026-11-12 04:00:00,599.72003,647.7571,48.03705,48.03705
2026-11-12 05:00:00,597.96,665.5832,67.62317,67.62317
2026-11-12 06:00:00,679.16003,690.55835,11.398315,11.398315
2026-11-12 07:00:00,671.9,707.0307,35.130676,35.130676
2026-11-12 08:00:00,665.55,698.1699,32.619934,32.619934
2026-11-12 09:00:00,669.83,656.7865,-13.043518,13.043518
2026-11-12 10:00:00,588.38,599.2313,10.851318,10.851318
2026-11-12 11:00:00,571.11,555.5034,-15.606567,15.606567
2026-11-12 12:00:00,518.07,537.442,19.37201,19.37201
2026-11-12 13:00:00,564.55,533.8407,-30.70929,30.70929
2026-11-12 14:00:00,567.72003,551.1942,-16.525818,16.525818
2026-11-12 15:00:00,528.35004,589.11615,60.766113,60.766113
2026-11-12 16:00:00,595.06,639.93756,44.877563,44.877563
2026-11-12 17:00:00,664.71,718.472,53.761963,53.761963
2026-11-12 18:00:00,702.09,783.9808,81.89075,81.89075
2026-11-12 19:00:00,753.28,803.2406,49.96057,49.96057
2026-11-12 20:00:00,748.39,787.7779,39.38788,39.38788
2026-11-12 21:00:00,675.08,756.36206,81.28204,81.28204
2026-11-12 22:00:00,649.34,716.38525,67.04523,67.04523
2026-11-12 23:00:00,640.93,665.0264,24.096436,24.096436
2026-11-13 00:00:00,651.64,604.31,-47.330017,47.330017
2026-11-13 01:00:00,631.98,619.2763,-12.703674,12.703674
2026-11-13 02:00:00,609.72003,626.30597,16.585938,16.585938
2026-11-13 03:00:00,604.24,627.6947,23.454712,23.454712
2026-11-13 04:00:00,635.48,634.9235,-0.5564575,0.5564575
2026-11-13 05:00:00,649.86,650.15753,0.2975464,0.2975464
2026-11-13 06:00:00,674.78,680.1953,5.415283,5.415283
2026-11-13 07:00:00,651.8,698.8568,47.056824,47.056824
2026-11-13 08:00:00,668.33,697.07275,28.742737,28.742737
2026-11-13 09:00:00,643.0,663.3699,20.369873,20.369873
2026-11-13 10:00:00,582.52,600.11444,17.594421,17.594421
2026-11-13 11:00:00,576.24,551.41095,-24.82904,24.82904
2026-11-13 12:00:00,558.55,534.03595,-24.514038,24.514038
2026-11-13 13:00:00,529.8,529.2383,-0.56170654,0.56170654
2026-11-13 14:00:00,553.12,541.1574,-11.962585,11.962585
2026-11-13 15:00:00,538.3,578.7086,40.40863,40.40863
2026-11-13 16:00:00,618.47003,631.7811,13.311096,13.311096
2026-11-13 17:00:00,706.15,708.3135,2.1634521,2.1634521
2026-11-13 18:00:00,744.48,772.7544,28.274414,28.274414
2026-11-13 19:00:00,685.84,792.3928,106.552795,106.552795
2026-11-13 20:00:00,711.66003,781.99866,70.33862,70.33862
2026-11-13 21:00:00,694.32,750.948,56.62799,56.62799
2026-11-13 22:00:00,603.54004,707.5731,104.03308,104.03308
2026-11-13 23:00:00,639.46,633.9521,-5.5079346,5.5079346
2026-11-14 00:00:00,459.02002,519.06165,60.041626,60.041626
2026-11-14 01:00:00,489.04,538.04803,49.008026,49.008026
2026-11-14 02:00:00,494.83002,547.212,52.381958,52.381958
2026-11-14 03:00:00,489.95,546.31134,56.36133,56.36133
2026-11-14 04:00:00,510.77002,551.87463,41.104614,41.104614
2026-11-14 05:00:00,486.44,564.8396,78.3996,78.3996
2026-11-14 06:00:00,575.38,582.8639,7.4838867,7.4838867
2026-11-14 07:00:00,565.24,593.2084,27.968384,27.968384
2026-11-14 08:00:00,570.9,588.35,17.449951,17.449951
2026-11-14 09:00:00,562.07,558.85626,-3.213745,3.213745
2026-11-14 10:00:00,522.06,502.7319,-19.328094,19.328094
2026-11-14 11:00:00,449.15002,465.8735,16.72348,16.72348
2026-11-14 12:00:00,440.73,450.70734,9.977325,9.977325
2026-11-14 13:00:00,466.10004,443.45282,-22.647217,22.647217
2026-11-14 14:00:00,404.41003,456.01996,51.609924,51.609924
2026-11-14 15:00:00,455.11002,484.4886,29.37857,29.37857
2026-11-14 16:00:00,483.44,535.1673,51.727295,51.727295
2026-11-14 17:00:00,552.83,596.0542,43.224182,43.224182
2026-11-14 18:00:00,593.02,648.0306,55.01056,55.01056
2026-11-14 19:00:00,620.02,675.8231,55.8031,55.8031
2026-11-14 20:00:00,626.67,659.28735,32.61737,32.61737
2026-11-14 21:00:00,560.03,626.447,66.41699,66.41699
2026-11-14 22:00:00,574.74,587.17584,12.435852,12.435852
2026-11-14 23:00:00,525.08,552.5024,27.422363,27.422363
2026-11-15 00:00:00,492.86002,562.6677,69.80771,69.80771
2026-11-15 01:00:00,490.23004,555.75665,65.52661,65.52661
2026-11-15 02:00:00,499.97003,551.5128,51.542786,51.542786
2026-11-15 03:00:00,491.90002,549.2473,57.34729,57.34729
2026-11-15 04:00:00,489.32,551.10785,61.78784,61.78784
2026-11-15 05:00:00,525.86,557.1776,31.317627,31.317627
2026-11-15 06:00:00,554.43,572.37616,17.946167,17.946167
2026-11-15 07:00:00,578.74,582.62354,3.883545,3.883545
2026-11-15 08:00:00,596.21,579.6128,-16.597229,16.597229
2026-11-15 09:00:00,531.45,557.02747,25.577454,25.577454
2026-11-15 10:00:00,464.30002,503.36844,39.06842,39.06842
2026-11-15 11:00:00,443.89,461.53168,17.641663,17.641663
2026-11-15 12:00:00,478.55002,447.37054,-31.179474,31.179474
2026-11-15 13:00:00,473.86002,441.10696,-32.75305,32.75305
2026-11-15 14:00:00,454.19,455.57425,1.3842468,1.3842468
2026-11-15 15:00:00,502.2,488.6969,-13.503113,13.503113
2026-11-15 16:00:00,510.46002,542.4679,32.007874,32.007874
2026-11-15 17:00:00,574.23,602.25134,28.021362,28.021362
2026-11-15 18:00:00,615.99,649.9225,33.932495,33.932495
2026-11-15 19:00:00,642.36,676.29517,33.93518,33.93518
2026-11-15 20:00:00,634.2,657.7949,23.59491,23.59491
2026-11-15 21:00:00,553.11,624.7962,71.68622,71.68622
2026-11-15 22:00:00,528.30005,580.4623,52.16223,52.16223
2026-11-15 23:00:00,523.76,546.0137,22.253662,22.253662
2026-11-16 00:00:00,604.99,627.8529,22.862915,22.862915
2026-11-16 01:00:00,588.28,634.91895,46.638916,46.638916
2026-11-16 02:00:00,580.89,631.9687,51.078674,51.078674
2026-11-16 03:00:00,605.67,635.0639,29.39392,29.39392
2026-11-16 04:00:00,610.53,642.44666,31.916626,31.916626
2026-11-16 05:00:00,654.39,657.9621,3.5720825,3.5720825
2026-11-16 06:00:00,692.97003,690.275,-2.6950073,2.6950073
2026-11-16 07:00:00,660.02,712.71484,52.694824,52.694824
2026-11-16 08:00:00,685.61,705.5445,19.93451,19.93451
2026-11-16 09:00:00,605.82,667.3559,61.53589,61.53589
2026-11-16 10:00:00,640.82,605.0348,-35.785217,35.785217
2026-11-16 11:00:00,549.57,552.94244,3.3724365,3.3724365
2026-11-16 12:00:00,537.18,533.8881,-3.29187,3.29187
2026-11-16 13:00:00,534.58,532.15546,-2.4245605,2.4245605
2026-11-16 14:00:00,564.61,548.4118,-16.198181,16.198181
2026-11-16 15:00:00,581.23,585.7585,4.5285034,4.5285034
2026-11-16 16:00:00,588.76,634.8982,46.138184,46.138184
2026-11-16 17:00:00,660.2,708.7423,48.542297,48.542297
2026-11-16 18:00:00,718.43,772.62744,54.19745,54.19745
2026-11-16 19:00:00,706.35,795.8471,89.49713,89.49713
2026-11-16 20:00:00,716.11,787.2593,71.14929,71.14929
2026-11-16 21:00:00,661.44,760.0928,98.65277,98.65277
2026-11-16 22:00:00,669.53,720.62787,51.09784,51.09784
2026-11-16 23:00:00,616.18,683.29816,67.118164,67.118164
2026-11-17 00:00:00,631.28,648.53467,17.254639,17.254639
2026-11-17 01:00:00,601.68,642.86926,41.18927,41.18927
2026-11-17 02:00:00,594.9,639.1851,44.285095,44.285095
2026-11-17 03:00:00,597.58,638.30914,40.729126,40.729126
2026-11-17 04:00:00,660.84,642.009,-18.831055,18.831055
2026-11-17 05:00:00,652.64,659.12225,6.482239,6.482239
2026-11-17 06:00:00,665.89,681.79913,15.909119,15.909119
2026-11-17 07:00:00,717.88,699.44763,-18.432373,18.432373
2026-11-17 08:00:00,725.35,691.6999,-33.650085,33.650085
2026-11-17 09:00:00,636.25,657.7384,21.488403,21.488403
2026-11-17 10:00:00,600.22003,600.7626,0.5425415,0.5425415
2026-11-17 11:00:00,537.72003,553.4567,15.736694,15.736694
2026-11-17 12:00:00,561.81,534.96533,-26.844666,26.844666
2026-11-17 13:00:00,512.42004,534.68695,22.266907,22.266907
2026-11-17 14:00:00,560.86,548.5921,-12.267883,12.267883
2026-11-17 15:00:00,581.23,586.0863,4.8563232,4.8563232
2026-11-17 16:00:00,628.33,636.3464,8.016357,8.016357
2026-11-17 17:00:00,649.09,707.7139,58.6239,58.6239
2026-11-17 18:00:00,752.07,772.5143,20.444275,20.444275
2026-11-17 19:00:00,781.71,790.7657,9.055664,9.055664
2026-11-17 20:00:00,736.81,780.2527,43.442688,43.442688
2026-11-17 21:00:00,711.87,750.7118,38.841797,38.841797
2026-11-17 22:00:00,621.51,714.5711,93.0611,93.0611
2026-11-17 23:00:00,617.5,671.7824,54.28241,54.28241
2026-11-18 00:00:00,645.06,635.54614,-9.513855,9.513855
2026-11-18 01:00:00,640.89,635.83734,-5.0526733,5.0526733
2026-11-18 02:00:00,623.48,636.3004,12.820435,12.820435
2026-11-18 03:00:00,607.57,637.27606,29.706055,29.706055
2026-11-18 04:00:00,623.04004,641.9288,18.888733,18.888733
2026-11-18 05:00:00,650.16003,658.74054,8.580505,8.580505
2026-11-18 06:00:00,685.76,688.6338,2.8737793,2.8737793
2026-11-18 07:00:00,685.44,710.4347,24.99469,24.99469
2026-11-18 08:00:00,640.89,706.4216,65.531555,65.531555
2026-11-18 09:00:00,647.10004,666.1986,19.098572,19.098572
2026-11-18 10:00:00,575.9,605.93353,30.033508,30.033508
2026-11-18 11:00:00,583.17,556.40656,-26.763428,26.763428
2026-11-18 12:00:00,553.52,535.2937,-18.226318,18.226318
2026-11-18 13:00:00,546.86,531.9143,-14.945679,14.945679
2026-11-18 14:00:00,544.89,545.0835,0.19348145,0.19348145
2026-11-18 15:00:00,582.57,577.4993,-5.0706787,5.0706787
2026-11-18 16:00:00,578.67004,626.83655,48.166504,48.166504
2026-11-18 17:00:00,648.62,700.8791,52.259094,52.259094
2026-11-18 18:00:00,706.54004,769.6309,63.09088,63.09088
2026-11-18 19:00:00,724.23,789.6794,65.4494,65.4494
2026-11-18 20:00:00,724.78,779.556,54.776,54.776
2026-11-18 21:00:00,673.15,747.3845,74.2345,74.2345
2026-11-18 22:00:00,626.23,703.5156,77.285645,77.285645
2026-11-18 23:00:00,590.45,655.8831,65.433105,65.433105
2026-11-19 00:00:00,581.61,621.21686,39.606873,39.606873
2026-11-19 01:00:00,627.52,629.36426,1.8442383,1.8442383
2026-11-19 02:00:00,607.60004,632.3808,24.780762,24.780762
2026-11-19 03:00:00,631.4,636.3019,4.9018555,4.9018555
2026-11-19 04:00:00,618.44,643.4859,25.045898,25.045898
2026-11-19 05:00:00,636.88,663.0534,26.1734,26.1734
2026-11-19 06:00:00,674.17,693.1532,18.983215,18.983215
2026-11-19 07:00:00,695.83,706.8496,11.019592,11.019592
2026-11-19 08:00:00,694.02,696.0803,2.0603027,2.0603027
2026-11-19 09:00:00,644.88,656.435,11.554993,11.554993
2026-11-19 10:00:00,579.88,597.25726,17.377258,17.377258
2026-11-19 11:00:00,524.57,552.59204,28.022034,28.022034
2026-11-19 12:00:00,543.13,532.7497,-10.38031,10.38031
2026-11-19 13:00:00,518.7,530.30597,11.605957,11.605957
2026-11-19 14:00:00,564.7,544.8881,-19.81189,19.81189
2026-11-19 15:00:00,557.48,584.18445,26.704468,26.704468
2026-11-19 16:00:00,560.39,634.4549,74.06488,74.06488
2026-11-19 17:00:00,651.64,706.54224,54.90222,54.90222
2026-11-19 18:00:00,735.22003,771.33044,36.110413,36.110413
2026-11-19 19:00:00,724.75,790.5944,65.84442,65.84442
2026-11-19 20:00:00,719.79004,779.92035,60.13031,60.13031
2026-11-19 21:00:00,692.79,749.47064,56.680664,56.680664
2026-11-19 22:00:00,629.43,707.5346,78.104614,78.104614
2026-11-19 23:00:00,592.85004,656.31775,63.467712,63.467712
2026-11-20 00:00:00,609.03,593.6313,-15.398743,15.398743
2026-11-20 01:00:00,602.14,613.0705,10.930481,10.930481
2026-11-20 02:00:00,624.25,622.0513,-2.1987305,2.1987305
2026-11-20 03:00:00,613.32,630.07513,16.755127,16.755127
2026-11-20 04:00:00,561.82,636.29144,74.471436,74.471436
2026-11-20 05:00:00,659.09,651.98535,-7.1046753,7.1046753
2026-11-20 06:00:00,689.91003,684.99286,-4.9171753,4.9171753
2026-11-20 07:00:00,683.47003,700.6047,17.134644,17.134644
2026-11-20 08:00:00,654.49,693.21124,38.721252,38.721252
2026-11-20 09:00:00,626.53,657.50507,30.975037,30.975037
2026-11-20 10:00:00,584.75,595.18176,10.431763,10.431763
2026-11-20 11:00:00,575.34,552.1184,-23.221619,23.221619
2026-11-20 12:00:00,556.65,534.1781,-22.471924,22.471924
2026-11-20 13:00:00,543.65,529.5866,-14.063416,14.063416
2026-11-20 14:00:00,502.30002,542.43726,40.137238,40.137238
2026-11-20 15:00:00,531.62,578.88654,47.26654,47.26654
2026-11-20 16:00:00,653.75,632.23944,-21.51056,21.51056
2026-11-20 17:00:00,674.55,711.3508,36.800842,36.800842
2026-11-20 18:00:00,94.58008,776.10736,681.5273,681.5273
2026-11-20 19:00:00,772.03,777.0825,5.05249,5.05249
2026-11-20 20:00:00,751.79004,764.5348,12.744751,12.744751
2026-11-20 21:00:00,693.54004,730.6557,37.11566,37.11566
2026-11-20 22:00:00,639.39,683.81635,44.42633,44.42633
2026-11-20 23:00:00,634.67,581.42914,-53.240845,53.240845
2026-11-21 00:00:00,485.94,510.73413,24.794128,24.794128
2026-11-21 01:00:00,504.2,535.5495,31.349487,31.349487
2026-11-21 02:00:00,504.34003,543.2243,38.884277,38.884277
2026-11-21 03:00:00,541.93,544.6962,2.7662354,2.7662354
2026-11-21 04:00:00,515.15,554.40186,39.25183,39.25183
2026-11-21 05:00:00,532.36,565.38336,33.023376,33.023376
2026-11-21 06:00:00,562.34,580.7774,18.437378,18.437378
2026-11-21 07:00:00,580.65,592.36224,11.712219,11.712219
2026-11-21 08:00:00,533.09,589.5628,56.47278,56.47278
2026-11-21 09:00:00,553.73,564.4752,10.745239,10.745239
2026-11-21 10:00:00,499.86002,507.05466,7.194641,7.194641
2026-11-21 11:00:00,424.74,466.35968,41.61969,41.61969
2026-11-21 12:00:00,382.21002,452.23126,70.02124,70.02124
2026-11-21 13:00:00,390.06,443.3495,53.28949,53.28949
2026-11-21 14:00:00,459.48,455.42615,-4.0538635,4.0538635
2026-11-21 15:00:00,468.91003,483.57547,14.665436,14.665436
2026-11-21 16:00:00,514.67,531.2918,16.621826,16.621826
2026-11-21 17:00:00,570.38,594.70514,24.325134,24.325134
2026-11-21 18:00:00,624.49,645.146,20.656006,20.656006
2026-11-21 19:00:00,591.68,676.12384,84.44385,84.44385
2026-11-21 20:00:00,582.03,664.3637,82.33368,82.33368
2026-11-21 21:00:00,580.95,628.9878,48.03778,48.03778
2026-11-21 22:00:00,512.8,588.24316,75.44318,75.44318
2026-11-21 23:00:00,492.81,552.49255,59.682556,59.682556
2026-11-22 00:00:00,527.80005,557.0487,29.248657,29.248657
2026-11-22 01:00:00,516.09,558.30786,42.217834,42.217834
2026-11-22 02:00:00,441.86002,556.7969,114.93686,114.93686
2026-11-22 03:00:00,481.7,549.9565,68.25647,68.25647
2026-11-22 04:00:00,504.02002,552.2215,48.201477,48.201477
2026-11-22 05:00:00,498.96002,560.993,62.03296,62.03296
2026-11-22 06:00:00,571.19,577.61707,6.427063,6.427063
2026-11-22 07:00:00,522.61,589.923,67.31299,67.31299
2026-11-22 08:00:00,556.32,585.4677,29.147705,29.147705
2026-11-22 09:00:00,535.61,560.685,25.075012,25.075012
2026-11-22 10:00:00,494.44,506.4389,11.998901,11.998901
2026-11-22 11:00:00,441.88,459.1746,17.294586,17.294586
2026-11-22 12:00:00,385.23,447.51776,62.28775,62.28775
2026-11-22 13:00:00,435.56,440.06818,4.5081787,4.5081787
2026-11-22 14:00:00,419.43002,453.89273,34.462708,34.462708
2026-11-22 15:00:00,449.44,483.76562,34.325623,34.325623
2026-11-22 16:00:00,468.42,534.65466,66.23465,66.23465
2026-11-22 17:00:00,560.68,592.5955,31.915527,31.915527
2026-11-22 18:00:00,616.04004,637.4654,21.425354,21.425354
2026-11-22 19:00:00,625.35004,666.55634,41.2063,41.2063
2026-11-22 20:00:00,559.79004,654.4168,94.62677,94.62677
2026-11-22 21:00:00,595.91003,622.95886,27.048828,27.048828
2026-11-22 22:00:00,549.52,582.30347,32.783447,32.783447
2026-11-22 23:00:00,530.83,544.46484,13.634827,13.634827
2026-11-23 00:00:00,599.56,624.5198,24.959778,24.959778
2026-11-23 01:00:00,606.06,631.6643,25.60431,25.60431
2026-11-23 02:00:00,603.64,629.1957,25.555664,25.555664
2026-11-23 03:00:00,614.99,634.26587,19.275879,19.275879
2026-11-23 04:00:00,591.66003,640.6671,49.00708,49.00708
2026-11-23 05:00:00,630.57,660.1324,29.562378,29.562378
2026-11-23 06:00:00,676.81,685.5908,8.780823,8.780823
2026-11-23 07:00:00,670.1,705.15436,35.054382,35.054382
2026-11-23 08:00:00,686.11,698.21136,12.101379,12.101379
2026-11-23 09:00:00,685.87,665.37024,-20.499756,20.499756
2026-11-23 10:00:00,595.02,607.6732,12.653198,12.653198
2026-11-23 11:00:00,556.42004,556.3305,-0.089538574,0.089538574
2026-11-23 12:00:00,597.35004,533.98865,-63.36139,63.36139
2026-11-23 13:00:00,556.14,532.235,-23.90503,23.90503
2026-11-23 14:00:00,589.83,545.8859,-43.94409,43.94409
2026-11-23 15:00:00,578.38,583.6301,5.250122,5.250122
2026-11-23 16:00:00,596.78,632.53705,35.75702,35.75702
2026-11-23 17:00:00,692.1,703.5142,11.414246,11.414246
2026-11-23 18:00:00,703.48,770.67236,67.19238,67.19238
2026-11-23 19:00:00,784.25,791.37915,7.1291504,7.1291504
2026-11-23 20:00:00,735.18,779.10535,43.925354,43.925354
2026-11-23 21:00:00,647.44,747.2045,99.76453,99.76453
2026-11-23 22:00:00,653.64,707.8842,54.2442,54.2442
2026-11-23 23:00:00,640.05,664.64014,24.590149,24.590149
2026-11-24 00:00:00,590.12,630.1747,40.054688,40.054688
2026-11-24 01:00:00,620.8,628.8372,8.037231,8.037231
2026-11-24 02:00:00,596.38,633.9957,37.615723,37.615723
2026-11-24 03:00:00,637.72003,636.8445,-0.8755493,0.8755493
2026-11-24 04:00:00,601.08,643.65125,42.571228,42.571228
2026-11-24 05:00:00,664.28,659.131,-5.149048,5.149048
2026-11-24 06:00:00,667.03,685.7529,18.7229,18.7229
2026-11-24 07:00:00,656.86,707.0768,50.216797,50.216797
2026-11-24 08:00:00,641.39,694.55066,53.160645,53.160645
2026-11-24 09:00:00,625.09,654.6551,29.565063,29.565063
2026-11-24 10:00:00,563.95,597.56946,33.619446,33.619446
2026-11-24 11:00:00,558.75,553.47986,-5.2701416,5.2701416
2026-11-24 12:00:00,502.28003,534.58386,32.303833,32.303833
2026-11-24 13:00:00,508.55002,530.23865,21.68863,21.68863
2026-11-24 14:00:00,546.36,548.8201,2.460144,2.460144
2026-11-24 15:00:00,588.58,589.4059,0.8258667,0.8258667
2026-11-24 16:00:00,587.22003,642.3378,55.117798,55.117798
2026-11-24 17:00:00,661.17,718.96783,57.79785,57.79785
2026-11-24 18:00:00,706.41003,778.7143,72.30426,72.30426
2026-11-24 19:00:00,742.9,793.3084,50.408386,50.408386
2026-11-24 20:00:00,702.17,777.29224,75.12225,75.12225
2026-11-24 21:00:00,661.17,745.88654,84.71655,84.71655
2026-11-24 22:00:00,651.48,708.17487,56.694885,56.694885
2026-11-24 23:00:00,611.02,665.3644,54.34436,54.34436
2026-11-25 00:00:00,593.25,633.0058,39.7558,39.7558
2026-11-25 01:00:00,644.36,629.6819,-14.678101,14.678101
2026-11-25 02:00:00,583.41003,633.0718,49.661743,49.661743
2026-11-25 03:00:00,615.88,635.7519,19.871887,19.871887
2026-11-25 04:00:00,624.63,638.8573,14.227295,14.227295
2026-11-25 05:00:00,630.7,656.77826,26.078247,26.078247
2026-11-25 06:00:00,684.56,683.22,-1.3400269,1.3400269
2026-11-25 07:00:00,653.91003,701.15125,47.24121,47.24121
2026-11-25 08:00:00,653.63,693.544,39.914,39.914
2026-11-25 09:00:00,630.24,655.6746,25.434631,25.434631
2026-11-25 10:00:00,626.14,598.8765,-27.263489,27.263489
2026-11-25 11:00:00,558.97003,553.9605,-5.0095215,5.0095215
2026-11-25 12:00:00,513.93,533.6978,19.767822,19.767822
2026-11-25 13:00:00,549.22003,530.7838,-18.436218,18.436218
2026-11-25 14:00:00,534.57,544.57404,10.004028,10.004028
2026-11-25 15:00:00,551.24,580.56915,29.329163,29.329163
2026-11-25 16:00:00,633.42,630.07886,-3.3411255,3.3411255
2026-11-25 17:00:00,692.1,708.963,16.863037,16.863037
2026-11-25 18:00:00,698.14,777.95874,79.818726,79.818726
2026-11-25 19:00:00,743.11,796.3087,53.19873,53.19873
2026-11-25 20:00:00,684.62,782.73694,98.11694,98.11694
2026-11-25 21:00:00,698.19,750.4093,52.2193,52.2193
2026-11-25 22:00:00,662.9,711.95135,49.05133,49.05133
2026-11-25 23:00:00,624.02,668.85864,44.838623,44.838623
2026-11-26 00:00:00,599.60004,635.311,35.710938,35.710938
2026-11-26 01:00:00,613.0,634.9119,21.911926,21.911926
2026-11-26 02:00:00,601.31,633.8076,32.49762,32.49762
2026-11-26 03:00:00,639.29004,634.59424,-4.695801,4.695801
2026-11-26 04:00:00,654.26,639.2619,-14.998108,14.998108
2026-11-26 05:00:00,645.28,656.1223,10.842285,10.842285
2026-11-26 06:00:00,682.51,682.1369,-0.3731079,0.3731079
2026-11-26 07:00:00,662.14,696.8137,34.673706,34.673706
2026-11-26 08:00:00,674.41003,688.9932,14.583191,14.583191
2026-11-26 09:00:00,656.26,654.57495,-1.6850586,1.6850586
2026-11-26 10:00:00,571.61,599.7468,28.13684,28.13684
2026-11-26 11:00:00,598.39,554.45575,-43.934265,43.934265
2026-11-26 12:00:00,601.98,534.6135,-67.366455,67.366455
2026-11-26 13:00:00,537.47003,529.9967,-7.4733276,7.4733276
2026-11-26 14:00:00,582.60004,540.679,-41.92102,41.92102
2026-11-26 15:00:00,552.0,573.8869,21.886902,21.886902
2026-11-26 16:00:00,545.53,623.4532,77.92316,77.92316
2026-11-26 17:00:00,654.65,694.75653,40.106506,40.106506
2026-11-26 18:00:00,694.03,764.0853,70.0553,70.0553
2026-11-26 19:00:00,739.25,786.8053,47.555298,47.555298
2026-11-26 20:00:00,691.65,775.9196,84.26959,84.26959
2026-11-26 21:00:00,699.72003,741.6936,41.97357,41.97357
2026-11-26 22:00:00,673.37,699.2593,25.889282,25.889282
2026-11-26 23:00:00,579.0,654.1299,75.12988,75.12988
2026-11-27 00:00:00,580.48,593.6533,13.17334,13.17334
2026-11-27 01:00:00,577.8,615.7913,37.991333,37.991333
2026-11-27 02:00:00,552.62,622.27905,69.65906,69.65906
2026-11-27 03:00:00,630.59,623.00586,-7.5841675,7.5841675
2026-11-27 04:00:00,597.33,634.81854,37.488525,37.488525
2026-11-27 05:00:00,646.47003,654.2554,7.7853394,7.7853394
2026-11-27 06:00:00,651.26,683.33154,32.071533,32.071533
2026-11-27 07:00:00,651.74,697.8618,46.121826,46.121826
2026-11-27 08:00:00,664.74,689.17773,24.437744,24.437744
2026-11-27 09:00:00,624.4,654.6237,30.223694,30.223694
2026-11-27 10:00:00,591.8,595.675,3.875,3.875
2026-11-27 11:00:00,552.96,551.044,-1.9160156,1.9160156
2026-11-27 12:00:00,566.02,529.9521,-36.067932,36.067932
2026-11-27 13:00:00,544.29004,524.48663,-19.803406,19.803406
2026-11-27 14:00:00,551.07,537.0033,-14.066711,14.066711
2026-11-27 15:00:00,552.24,577.7419,25.501892,25.501892
2026-11-27 16:00:00,608.03,634.14056,26.110535,26.110535
2026-11-27 17:00:00,675.14,710.4503,35.310303,35.310303
2026-11-27 18:00:00,708.92,778.103,69.183044,69.183044
2026-11-27 19:00:00,755.1,793.7847,38.684753,38.684753
2026-11-27 20:00:00,720.06,779.0299,58.96991,58.96991
2026-11-27 21:00:00,683.42,745.4006,61.98059,61.98059
2026-11-27 22:00:00,626.13,700.6299,74.49988,74.49988
2026-11-27 23:00:00,601.33,631.73224,30.402222,30.402222
2026-11-28 00:00:00,473.65002,505.8378,32.187775,32.187775
2026-11-28 01:00:00,495.43,530.37445,34.944458,34.944458
2026-11-28 02:00:00,507.2,543.16046,35.96045,35.96045
2026-11-28 03:00:00,491.72003,544.2983,52.578247,52.578247
2026-11-28 04:00:00,492.22003,548.1311,55.91107,55.91107
2026-11-28 05:00:00,525.04004,558.9316,33.89154,33.89154
2026-11-28 06:00:00,583.73,579.1414,-4.588562,4.588562
2026-11-28 07:00:00,539.75,591.4718,51.7218,51.7218
2026-11-28 08:00:00,564.22003,586.6252,22.405151,22.405151
2026-11-28 09:00:00,523.35,558.1394,34.78943,34.78943
2026-11-28 10:00:00,452.31003,503.30203,50.992004,50.992004
2026-11-28 11:00:00,457.53003,464.2482,6.71817,6.71817
2026-11-28 12:00:00,458.48004,451.197,-7.2830505,7.2830505
2026-11-28 13:00:00,422.52002,443.77438,21.254364,21.254364
2026-11-28 14:00:00,446.34003,454.36127,8.02124,8.02124
2026-11-28 15:00:00,469.30002,485.58047,16.280457,16.280457
2026-11-28 16:00:00,515.54004,539.7452,24.20514,24.20514
2026-11-28 17:00:00,522.06,600.0587,77.99872,77.99872
2026-11-28 18:00:00,617.35004,642.9847,25.634644,25.634644
2026-11-28 19:00:00,630.43,667.01355,36.583557,36.583557
2026-11-28 20:00:00,596.18,648.9049,52.724915,52.724915
2026-11-28 21:00:00,546.56,618.469,71.909,71.909
2026-11-28 22:00:00,584.09,576.5414,-7.548645,7.548645
2026-11-28 23:00:00,536.91003,548.14624,11.236206,11.236206
2026-11-29 00:00:00,513.18,569.98645,56.806458,56.806458
2026-11-29 01:00:00,523.13,561.48035,38.35034,38.35034
2026-11-29 02:00:00,531.13,556.7984,25.668396,25.668396
2026-11-29 03:00:00,495.48,554.8739,59.39389,59.39389
2026-11-29 04:00:00,540.64,556.0185,15.378479,15.378479
2026-11-29 05:00:00,512.79004,563.16187,50.371826,50.371826
2026-11-29 06:00:00,539.47003,575.65295,36.182922,36.182922
2026-11-29 07:00:00,565.49,589.62164,24.131653,24.131653
2026-11-29 08:00:00,523.29004,587.49976,64.20972,64.20972
2026-11-29 09:00:00,549.93,561.1164,11.186401,11.186401
2026-11-29 10:00:00,473.63,504.3055,30.675507,30.675507
2026-11-29 11:00:00,444.14,461.45886,17.318848,17.318848
2026-11-29 12:00:00,437.24002,447.04816,9.808136,9.808136
2026-11-29 13:00:00,401.68,440.72546,39.04547,39.04547
2026-11-29 14:00:00,399.23,452.92633,53.69632,53.69632
2026-11-29 15:00:00,429.67,484.90356,55.23355,55.23355
2026-11-29 16:00:00,503.74,540.76526,37.02527,37.02527
2026-11-29 17:00:00,512.3,601.2156,88.91559,88.91559
2026-11-29 18:00:00,585.95,652.71967,66.76965,66.76965
2026-11-29 19:00:00,594.76,681.1652,86.40521,86.40521
2026-11-29 20:00:00,600.89,665.0195,64.129456,64.129456
2026-11-29 21:00:00,567.42004,629.9386,62.518555,62.518555
2026-11-29 22:00:00,531.41003,587.0492,55.63916,55.63916
2026-11-29 23:00:00,502.45,551.33374,48.883728,48.883728
2026-11-30 00:00:00,624.63,618.7127,-5.9172974,5.9172974
2026-11-30 01:00:00,613.43,625.5453,12.115295,12.115295
2026-11-30 02:00:00,626.54004,628.05865,1.5186157,1.5186157
2026-11-30 03:00:00,610.92,635.4006,24.48059,24.48059
2026-11-30 04:00:00,633.98,642.38367,8.403687,8.403687
2026-11-30 05:00:00,615.31,658.0103,42.700317,42.700317
2026-11-30 06:00:00,658.97003,683.6672,24.697144,24.697144
2026-11-30 07:00:00,709.19,703.175,-6.0150146,6.0150146
2026-11-30 08:00:00,685.54,699.75604,14.216064,14.216064
2026-11-30 09:00:00,658.3,666.4252,8.125183,8.125183
2026-11-30 10:00:00,598.81,611.5116,12.701599,12.701599
2026-11-30 11:00:00,537.34,559.0621,21.722046,21.722046
2026-11-30 12:00:00,533.34,535.46625,2.1262207,2.1262207
2026-11-30 13:00:00,499.32,532.05005,32.73004,32.73004
2026-11-30 14:00:00,555.31,542.33716,-12.972839,12.972839
2026-11-30 15:00:00,588.57,572.6235,-15.946533,15.946533
2026-11-30 16:00:00,607.63,617.6606,10.030579,10.030579
2026-11-30 17:00:00,627.82,685.8231,58.003113,58.003113
2026-11-30 18:00:00,660.92,755.3073,94.38733,94.38733
2026-11-30 19:00:00,751.68,778.90784,27.227844,27.227844
2026-11-30 20:00:00,722.37,770.4148,48.0448,48.0448
2026-11-30 21:00:00,670.16003,741.14453,70.9845,70.9845
2026-11-30 22:00:00,661.28,702.2727,40.992676,40.992676
2026-11-30 23:00:00,609.83,657.58966,47.759644,47.759644
2026-12-01 00:00:00,595.3,624.65393,29.353943,29.353943
2026-12-01 01:00:00,663.2,627.7665,-35.433533,35.433533
2026-12-01 02:00:00,599.3,635.6617,36.361694,36.361694
2026-12-01 03:00:00,550.23,637.2256,86.995605,86.995605
2026-12-01 04:00:00,610.49,641.55457,31.064575,31.064575
2026-12-01 05:00:00,603.36,655.5423,52.182312,52.182312
2026-12-01 06:00:00,639.04004,677.68085,38.64081,38.64081
2026-12-01 07:00:00,661.16003,697.6682,36.50818,36.50818
2026-12-01 08:00:00,642.83,690.0661,47.236084,47.236084
2026-12-01 09:00:00,670.02,654.9543,-15.065735,15.065735
2026-12-01 10:00:00,590.81,598.66516,7.8551636,7.8551636
2026-12-01 11:00:00,593.06,554.52997,-38.53003,38.53003
2026-12-01 12:00:00,505.09003,535.0818,29.99176,29.99176
2026-12-01 13:00:00,534.94,530.4734,-4.466614,4.466614
2026-12-01 14:00:00,551.12,547.9743,-3.145691,3.145691
2026-12-01 15:00:00,535.94,583.95056,48.01056,48.01056
2026-12-01 16:00:00,602.15,633.9787,31.828674,31.828674
2026-12-01 17:00:00,666.34,705.02155,38.68152,38.68152
2026-12-01 18:00:00,707.97,768.6747,60.704712,60.704712
2026-12-01 19:00:00,755.31,783.8673,28.557312,28.557312
2026-12-01 20:00:00,743.37,767.40564,24.035645,24.035645
2026-12-01 21:00:00,716.53,734.7444,18.214355,18.214355
2026-12-01 22:00:00,683.53,694.44666,10.916626,10.916626
2026-12-01 23:00:00,616.34,652.5199,36.17987,36.17987
2026-12-02 00:00:00,612.08,621.2282,9.148193,9.148193
2026-12-02 01:00:00,603.78,626.2065,22.426453,22.426453
2026-12-02 02:00:00,625.51,631.2999,5.789917,5.789917
2026-12-02 03:00:00,649.37,634.15674,-15.213257,15.213257
2026-12-02 04:00:00,643.16003,639.43365,-3.7263794,3.7263794
2026-12-02 05:00:00,664.65,650.5219,-14.128113,14.128113
2026-12-02 06:00:00,645.92,679.8621,33.94214,33.94214
2026-12-02 07:00:00,683.42,695.9281,12.508118,12.508118
2026-12-02 08:00:00,693.38,693.799,0.41900635,0.41900635
2026-12-02 09:00:00,630.12,660.9067,30.786682,30.786682
2026-12-02 10:00:00,554.19,604.0462,49.8562,49.8562
2026-12-02 11:00:00,606.49,555.5011,-50.98889,50.98889
2026-12-02 12:00:00,514.59,534.6745,20.084473,20.084473
2026-12-02 13:00:00,514.35004,530.4524,16.102356,16.102356
2026-12-02 14:00:00,508.62,543.68567,35.065674,35.065674
2026-12-02 15:00:00,575.79004,575.1598,-0.630249,0.630249
2026-12-02 16:00:00,600.09,622.3325,22.242493,22.242493
2026-12-02 17:00:00,686.9,691.66156,4.7615356,4.7615356
2026-12-02 18:00:00,732.19,758.2316,26.041626,26.041626
2026-12-02 19:00:00,725.07,785.8648,60.7948,60.7948
2026-12-02 20:00:00,702.75,776.2344,73.484375,73.484375
2026-12-02 21:00:00,733.49,745.455,11.965027,11.965027
2026-12-02 22:00:00,652.24,702.2371,49.99713,49.99713
2026-12-02 23:00:00,661.29,655.1999,-6.090088,6.090088
2026-12-03 00:00:00,622.77,618.05255,-4.7174683,4.7174683
2026-12-03 01:00:00,628.24,623.31506,-4.9249268,4.9249268
2026-12-03 02:00:00,589.95,630.50165,40.551636,40.551636
2026-12-03 03:00:00,612.2,631.95496,19.754944,19.754944
2026-12-03 04:00:00,644.68,635.7042,-8.975769,8.975769
2026-12-03 05:00:00,606.69,648.681,41.991028,41.991028
2026-12-03 06:00:00,655.3,673.6604,18.360413,18.360413
2026-12-03 07:00:00,688.47003,686.7473,-1.7227173,1.7227173
2026-12-03 08:00:00,649.65,685.0697,35.419678,35.419678
2026-12-03 09:00:00,588.56,654.2636,65.70361,65.70361
2026-12-03 10:00:00,626.04004,596.1702,-29.869812,29.869812
2026-12-03 11:00:00,552.94,552.3335,-0.60650635,0.60650635
2026-12-03 12:00:00,565.49,532.8337,-32.65631,32.65631
2026-12-03 13:00:00,553.06,530.40356,-22.656433,22.656433
2026-12-03 14:00:00,553.10004,541.7742,-11.325867,11.325867
2026-12-03 15:00:00,559.27,594.5968,35.326782,35.326782
2026-12-03 16:00:00,575.88,657.01044,81.13043,81.13043
2026-12-03 17:00:00,668.37,732.3393,63.9693,63.9693
2026-12-03 18:00:00,728.63,791.3527,62.722717,62.722717
2026-12-03 19:00:00,725.02,804.19183,79.171814,79.171814
2026-12-03 20:00:00,727.7,787.77026,60.07025,60.07025
2026-12-03 21:00:00,692.83,756.82153,63.991516,63.991516
2026-12-03 22:00:00,644.53,716.6564,72.12634,72.12634
2026-12-03 23:00:00,624.92,664.67993,39.75995,39.75995
2026-12-04 00:00:00,597.08,531.1786,-65.90143,65.90143
2026-12-04 01:00:00,610.78,569.20435,-41.575684,41.575684
2026-12-04 02:00:00,616.46,617.96844,1.5084229,1.5084229
2026-12-04 03:00:00,542.34,626.1918,83.851746,83.851746
2026-12-04 04:00:00,604.23,630.071,25.841003,25.841003
2026-12-04 05:00:00,673.91003,644.6351,-29.274963,29.274963
2026-12-04 06:00:00,649.74,676.7536,27.01361,27.01361
2026-12-04 07:00:00,701.25,694.6636,-6.586426,6.586426
2026-12-04 08:00:00,659.07,692.8642,33.79419,33.79419
2026-12-04 09:00:00,664.49,659.37866,-5.111328,5.111328
2026-12-04 10:00:00,602.29004,597.15265,-5.13739,5.13739
2026-12-04 11:00:00,576.05,551.84937,-24.200623,24.200623
2026-12-04 12:00:00,557.58,532.8762,-24.703796,24.703796
2026-12-04 13:00:00,505.19,527.5963,22.406311,22.406311
2026-12-04 14:00:00,569.32,539.3778,-29.9422,29.9422
2026-12-04 15:00:00,563.48,576.1579,12.6779175,12.6779175
2026-12-04 16:00:00,638.93,628.3272,-10.602783,10.602783
2026-12-04 17:00:00,652.84,706.2674,53.42737,53.42737
2026-12-04 18:00:00,730.56,771.9287,41.368713,41.368713
2026-12-04 19:00:00,723.22,789.3925,66.17255,66.17255
2026-12-04 20:00:00,709.28,777.41125,68.131226,68.131226
2026-12-04 21:00:00,694.66003,744.77405,50.114014,50.114014
2026-12-04 22:00:00,623.84,697.54095,73.70093,73.70093
2026-12-04 23:00:00,619.64,609.37897,-10.261047,10.261047
2026-12-05 00:00:00,531.18,504.9879,-26.192078,26.192078
2026-12-05 01:00:00,501.59003,531.0514,29.461365,29.461365
2026-12-05 02:00:00,495.97003,539.7421,43.772095,43.772095
2026-12-05 03:00:00,540.74,540.66705,-0.07293701,0.07293701
2026-12-05 04:00:00,504.42,547.62964,43.209625,43.209625
2026-12-05 05:00:00,545.72003,558.03143,12.311401,12.311401
2026-12-05 06:00:00,557.13,574.6277,17.49768,17.49768
2026-12-05 07:00:00,615.88,587.5134,-28.366577,28.366577
2026-12-05 08:00:00,582.92,586.6855,3.765503,3.765503
2026-12-05 09:00:00,542.75,564.2441,21.49408,21.49408
2026-12-05 10:00:00,443.87,509.12796,65.257965,65.257965
2026-12-05 11:00:00,433.47003,466.94482,33.474792,33.474792
2026-12-05 12:00:00,472.48,449.98114,-22.49887,22.49887
2026-12-05 13:00:00,461.10004,444.4264,-16.673645,16.673645
2026-12-05 14:00:00,411.74,454.3346,42.594604,42.594604
2026-12-05 15:00:00,466.91003,481.25174,14.341705,14.341705
2026-12-05 16:00:00,483.29,528.38196,45.09195,45.09195
2026-12-05 17:00:00,565.57,589.07184,23.501831,23.501831
2026-12-05 18:00:00,573.89,635.7324,61.842407,61.842407
2026-12-05 19:00:00,612.01,655.44434,43.434326,43.434326
2026-12-05 20:00:00,626.5,643.3933,16.89331,16.89331
2026-12-05 21:00:00,564.71,616.62366,51.913635,51.913635
2026-12-05 22:00:00,541.41003,578.83923,37.4292,37.4292
2026-12-05 23:00:00,538.87,548.04913,9.179138,9.179138
2026-12-06 00:00:00,520.53,562.9747,42.44464,42.44464
2026-12-06 01:00:00,487.25,558.8521,71.60211,71.60211
2026-12-06 02:00:00,478.72003,549.57117,70.851135,70.851135
2026-12-06 03:00:00,494.54,545.78156,51.241547,51.241547
2026-12-06 04:00:00,495.01,549.9577,54.947693,54.947693
2026-12-06 05:00:00,492.37003,556.6137,64.24368,64.24368
2026-12-06 06:00:00,574.42,570.03284,-4.387146,4.387146
2026-12-06 07:00:00,528.26,583.9565,55.696472,55.696472
2026-12-06 08:00:00,561.29004,583.2868,21.996765,21.996765
2026-12-06 09:00:00,533.47003,562.1813,28.711243,28.711243
2026-12-06 10:00:00,468.25,503.72855,35.478546,35.478546
2026-12-06 11:00:00,477.26,462.1114,-15.148621,15.148621
2026-12-06 12:00:00,457.30002,447.5862,-9.713806,9.713806
2026-12-06 13:00:00,417.37,440.33777,22.967773,22.967773
2026-12-06 14:00:00,431.88,453.27664,21.396637,21.396637
2026-12-06 15:00:00,471.34003,484.86182,13.52179,13.52179
2026-12-06 16:00:00,490.76,533.6719,42.911865,42.911865
2026-12-06 17:00:00,578.39,591.1647,12.774658,12.774658
2026-12-06 18:00:00,605.98,635.6721,29.692139,29.692139
2026-12-06 19:00:00,622.3,657.2886,34.988586,34.988586
2026-12-06 20:00:00,596.94,642.6065,45.666504,45.666504
2026-12-06 21:00:00,561.31,609.09576,47.785767,47.785767
2026-12-06 22:00:00,531.93,569.81195,37.881958,37.881958
2026-12-06 23:00:00,500.39,542.44794,42.057922,42.057922
2026-12-07 00:00:00,651.69,620.06934,-31.620667,31.620667
2026-12-07 01:00:00,604.85004,630.4751,25.625061,25.625061
2026-12-07 02:00:00,594.4,632.17,37.76996,37.76996
2026-12-07 03:00:00,622.06,634.78503,12.725037,12.725037
2026-12-07 04:00:00,652.71,640.3568,-12.35321,12.35321
2026-12-07 05:00:00,607.39,658.4565,51.066467,51.066467
2026-12-07 06:00:00,664.49,690.6976,26.20758,26.20758
2026-12-07 07:00:00,672.89,710.7232,37.83319,37.83319
2026-12-07 08:00:00,637.46,704.3158,66.855774,66.855774
2026-12-07 09:00:00,601.37,668.07135,66.701355,66.701355
2026-12-07 10:00:00,566.84,609.59595,42.75592,42.75592
2026-12-07 11:00:00,559.68,556.1705,-3.5095215,3.5095215
2026-12-07 12:00:00,505.07,535.2324,30.162415,30.162415
2026-12-07 13:00:00,523.46,531.3481,7.8880615,7.8880615
2026-12-07 14:00:00,542.48,543.78986,1.3098755,1.3098755
2026-12-07 15:00:00,545.33,576.2589,30.928894,30.928894
2026-12-07 16:00:00,631.23,623.97894,-7.2510376,7.2510376
2026-12-07 17:00:00,668.39,695.6924,27.302368,27.302368
2026-12-07 18:00:00,704.73,765.32336,60.593384,60.593384
2026-12-07 19:00:00,724.92,789.0313,64.11133,64.11133
2026-12-07 20:00:00,727.75,780.1991,52.449097,52.449097
2026-12-07 21:00:00,658.9,750.9146,92.01459,92.01459
2026-12-07 22:00:00,618.29004,713.8174,95.52734,95.52734
2026-12-07 23:00:00,583.65,668.7429,85.092896,85.092896
2026-12-08 00:00:00,509.96002,634.5171,124.55707,124.55707
2026-12-08 01:00:00,486.2,583.74585,97.54584,97.54584
2026-12-08 02:00:00,450.69,553.6515,102.96149,102.96149
2026-12-08 03:00:00,547.3,548.01025,0.7102661,0.7102661
2026-12-08 04:00:00,571.97003,557.46924,-14.500793,14.500793
2026-12-08 05:00:00,530.64,570.9178,40.27777,40.27777
2026-12-08 06:00:00,611.55,588.156,-23.393982,23.393982
2026-12-08 07:00:00,579.26,607.0596,27.79956,27.79956
2026-12-08 08:00:00,592.72003,601.6043,8.884277,8.884277
2026-12-08 09:00:00,557.65,577.32556,19.675537,19.675537
2026-12-08 10:00:00,490.27002,519.1716,28.90155,28.90155
2026-12-08 11:00:00,438.63,466.1277,27.49768,27.49768
2026-12-08 12:00:00,424.79004,447.06503,22.274994,22.274994
2026-12-08 13:00:00,393.14,442.4599,49.319885,49.319885
2026-12-08 14:00:00,405.49002,461.378,55.88797,55.88797
2026-12-08 15:00:00,439.93,503.14154,63.211548,63.211548
2026-12-08 16:00:00,539.74,559.81726,20.07727,20.07727
2026-12-08 17:00:00,581.07,612.1916,31.121582,31.121582
2026-12-08 18:00:00,579.39,669.4456,90.0556,90.0556
2026-12-08 19:00:00,641.96,699.2014,57.241394,57.241394
2026-12-08 20:00:00,630.56,688.7571,58.197083,58.197083
2026-12-08 21:00:00,560.26,639.14874,78.88873,78.88873
2026-12-08 22:00:00,525.03,587.207,62.17694,62.17694
2026-12-08 23:00:00,531.22003,563.23645,32.01642,32.01642
2026-12-09 00:00:00,602.09,589.6588,-12.431213,12.431213
2026-12-09 01:00:00,586.61,623.7923,37.182312,37.182312
2026-12-09 02:00:00,609.01,627.41785,18.407837,18.407837
2026-12-09 03:00:00,609.15,633.15515,24.005127,24.005127
2026-12-09 04:00:00,616.09,637.624,21.533997,21.533997
2026-12-09 05:00:00,588.06,647.8785,59.81848,59.81848
2026-12-09 06:00:00,685.79,674.0559,-11.73407,11.73407
2026-12-09 07:00:00,683.15,694.5432,11.393188,11.393188
2026-12-09 08:00:00,710.9,701.08386,-9.816162,9.816162
2026-12-09 09:00:00,653.63,676.2051,22.575073,22.575073
2026-12-09 10:00:00,614.45,620.20105,5.7510376,5.7510376
2026-12-09 11:00:00,569.58,558.4494,-11.130615,11.130615
2026-12-09 12:00:00,503.52002,535.57324,32.053223,32.053223
2026-12-09 13:00:00,555.23,531.0923,-24.137695,24.137695
2026-12-09 14:00:00,543.73,545.83655,2.1065674,2.1065674
2026-12-09 15:00:00,559.62,580.0672,20.447205,20.447205
2026-12-09 16:00:00,589.21,630.2725,41.0625,41.0625
2026-12-09 17:00:00,657.77,705.37427,47.604248,47.604248
2026-12-09 18:00:00,657.24,771.81775,114.57776,114.57776
2026-12-09 19:00:00,748.22003,791.9095,43.689453,43.689453
2026-12-09 20:00:00,720.49,780.16174,59.671753,59.671753
2026-12-09 21:00:00,701.9,748.0774,46.17737,46.17737
2026-12-09 22:00:00,630.3,704.7751,74.4751,74.4751
2026-12-09 23:00:00,620.26,655.0799,34.819885,34.819885
2026-12-10 00:00:00,615.23,619.43494,4.204956,4.204956
2026-12-10 01:00:00,618.60004,626.3741,7.774048,7.774048
2026-12-10 02:00:00,613.82,630.7896,16.969604,16.969604
2026-12-10 03:00:00,600.55,632.76013,32.210144,32.210144
2026-12-10 04:00:00,618.18,635.7668,17.586792,17.586792
2026-12-10 05:00:00,627.10004,652.0669,24.966858,24.966858
2026-12-10 06:00:00,635.35004,679.7735,44.423462,44.423462
2026-12-10 07:00:00,672.71,697.8027,25.092651,25.092651
2026-12-10 08:00:00,671.22003,692.72925,21.509216,21.509216
2026-12-10 09:00:00,633.46,658.032,24.57196,24.57196
2026-12-10 10:00:00,584.3,595.4857,11.18573,11.18573
2026-12-10 11:00:00,575.26,553.3933,-21.8667,21.8667
2026-12-10 12:00:00,548.38,535.2759,-13.104126,13.104126
2026-12-10 13:00:00,515.92004,529.95795,14.037903,14.037903
2026-12-10 14:00:00,585.75,541.00226,-44.74774,44.74774
2026-12-10 15:00:00,559.5,578.3992,18.89917,18.89917
2026-12-10 16:00:00,587.78,629.362,41.58197,41.58197
2026-12-10 17:00:00,633.47003,705.43976,71.96973,71.96973
2026-12-10 18:00:00,726.53,769.8601,43.33008,43.33008
2026-12-10 19:00:00,736.2,787.8947,51.694702,51.694702
2026-12-10 20:00:00,721.53,774.51447,52.984436,52.984436
2026-12-10 21:00:00,719.03,741.9365,22.906494,22.906494
2026-12-10 22:00:00,630.9,697.4606,66.56055,66.56055
2026-12-10 23:00:00,629.46,646.59467,17.134644,17.134644
2026-12-11 00:00:00,625.63,591.53723,-34.092773,34.092773
2026-12-11 01:00:00,597.08,609.86475,12.784729,12.784729
2026-12-11 02:00:00,621.11,618.31885,-2.7911377,2.7911377
2026-12-11 03:00:00,633.48,625.2123,-8.2677,8.2677
2026-12-11 04:00:00,636.0,630.9374,-5.062622,5.062622
2026-12-11 05:00:00,667.87,647.87665,-19.993347,19.993347
2026-12-11 06:00:00,699.75,680.8474,-18.902588,18.902588
2026-12-11 07:00:00,691.99,701.976,9.986023,9.986023
2026-12-11 08:00:00,648.60004,702.1143,53.514282,53.514282
2026-12-11 09:00:00,718.86,669.01587,-49.844116,49.844116
2026-12-11 10:00:00,567.44,604.6758,37.23578,37.23578
2026-12-11 11:00:00,539.29004,555.8528,16.562744,16.562744
2026-12-11 12:00:00,561.86,533.60547,-28.254517,28.254517
2026-12-11 13:00:00,541.65,529.772,-11.878052,11.878052
2026-12-11 14:00:00,552.51,541.1995,-11.310486,11.310486
2026-12-11 15:00:00,583.31,575.87354,-7.4364624,7.4364624
2026-12-11 16:00:00,612.4,627.2349,14.8349,14.8349
2026-12-11 17:00:00,638.69,699.9284,61.238403,61.238403
2026-12-11 18:00:00,728.49,762.3242,33.83423,33.83423
2026-12-11 19:00:00,733.97,780.81116,46.841187,46.841187
2026-12-11 20:00:00,729.48,768.60406,39.124084,39.124084
2026-12-11 21:00:00,687.44,735.8865,48.446472,48.446472
2026-12-11 22:00:00,626.33,688.5897,62.259705,62.259705
2026-12-11 23:00:00,645.25,579.46564,-65.78436,65.78436
2026-12-12 00:00:00,465.67,508.21323,42.543213,42.543213
2026-12-12 01:00:00,509.57,532.49304,22.923035,22.923035
2026-12-12 02:00:00,557.12,543.1737,-13.946289,13.946289
2026-12-12 03:00:00,494.18002,543.58826,49.408234,49.408234
2026-12-12 04:00:00,491.47003,545.3185,53.84845,53.84845
2026-12-12 05:00:00,531.47003,555.6005,24.130493,24.130493
2026-12-12 06:00:00,551.09,572.59283,21.502808,21.502808
2026-12-12 07:00:00,560.34,585.53864,25.198608,25.198608
2026-12-12 08:00:00,551.04004,584.5566,33.51654,33.51654
2026-12-12 09:00:00,503.44,558.46155,55.021545,55.021545
2026-12-12 10:00:00,451.92,503.66266,51.742645,51.742645
2026-12-12 11:00:00,411.86002,466.03015,54.170135,54.170135
2026-12-12 12:00:00,443.60004,451.43417,7.834137,7.834137
2026-12-12 13:00:00,444.42,442.79706,-1.6229553,1.6229553
2026-12-12 14:00:00,445.74002,453.8695,8.129486,8.129486
2026-12-12 15:00:00,467.57,482.7923,15.22229,15.22229
2026-12-12 16:00:00,490.18,533.3894,43.20941,43.20941
2026-12-12 17:00:00,565.55,595.4759,29.925903,29.925903
2026-12-12 18:00:00,550.97003,645.05786,94.08783,94.08783
2026-12-12 19:00:00,606.79004,666.0679,59.277832,59.277832
2026-12-12 20:00:00,565.5,654.59375,89.09375,89.09375
2026-12-12 21:00:00,574.56,626.1215,51.561523,51.561523
2026-12-12 22:00:00,536.89,585.27826,48.388245,48.388245
2026-12-12 23:00:00,562.27,553.33563,-8.934387,8.934387
2026-12-13 00:00:00,526.31,573.01056,46.70056,46.70056
2026-12-13 01:00:00,507.34,560.3722,53.032196,53.032196
2026-12-13 02:00:00,486.79,550.4451,63.65512,63.65512
2026-12-13 03:00:00,471.99,545.90216,73.91217,73.91217
2026-12-13 04:00:00,558.59,546.2652,-12.324829,12.324829
2026-12-13 05:00:00,522.94,555.7149,32.774902,32.774902
2026-12-13 06:00:00,561.47003,568.4661,6.9960938,6.9960938
2026-12-13 07:00:00,539.41003,581.0446,41.634583,41.634583
2026-12-13 08:00:00,599.28,578.412,-20.868042,20.868042
2026-12-13 09:00:00,517.2,560.27167,43.071655,43.071655
2026-12-13 10:00:00,463.33002,509.4229,46.092896,46.092896
2026-12-13 11:00:00,452.69,462.9406,10.25061,10.25061
2026-12-13 12:00:00,462.99002,446.9488,-16.04123,16.04123
2026-12-13 13:00:00,413.38,440.48187,27.101868,27.101868
2026-12-13 14:00:00,435.81,452.57428,16.764282,16.764282
2026-12-13 15:00:00,475.75,483.05917,7.3091736,7.3091736
2026-12-13 16:00:00,510.1,534.4189,24.318878,24.318878
2026-12-13 17:00:00,531.2,592.76404,61.564026,61.564026
2026-12-13 18:00:00,632.72003,635.536,2.815979,2.815979
2026-12-13 19:00:00,618.92,659.58905,40.669067,40.669067
2026-12-13 20:00:00,578.45,645.4932,67.04321,67.04321
2026-12-13 21:00:00,608.0,615.6918,7.6917725,7.6917725
2026-12-13 22:00:00,552.04004,571.0204,18.980347,18.980347
2026-12-13 23:00:00,521.0,541.9048,20.904785,20.904785
2026-12-14 00:00:00,648.19,622.62665,-25.563354,25.563354
2026-12-14 01:00:00,642.51,631.87775,-10.632263,10.632263
2026-12-14 02:00:00,582.89,632.64966,49.759644,49.759644
2026-12-14 03:00:00,612.49,634.5642,22.074219,22.074219
2026-12-14 04:00:00,585.05,640.0937,55.0437,55.0437
2026-12-14 05:00:00,637.69,653.8596,16.169617,16.169617
2026-12-14 06:00:00,675.05,677.2741,2.224121,2.224121
2026-12-14 07:00:00,651.93,694.5627,42.63269,42.63269
2026-12-14 08:00:00,690.71,694.8147,4.1046753,4.1046753
2026-12-14 09:00:00,617.93,665.96405,48.034058,48.034058
2026-12-14 10:00:00,611.74,609.9491,-1.7908936,1.7908936
2026-12-14 11:00:00,604.13,555.59564,-48.534363,48.534363
2026-12-14 12:00:00,556.73,535.55334,-21.176636,21.176636
2026-12-14 13:00:00,524.88,531.4118,6.5317993,6.5317993
2026-12-14 14:00:00,569.33,543.34393,-25.986084,25.986084
2026-12-14 15:00:00,571.81,575.0489,3.2388916,3.2388916
2026-12-14 16:00:00,575.41003,622.1374,46.727356,46.727356
2026-12-14 17:00:00,636.08,694.3272,58.247192,58.247192
2026-12-14 18:00:00,714.5,760.6575,46.15747,46.15747
2026-12-14 19:00:00,767.54,784.69366,17.153687,17.153687
2026-12-14 20:00:00,705.84,773.406,67.56598,67.56598
2026-12-14 21:00:00,696.36,742.52075,46.160767,46.160767
2026-12-14 22:00:00,635.68,701.9101,66.2301,66.2301
2026-12-14 23:00:00,639.51,655.93207,16.422058,16.422058
2026-12-15 00:00:00,572.32,624.8024,52.48242,52.48242
2026-12-15 01:00:00,634.74,626.0088,-8.731201,8.731201
2026-12-15 02:00:00,637.5,632.58746,-4.9125366,4.9125366
2026-12-15 03:00:00,604.53,635.34863,30.818604,30.818604
2026-12-15 04:00:00,651.52,638.21436,-13.305664,13.305664
2026-12-15 05:00:00,571.68,652.05005,80.370056,80.370056
2026-12-15 06:00:00,648.60004,675.2989,26.698853,26.698853
2026-12-15 07:00:00,697.38,696.1159,-1.2640991,1.2640991
2026-12-15 08:00:00,663.33,689.2479,25.917908,25.917908
2026-12-15 09:00:00,581.44,653.3592,71.91919,71.91919
2026-12-15 10:00:00,581.66003,597.5907,15.930664,15.930664
2026-12-15 11:00:00,528.01,553.0931,25.083069,25.083069
2026-12-15 12:00:00,569.2,532.4518,-36.74823,36.74823
2026-12-15 13:00:00,489.45,530.9793,41.529297,41.529297
2026-12-15 14:00:00,546.93,546.88025,-0.049743652,0.049743652
2026-12-15 15:00:00,500.66003,585.74243,85.0824,85.0824
2026-12-15 16:00:00,602.08,630.5634,28.483398,28.483398
2026-12-15 17:00:00,629.25,704.0575,74.807495,74.807495
2026-12-15 18:00:00,705.6,768.40625,62.806274,62.806274
2026-12-15 19:00:00,699.95,790.7913,90.84131,90.84131
2026-12-15 20:00:00,700.39,777.7905,77.40051,77.40051
2026-12-15 21:00:00,686.54004,749.2042,62.664185,62.664185
2026-12-15 22:00:00,666.39,711.671,45.281006,45.281006
2026-12-15 23:00:00,622.46,664.8934,42.43335,42.43335
2026-12-16 00:00:00,609.05,630.39087,21.340881,21.340881
2026-12-16 01:00:00,629.41003,629.44836,0.038330078,0.038330078
2026-12-16 02:00:00,584.94,633.23285,48.292847,48.292847
2026-12-16 03:00:00,625.9,634.37604,8.476013,8.476013
2026-12-16 04:00:00,612.68,637.7954,25.115417,25.115417
2026-12-16 05:00:00,683.82,648.9287,-34.891296,34.891296
2026-12-16 06:00:00,641.91003,675.3471,33.437073,33.437073
2026-12-16 07:00:00,639.05,689.35693,50.306946,50.306946
2026-12-16 08:00:00,660.33,688.10345,27.773438,27.773438
2026-12-16 09:00:00,618.81,655.3018,36.49182,36.49182
2026-12-16 10:00:00,614.11,599.41034,-14.699646,14.699646
2026-12-16 11:00:00,544.62,554.6089,9.988892,9.988892
2026-12-16 12:00:00,543.68,534.74,-8.940002,8.940002
2026-12-16 13:00:00,563.45,530.37494,-33.075073,33.075073
2026-12-16 14:00:00,584.79004,545.71533,-39.074707,39.074707
2026-12-16 15:00:00,583.04004,581.2276,-1.812439,1.812439
2026-12-16 16:00:00,596.13,632.3903,36.260315,36.260315
2026-12-16 17:00:00,651.09,709.7688,58.678772,58.678772
2026-12-16 18:00:00,701.73,778.7643,77.0343,77.0343
2026-12-16 19:00:00,692.16003,797.0757,104.91565,104.91565
2026-12-16 20:00:00,748.35,783.5802,35.230225,35.230225
2026-12-16 21:00:00,700.21,760.9919,60.78186,60.78186
2026-12-16 22:00:00,643.01,727.26685,84.256836,84.256836
2026-12-16 23:00:00,600.43,688.79474,88.364746,88.364746
2026-12-17 00:00:00,577.1,649.88165,72.78168,72.78168
2026-12-17 01:00:00,615.98,638.36487,22.384888,22.384888
2026-12-17 02:00:00,640.36,636.1598,-4.2001953,4.2001953
2026-12-17 03:00:00,565.86,640.45935,74.599365,74.599365
2026-12-17 04:00:00,618.34,638.95685,20.616821,20.616821
2026-12-17 05:00:00,601.63,652.2142,50.584167,50.584167
2026-12-17 06:00:00,637.57,679.48126,41.911255,41.911255
2026-12-17 07:00:00,669.47003,697.97705,28.507019,28.507019
2026-12-17 08:00:00,705.61,689.6403,-15.969666,15.969666
2026-12-17 09:00:00,632.83,660.85046,28.020447,28.020447
2026-12-17 10:00:00,622.18,603.2366,-18.94342,18.94342
2026-12-17 11:00:00,540.86,555.988,15.127991,15.127991
2026-12-17 12:00:00,547.03,532.754,-14.276001,14.276001
2026-12-17 13:00:00,530.32,528.12317,-2.1968384,2.1968384
2026-12-17 14:00:00,593.43,538.49164,-54.938354,54.938354
2026-12-17 15:00:00,575.15,571.0429,-4.1071167,4.1071167
2026-12-17 16:00:00,620.96,623.6865,2.7265015,2.7265015
2026-12-17 17:00:00,667.32,697.0542,29.734192,29.734192
2026-12-17 18:00:00,699.05,762.9641,63.914124,63.914124
2026-12-17 19:00:00,694.49,785.43384,90.94385,90.94385
2026-12-17 20:00:00,707.22,774.4224,67.20245,67.20245
2026-12-17 21:00:00,696.74,741.5587,44.818726,44.818726
2026-12-17 22:00:00,642.25,695.7495,53.49951,53.49951
2026-12-17 23:00:00,628.45,646.15076,17.700745,17.700745
2026-12-18 00:00:00,598.54004,586.7839,-11.756165,11.756165
2026-12-18 01:00:00,602.03,604.3453,2.3152466,2.3152466
2026-12-18 02:00:00,584.88,615.9835,31.103516,31.103516
2026-12-18 03:00:00,628.16003,618.73285,-9.427185,9.427185
2026-12-18 04:00:00,631.64,628.0808,-3.559204,3.559204
2026-12-18 05:00:00,669.91003,647.67737,-22.232666,22.232666
2026-12-18 06:00:00,641.44,678.7764,37.336426,37.336426
2026-12-18 07:00:00,730.23,694.50964,-35.720337,35.720337
2026-12-18 08:00:00,661.52,692.02155,30.501526,30.501526
2026-12-18 09:00:00,586.95,661.2408,74.29077,74.29077
2026-12-18 10:00:00,612.72003,601.3353,-11.384705,11.384705
2026-12-18 11:00:00,579.62,551.14984,-28.470154,28.470154
2026-12-18 12:00:00,512.78,531.2462,18.466187,18.466187
2026-12-18 13:00:00,501.30002,523.4411,22.141083,22.141083
2026-12-18 14:00:00,484.43,535.97046,51.540466,51.540466
2026-12-18 15:00:00,533.68,575.4248,41.744812,41.744812
2026-12-18 16:00:00,592.2,626.50665,34.30664,34.30664
2026-12-18 17:00:00,679.08,698.3906,19.310608,19.310608
2026-12-18 18:00:00,715.57,763.3644,47.794373,47.794373
2026-12-18 19:00:00,732.83,784.3674,51.537354,51.537354
2026-12-18 20:00:00,699.28,772.96185,73.68182,73.68182
2026-12-18 21:00:00,679.1,738.27966,59.179688,59.179688
2026-12-18 22:00:00,661.24,690.9229,29.682922,29.682922
2026-12-18 23:00:00,638.22003,600.6979,-37.522156,37.522156
2026-12-19 00:00:00,493.10004,501.85797,8.757935,8.757935
2026-12-19 01:00:00,518.60004,531.4,12.799988,12.799988
2026-12-19 02:00:00,467.10004,544.8982,77.79816,77.79816
2026-12-19 03:00:00,480.04,543.72705,63.687042,63.687042
2026-12-19 04:00:00,530.11,548.02313,17.913147,17.913147
2026-12-19 05:00:00,513.05,559.23596,46.185974,46.185974
2026-12-19 06:00:00,550.48,576.2567,25.776733,25.776733
2026-12-19 07:00:00,564.58,587.99506,23.41504,23.41504
2026-12-19 08:00:00,572.38,587.8992,15.519165,15.519165
2026-12-19 09:00:00,521.05005,565.3511,44.301025,44.301025
2026-12-19 10:00:00,523.79004,509.7835,-14.006531,14.006531
2026-12-19 11:00:00,438.16003,467.78857,29.62854,29.62854
2026-12-19 12:00:00,444.12,447.72562,3.6056213,3.6056213
2026-12-19 13:00:00,375.12003,445.36838,70.24835,70.24835
2026-12-19 14:00:00,410.16,455.4074,45.247406,45.247406
2026-12-19 15:00:00,438.92,484.147,45.22699,45.22699
2026-12-19 16:00:00,492.38,529.87695,37.49695,37.49695
2026-12-19 17:00:00,506.63,587.1354,80.50537,80.50537
2026-12-19 18:00:00,600.74,632.6788,31.938782,31.938782
2026-12-19 19:00:00,577.57,662.10895,84.53894,84.53894
2026-12-19 20:00:00,577.62,652.89264,75.272644,75.272644
2026-12-19 21:00:00,535.7,626.5199,90.819885,90.819885
2026-12-19 22:00:00,535.96,585.915,49.954956,49.954956
2026-12-19 23:00:00,493.66003,554.74115,61.081116,61.081116
2026-12-20 00:00:00,496.81,565.0513,68.24127,68.24127
2026-12-20 01:00:00,461.75,554.0061,92.2561,92.2561
2026-12-20 02:00:00,460.13,544.3509,84.22089,84.22089
2026-12-20 03:00:00,489.75,542.58997,52.839966,52.839966
2026-12-20 04:00:00,542.62,546.5482,3.9282227,3.9282227
2026-12-20 05:00:00,496.92,557.1064,60.18637,60.18637
2026-12-20 06:00:00,553.08,572.4539,19.373901,19.373901
2026-12-20 07:00:00,564.31,582.3087,17.998718,17.998718
2026-12-20 08:00:00,576.94,576.7235,-0.2164917,0.2164917
2026-12-20 09:00:00,501.90002,552.749,50.849,50.849
2026-12-20 10:00:00,486.03003,500.22473,14.194702,14.194702
2026-12-20 11:00:00,470.80002,462.28958,-8.510437,8.510437
2026-12-20 12:00:00,447.99002,447.8531,-0.13693237,0.13693237
2026-12-20 13:00:00,416.57,439.5083,22.938293,22.938293
2026-12-20 14:00:00,443.95,451.83893,7.888916,7.888916
2026-12-20 15:00:00,448.49002,482.91992,34.4299,34.4299
2026-12-20 16:00:00,513.27,531.03143,17.761414,17.761414
2026-12-20 17:00:00,500.24002,590.82556,90.58554,90.58554
2026-12-20 18:00:00,627.55,634.521,6.9710083,6.9710083
2026-12-20 19:00:00,592.68,655.4875,62.807495,62.807495
2026-12-20 20:00:00,598.57,643.4924,44.922363,44.922363
2026-12-20 21:00:00,592.93,615.41406,22.48407,22.48407
2026-12-20 22:00:00,556.18,573.0212,16.841187,16.841187
2026-12-20 23:00:00,484.5,541.31036,56.810364,56.810364
2026-12-21 00:00:00,605.68,621.16046,15.480469,15.480469
2026-12-21 01:00:00,631.31,630.29376,-1.0162354,1.0162354
2026-12-21 02:00:00,618.21,630.52625,12.316223,12.316223
2026-12-21 03:00:00,579.91003,634.42676,54.516724,54.516724
2026-12-21 04:00:00,610.8,640.034,29.234009,29.234009
2026-12-21 05:00:00,647.01,654.58185,7.5718384,7.5718384
2026-12-21 06:00:00,655.76,678.92773,23.167725,23.167725
2026-12-21 07:00:00,669.12,696.44867,27.328674,27.328674
2026-12-21 08:00:00,676.53,693.9656,17.435547,17.435547
2026-12-21 09:00:00,683.72003,665.4758,-18.244202,18.244202
2026-12-21 10:00:00,600.79004,613.2092,12.419189,12.419189
2026-12-21 11:00:00,521.52,558.26166,36.74164,36.74164
2026-12-21 12:00:00,506.35,535.7175,29.367523,29.367523
2026-12-21 13:00:00,550.87,532.06647,-18.803528,18.803528
2026-12-21 14:00:00,545.33,544.14075,-1.18927,1.18927
2026-12-21 15:00:00,565.09,575.0456,9.955566,9.955566
2026-12-21 16:00:00,624.05,621.4124,-2.6375732,2.6375732
2026-12-21 17:00:00,692.19,691.3728,-0.8171997,0.8171997
2026-12-21 18:00:00,731.09,755.9782,24.888184,24.888184
2026-12-21 19:00:00,722.72003,782.34033,59.6203,59.6203
2026-12-21 20:00:00,710.04004,773.90356,63.863525,63.863525
2026-12-21 21:00:00,691.07,742.7464,51.67639,51.67639
2026-12-21 22:00:00,600.59,703.3282,102.73816,102.73816
2026-12-21 23:00:00,667.35004,658.25104,-9.098999,9.098999
2026-12-22 00:00:00,593.18,625.02216,31.842163,31.842163
2026-12-22 01:00:00,583.22003,627.0842,43.864197,43.864197
2026-12-22 02:00:00,613.95,633.26984,19.319824,19.319824
2026-12-22 03:00:00,595.42,634.95935,39.539368,39.539368
2026-12-22 04:00:00,661.09,638.23474,-22.855286,22.855286
2026-12-22 05:00:00,640.04004,653.7514,13.711365,13.711365
2026-12-22 06:00:00,656.31,679.08936,22.779358,22.779358
2026-12-22 07:00:00,703.36,695.8184,-7.541565,7.541565
2026-12-22 08:00:00,633.35004,692.85364,59.5036,59.5036
2026-12-22 09:00:00,634.99,657.2362,22.246216,22.246216
2026-12-22 10:00:00,604.10004,600.73755,-3.3624878,3.3624878
2026-12-22 11:00:00,550.22003,556.828,6.607971,6.607971
2026-12-22 12:00:00,501.28003,534.0654,32.7854,32.7854
2026-12-22 13:00:00,525.99,532.8169,6.8269043,6.8269043
2026-12-22 14:00:00,517.92004,548.1855,30.265442,30.265442
2026-12-22 15:00:00,562.67004,583.4627,20.792664,20.792664
2026-12-22 16:00:00,621.91003,634.6867,12.776672,12.776672
2026-12-22 17:00:00,693.12,706.47906,13.35907,13.35907
2026-12-22 18:00:00,722.98,770.75574,47.775757,47.775757
2026-12-22 19:00:00,716.95,789.1981,72.24811,72.24811
2026-12-22 20:00:00,702.59,773.8064,71.21637,71.21637
2026-12-22 21:00:00,698.9,743.03314,44.133118,44.133118
2026-12-22 22:00:00,641.15,704.1543,63.004272,63.004272
2026-12-22 23:00:00,621.82,658.5879,36.767883,36.767883
2026-12-23 00:00:00,627.21,621.4029,-5.807129,5.807129
2026-12-23 01:00:00,621.83,628.06976,6.239746,6.239746
2026-12-23 02:00:00,582.95,633.3351,50.38507,50.38507
2026-12-23 03:00:00,599.86,636.19464,36.334656,36.334656
2026-12-23 04:00:00,656.96,638.5172,-18.44281,18.44281
2026-12-23 05:00:00,644.77,655.7956,11.025574,11.025574
2026-12-23 06:00:00,692.93,682.36285,-10.567139,10.567139
2026-12-23 07:00:00,630.37,702.22656,71.85657,71.85657
2026-12-23 08:00:00,659.48,694.29767,34.817688,34.817688
2026-12-23 09:00:00,641.23,656.8493,15.619324,15.619324
2026-12-23 10:00:00,609.43,602.04645,-7.383545,7.383545
2026-12-23 11:00:00,587.29004,553.9666,-33.323425,33.323425
2026-12-23 12:00:00,519.89,533.99286,14.102844,14.102844
2026-12-23 13:00:00,528.88,530.6899,1.8098755,1.8098755
2026-12-23 14:00:00,541.54004,543.5749,2.034851,2.034851
2026-12-23 15:00:00,588.2,575.8438,-12.356201,12.356201
2026-12-23 16:00:00,567.32,626.7066,59.386597,59.386597
2026-12-23 17:00:00,604.48,699.9336,95.45361,95.45361
2026-12-23 18:00:00,705.28,765.83844,60.55841,60.55841
2026-12-23 19:00:00,726.19,785.9197,59.729675,59.729675
2026-12-23 20:00:00,719.02,773.6753,54.655273,54.655273
2026-12-23 21:00:00,670.9,742.05133,71.151306,71.151306
2026-12-23 22:00:00,668.53,698.5313,30.001282,30.001282
2026-12-23 23:00:00,636.74,651.5246,14.784607,14.784607
2026-12-24 00:00:00,599.21,618.5846,19.374573,19.374573
2026-12-24 01:00:00,604.63,624.89374,20.263733,20.263733
2026-12-24 02:00:00,570.35004,628.9329,58.582886,58.582886
2026-12-24 03:00:00,665.3,629.98785,-35.312134,35.312134
2026-12-24 04:00:00,613.75,635.3667,21.6167,21.6167
2026-12-24 05:00:00,650.9,652.2114,1.3114014,1.3114014
2026-12-24 06:00:00,656.95,679.0811,22.131104,22.131104
2026-12-24 07:00:00,684.64,692.75824,8.118225,8.118225
2026-12-24 08:00:00,675.04004,688.7145,13.674438,13.674438
2026-12-24 09:00:00,602.88,659.0709,56.190918,56.190918
2026-12-24 10:00:00,607.12,602.27954,-4.840454,4.840454
2026-12-24 11:00:00,551.36,554.39435,3.0343628,3.0343628
2026-12-24 12:00:00,571.42,533.33545,-38.084534,38.084534
2026-12-24 13:00:00,536.9,529.9442,-6.9558105,6.9558105
2026-12-24 14:00:00,542.11,540.0971,-2.0128784,2.0128784
2026-12-24 15:00:00,598.64,573.304,-25.335999,25.335999
2026-12-24 16:00:00,632.12,623.73096,-8.389038,8.389038
2026-12-24 17:00:00,637.82,697.06586,59.24585,59.24585
2026-12-24 18:00:00,698.09,765.134,67.043945,67.043945
2026-12-24 19:00:00,692.75,787.2226,94.472595,94.472595
2026-12-24 20:00:00,710.18,775.3603,65.1803,65.1803
2026-12-24 21:00:00,689.29,744.3201,55.03015,55.03015
2026-12-24 22:00:00,630.94,699.4761,68.53607,68.53607
2026-12-24 23:00:00,622.12,649.97095,27.850952,27.850952
2026-12-25 00:00:00,546.44,587.7426,41.302612,41.302612
2026-12-25 01:00:00,509.38,540.0917,30.71167,30.71167
2026-12-25 02:00:00,507.1,531.57715,24.477142,24.477142
2026-12-25 03:00:00,513.82,536.276,22.455994,22.455994
2026-12-25 04:00:00,529.99,547.1727,17.18274,17.18274
2026-12-25 05:00:00,489.38,564.1185,74.738525,74.738525
2026-12-25 06:00:00,565.03,585.884,20.853943,20.853943
2026-12-25 07:00:00,567.24,602.3697,35.1297,35.1297
2026-12-25 08:00:00,580.12,593.9817,13.861694,13.861694
2026-12-25 09:00:00,529.37,567.96924,38.599243,38.599243
2026-12-25 10:00:00,536.4,516.977,-19.423035,19.423035
2026-12-25 11:00:00,466.67,466.5923,-0.07772827,0.07772827
2026-12-25 12:00:00,476.42,440.50165,-35.918365,35.918365
2026-12-25 13:00:00,406.40002,438.41925,32.019226,32.019226
2026-12-25 14:00:00,458.12,456.9325,-1.1875,1.1875
2026-12-25 15:00:00,506.92,500.6803,-6.2397156,6.2397156
2026-12-25 16:00:00,464.63,561.19006,96.56006,96.56006
2026-12-25 17:00:00,600.63,607.9171,7.2871094,7.2871094
2026-12-25 18:00:00,638.19,659.75604,21.56604,21.56604
2026-12-25 19:00:00,624.56,688.75574,64.19574,64.19574
2026-12-25 20:00:00,615.06,666.8189,51.75891,51.75891
2026-12-25 21:00:00,606.19,609.6597,3.4697266,3.4697266
2026-12-25 22:00:00,583.52,556.0458,-27.474243,27.474243
2026-12-25 23:00:00,496.41003,562.17175,65.76172,65.76172
2026-12-26 00:00:00,515.34,583.0487,67.70868,67.70868
2026-12-26 01:00:00,466.76,588.64703,121.887024,121.887024
2026-12-26 02:00:00,505.32,567.6829,62.362915,62.362915
2026-12-26 03:00:00,463.09003,560.24646,97.15643,97.15643
2026-12-26 04:00:00,482.67,558.4052,75.7352,75.7352
2026-12-26 05:00:00,578.22003,563.5159,-14.704102,14.704102
2026-12-26 06:00:00,567.39,576.7476,9.357605,9.357605
2026-12-26 07:00:00,522.27,590.4779,68.207886,68.207886
2026-12-26 08:00:00,538.19,589.6261,51.436096,51.436096
2026-12-26 09:00:00,512.0,572.01,60.01001,60.01001
2026-12-26 10:00:00,475.48,516.87115,41.391144,41.391144
2026-12-26 11:00:00,446.30002,468.07312,21.773102,21.773102
2026-12-26 12:00:00,389.58002,451.07178,61.49176,61.49176
2026-12-26 13:00:00,395.93002,442.48517,46.555145,46.555145
2026-12-26 14:00:00,435.29004,452.8122,17.522156,17.522156
2026-12-26 15:00:00,437.91003,479.3546,41.44458,41.44458
2026-12-26 16:00:00,543.17004,524.34326,-18.826782,18.826782
2026-12-26 17:00:00,525.58,583.8131,58.233093,58.233093
2026-12-26 18:00:00,594.64,628.2037,33.56366,33.56366
2026-12-26 19:00:00,623.56,647.88855,24.328552,24.328552
2026-12-26 20:00:00,590.5,641.6158,51.115784,51.115784
2026-12-26 21:00:00,558.35004,615.6662,57.316162,57.316162
2026-12-26 22:00:00,557.59,576.30566,18.715637,18.715637
2026-12-26 23:00:00,499.95,546.6767,46.726685,46.726685
2026-12-27 00:00:00,513.31,551.5805,38.270508,38.270508
2026-12-27 01:00:00,494.35004,553.2408,58.890747,58.890747
2026-12-27 02:00:00,517.42004,548.0114,30.59137,30.59137
2026-12-27 03:00:00,470.84003,553.11176,82.27173,82.27173
2026-12-27 04:00:00,507.69,552.2685,44.57849,44.57849
2026-12-27 05:00:00,511.16,562.5541,51.394073,51.394073
2026-12-27 06:00:00,588.05,574.82117,-13.228821,13.228821
2026-12-27 07:00:00,574.36,586.2489,11.888916,11.888916
2026-12-27 08:00:00,543.65,583.34875,39.69873,39.69873
2026-12-27 09:00:00,507.86002,558.8237,50.963715,50.963715
2026-12-27 10:00:00,456.05002,505.20334,49.15332,49.15332
2026-12-27 11:00:00,428.23,459.56824,31.338226,31.338226
2026-12-27 12:00:00,438.22003,445.31702,7.096985,7.096985
2026-12-27 13:00:00,487.13,438.6631,-48.46692,48.46692
2026-12-27 14:00:00,437.07,452.6192,15.549194,15.549194
2026-12-27 15:00:00,401.25,481.7465,80.49649,80.49649
2026-12-27 16:00:00,524.4,530.2371,5.837097,5.837097
2026-12-27 17:00:00,560.14,595.1659,35.02588,35.02588
2026-12-27 18:00:00,579.81,639.5604,59.750427,59.750427
2026-12-27 19:00:00,625.41003,662.1493,36.739258,36.739258
2026-12-27 20:00:00,610.82,647.09503,36.275024,36.275024
2026-12-27 21:00:00,584.13,618.0313,33.901306,33.901306
2026-12-27 22:00:00,507.29,576.028,68.73801,68.73801
2026-12-27 23:00:00,526.36,535.2849,8.924927,8.924927
2026-12-28 00:00:00,569.22003,618.70435,49.484314,49.484314
2026-12-28 01:00:00,579.76,625.9198,46.15979,46.15979
2026-12-28 02:00:00,608.8,627.2162,18.416199,18.416199
2026-12-28 03:00:00,595.23,632.6719,37.441895,37.441895
2026-12-28 04:00:00,609.92,640.4326,30.512634,30.512634
2026-12-28 05:00:00,641.15,656.887,15.7369995,15.7369995
2026-12-28 06:00:00,658.07,682.5133,24.443298,24.443298
2026-12-28 07:00:00,642.66003,700.6144,57.954346,57.954346
2026-12-28 08:00:00,669.43,694.31824,24.888245,24.888245
2026-12-28 09:00:00,642.65,660.1057,17.455688,17.455688
2026-12-28 10:00:00,595.93,602.8134,6.883423,6.883423
2026-12-28 11:00:00,605.54004,553.0835,-52.456543,52.456543
2026-12-28 12:00:00,536.96,535.36,-1.6000366,1.6000366
2026-12-28 13:00:00,586.57,532.7009,-53.86908,53.86908
2026-12-28 14:00:00,493.98,547.82635,53.846344,53.846344
2026-12-28 15:00:00,581.66003,581.45984,-0.20019531,0.20019531
2026-12-28 16:00:00,605.38,629.6725,24.29248,24.29248
2026-12-28 17:00:00,639.60004,701.88025,62.280212,62.280212
2026-12-28 18:00:00,748.88,764.7372,15.857178,15.857178
2026-12-28 19:00:00,688.04004,785.09863,97.05859,97.05859
2026-12-28 20:00:00,737.43,774.0212,36.591187,36.591187
2026-12-28 21:00:00,694.03,743.2787,49.248657,49.248657
2026-12-28 22:00:00,657.59,702.04504,44.455017,44.455017
2026-12-28 23:00:00,614.94,657.99146,43.051453,43.051453
2026-12-29 00:00:00,636.86,623.8096,-13.050415,13.050415
2026-12-29 01:00:00,611.97003,626.54175,14.571716,14.571716
2026-12-29 02:00:00,624.74,632.12256,7.3825684,7.3825684
2026-12-29 03:00:00,571.65,634.87317,63.223145,63.223145
2026-12-29 04:00:00,599.73,636.77844,37.048462,37.048462
2026-12-29 05:00:00,634.78,647.82587,13.045837,13.045837
2026-12-29 06:00:00,675.93,673.5949,-2.335083,2.335083
2026-12-29 07:00:00,625.23,692.1984,66.968445,66.968445
2026-12-29 08:00:00,632.2,686.3142,54.114197,54.114197
2026-12-29 09:00:00,650.91003,652.83057,1.9205322,1.9205322
2026-12-29 10:00:00,581.7,598.69855,16.998535,16.998535
2026-12-29 11:00:00,552.43,551.73505,-0.6949463,0.6949463
2026-12-29 12:00:00,550.32,532.0857,-18.234314,18.234314
2026-12-29 13:00:00,564.45,529.1385,-35.311523,35.311523
2026-12-29 14:00:00,508.59003,542.4965,33.906494,33.906494
2026-12-29 15:00:00,544.62,573.779,29.158997,29.158997
2026-12-29 16:00:00,589.57,622.58856,33.018555,33.018555
2026-12-29 17:00:00,677.28,694.9238,17.643799,17.643799
2026-12-29 18:00:00,683.02,763.0844,80.06439,80.06439
2026-12-29 19:00:00,725.85,782.41833,56.56836,56.56836
2026-12-29 20:00:00,685.06,770.98334,85.92334,85.92334
2026-12-29 21:00:00,692.16003,740.5431,48.383057,48.383057
2026-12-29 22:00:00,665.58,701.3634,35.783386,35.783386
2026-12-29 23:00:00,619.24,656.00885,36.76886,36.76886
2026-12-30 00:00:00,589.76,621.35046,31.590454,31.590454
2026-12-30 01:00:00,593.73,626.2744,32.544434,32.544434
2026-12-30 02:00:00,601.68,630.3744,28.694397,28.694397
2026-12-30 03:00:00,631.9,633.4588,1.5587769,1.5587769
2026-12-30 04:00:00,617.45,637.16705,19.717041,19.717041
2026-12-30 05:00:00,658.33,647.4398,-10.890198,10.890198
2026-12-30 06:00:00,653.18,676.07355,22.893555,22.893555
2026-12-30 07:00:00,669.82,699.4037,29.58368,29.58368
2026-12-30 08:00:00,718.33,698.8704,-19.459595,19.459595
2026-12-30 09:00:00,634.52,663.449,28.928955,28.928955
2026-12-30 10:00:00,576.05,603.75684,27.706848,27.706848
2026-12-30 11:00:00,543.43,555.75946,12.329468,12.329468
2026-12-30 12:00:00,552.2,534.67456,-17.525452,17.525452
2026-12-30 13:00:00,539.35004,532.01196,-7.3380737,7.3380737
2026-12-30 14:00:00,541.76,546.6735,4.913513,4.913513
2026-12-30 15:00:00,561.63,582.29944,20.669434,20.669434
2026-12-30 16:00:00,619.11,627.83936,8.72937,8.72937
2026-12-30 17:00:00,686.51,702.18396,15.67395,15.67395
2026-12-30 18:00:00,721.27,768.92896,47.658936,47.658936
2026-12-30 19:00:00,721.21,791.3515,70.14148,70.14148
2026-12-30 20:00:00,697.88,778.3716,80.49158,80.49158
2026-12-30 21:00:00,698.82,744.60565,45.785645,45.785645
2026-12-30 22:00:00,617.54004,701.54224,84.0022,84.0022
2026-12-30 23:00:00,624.19,654.1665,29.976501,29.976501
2026-12-31 00:00:00,588.75,619.8725,31.122498,31.122498
2026-12-31 01:00:00,589.72003,626.5679,36.84784,36.84784
2026-12-31 02:00:00,623.97003,630.27484,6.3048096,6.3048096
2026-12-31 03:00:00,608.96,632.5787,23.618652,23.618652
2026-12-31 04:00:00,644.13,637.76337,-6.366638,6.366638
2026-12-31 05:00:00,624.63,656.73016,32.10016,32.10016
2026-12-31 06:00:00,673.69,685.32947,11.639465,11.639465
2026-12-31 07:00:00,635.65,704.36865,68.71863,68.71863
2026-12-31 08:00:00,685.18,695.7406,10.560608,10.560608
2026-12-31 09:00:00,609.36,657.9533,48.593323,48.593323
2026-12-31 10:00:00,585.97003,598.50195,12.531921,12.531921
2026-12-31 11:00:00,568.72003,552.71045,-16.009583,16.009583
2026-12-31 12:00:00,499.69,533.15704,33.46704,33.46704
2026-12-31 13:00:00,551.62,527.58167,-24.03833,24.03833
2026-12-31 14:00:00,537.09,539.51324,2.4232178,2.4232178
2026-12-31 15:00:00,542.85004,572.65704,29.807007,29.807007
2026-12-31 16:00:00,608.39,622.5528,14.162781,14.162781
2026-12-31 17:00:00,664.63,696.96155,32.331543,32.331543
2026-12-31 18:00:00,755.52,768.1671,12.647095,12.647095
2026-12-31 19:00:00,693.28,792.3595,99.07947,99.07947
2026-12-31 20:00:00,699.02,780.0547,81.03467,81.03467
2026-12-31 21:00:00,706.51,748.71893,42.208923,42.208923
2026-12-31 22:00:00,644.4,705.55,61.149963,61.149963
2026-12-31 23:00:00,635.14,654.4562,19.316162,19.316162
