timestamp_objetivo,y_real_mw,y_pred_mw,error_mw,error_absoluto_mw
2026-09-13 11:00:00,429.27002,460.9539,31.683868,31.683868
2026-09-13 12:00:00,413.5,443.66803,30.16803,30.16803
2026-09-13 13:00:00,424.42004,439.50037,15.080322,15.080322
2026-09-13 14:00:00,394.81003,457.17023,62.3602,62.3602
2026-09-13 15:00:00,494.02002,496.8922,2.8721924,2.8721924
2026-09-13 16:00:00,533.33,562.9416,29.611572,29.611572
2026-09-13 17:00:00,580.42,634.36475,53.944763,53.944763
2026-09-13 18:00:00,671.75,699.2599,27.509888,27.509888
2026-09-13 19:00:00,697.47003,724.74866,27.278625,27.278625
2026-09-13 20:00:00,652.57,716.2881,63.71808,63.71808
2026-09-13 21:00:00,646.13,672.27875,26.148743,26.148743
2026-09-13 22:00:00,602.34,622.94135,20.601318,20.601318
2026-09-13 23:00:00,535.95,596.9994,61.049377,61.049377
2026-09-14 00:00:00,686.8,660.0816,-26.718384,26.718384
2026-09-14 01:00:00,662.19,679.6285,17.438477,17.438477
2026-09-14 02:00:00,694.28,664.8803,-29.39972,29.39972
2026-09-14 03:00:00,643.43,667.7686,24.338623,24.338623
2026-09-14 04:00:00,664.42,679.162,14.742004,14.742004
2026-09-14 05:00:00,689.81,704.40656,14.596558,14.596558
2026-09-14 06:00:00,732.53,727.41785,-5.1121826,5.1121826
2026-09-14 07:00:00,693.17,735.23987,42.069885,42.069885
2026-09-14 08:00:00,693.76,717.10925,23.349243,23.349243
2026-09-14 09:00:00,642.53,668.86975,26.339722,26.339722
2026-09-14 10:00:00,626.0,606.9025,-19.097473,19.097473
2026-09-14 11:00:00,495.17,567.86475,72.69473,72.69473
2026-09-14 12:00:00,584.7,543.9035,-40.79651,40.79651
2026-09-14 13:00:00,499.31,543.4164,44.106384,44.106384
2026-09-14 14:00:00,526.56,565.4359,38.875916,38.875916
2026-09-14 15:00:00,644.75,608.4866,-36.263428,36.263428
2026-09-14 16:00:00,637.64,678.5414,40.901367,40.901367
2026-09-14 17:00:00,711.24,751.20935,39.96936,39.96936
2026-09-14 18:00:00,796.94,797.0555,0.115478516,0.115478516
2026-09-14 19:00:00,810.01,811.8944,1.8843994,1.8843994
2026-09-14 20:00:00,807.07,801.3829,-5.687134,5.687134
2026-09-14 21:00:00,763.23,774.4799,11.249939,11.249939
2026-09-14 22:00:00,687.19,742.0621,54.87207,54.87207
2026-09-14 23:00:00,689.83,710.1084,20.278381,20.278381
2026-09-15 00:00:00,706.38,681.3706,-25.0094,25.0094
2026-09-15 01:00:00,675.19,669.51373,-5.6762695,5.6762695
2026-09-15 02:00:00,650.37,659.0033,8.633301,8.633301
2026-09-15 03:00:00,653.42,663.97455,10.554565,10.554565
2026-09-15 04:00:00,666.66003,680.3976,13.737549,13.737549
2026-09-15 05:00:00,658.86,700.3721,41.512085,41.512085
2026-09-15 06:00:00,736.48,721.72125,-14.758728,14.758728
2026-09-15 07:00:00,702.85,731.1421,28.292114,28.292114
2026-09-15 08:00:00,682.96,713.189,30.229004,30.229004
2026-09-15 09:00:00,717.38,665.397,-51.983032,51.983032
2026-09-15 10:00:00,584.28,603.53546,19.255432,19.255432
2026-09-15 11:00:00,558.46,567.47284,9.012817,9.012817
2026-09-15 12:00:00,558.84,547.0688,-11.77124,11.77124
2026-09-15 13:00:00,551.35004,545.87006,-5.4799805,5.4799805
2026-09-15 14:00:00,534.17004,564.72235,30.552307,30.552307
2026-09-15 15:00:00,574.59,605.39795,30.807922,30.807922
2026-09-15 16:00:00,636.37,662.711,26.341003,26.341003
2026-09-15 17:00:00,677.81,745.39294,67.58295,67.58295
2026-09-15 18:00:00,755.53,802.202,46.671997,46.671997
2026-09-15 19:00:00,811.0,822.5305,11.530518,11.530518
2026-09-15 20:00:00,759.87,812.2405,52.370483,52.370483
2026-09-15 21:00:00,701.77,783.7133,81.9433,81.9433
2026-09-15 22:00:00,704.87,748.0882,43.2182,43.2182
2026-09-15 23:00:00,713.89,715.7529,1.862915,1.862915
2026-09-16 00:00:00,609.4,685.8488,76.44879,76.44879
2026-09-16 01:00:00,658.97003,668.24225,9.272217,9.272217
2026-09-16 02:00:00,665.98,657.16003,-8.819946,8.819946
2026-09-16 03:00:00,659.35004,660.616,1.2659912,1.2659912
2026-09-16 04:00:00,622.87,679.33966,56.469666,56.469666
2026-09-16 05:00:00,672.54,706.0007,33.460693,33.460693
2026-09-16 06:00:00,685.83,729.6294,43.799377,43.799377
2026-09-16 07:00:00,766.63,734.41406,-32.215942,32.215942
2026-09-16 08:00:00,684.32,716.7149,32.394897,32.394897
2026-09-16 09:00:00,651.24,669.46,18.220032,18.220032
2026-09-16 10:00:00,575.89,600.547,24.656982,24.656982
2026-09-16 11:00:00,570.98,563.74866,-7.2313232,7.2313232
2026-09-16 12:00:00,540.06,543.7707,3.7106934,3.7106934
2026-09-16 13:00:00,528.47003,543.922,15.451965,15.451965
2026-09-16 14:00:00,571.31,568.6688,-2.6411743,2.6411743
2026-09-16 15:00:00,579.45,612.7954,33.345398,33.345398
2026-09-16 16:00:00,615.53,684.54614,69.01611,69.01611
2026-09-16 17:00:00,688.91003,763.4652,74.555176,74.555176
2026-09-16 18:00:00,768.55,808.84906,40.299072,40.299072
2026-09-16 19:00:00,797.58,821.79504,24.215027,24.215027
2026-09-16 20:00:00,724.76,806.5069,81.74689,81.74689
2026-09-16 21:00:00,733.33,774.06287,40.73285,40.73285
2026-09-16 22:00:00,674.6,738.70496,64.10498,64.10498
2026-09-16 23:00:00,635.79004,705.837,70.046936,70.046936
2026-09-17 00:00:00,693.15,675.432,-17.718018,17.718018
2026-09-17 01:00:00,654.9,668.57904,13.679016,13.679016
2026-09-17 02:00:00,626.51,658.7265,32.21649,32.21649
2026-09-17 03:00:00,647.94,656.9774,9.037415,9.037415
2026-09-17 04:00:00,645.89,670.74524,24.855225,24.855225
2026-09-17 05:00:00,659.03,696.0619,37.03186,37.03186
2026-09-17 06:00:00,706.79004,723.02997,16.23993,16.23993
2026-09-17 07:00:00,724.83,732.1859,7.355896,7.355896
2026-09-17 08:00:00,703.35,716.3943,13.044312,13.044312
2026-09-17 09:00:00,629.03,668.10785,39.07782,39.07782
2026-09-17 10:00:00,573.23,605.3087,32.078735,32.078735
2026-09-17 11:00:00,520.92,566.089,45.169006,45.169006
2026-09-17 12:00:00,539.92004,545.24713,5.3270874,5.3270874
2026-09-17 13:00:00,555.76,545.00775,-10.752258,10.752258
2026-09-17 14:00:00,531.17004,568.509,37.33893,37.33893
2026-09-17 15:00:00,586.4,610.5446,24.144592,24.144592
2026-09-17 16:00:00,651.64,680.2848,28.644775,28.644775
2026-09-17 17:00:00,706.38,763.20605,56.82605,56.82605
2026-09-17 18:00:00,751.01,812.4794,61.46936,61.46936
2026-09-17 19:00:00,807.12,826.89685,19.776855,19.776855
2026-09-17 20:00:00,788.11,814.8507,26.740723,26.740723
2026-09-17 21:00:00,736.26,785.86127,49.601257,49.601257
2026-09-17 22:00:00,722.63,748.2651,25.63507,25.63507
2026-09-17 23:00:00,700.32,711.7018,11.381775,11.381775
2026-09-18 00:00:00,706.53,672.10614,-34.42389,34.42389
2026-09-18 01:00:00,656.60004,669.48846,12.888428,12.888428
2026-09-18 02:00:00,659.63,665.37006,5.7400513,5.7400513
2026-09-18 03:00:00,626.25,666.03345,39.783447,39.783447
2026-09-18 04:00:00,678.55,680.36993,1.8199463,1.8199463
2026-09-18 05:00:00,674.16003,703.8396,29.679565,29.679565
2026-09-18 06:00:00,706.15,726.58417,20.434143,20.434143
2026-09-18 07:00:00,663.23,734.19135,70.961365,70.961365
2026-09-18 08:00:00,651.91003,720.1442,68.23419,68.23419
2026-09-18 09:00:00,644.21,672.18665,27.976624,27.976624
2026-09-18 10:00:00,546.97003,604.3466,57.376587,57.376587
2026-09-18 11:00:00,560.98,564.41956,3.4395752,3.4395752
2026-09-18 12:00:00,548.62,544.23663,-4.383362,4.383362
2026-09-18 13:00:00,581.59,543.8353,-37.7547,37.7547
2026-09-18 14:00:00,532.77,568.70917,35.939148,35.939148
2026-09-18 15:00:00,600.92,610.4073,9.487305,9.487305
2026-09-18 16:00:00,702.64,685.40216,-17.237854,17.237854
2026-09-18 17:00:00,678.0,768.30286,90.30286,90.30286
2026-09-18 18:00:00,781.1,814.4745,33.37451,33.37451
2026-09-18 19:00:00,784.83997,828.6988,43.858826,43.858826
2026-09-18 20:00:00,751.98,816.6362,64.65625,64.65625
2026-09-18 21:00:00,702.35,787.4094,85.05945,85.05945
2026-09-18 22:00:00,699.32,750.03265,50.712646,50.712646
2026-09-18 23:00:00,694.17,705.17444,11.004456,11.004456
2026-09-19 00:00:00,547.13,592.32074,45.190735,45.190735
2026-09-19 01:00:00,528.76,570.94305,42.183044,42.183044
2026-09-19 02:00:00,564.46,572.7494,8.289368,8.289368
2026-09-19 03:00:00,557.11,577.05634,19.94635,19.94635
2026-09-19 04:00:00,618.64,582.11743,-36.522583,36.522583
2026-09-19 05:00:00,584.48,598.7747,14.294739,14.294739
2026-09-19 06:00:00,610.79004,620.394,9.603943,9.603943
2026-09-19 07:00:00,587.93,625.8706,37.940613,37.940613
2026-09-19 08:00:00,601.21,603.9644,2.7543945,2.7543945
2026-09-19 09:00:00,516.91003,559.96466,43.054626,43.054626
2026-09-19 10:00:00,478.33002,502.28314,23.953125,23.953125
2026-09-19 11:00:00,440.38,465.54114,25.161133,25.161133
2026-09-19 12:00:00,445.83002,449.06424,3.2342224,3.2342224
2026-09-19 13:00:00,427.53003,443.90848,16.378448,16.378448
2026-09-19 14:00:00,441.91003,461.0699,19.159851,19.159851
2026-09-19 15:00:00,499.92,499.65417,-0.26583862,0.26583862
2026-09-19 16:00:00,564.7,565.2874,0.58740234,0.58740234
2026-09-19 17:00:00,620.76,639.1517,18.391663,18.391663
2026-09-19 18:00:00,676.66003,706.7781,30.118042,30.118042
2026-09-19 19:00:00,684.12,739.6399,55.519897,55.519897
2026-09-19 20:00:00,677.02,732.1525,55.132507,55.132507
2026-09-19 21:00:00,646.84,693.7911,46.95105,46.95105
2026-09-19 22:00:00,613.44,642.30096,28.860962,28.860962
2026-09-19 23:00:00,565.11,604.7559,39.645935,39.645935
2026-09-20 00:00:00,550.80005,575.7003,24.900269,24.900269
2026-09-20 01:00:00,578.48,577.36633,-1.1136475,1.1136475
2026-09-20 02:00:00,564.12,572.1428,8.022827,8.022827
2026-09-20 03:00:00,559.26,567.6128,8.352783,8.352783
2026-09-20 04:00:00,548.60004,567.93335,19.333313,19.333313
2026-09-20 05:00:00,567.27,574.0192,6.7492065,6.7492065
2026-09-20 06:00:00,577.1,585.40234,8.302368,8.302368
2026-09-20 07:00:00,590.62,597.72,7.0999756,7.0999756
2026-09-20 08:00:00,585.07,588.0219,2.9519043,2.9519043
2026-09-20 09:00:00,538.36,554.87354,16.51355,16.51355
2026-09-20 10:00:00,443.95,499.01837,55.06836,55.06836
2026-09-20 11:00:00,478.78003,460.84113,-17.938904,17.938904
2026-09-20 12:00:00,407.89,444.4359,36.5459,36.5459
2026-09-20 13:00:00,377.52002,438.6697,61.14969,61.14969
2026-09-20 14:00:00,432.54004,454.46997,21.929932,21.929932
2026-09-20 15:00:00,449.7,493.40143,43.701416,43.701416
2026-09-20 16:00:00,497.29004,555.5936,58.30359,58.30359
2026-09-20 17:00:00,603.19,623.6715,20.481506,20.481506
2026-09-20 18:00:00,688.43,693.11816,4.6881714,4.6881714
2026-09-20 19:00:00,663.67,724.09753,60.42755,60.42755
2026-09-20 20:00:00,599.11,709.4961,110.38611,110.38611
2026-09-20 21:00:00,609.16003,654.40314,45.243103,45.243103
2026-09-20 22:00:00,600.60004,609.7268,9.12677,9.12677
2026-09-20 23:00:00,540.27,604.0455,63.77545,63.77545
2026-09-21 00:00:00,651.89,662.81085,10.920837,10.920837
2026-09-21 01:00:00,622.8,677.82697,55.026978,55.026978
2026-09-21 02:00:00,650.5,660.477,9.97699,9.97699
2026-09-21 03:00:00,647.55,660.31586,12.765869,12.765869
2026-09-21 04:00:00,656.66003,673.3371,16.677063,16.677063
2026-09-21 05:00:00,666.5,700.11945,33.619446,33.619446
2026-09-21 06:00:00,677.14,724.5929,47.45288,47.45288
2026-09-21 07:00:00,729.22003,731.1578,1.9377441,1.9377441
2026-09-21 08:00:00,674.63,712.5401,37.910095,37.910095
2026-09-21 09:00:00,686.13,668.27344,-17.856567,17.856567
2026-09-21 10:00:00,615.23,609.73016,-5.499817,5.499817
2026-09-21 11:00:00,587.78,569.7079,-18.072144,18.072144
2026-09-21 12:00:00,523.39,545.80035,22.41034,22.41034
2026-09-21 13:00:00,522.78,542.17523,19.395203,19.395203
2026-09-21 14:00:00,525.62,561.49115,35.871155,35.871155
2026-09-21 15:00:00,591.77,599.82086,8.050842,8.050842
2026-09-21 16:00:00,635.62,661.75134,26.131348,26.131348
2026-09-21 17:00:00,699.27,743.3893,44.119263,44.119263
2026-09-21 18:00:00,754.45,802.42004,47.97003,47.97003
2026-09-21 19:00:00,795.8,819.25226,23.45227,23.45227
2026-09-21 20:00:00,801.52,809.032,7.511963,7.511963
2026-09-21 21:00:00,733.35,778.9208,45.5708,45.5708
2026-09-21 22:00:00,693.1,744.4852,51.385254,51.385254
2026-09-21 23:00:00,638.19,712.8652,74.67517,74.67517
2026-09-22 00:00:00,643.73,680.5985,36.86853,36.86853
2026-09-22 01:00:00,666.83,663.5838,-3.2462158,3.2462158
2026-09-22 02:00:00,648.01,653.21423,5.2042236,5.2042236
2026-09-22 03:00:00,602.39,653.9309,51.540894,51.540894
2026-09-22 04:00:00,653.38,670.0267,16.646667,16.646667
2026-09-22 05:00:00,673.65,692.2912,18.641174,18.641174
2026-09-22 06:00:00,704.39,716.61017,12.220154,12.220154
2026-09-22 07:00:00,744.63,725.48035,-19.149658,19.149658
2026-09-22 08:00:00,720.69,712.14264,-8.547363,8.547363
2026-09-22 09:00:00,633.3,669.44336,36.14337,36.14337
2026-09-22 10:00:00,595.28,607.5394,12.259399,12.259399
2026-09-22 11:00:00,546.29004,567.1427,20.852661,20.852661
2026-09-22 12:00:00,548.23,545.76324,-2.4667358,2.4667358
2026-09-22 13:00:00,528.9,542.5613,13.661255,13.661255
2026-09-22 14:00:00,560.93,563.068,2.1380005,2.1380005
2026-09-22 15:00:00,572.68,607.5393,34.859314,34.859314
2026-09-22 16:00:00,599.63,677.8054,78.175415,78.175415
2026-09-22 17:00:00,683.39,755.5067,72.1167,72.1167
2026-09-22 18:00:00,758.99,804.4096,45.419617,45.419617
2026-09-22 19:00:00,808.04004,819.8711,11.831055,11.831055
2026-09-22 20:00:00,771.8,807.33655,35.53656,35.53656
2026-09-22 21:00:00,728.81,777.67206,48.86206,48.86206
2026-09-22 22:00:00,735.28,741.65784,6.3778076,6.3778076
2026-09-22 23:00:00,669.52,710.99866,41.478638,41.478638
2026-09-23 00:00:00,640.4,681.50726,41.10724,41.10724
2026-09-23 01:00:00,652.11,669.0127,16.90271,16.90271
2026-09-23 02:00:00,650.39,656.3953,6.00531,6.00531
2026-09-23 03:00:00,636.26,656.9915,20.731506,20.731506
2026-09-23 04:00:00,636.69,672.26447,35.574463,35.574463
2026-09-23 05:00:00,668.67,693.0029,24.332947,24.332947
2026-09-23 06:00:00,670.94,723.4105,52.47052,52.47052
2026-09-23 07:00:00,694.89,731.7052,36.815186,36.815186
2026-09-23 08:00:00,664.42,715.31323,50.89325,50.89325
2026-09-23 09:00:00,643.8,665.4152,21.615234,21.615234
2026-09-23 10:00:00,599.75,597.18353,-2.5664673,2.5664673
2026-09-23 11:00:00,550.69,561.6343,10.944275,10.944275
2026-09-23 12:00:00,524.97003,541.53906,16.56903,16.56903
2026-09-23 13:00:00,535.43,543.7752,8.345215,8.345215
2026-09-23 14:00:00,564.95,566.7595,1.8095093,1.8095093
2026-09-23 15:00:00,571.0,614.19476,43.194763,43.194763
2026-09-23 16:00:00,633.12,686.2628,53.142822,53.142822
2026-09-23 17:00:00,742.21,761.8697,19.659668,19.659668
2026-09-23 18:00:00,746.13,810.64044,64.51044,64.51044
2026-09-23 19:00:00,782.17004,824.74194,42.5719,42.5719
2026-09-23 20:00:00,751.41003,812.13696,60.72693,60.72693
2026-09-23 21:00:00,723.06,782.864,59.804016,59.804016
2026-09-23 22:00:00,686.65,747.7124,61.062378,61.062378
2026-09-23 23:00:00,673.14,713.3666,40.226562,40.226562
2026-09-24 00:00:00,666.96,682.8838,15.923767,15.923767
2026-09-24 01:00:00,647.67,671.3748,23.704834,23.704834
2026-09-24 02:00:00,673.65,661.93066,-11.71936,11.71936
2026-09-24 03:00:00,648.4,663.46454,15.064514,15.064514
2026-09-24 04:00:00,636.98,682.3461,45.36615,45.36615
2026-09-24 05:00:00,672.77,705.08704,32.317017,32.317017
2026-09-24 06:00:00,672.44,725.7609,53.320923,53.320923
2026-09-24 07:00:00,695.35,730.3787,35.028748,35.028748
2026-09-24 08:00:00,669.25,711.098,41.848022,41.848022
2026-09-24 09:00:00,684.51,662.59,-21.919983,21.919983
2026-09-24 10:00:00,610.88,598.2606,-12.619385,12.619385
2026-09-24 11:00:00,536.63,564.7095,28.079468,28.079468
2026-09-24 12:00:00,528.87,544.90204,16.032043,16.032043
2026-09-24 13:00:00,547.83,544.6778,-3.1522217,3.1522217
2026-09-24 14:00:00,552.97003,566.53424,13.564209,13.564209
2026-09-24 15:00:00,568.28,607.23737,38.957336,38.957336
2026-09-24 16:00:00,561.0,674.50916,113.509155,113.509155
2026-09-24 17:00:00,679.66003,752.34576,72.68573,72.68573
2026-09-24 18:00:00,745.39,804.3471,58.957092,58.957092
2026-09-24 19:00:00,798.89,823.35065,24.460632,24.460632
2026-09-24 20:00:00,793.06,811.98486,18.924866,18.924866
2026-09-24 21:00:00,716.1,783.60864,67.50867,67.50867
2026-09-24 22:00:00,713.41003,746.65186,33.24182,33.24182
2026-09-24 23:00:00,651.33,709.8972,58.5672,58.5672
2026-09-25 00:00:00,662.63,672.8468,10.216797,10.216797
2026-09-25 01:00:00,598.43,666.35065,67.920654,67.920654
2026-09-25 02:00:00,626.92,659.0272,32.10724,32.10724
2026-09-25 03:00:00,626.99,656.73615,29.746155,29.746155
2026-09-25 04:00:00,622.45,669.22894,46.77893,46.77893
2026-09-25 05:00:00,677.39,694.6242,17.234192,17.234192
2026-09-25 06:00:00,658.51,720.4954,61.985413,61.985413
2026-09-25 07:00:00,689.23,732.26373,43.033752,43.033752
2026-09-25 08:00:00,682.14,717.91547,35.77545,35.77545
2026-09-25 09:00:00,593.97003,670.2946,76.324585,76.324585
2026-09-25 10:00:00,563.59,599.9999,36.40985,36.40985
2026-09-25 11:00:00,566.32,562.2571,-4.0629272,4.0629272
2026-09-25 12:00:00,545.04004,542.7733,-2.2667236,2.2667236
2026-09-25 13:00:00,563.77,541.63745,-22.132568,22.132568
2026-09-25 14:00:00,573.11,563.81476,-9.295227,9.295227
2026-09-25 15:00:00,562.28,607.8488,45.568787,45.568787
2026-09-25 16:00:00,637.08,679.2704,42.19037,42.19037
2026-09-25 17:00:00,732.0,761.1217,29.121704,29.121704
2026-09-25 18:00:00,784.24,808.8962,24.656189,24.656189
2026-09-25 19:00:00,761.14,822.7719,61.631897,61.631897
2026-09-25 20:00:00,781.64,810.2118,28.571777,28.571777
2026-09-25 21:00:00,710.75,782.33295,71.58295,71.58295
2026-09-25 22:00:00,688.83,745.0355,56.205505,56.205505
2026-09-25 23:00:00,680.58,698.6197,18.039673,18.039673
2026-09-26 00:00:00,548.9,582.15234,33.25232,33.25232
2026-09-26 01:00:00,528.69,564.17,35.47998,35.47998
2026-09-26 02:00:00,503.18,570.1448,66.96478,66.96478
2026-09-26 03:00:00,533.53,570.3676,36.837585,36.837585
2026-09-26 04:00:00,546.98,575.6894,28.709412,28.709412
2026-09-26 05:00:00,513.86,589.92804,76.068054,76.068054
2026-09-26 06:00:00,572.06,603.83154,31.771545,31.771545
2026-09-26 07:00:00,581.44,619.2656,37.825623,37.825623
2026-09-26 08:00:00,566.85,603.93243,37.08246,37.08246
2026-09-26 09:00:00,513.29004,564.13153,50.84149,50.84149
2026-09-26 10:00:00,446.03003,508.17804,62.14801,62.14801
2026-09-26 11:00:00,416.18,466.79303,50.613037,50.613037
2026-09-26 12:00:00,414.76,445.2127,30.452698,30.452698
2026-09-26 13:00:00,405.47003,443.05237,37.582336,37.582336
2026-09-26 14:00:00,405.29,458.6836,53.393585,53.393585
2026-09-26 15:00:00,468.97003,497.50732,28.537292,28.537292
2026-09-26 16:00:00,523.78,559.1598,35.37976,35.37976
2026-09-26 17:00:00,585.3,623.1597,37.85974,37.85974
2026-09-26 18:00:00,663.34,689.63605,26.29602,26.29602
2026-09-26 19:00:00,689.37,722.254,32.884033,32.884033
2026-09-26 20:00:00,692.81,715.1038,22.293823,22.293823
2026-09-26 21:00:00,548.13,679.05505,130.92505,130.92505
2026-09-26 22:00:00,567.42004,628.45514,61.035095,61.035095
2026-09-26 23:00:00,591.08,589.8399,-1.2401123,1.2401123
2026-09-27 00:00:00,509.11002,573.90784,64.79782,64.79782
2026-09-27 01:00:00,567.55,574.7068,7.1567993,7.1567993
2026-09-27 02:00:00,537.61,567.52625,29.91626,29.91626
2026-09-27 03:00:00,543.85004,560.63306,16.78302,16.78302
2026-09-27 04:00:00,532.02,562.2404,30.220398,30.220398
2026-09-27 05:00:00,583.25,569.74365,-13.506348,13.506348
2026-09-27 06:00:00,595.32,582.5295,-12.790527,12.790527
2026-09-27 07:00:00,612.45,591.9872,-20.46283,20.46283
2026-09-27 08:00:00,537.88,588.04224,50.16223,50.16223
2026-09-27 09:00:00,517.60004,559.51416,41.914124,41.914124
2026-09-27 10:00:00,413.64,504.46255,90.82254,90.82254
2026-09-27 11:00:00,459.42,460.83575,1.415741,1.415741
2026-09-27 12:00:00,443.88,443.00534,-0.8746643,0.8746643
2026-09-27 13:00:00,410.76,435.0722,24.312195,24.312195
2026-09-27 14:00:00,441.32,451.66953,10.349518,10.349518
2026-09-27 15:00:00,443.56,489.45688,45.89688,45.89688
2026-09-27 16:00:00,532.81,548.65234,15.842346,15.842346
2026-09-27 17:00:00,574.64,613.1013,38.461304,38.461304
2026-09-27 18:00:00,625.23,673.29004,48.06006,48.06006
2026-09-27 19:00:00,653.18,701.8574,48.67743,48.67743
2026-09-27 20:00:00,660.57,683.5636,22.993591,22.993591
2026-09-27 21:00:00,625.38,645.1502,19.770203,19.770203
2026-09-27 22:00:00,564.17004,608.3517,44.18164,44.18164
2026-09-27 23:00:00,538.05005,595.66406,57.614014,57.614014
2026-09-28 00:00:00,606.0,658.79987,52.799866,52.799866
2026-09-28 01:00:00,626.34,675.38214,49.042114,49.042114
2026-09-28 02:00:00,657.74,658.065,0.3250122,0.3250122
2026-09-28 03:00:00,654.10004,656.4248,2.324768,2.324768
2026-09-28 04:00:00,675.65,666.70325,-8.946777,8.946777
2026-09-28 05:00:00,613.22003,691.0357,77.815674,77.815674
2026-09-28 06:00:00,708.43,712.2526,3.8226318,3.8226318
2026-09-28 07:00:00,663.13,723.25244,60.122437,60.122437
2026-09-28 08:00:00,684.47003,709.88965,25.419617,25.419617
2026-09-28 09:00:00,640.08,669.54095,29.460938,29.460938
2026-09-28 10:00:00,573.56,612.0165,38.456482,38.456482
2026-09-28 11:00:00,553.83,568.5313,14.701294,14.701294
2026-09-28 12:00:00,564.39,544.47656,-19.913452,19.913452
2026-09-28 13:00:00,530.48004,540.93713,10.457092,10.457092
2026-09-28 14:00:00,524.51,558.992,34.481995,34.481995
2026-09-28 15:00:00,567.81,600.3882,32.578186,32.578186
2026-09-28 16:00:00,607.5,661.40485,53.904846,53.904846
2026-09-28 17:00:00,684.31,740.77686,56.466858,56.466858
2026-09-28 18:00:00,747.42,798.6327,51.212708,51.212708
2026-09-28 19:00:00,786.32,816.5507,30.230713,30.230713
2026-09-28 20:00:00,727.23,806.3716,79.1416,79.1416
2026-09-28 21:00:00,737.44,778.5185,41.07849,41.07849
2026-09-28 22:00:00,695.38,744.7679,49.38788,49.38788
2026-09-28 23:00:00,689.49,711.40295,21.912964,21.912964
2026-09-29 00:00:00,634.61,680.254,45.644043,45.644043
2026-09-29 01:00:00,658.52,663.0428,4.522766,4.522766
2026-09-29 02:00:00,618.73,652.806,34.07605,34.07605
2026-09-29 03:00:00,624.38,652.1606,27.780579,27.780579
2026-09-29 04:00:00,657.15,666.6832,9.533203,9.533203
2026-09-29 05:00:00,650.67,688.3003,37.63031,37.63031
2026-09-29 06:00:00,704.65,713.03613,8.386108,8.386108
2026-09-29 07:00:00,658.27,725.90234,67.632324,67.632324
2026-09-29 08:00:00,682.13,714.89856,32.768555,32.768555
2026-09-29 09:00:00,655.63,669.2984,13.668396,13.668396
2026-09-29 10:00:00,596.39,603.6231,7.2330933,7.2330933
2026-09-29 11:00:00,579.91003,564.57513,-15.3349,15.3349
2026-09-29 12:00:00,544.52,542.4443,-2.0757446,2.0757446
2026-09-29 13:00:00,510.78003,541.9243,31.144287,31.144287
2026-09-29 14:00:00,528.35004,562.42896,34.07892,34.07892
2026-09-29 15:00:00,593.63,606.3259,12.695923,12.695923
2026-09-29 16:00:00,637.15,674.8985,37.748474,37.748474
2026-09-29 17:00:00,685.89,752.6122,66.72217,66.72217
2026-09-29 18:00:00,759.85,799.7795,39.929504,39.929504
2026-09-29 19:00:00,748.26,813.03326,64.773254,64.773254
2026-09-29 20:00:00,750.25,798.71204,48.462036,48.462036
2026-09-29 21:00:00,752.91003,764.1278,11.217773,11.217773
2026-09-29 22:00:00,689.79004,722.5936,32.80359,32.80359
2026-09-29 23:00:00,653.09,688.38947,35.29944,35.29944
2026-09-30 00:00:00,640.01,658.43036,18.42035,18.42035
2026-09-30 01:00:00,633.97003,648.97473,15.0047,15.0047
2026-09-30 02:00:00,638.37,644.6186,6.248596,6.248596
2026-09-30 03:00:00,658.28,647.70105,-10.5789795,10.5789795
2026-09-30 04:00:00,651.48,664.71136,13.231384,13.231384
2026-09-30 05:00:00,612.91003,694.4385,81.52844,81.52844
2026-09-30 06:00:00,728.05,722.4252,-5.624817,5.624817
2026-09-30 07:00:00,698.44,731.708,33.268005,33.268005
2026-09-30 08:00:00,669.8,715.1791,45.37909,45.37909
2026-09-30 09:00:00,656.64,668.14325,11.503235,11.503235
2026-09-30 10:00:00,636.93,600.9705,-35.959473,35.959473
2026-09-30 11:00:00,560.86,562.3425,1.482544,1.482544
2026-09-30 12:00:00,521.25,542.2886,21.038574,21.038574
2026-09-30 13:00:00,521.35004,541.20105,19.851013,19.851013
2026-09-30 14:00:00,555.2,563.10736,7.9073486,7.9073486
2026-09-30 15:00:00,554.64,607.90735,53.267334,53.267334
2026-09-30 16:00:00,632.24,678.81464,46.574646,46.574646
2026-09-30 17:00:00,667.14,756.3466,89.206604,89.206604
2026-09-30 18:00:00,797.95,799.8603,1.9102783,1.9102783
2026-09-30 19:00:00,742.83,813.1672,70.33716,70.33716
2026-09-30 20:00:00,753.71,792.4293,38.7193,38.7193
2026-09-30 21:00:00,740.66003,756.5923,15.932251,15.932251
2026-09-30 22:00:00,693.97003,720.5308,26.560791,26.560791
2026-09-30 23:00:00,666.35,691.2809,24.930908,24.930908
2026-10-01 00:00:00,632.05,663.2938,31.243835,31.243835
2026-10-01 01:00:00,654.15,654.1819,0.03186035,0.03186035
2026-10-01 02:00:00,620.62,647.3655,26.745483,26.745483
2026-10-01 03:00:00,636.16003,648.7836,12.623596,12.623596
2026-10-01 04:00:00,668.12,660.631,-7.4890137,7.4890137
2026-10-01 05:00:00,655.96,688.55817,32.598145,32.598145
2026-10-01 06:00:00,715.24,717.78033,2.5403442,2.5403442
2026-10-01 07:00:00,687.15,730.0775,42.92749,42.92749
2026-10-01 08:00:00,710.17,716.95874,6.7887573,6.7887573
2026-10-01 09:00:00,686.37,669.2027,-17.167297,17.167297
2026-10-01 10:00:00,591.98,606.52216,14.542175,14.542175
2026-10-01 11:00:00,580.07,567.1736,-12.896423,12.896423
2026-10-01 12:00:00,553.71,545.80457,-7.9054565,7.9054565
2026-10-01 13:00:00,512.53,546.4527,33.92267,33.92267
2026-10-01 14:00:00,585.21,567.76447,-17.445557,17.445557
2026-10-01 15:00:00,554.02,612.8392,58.819153,58.819153
2026-10-01 16:00:00,622.91003,684.6171,61.707092,61.707092
2026-10-01 17:00:00,698.95,760.7815,61.831482,61.831482
2026-10-01 18:00:00,770.03,805.5565,35.52649,35.52649
2026-10-01 19:00:00,767.95,818.40076,50.450745,50.450745
2026-10-01 20:00:00,751.29004,803.79016,52.500122,52.500122
2026-10-01 21:00:00,727.36,772.3581,44.998108,44.998108
2026-10-01 22:00:00,730.34,735.12946,4.7894287,4.7894287
2026-10-01 23:00:00,677.08,699.391,22.310974,22.310974
2026-10-02 00:00:00,678.99,659.0685,-19.921509,19.921509
2026-10-02 01:00:00,629.73,653.7946,24.064636,24.064636
2026-10-02 02:00:00,670.24,649.2155,-21.024475,21.024475
2026-10-02 03:00:00,632.13,648.1997,16.069702,16.069702
2026-10-02 04:00:00,611.69,659.15875,47.46875,47.46875
2026-10-02 05:00:00,654.52,681.3101,26.7901,26.7901
2026-10-02 06:00:00,679.63,709.3466,29.716614,29.716614
2026-10-02 07:00:00,655.65,725.82544,70.175415,70.175415
2026-10-02 08:00:00,731.71,715.33044,-16.379578,16.379578
2026-10-02 09:00:00,596.96,676.3482,79.38818,79.38818
2026-10-02 10:00:00,603.88,602.5406,-1.3394165,1.3394165
2026-10-02 11:00:00,540.05,562.82166,22.771667,22.771667
2026-10-02 12:00:00,552.87,541.86334,-11.006653,11.006653
2026-10-02 13:00:00,522.13,538.5253,16.395325,16.395325
2026-10-02 14:00:00,569.55,558.7247,-10.825317,10.825317
2026-10-02 15:00:00,596.98,604.3639,7.383911,7.383911
2026-10-02 16:00:00,623.0,677.09283,54.092834,54.092834
2026-10-02 17:00:00,703.29004,756.0236,52.73358,52.73358
2026-10-02 18:00:00,747.87,802.1892,54.319214,54.319214
2026-10-02 19:00:00,709.72003,814.58844,104.86841,104.86841
2026-10-02 20:00:00,736.33,801.8694,65.53937,65.53937
2026-10-02 21:00:00,760.93,771.35645,10.426453,10.426453
2026-10-02 22:00:00,703.4,731.5994,28.199402,28.199402
2026-10-02 23:00:00,651.29004,684.61694,33.326904,33.326904
2026-10-03 00:00:00,535.09,566.71655,31.626526,31.626526
2026-10-03 01:00:00,543.71,547.5442,3.8341675,3.8341675
2026-10-03 02:00:00,543.93,556.8822,12.952209,12.952209
2026-10-03 03:00:00,577.23,561.72644,-15.50354,15.50354
2026-10-03 04:00:00,551.78,570.05817,18.278137,18.278137
2026-10-03 05:00:00,578.44,585.92914,7.4891357,7.4891357
2026-10-03 06:00:00,597.59,605.05133,7.4613037,7.4613037
2026-10-03 07:00:00,570.84,621.88446,51.044434,51.044434
2026-10-03 08:00:00,585.55,604.1993,18.649292,18.649292
2026-10-03 09:00:00,530.38,562.99817,32.618164,32.618164
2026-10-03 10:00:00,470.38,511.40268,41.022675,41.022675
2026-10-03 11:00:00,472.78003,472.1715,-0.6085205,0.6085205
2026-10-03 12:00:00,454.91003,453.1964,-1.713623,1.713623
2026-10-03 13:00:00,412.44,445.92108,33.48108,33.48108
2026-10-03 14:00:00,479.30002,459.17908,-20.120941,20.120941
2026-10-03 15:00:00,493.76,497.82855,4.0685425,4.0685425
2026-10-03 16:00:00,551.98,558.3146,6.3345947,6.3345947
2026-10-03 17:00:00,592.38,627.3156,34.935608,34.935608
2026-10-03 18:00:00,603.56,694.24554,90.68555,90.68555
2026-10-03 19:00:00,634.04004,722.1232,88.08319,88.08319
2026-10-03 20:00:00,650.16003,711.05664,60.896606,60.896606
2026-10-03 21:00:00,588.07,671.5241,83.4541,83.4541
2026-10-03 22:00:00,576.55,624.0977,47.54773,47.54773
2026-10-03 23:00:00,560.92004,585.14325,24.223206,24.223206
2026-10-04 00:00:00,512.17004,559.2956,47.12555,47.12555
2026-10-04 01:00:00,543.54004,560.438,16.89795,16.89795
2026-10-04 02:00:00,539.08,560.1362,21.056213,21.056213
2026-10-04 03:00:00,506.86002,558.09894,51.238922,51.238922
2026-10-04 04:00:00,541.58,560.97437,19.394348,19.394348
2026-10-04 05:00:00,590.95,567.444,-23.506042,23.506042
2026-10-04 06:00:00,580.13,583.4714,3.3413696,3.3413696
2026-10-04 07:00:00,543.46,589.1893,45.729248,45.729248
2026-10-04 08:00:00,538.96,578.4703,39.510254,39.510254
2026-10-04 09:00:00,550.04004,548.28925,-1.7507935,1.7507935
2026-10-04 10:00:00,447.58002,501.0152,53.43518,53.43518
2026-10-04 11:00:00,476.07,459.8377,-16.2323,16.2323
2026-10-04 12:00:00,406.13,443.94205,37.812042,37.812042
2026-10-04 13:00:00,412.52002,437.86865,25.348633,25.348633
2026-10-04 14:00:00,439.55002,453.86697,14.316956,14.316956
2026-10-04 15:00:00,475.76,492.17297,16.412964,16.412964
2026-10-04 16:00:00,539.64,561.12714,21.487122,21.487122
2026-10-04 17:00:00,587.59,625.6052,38.015198,38.015198
2026-10-04 18:00:00,664.76,682.3802,17.620178,17.620178
2026-10-04 19:00:00,665.87,704.5364,38.66638,38.66638
2026-10-04 20:00:00,623.86,687.3513,63.491333,63.491333
2026-10-04 21:00:00,603.53,643.1211,39.591064,39.591064
2026-10-04 22:00:00,579.79004,592.93,13.139954,13.139954
2026-10-04 23:00:00,525.14,595.7915,70.65149,70.65149
2026-10-05 00:00:00,616.78,659.27893,42.4989,42.4989
2026-10-05 01:00:00,670.52,665.60284,-4.9171753,4.9171753
2026-10-05 02:00:00,618.39,621.63403,3.2440186,3.2440186
2026-10-05 03:00:00,632.45,625.8738,-6.576233,6.576233
2026-10-05 04:00:00,643.57,633.67126,-9.898743,9.898743
2026-10-05 05:00:00,675.61,656.24866,-19.361328,19.361328
2026-10-05 06:00:00,696.39,689.8647,-6.5253296,6.5253296
2026-10-05 07:00:00,663.53,708.9095,45.379456,45.379456
2026-10-05 08:00:00,696.04,702.192,6.1520386,6.1520386
2026-10-05 09:00:00,635.81,671.3523,35.542297,35.542297
2026-10-05 10:00:00,579.08,615.0435,35.9635,35.9635
2026-10-05 11:00:00,607.46,573.642,-33.817993,33.817993
2026-10-05 12:00:00,528.4,547.4275,19.027466,19.027466
2026-10-05 13:00:00,541.9,541.3594,-0.5406494,0.5406494
2026-10-05 14:00:00,532.29004,558.79346,26.503418,26.503418
2026-10-05 15:00:00,590.7,598.57684,7.876831,7.876831
2026-10-05 16:00:00,592.15,666.5867,74.436646,74.436646
2026-10-05 17:00:00,683.74,740.8736,57.133606,57.133606
2026-10-05 18:00:00,728.5,793.76025,65.260254,65.260254
2026-10-05 19:00:00,759.98,808.7842,48.8042,48.8042
2026-10-05 20:00:00,741.18,798.136,56.955994,56.955994
2026-10-05 21:00:00,737.93,769.08044,31.150452,31.150452
2026-10-05 22:00:00,672.93,734.2734,61.343384,61.343384
2026-10-05 23:00:00,649.84,697.7942,47.954163,47.954163
2026-10-06 00:00:00,639.01,664.5731,25.56311,25.56311
2026-10-06 01:00:00,666.02,651.6779,-14.342102,14.342102
2026-10-06 02:00:00,680.03,647.562,-32.468018,32.468018
2026-10-06 03:00:00,622.67,649.8809,27.210938,27.210938
2026-10-06 04:00:00,632.38,664.14716,31.76715,31.76715
2026-10-06 05:00:00,667.56,687.4904,19.93042,19.93042
2026-10-06 06:00:00,698.33,712.2366,13.906555,13.906555
2026-10-06 07:00:00,726.55,722.3217,-4.2282715,4.2282715
2026-10-06 08:00:00,694.5,715.39197,20.891968,20.891968
2026-10-06 09:00:00,660.79,681.54846,20.758484,20.758484
2026-10-06 10:00:00,609.56,618.1552,8.595215,8.595215
2026-10-06 11:00:00,545.61,569.5084,23.898438,23.898438
2026-10-06 12:00:00,543.15,544.271,1.1209717,1.1209717
2026-10-06 13:00:00,519.51,539.8165,20.306519,20.306519
2026-10-06 14:00:00,132.90002,558.5398,425.63977,425.63977
2026-10-06 15:00:00,616.68,585.8057,-30.874268,30.874268
2026-10-06 16:00:00,1181.62,643.81885,-537.80115,537.80115
2026-10-06 17:00:00,707.77,741.77075,34.000732,34.000732
2026-10-06 18:00:00,728.92,796.10706,67.18707,67.18707
2026-10-06 19:00:00,749.74,813.61395,63.873962,63.873962
2026-10-06 20:00:00,770.92,802.7635,31.843506,31.843506
2026-10-06 21:00:00,701.31,768.4396,67.12958,67.12958
2026-10-06 22:00:00,730.69,730.92145,0.23144531,0.23144531
2026-10-06 23:00:00,661.71,700.00836,38.29834,38.29834
2026-10-07 00:00:00,680.31,668.12537,-12.184631,12.184631
2026-10-07 01:00:00,597.86,656.0081,58.148132,58.148132
2026-10-07 02:00:00,629.73,645.328,15.598022,15.598022
2026-10-07 03:00:00,676.18,645.60815,-30.571838,30.571838
2026-10-07 04:00:00,644.14,662.28217,18.14215,18.14215
2026-10-07 05:00:00,661.2,684.9087,23.70868,23.70868
2026-10-07 06:00:00,689.03,710.79224,21.762207,21.762207
2026-10-07 07:00:00,666.55,721.33704,54.78705,54.78705
2026-10-07 08:00:00,667.76,707.6769,39.91687,39.91687
2026-10-07 09:00:00,662.13,663.64105,1.5110474,1.5110474
2026-10-07 10:00:00,537.18,601.58606,64.40607,64.40607
2026-10-07 11:00:00,562.64,563.2151,0.57507324,0.57507324
2026-10-07 12:00:00,549.71,541.5505,-8.159546,8.159546
2026-10-07 13:00:00,515.67004,541.1583,25.488281,25.488281
2026-10-07 14:00:00,570.31,561.1687,-9.141296,9.141296
2026-10-07 15:00:00,585.03,608.0576,23.027588,23.027588
2026-10-07 16:00:00,638.41003,681.2418,42.831787,42.831787
2026-10-07 17:00:00,691.72003,757.9956,66.27557,66.27557
2026-10-07 18:00:00,737.06,802.2283,65.168274,65.168274
2026-10-07 19:00:00,760.19,813.7502,53.56018,53.56018
2026-10-07 20:00:00,741.53,798.85315,57.32312,57.32312
2026-10-07 21:00:00,734.37,765.7549,31.384888,31.384888
2026-10-07 22:00:00,716.74,729.47864,12.738647,12.738647
2026-10-07 23:00:00,669.05,694.71387,25.66388,25.66388
2026-10-08 00:00:00,619.33,659.3516,40.021606,40.021606
2026-10-08 01:00:00,582.97003,647.7074,64.737366,64.737366
2026-10-08 02:00:00,642.34,641.29425,-1.0457764,1.0457764
2026-10-08 03:00:00,654.63,642.4292,-12.200806,12.200806
2026-10-08 04:00:00,624.0,662.1061,38.10608,38.10608
2026-10-08 05:00:00,662.64,688.61505,25.975037,25.975037
2026-10-08 06:00:00,659.0,714.3389,55.33893,55.33893
2026-10-08 07:00:00,705.35,726.65674,21.306763,21.306763
2026-10-08 08:00:00,637.99,713.5639,75.57391,75.57391
2026-10-08 09:00:00,646.88,666.9384,20.05841,20.05841
2026-10-08 10:00:00,582.79004,599.3807,16.590637,16.590637
2026-10-08 11:00:00,557.51,562.6835,5.173462,5.173462
2026-10-08 12:00:00,545.82,542.6498,-3.170227,3.170227
2026-10-08 13:00:00,563.22003,543.75775,-19.46228,19.46228
2026-10-08 14:00:00,574.29004,567.235,-7.0550537,7.0550537
2026-10-08 15:00:00,566.79004,609.7018,42.911743,42.911743
2026-10-08 16:00:00,674.15,683.11676,8.966736,8.966736
2026-10-08 17:00:00,688.39,759.27844,70.88843,70.88843
2026-10-08 18:00:00,708.26,800.0989,91.83887,91.83887
2026-10-08 19:00:00,748.09,812.6041,64.5141,64.5141
2026-10-08 20:00:00,720.64,797.5294,76.889404,76.889404
2026-10-08 21:00:00,693.72003,765.36884,71.6488,71.6488
2026-10-08 22:00:00,676.97003,727.93115,50.96112,50.96112
2026-10-08 23:00:00,641.96,689.1843,47.224304,47.224304
2026-10-09 00:00:00,637.45,643.1665,5.7164917,5.7164917
2026-10-09 01:00:00,623.10004,641.1083,18.00824,18.00824
2026-10-09 02:00:00,677.44,643.2247,-34.215332,34.215332
2026-10-09 03:00:00,639.11,644.8951,5.785095,5.785095
2026-10-09 04:00:00,608.85004,660.5963,51.746277,51.746277
2026-10-09 05:00:00,675.91003,685.1552,9.245178,9.245178
2026-10-09 06:00:00,694.26,711.7706,17.51062,17.51062
2026-10-09 07:00:00,661.29,724.0896,62.79962,62.79962
2026-10-09 08:00:00,667.65,712.6544,45.004395,45.004395
2026-10-09 09:00:00,619.18,673.6564,54.47638,54.47638
2026-10-09 10:00:00,596.38,607.7854,11.4053955,11.4053955
2026-10-09 11:00:00,526.08,567.3932,41.31317,41.31317
2026-10-09 12:00:00,551.26,543.8512,-7.4088135,7.4088135
2026-10-09 13:00:00,541.63,539.64246,-1.9875488,1.9875488
2026-10-09 14:00:00,573.60004,556.1656,-17.434448,17.434448
2026-10-09 15:00:00,554.04004,598.90955,44.869507,44.869507
2026-10-09 16:00:00,630.55,663.02167,32.47168,32.47168
2026-10-09 17:00:00,699.27,746.3664,47.096375,47.096375
2026-10-09 18:00:00,749.85,798.50757,48.657593,48.657593
2026-10-09 19:00:00,777.52,814.15015,36.630127,36.630127
2026-10-09 20:00:00,758.77,801.01794,42.247925,42.247925
2026-10-09 21:00:00,716.81,771.6314,54.82141,54.82141
2026-10-09 22:00:00,711.71,733.6578,21.947754,21.947754
2026-10-09 23:00:00,682.89,689.5754,6.685364,6.685364
2026-10-10 00:00:00,549.32,582.5024,33.182373,33.182373
2026-10-10 01:00:00,512.84,554.7017,41.861694,41.861694
2026-10-10 02:00:00,483.66003,557.66986,74.00983,74.00983
2026-10-10 03:00:00,519.85004,563.43567,43.585632,43.585632
2026-10-10 04:00:00,523.47003,566.6604,43.19037,43.19037
2026-10-10 05:00:00,592.73,578.62976,-14.10022,14.10022
2026-10-10 06:00:00,530.54004,600.3467,69.80664,69.80664
2026-10-10 07:00:00,634.49,614.98413,-19.50586,19.50586
2026-10-10 08:00:00,580.49,603.1928,22.70282,22.70282
2026-10-10 09:00:00,563.15,563.0345,-0.11553955,0.11553955
2026-10-10 10:00:00,535.41003,513.25415,-22.155884,22.155884
2026-10-10 11:00:00,453.56,473.47852,19.918518,19.918518
2026-10-10 12:00:00,431.18002,449.58447,18.40445,18.40445
2026-10-10 13:00:00,424.73,442.7173,17.987274,17.987274
2026-10-10 14:00:00,443.43002,455.9227,12.492676,12.492676
2026-10-10 15:00:00,461.22003,492.40057,31.180542,31.180542
2026-10-10 16:00:00,523.07,554.1471,31.077087,31.077087
2026-10-10 17:00:00,579.41003,619.7918,40.381775,40.381775
2026-10-10 18:00:00,624.52,683.5327,59.012695,59.012695
2026-10-10 19:00:00,667.0,708.3714,41.3714,41.3714
2026-10-10 20:00:00,614.03,698.1916,84.16156,84.16156
2026-10-10 21:00:00,606.37,653.3813,47.01129,47.01129
2026-10-10 22:00:00,584.94,612.227,27.286987,27.286987
2026-10-10 23:00:00,503.54004,573.0287,69.48865,69.48865
2026-10-11 00:00:00,476.41003,568.7684,92.35834,92.35834
2026-10-11 01:00:00,531.27,566.24023,34.970215,34.970215
2026-10-11 02:00:00,486.89,560.3797,73.489685,73.489685
2026-10-11 03:00:00,527.75,554.25507,26.505066,26.505066
2026-10-11 04:00:00,523.05,555.9569,32.90692,32.90692
2026-10-11 05:00:00,561.35004,562.49646,1.1464233,1.1464233
2026-10-11 06:00:00,586.4,574.06683,-12.333191,12.333191
2026-10-11 07:00:00,550.59,589.09424,38.50421,38.50421
2026-10-11 08:00:00,594.24,581.6859,-12.554077,12.554077
2026-10-11 09:00:00,551.84,557.9816,6.1416016,6.1416016
2026-10-11 10:00:00,491.11002,513.7418,22.631805,22.631805
2026-10-11 11:00:00,485.57,469.28827,-16.281738,16.281738
2026-10-11 12:00:00,435.18002,447.326,12.145966,12.145966
2026-10-11 13:00:00,417.17,439.20917,22.039154,22.039154
2026-10-11 14:00:00,450.76,450.64603,-0.113983154,0.113983154
2026-10-11 15:00:00,483.55002,490.09555,6.545532,6.545532
2026-10-11 16:00:00,524.29004,552.8378,28.54779,28.54779
2026-10-11 17:00:00,599.83,618.76025,18.930237,18.930237
2026-10-11 18:00:00,642.42,671.17566,28.755676,28.755676
2026-10-11 19:00:00,597.26,689.5192,92.25922,92.25922
2026-10-11 20:00:00,668.82,669.02966,0.20965576,0.20965576
2026-10-11 21:00:00,610.47003,632.3908,21.920776,21.920776
2026-10-11 22:00:00,592.67,589.6729,-2.9970703,2.9970703
2026-10-11 23:00:00,548.12,603.87256,55.752563,55.752563
2026-10-12 00:00:00,597.55,659.4513,61.901306,61.901306
2026-10-12 01:00:00,590.54004,666.2215,75.68146,75.68146
2026-10-12 02:00:00,612.77,645.9709,33.200867,33.200867
2026-10-12 03:00:00,636.07,643.1106,7.0405884,7.0405884
2026-10-12 04:00:00,620.83,654.84924,34.019226,34.019226
2026-10-12 05:00:00,681.8,675.73694,-6.0630493,6.0630493
2026-10-12 06:00:00,675.39,703.545,28.154968,28.154968
2026-10-12 07:00:00,720.85,720.3833,-0.4666748,0.4666748
2026-10-12 08:00:00,683.37,713.02783,29.657837,29.657837
2026-10-12 09:00:00,649.0,676.04047,27.040466,27.040466
2026-10-12 10:00:00,574.97003,619.14526,44.175232,44.175232
2026-10-12 11:00:00,537.36,571.3015,33.94153,33.94153
2026-10-12 12:00:00,510.01,543.90234,33.892334,33.892334
2026-10-12 13:00:00,510.19,539.6309,29.440918,29.440918
2026-10-12 14:00:00,536.2,559.09515,22.895142,22.895142
2026-10-12 15:00:00,606.52,601.549,-4.9710083,4.9710083
2026-10-12 16:00:00,675.05,668.7509,-6.2990723,6.2990723
2026-10-12 17:00:00,656.21,746.8075,90.59747,90.59747
2026-10-12 18:00:00,740.83,786.96387,46.13385,46.13385
2026-10-12 19:00:00,754.17,804.7509,50.580933,50.580933
2026-10-12 20:00:00,739.87,791.50525,51.635254,51.635254
2026-10-12 21:00:00,692.88,759.55835,66.678345,66.678345
2026-10-12 22:00:00,699.67,723.43036,23.760376,23.760376
2026-10-12 23:00:00,658.08,688.31854,30.238525,30.238525
2026-10-13 00:00:00,643.52,655.3123,11.792297,11.792297
2026-10-13 01:00:00,628.97003,642.2463,13.276245,13.276245
2026-10-13 02:00:00,584.51,636.7399,52.22992,52.22992
2026-10-13 03:00:00,617.42,642.77527,25.355286,25.355286
2026-10-13 04:00:00,655.14,658.63727,3.4972534,3.4972534
2026-10-13 05:00:00,663.14,683.684,20.544006,20.544006
2026-10-13 06:00:00,688.84,711.17676,22.336731,22.336731
2026-10-13 07:00:00,712.94,720.30316,7.363159,7.363159
2026-10-13 08:00:00,660.25,705.0374,44.787415,44.787415
2026-10-13 09:00:00,654.31,667.01025,12.700256,12.700256
2026-10-13 10:00:00,656.61,600.91376,-55.696228,55.696228
2026-10-13 11:00:00,584.54004,564.1767,-20.363342,20.363342
2026-10-13 12:00:00,554.96,541.48926,-13.470764,13.470764
2026-10-13 13:00:00,551.81,539.97705,-11.832947,11.832947
2026-10-13 14:00:00,572.71,561.85547,-10.854553,10.854553
2026-10-13 15:00:00,588.52,604.69116,16.171143,16.171143
2026-10-13 16:00:00,634.23,675.33026,41.10028,41.10028
2026-10-13 17:00:00,716.49,749.88324,33.39325,33.39325
2026-10-13 18:00:00,685.03,795.56396,110.533936,110.533936
2026-10-13 19:00:00,714.58,805.23676,90.65674,90.65674
2026-10-13 20:00:00,711.31,789.17413,77.864136,77.864136
2026-10-13 21:00:00,700.85,756.1963,55.346313,55.346313
2026-10-13 22:00:00,688.91003,717.0606,28.150574,28.150574
2026-10-13 23:00:00,686.55,681.5161,-5.0338745,5.0338745
2026-10-14 00:00:00,605.95,650.65295,44.70294,44.70294
2026-10-14 01:00:00,664.06,638.00574,-26.05426,26.05426
2026-10-14 02:00:00,616.41003,636.27527,19.865234,19.865234
2026-10-14 03:00:00,648.19,639.97327,-8.216736,8.216736
2026-10-14 04:00:00,636.22003,654.71594,18.49591,18.49591
2026-10-14 05:00:00,628.64,681.1194,52.47937,52.47937
2026-10-14 06:00:00,709.96,708.2501,-1.7098999,1.7098999
2026-10-14 07:00:00,673.31,723.27576,49.96576,49.96576
2026-10-14 08:00:00,637.69,710.34326,72.65326,72.65326
2026-10-14 09:00:00,649.48,665.7334,16.253418,16.253418
2026-10-14 10:00:00,619.19,600.54156,-18.648438,18.648438
2026-10-14 11:00:00,596.7,565.35455,-31.345459,31.345459
2026-10-14 12:00:00,559.61,547.43195,-12.17804,12.17804
2026-10-14 13:00:00,551.01,544.2367,-6.7733154,6.7733154
2026-10-14 14:00:00,526.58,564.30066,37.720642,37.720642
2026-10-14 15:00:00,536.12,606.2632,70.14319,70.14319
2026-10-14 16:00:00,591.46,675.83136,84.37134,84.37134
2026-10-14 17:00:00,707.2,747.24066,40.04065,40.04065
2026-10-14 18:00:00,747.53,789.8006,42.27057,42.27057
2026-10-14 19:00:00,750.47,806.4253,55.955322,55.955322
2026-10-14 20:00:00,763.18,795.21295,32.03296,32.03296
2026-10-14 21:00:00,728.96,766.1201,37.160095,37.160095
2026-10-14 22:00:00,679.83,728.6288,48.798767,48.798767
2026-10-14 23:00:00,669.92,691.275,21.355042,21.355042
2026-10-15 00:00:00,601.44,655.0982,53.658203,53.658203
2026-10-15 01:00:00,687.51,642.6464,-44.863586,44.863586
2026-10-15 02:00:00,581.99,638.9709,56.980896,56.980896
2026-10-15 03:00:00,617.87,638.39545,20.525452,20.525452
2026-10-15 04:00:00,619.19,648.15125,28.961243,28.961243
2026-10-15 05:00:00,650.01,679.0254,29.01538,29.01538
2026-10-15 06:00:00,680.61,708.03503,27.425049,27.425049
2026-10-15 07:00:00,728.28,721.9837,-6.2963257,6.2963257
2026-10-15 08:00:00,692.59,713.7169,21.126892,21.126892
2026-10-15 09:00:00,646.22003,675.4659,29.24585,29.24585
2026-10-15 10:00:00,617.08,609.916,-7.1640015,7.1640015
2026-10-15 11:00:00,542.35004,566.54443,24.194397,24.194397
2026-10-15 12:00:00,545.57,542.7847,-2.7852783,2.7852783
2026-10-15 13:00:00,526.53,539.84564,13.315613,13.315613
2026-10-15 14:00:00,513.88,560.28125,46.401245,46.401245
2026-10-15 15:00:00,564.21,602.3774,38.16736,38.16736
2026-10-15 16:00:00,617.23,671.4639,54.233948,54.233948
2026-10-15 17:00:00,736.75,747.41437,10.664368,10.664368
2026-10-15 18:00:00,735.41003,798.7769,63.366882,63.366882
2026-10-15 19:00:00,747.32,810.8302,63.510193,63.510193
2026-10-15 20:00:00,727.39,792.79663,65.40662,65.40662
2026-10-15 21:00:00,673.69,758.00916,84.31915,84.31915
2026-10-15 22:00:00,660.06,720.8147,60.7547,60.7547
2026-10-15 23:00:00,638.0,684.56354,46.563538,46.563538
2026-10-16 00:00:00,652.34,645.31274,-7.0272827,7.0272827
2026-10-16 01:00:00,624.88,640.48663,15.606628,15.606628
2026-10-16 02:00:00,628.05,639.6665,11.616516,11.616516
2026-10-16 03:00:00,654.88,640.0075,-14.872498,14.872498
2026-10-16 04:00:00,657.48,651.21985,-6.260132,6.260132
2026-10-16 05:00:00,670.22003,679.41943,9.199402,9.199402
2026-10-16 06:00:00,715.37,709.60876,-5.7612305,5.7612305
2026-10-16 07:00:00,676.05,724.28265,48.232666,48.232666
2026-10-16 08:00:00,622.46,714.75275,92.292725,92.292725
2026-10-16 09:00:00,655.03,675.3211,20.291077,20.291077
2026-10-16 10:00:00,584.51,609.08,24.570007,24.570007
2026-10-16 11:00:00,581.61,567.7338,-13.87616,13.87616
2026-10-16 12:00:00,536.44,544.2462,7.8062134,7.8062134
2026-10-16 13:00:00,605.74,541.478,-64.26196,64.26196
2026-10-16 14:00:00,574.15,562.5939,-11.556152,11.556152
2026-10-16 15:00:00,589.67,602.76263,13.092651,13.092651
2026-10-16 16:00:00,657.19,673.1858,15.995789,15.995789
2026-10-16 17:00:00,661.83,753.0787,91.24866,91.24866
2026-10-16 18:00:00,724.09,798.9064,74.816345,74.816345
2026-10-16 19:00:00,730.09,809.0174,78.92737,78.92737
2026-10-16 20:00:00,734.72003,792.6724,57.952393,57.952393
2026-10-16 21:00:00,674.72003,759.9975,85.277466,85.277466
2026-10-16 22:00:00,649.27,719.36914,70.09912,70.09912
2026-10-16 23:00:00,639.36,665.2216,25.861633,25.861633
2026-10-17 00:00:00,471.98,543.2942,71.31418,71.31418
2026-10-17 01:00:00,505.83002,542.7054,36.875366,36.875366
2026-10-17 02:00:00,484.45,555.9587,71.50867,71.50867
2026-10-17 03:00:00,508.98,553.65955,44.679535,44.679535
2026-10-17 04:00:00,489.40002,560.1638,70.763794,70.763794
2026-10-17 05:00:00,579.31,573.8642,-5.445801,5.445801
2026-10-17 06:00:00,603.66003,595.6539,-8.006165,8.006165
2026-10-17 07:00:00,565.42004,611.6852,46.265137,46.265137
2026-10-17 08:00:00,584.51,600.4303,15.920288,15.920288
2026-10-17 09:00:00,561.75,564.30884,2.558838,2.558838
2026-10-17 10:00:00,505.69,512.9461,7.2561035,7.2561035
2026-10-17 11:00:00,427.89,470.52063,42.630615,42.630615
2026-10-17 12:00:00,398.48,452.5938,54.1138,54.1138
2026-10-17 13:00:00,461.74002,444.1457,-17.59433,17.59433
2026-10-17 14:00:00,411.17004,460.05798,48.88794,48.88794
2026-10-17 15:00:00,483.48004,496.56146,13.081421,13.081421
2026-10-17 16:00:00,502.79,559.47565,56.68564,56.68564
2026-10-17 17:00:00,554.92,620.99713,66.07715,66.07715
2026-10-17 18:00:00,616.41003,682.3371,65.92706,65.92706
2026-10-17 19:00:00,652.79,708.05585,55.26587,55.26587
2026-10-17 20:00:00,630.04004,699.448,69.40796,69.40796
2026-10-17 21:00:00,569.3,657.2295,87.929504,87.929504
2026-10-17 22:00:00,564.54004,613.77734,49.237305,49.237305
2026-10-17 23:00:00,523.09,573.04156,49.951538,49.951538
2026-10-18 00:00:00,511.78,566.39594,54.615936,54.615936
2026-10-18 01:00:00,524.66003,566.90906,42.249023,42.249023
2026-10-18 02:00:00,505.88,559.23846,53.35846,53.35846
2026-10-18 03:00:00,518.25,553.5557,35.305725,35.305725
2026-10-18 04:00:00,517.65,553.0823,35.43225,35.43225
2026-10-18 05:00:00,561.45,559.7528,-1.6972046,1.6972046
2026-10-18 06:00:00,580.72003,567.21704,-13.502991,13.502991
2026-10-18 07:00:00,586.48,582.60425,-3.8757324,3.8757324
2026-10-18 08:00:00,568.34,579.3892,11.049194,11.049194
2026-10-18 09:00:00,579.0,554.7522,-24.247803,24.247803
2026-10-18 10:00:00,491.81,508.61414,16.804138,16.804138
2026-10-18 11:00:00,452.65002,463.99963,11.349609,11.349609
2026-10-18 12:00:00,405.64,444.7146,39.074585,39.074585
2026-10-18 13:00:00,465.64,436.96075,-28.67926,28.67926
2026-10-18 14:00:00,463.05002,450.79382,-12.256195,12.256195
2026-10-18 15:00:00,485.71002,488.5089,2.7988892,2.7988892
2026-10-18 16:00:00,487.13,552.43634,65.306335,65.306335
2026-10-18 17:00:00,590.32,614.4166,24.096619,24.096619
2026-10-18 18:00:00,622.99,668.809,45.81903,45.81903
2026-10-18 19:00:00,657.71,687.7683,30.058289,30.058289
2026-10-18 20:00:00,630.13,671.6691,41.539124,41.539124
2026-10-18 21:00:00,596.64,634.4867,37.84668,37.84668
2026-10-18 22:00:00,557.39,592.2454,34.855408,34.855408
2026-10-18 23:00:00,543.08,581.19946,38.119446,38.119446
2026-10-19 00:00:00,641.14,645.87897,4.7389526,4.7389526
2026-10-19 01:00:00,649.52,666.01404,16.494019,16.494019
2026-10-19 02:00:00,606.08,648.6459,42.565857,42.565857
2026-10-19 03:00:00,628.58,648.4842,19.904175,19.904175
2026-10-19 04:00:00,616.22003,657.0857,40.86566,40.86566
2026-10-19 05:00:00,650.53,679.62805,29.098022,29.098022
2026-10-19 06:00:00,670.18,704.72705,34.54706,34.54706
2026-10-19 07:00:00,675.34,718.6509,43.310852,43.310852
2026-10-19 08:00:00,680.36,709.0386,28.678589,28.678589
2026-10-19 09:00:00,680.59,675.5835,-5.006531,5.006531
2026-10-19 10:00:00,569.99,623.87445,53.88446,53.88446
2026-10-19 11:00:00,557.84,574.608,16.767944,16.767944
2026-10-19 12:00:00,523.52,545.075,21.554993,21.554993
2026-10-19 13:00:00,524.38,538.9202,14.540222,14.540222
2026-10-19 14:00:00,586.24,558.22974,-28.010254,28.010254
2026-10-19 15:00:00,590.92,600.42175,9.50177,9.50177
2026-10-19 16:00:00,613.97003,669.03326,55.063232,55.063232
2026-10-19 17:00:00,715.09,744.18335,29.093323,29.093323
2026-10-19 18:00:00,739.46,791.1019,51.641907,51.641907
2026-10-19 19:00:00,727.66003,805.00073,77.3407,77.3407
2026-10-19 20:00:00,732.74,789.7277,56.987732,56.987732
2026-10-19 21:00:00,705.87,758.72516,52.855164,52.855164
2026-10-19 22:00:00,690.38,722.52484,32.144836,32.144836
2026-10-19 23:00:00,660.0,688.758,28.757996,28.757996
2026-10-20 00:00:00,622.72003,656.52716,33.80713,33.80713
2026-10-20 01:00:00,641.29004,639.3054,-1.9846191,1.9846191
2026-10-20 02:00:00,619.67,635.73364,16.06366,16.06366
2026-10-20 03:00:00,631.45,637.06757,5.6175537,5.6175537
2026-10-20 04:00:00,683.39,648.0275,-35.362488,35.362488
2026-10-20 05:00:00,625.52,672.2581,46.7381,46.7381
2026-10-20 06:00:00,707.81,694.6452,-13.164795,13.164795
2026-10-20 07:00:00,672.35004,707.42584,35.075806,35.075806
2026-10-20 08:00:00,688.07,697.6901,9.620117,9.620117
2026-10-20 09:00:00,643.07,661.60223,18.532227,18.532227
2026-10-20 10:00:00,574.48,605.668,31.18805,31.18805
2026-10-20 11:00:00,537.76,563.8138,26.053772,26.053772
2026-10-20 12:00:00,517.62,541.11743,23.497437,23.497437
2026-10-20 13:00:00,537.39,540.16016,2.7701416,2.7701416
2026-10-20 14:00:00,544.97003,562.75476,17.784729,17.784729
2026-10-20 15:00:00,585.71,607.6106,21.900574,21.900574
2026-10-20 16:00:00,659.82,678.7585,18.938477,18.938477
2026-10-20 17:00:00,662.17,743.1993,81.0293,81.0293
2026-10-20 18:00:00,721.38,781.0462,59.6662,59.6662
2026-10-20 19:00:00,732.29004,790.85205,58.56201,58.56201
2026-10-20 20:00:00,756.74,771.13574,14.395752,14.395752
2026-10-20 21:00:00,698.35,733.31537,34.965393,34.965393
2026-10-20 22:00:00,685.46,698.5912,13.131165,13.131165
2026-10-20 23:00:00,620.99,664.99426,44.004272,44.004272
2026-10-21 00:00:00,625.76,639.867,14.106995,14.106995
2026-10-21 01:00:00,633.83,632.4741,-1.355896,1.355896
2026-10-21 02:00:00,621.99,633.2385,11.248535,11.248535
2026-10-21 03:00:00,619.31,635.849,16.539001,16.539001
2026-10-21 04:00:00,609.23,648.4973,39.267334,39.267334
2026-10-21 05:00:00,699.41003,675.3997,-24.010315,24.010315
2026-10-21 06:00:00,688.17,703.23047,15.060486,15.060486
2026-10-21 07:00:00,746.14,719.48846,-26.65155,26.65155
2026-10-21 08:00:00,692.59,709.96686,17.376831,17.376831
2026-10-21 09:00:00,657.14,669.8996,12.7595825,12.7595825
2026-10-21 10:00:00,590.55,605.71716,15.167175,15.167175
2026-10-21 11:00:00,556.47003,565.1477,8.677673,8.677673
2026-10-21 12:00:00,537.28,543.35425,6.0742188,6.0742188
2026-10-21 13:00:00,555.32,541.8068,-13.513184,13.513184
2026-10-21 14:00:00,575.49,564.33826,-11.151733,11.151733
2026-10-21 15:00:00,563.72003,606.3379,42.61786,42.61786
2026-10-21 16:00:00,608.15,673.28864,65.13861,65.13861
2026-10-21 17:00:00,668.27,745.4223,77.15228,77.15228
2026-10-21 18:00:00,745.43,793.05273,47.62274,47.62274
2026-10-21 19:00:00,737.1,805.92914,68.82916,68.82916
2026-10-21 20:00:00,732.31,789.4267,57.1167,57.1167
2026-10-21 21:00:00,745.32,755.63464,10.314636,10.314636
2026-10-21 22:00:00,669.24,717.4937,48.253723,48.253723
2026-10-21 23:00:00,625.76,677.53735,51.777344,51.777344
2026-10-22 00:00:00,660.37,641.3291,-19.040894,19.040894
2026-10-22 01:00:00,624.35004,634.5823,10.232239,10.232239
2026-10-22 02:00:00,651.84,632.96277,-18.877258,18.877258
2026-10-22 03:00:00,657.08,635.11694,-21.963074,21.963074
2026-10-22 04:00:00,649.29004,645.9307,-3.359314,3.359314
2026-10-22 05:00:00,670.13,670.51605,0.38604736,0.38604736
2026-10-22 06:00:00,672.82,693.84796,21.027954,21.027954
2026-10-22 07:00:00,685.83,709.7362,23.906189,23.906189
2026-10-22 08:00:00,707.79004,705.89624,-1.8937988,1.8937988
2026-10-22 09:00:00,646.29,672.6118,26.321838,26.321838
2026-10-22 10:00:00,578.69,615.2737,36.58368,36.58368
2026-10-22 11:00:00,510.58002,570.07544,59.495422,59.495422
2026-10-22 12:00:00,540.61,544.26624,3.65625,3.65625
2026-10-22 13:00:00,497.43,540.76294,43.332947,43.332947
2026-10-22 14:00:00,583.13,559.51074,-23.619263,23.619263
2026-10-22 15:00:00,594.54004,603.589,9.04895,9.04895
2026-10-22 16:00:00,628.78,677.53955,48.75952,48.75952
2026-10-22 17:00:00,705.85,753.01385,47.16388,47.16388
2026-10-22 18:00:00,736.64,796.05865,59.41864,59.41864
2026-10-22 19:00:00,753.6,805.69104,52.091064,52.091064
2026-10-22 20:00:00,713.65,787.1944,73.54437,73.54437
2026-10-22 21:00:00,720.61,759.04144,38.431458,38.431458
2026-10-22 22:00:00,668.63,725.3491,56.719116,56.719116
2026-10-22 23:00:00,654.27,690.952,36.682007,36.682007
2026-10-23 00:00:00,599.94,651.9872,52.04718,52.04718
2026-10-23 01:00:00,598.36,642.6359,44.27594,44.27594
2026-10-23 02:00:00,611.84,637.83356,25.99353,25.99353
2026-10-23 03:00:00,626.8,639.6729,12.872925,12.872925
2026-10-23 04:00:00,663.74,652.2271,-11.512878,11.512878
2026-10-23 05:00:00,590.47003,682.01996,91.54993,91.54993
2026-10-23 06:00:00,731.98,706.29004,-25.689941,25.689941
2026-10-23 07:00:00,690.41003,721.35706,30.947021,30.947021
2026-10-23 08:00:00,687.34,713.3507,26.010681,26.010681
2026-10-23 09:00:00,646.12,677.3999,31.279907,31.279907
2026-10-23 10:00:00,585.5,610.74225,25.242249,25.242249
2026-10-23 11:00:00,566.45,568.8225,2.3724976,2.3724976
2026-10-23 12:00:00,545.2,546.0659,0.86590576,0.86590576
2026-10-23 13:00:00,537.65,541.83496,4.1849365,4.1849365
2026-10-23 14:00:00,506.39,560.28784,53.897827,53.897827
2026-10-23 15:00:00,551.38,598.4663,47.086304,47.086304
2026-10-23 16:00:00,643.36,668.132,24.772034,24.772034
2026-10-23 17:00:00,699.93,744.46594,44.53595,44.53595
2026-10-23 18:00:00,723.58,790.6474,67.06738,67.06738
2026-10-23 19:00:00,738.67,803.5899,64.91992,64.91992
2026-10-23 20:00:00,712.28,788.47943,76.1994,76.1994
2026-10-23 21:00:00,720.9,753.2345,32.334473,32.334473
2026-10-23 22:00:00,674.32,709.671,35.351013,35.351013
2026-10-23 23:00:00,639.58,641.7818,2.2017822,2.2017822
2026-10-24 00:00:00,501.23,529.4092,28.179169,28.179169
2026-10-24 01:00:00,526.64,539.1107,12.470703,12.470703
2026-10-24 02:00:00,511.87003,552.8699,40.999847,40.999847
2026-10-24 03:00:00,529.06,557.6326,28.572632,28.572632
2026-10-24 04:00:00,527.82,564.4927,36.67267,36.67267
2026-10-24 05:00:00,558.27,581.9573,23.687256,23.687256
2026-10-24 06:00:00,587.2,608.1511,20.95111,20.95111
2026-10-24 07:00:00,591.8,621.16,29.359985,29.359985
2026-10-24 08:00:00,569.68,604.9113,35.231323,35.231323
2026-10-24 09:00:00,467.42,568.448,101.027985,101.027985
2026-10-24 10:00:00,485.81,511.18744,25.377441,25.377441
2026-10-24 11:00:00,453.25,471.1942,17.944214,17.944214
2026-10-24 12:00:00,441.74002,452.6046,10.8645935,10.8645935
2026-10-24 13:00:00,399.29004,443.52997,44.23993,44.23993
2026-10-24 14:00:00,414.0,455.47012,41.470123,41.470123
2026-10-24 15:00:00,441.23,489.61768,48.387665,48.387665
2026-10-24 16:00:00,555.7,547.13495,-8.565063,8.565063
2026-10-24 17:00:00,579.37,614.9947,35.624695,35.624695
2026-10-24 18:00:00,636.5,675.0856,38.58557,38.58557
2026-10-24 19:00:00,589.51,702.7533,113.243286,113.243286
2026-10-24 20:00:00,620.31,681.3898,61.079773,61.079773
2026-10-24 21:00:00,606.78,639.2686,32.488586,32.488586
2026-10-24 22:00:00,579.66003,603.6481,23.988037,23.988037
2026-10-24 23:00:00,525.72003,568.6769,42.95685,42.95685
2026-10-25 00:00:00,494.71002,566.5198,71.80975,71.80975
2026-10-25 01:00:00,496.88,564.19147,67.31146,67.31146
2026-10-25 02:00:00,530.1,553.4433,23.343323,23.343323
2026-10-25 03:00:00,480.24002,548.624,68.384,68.384
2026-10-25 04:00:00,528.38,547.748,19.367981,19.367981
2026-10-25 05:00:00,483.90002,555.5443,71.64429,71.64429
2026-10-25 06:00:00,595.60004,564.62256,-30.977478,30.977478
2026-10-25 07:00:00,577.45,578.32477,0.87475586,0.87475586
2026-10-25 08:00:00,599.79004,579.16534,-20.624695,20.624695
2026-10-25 09:00:00,527.0,556.54205,29.542053,29.542053
2026-10-25 10:00:00,478.42,508.76828,30.348267,30.348267
2026-10-25 11:00:00,444.94,464.75574,19.815735,19.815735
2026-10-25 12:00:00,419.0,443.19775,24.197754,24.197754
2026-10-25 13:00:00,386.39,435.28754,48.897522,48.897522
2026-10-25 14:00:00,423.82,448.78668,24.966675,24.966675
2026-10-25 15:00:00,418.26,484.20544,65.945435,65.945435
2026-10-25 16:00:00,528.85,541.54877,12.6987915,12.6987915
2026-10-25 17:00:00,564.01,610.28687,46.276855,46.276855
2026-10-25 18:00:00,639.14,657.3337,18.193665,18.193665
2026-10-25 19:00:00,673.60004,676.85535,3.25531,3.25531
2026-10-25 20:00:00,580.38,662.98627,82.60626,82.60626
2026-10-25 21:00:00,598.18,629.64264,31.462646,31.462646
2026-10-25 22:00:00,550.62,583.2107,32.5907,32.5907
2026-10-25 23:00:00,547.45,593.95337,46.503357,46.503357
2026-10-26 00:00:00,609.33,648.35785,39.027832,39.027832
2026-10-26 01:00:00,624.38,658.31396,33.93396,33.93396
2026-10-26 02:00:00,599.15,639.345,40.194946,40.194946
2026-10-26 03:00:00,612.65,637.3707,24.720703,24.720703
2026-10-26 04:00:00,631.7,648.1203,16.420288,16.420288
2026-10-26 05:00:00,620.3,673.30505,53.005066,53.005066
2026-10-26 06:00:00,651.89,699.22736,47.33734,47.33734
2026-10-26 07:00:00,692.89,713.561,20.67096,20.67096
2026-10-26 08:00:00,674.72003,708.2258,33.5058,33.5058
2026-10-26 09:00:00,663.92,679.5892,15.669189,15.669189
2026-10-26 10:00:00,601.0,625.4013,24.401306,24.401306
2026-10-26 11:00:00,546.72003,576.54755,29.827515,29.827515
2026-10-26 12:00:00,538.38,547.1625,8.782471,8.782471
2026-10-26 13:00:00,529.18,539.2076,10.027588,10.027588
2026-10-26 14:00:00,518.73,557.78296,39.05298,39.05298
2026-10-26 15:00:00,594.54004,595.093,0.5529785,0.5529785
2026-10-26 16:00:00,621.51,665.26794,43.757935,43.757935
2026-10-26 17:00:00,639.35004,735.9684,96.61835,96.61835
2026-10-26 18:00:00,707.76,780.89716,73.137146,73.137146
2026-10-26 19:00:00,783.71,791.50165,7.791626,7.791626
2026-10-26 20:00:00,742.5,773.4172,30.917175,30.917175
2026-10-26 21:00:00,728.99,742.23395,13.2439575,13.2439575
2026-10-26 22:00:00,640.23,708.5911,68.361145,68.361145
2026-10-26 23:00:00,660.5,670.9885,10.488525,10.488525
2026-10-27 00:00:00,604.88,641.3025,36.422485,36.422485
2026-10-27 01:00:00,593.06,633.46246,40.402466,40.402466
2026-10-27 02:00:00,626.53,633.75507,7.2250366,7.2250366
2026-10-27 03:00:00,605.45,635.9074,30.457397,30.457397
2026-10-27 04:00:00,623.26,646.16833,22.908325,22.908325
2026-10-27 05:00:00,638.34,674.491,36.151,36.151
2026-10-27 06:00:00,623.37,700.2498,76.87982,76.87982
2026-10-27 07:00:00,643.88,715.20087,71.32086,71.32086
2026-10-27 08:00:00,695.46,705.387,9.927002,9.927002
2026-10-27 09:00:00,616.53,669.1714,52.641357,52.641357
2026-10-27 10:00:00,621.13,607.58923,-13.5407715,13.5407715
2026-10-27 11:00:00,560.48,567.0526,6.572632,6.572632
2026-10-27 12:00:00,503.43,544.0051,40.575134,40.575134
2026-10-27 13:00:00,531.88,536.3275,4.44751,4.44751
2026-10-27 14:00:00,550.45,555.5923,5.142273,5.142273
2026-10-27 15:00:00,593.94,596.3984,2.458374,2.458374
2026-10-27 16:00:00,630.66003,668.1752,37.515137,37.515137
2026-10-27 17:00:00,665.4,745.3038,79.90375,79.90375
2026-10-27 18:00:00,731.71,789.6702,57.960205,57.960205
2026-10-27 19:00:00,751.92,801.3108,49.39081,49.39081
2026-10-27 20:00:00,705.88,783.92944,78.04944,78.04944
2026-10-27 21:00:00,716.26,741.29755,25.037537,25.037537
2026-10-27 22:00:00,661.02,701.9381,40.91809,40.91809
2026-10-27 23:00:00,654.71,670.7328,16.022766,16.022766
2026-10-28 00:00:00,611.27,645.6146,34.344604,34.344604
2026-10-28 01:00:00,577.47003,637.7039,60.233887,60.233887
2026-10-28 02:00:00,630.01,631.9315,1.9215088,1.9215088
2026-10-28 03:00:00,671.41003,633.52295,-37.887085,37.887085
2026-10-28 04:00:00,613.75,648.322,34.57202,34.57202
2026-10-28 05:00:00,650.0,680.16705,30.167053,30.167053
2026-10-28 06:00:00,673.38,705.291,31.91101,31.91101
2026-10-28 07:00:00,701.01,718.9626,17.952576,17.952576
2026-10-28 08:00:00,678.75,708.2379,29.487915,29.487915
2026-10-28 09:00:00,616.63,663.832,47.201965,47.201965
2026-10-28 10:00:00,591.84,600.0341,8.194092,8.194092
2026-10-28 11:00:00,528.69,563.6518,34.961792,34.961792
2026-10-28 12:00:00,551.54004,541.89417,-9.645874,9.645874
2026-10-28 13:00:00,539.81,538.87384,-0.9361572,0.9361572
2026-10-28 14:00:00,544.98,558.1058,13.125793,13.125793
2026-10-28 15:00:00,576.98,599.1745,22.194519,22.194519
2026-10-28 16:00:00,626.72003,672.0056,45.285583,45.285583
2026-10-28 17:00:00,701.89,743.9197,42.029663,42.029663
2026-10-28 18:00:00,758.67,790.80743,32.13745,32.13745
2026-10-28 19:00:00,742.84,800.70605,57.866028,57.866028
2026-10-28 20:00:00,714.12,784.2511,70.1311,70.1311
2026-10-28 21:00:00,674.4,750.8843,76.48425,76.48425
2026-10-28 22:00:00,684.77,713.44836,28.678345,28.678345
2026-10-28 23:00:00,617.45,677.9135,60.4635,60.4635
2026-10-29 00:00:00,609.86,644.80334,34.94336,34.94336
2026-10-29 01:00:00,608.07,635.75165,27.68164,27.68164
2026-10-29 02:00:00,662.55,632.4958,-30.0542,30.0542
2026-10-29 03:00:00,651.07,634.01373,-17.056274,17.056274
2026-10-29 04:00:00,671.89,643.62384,-28.266174,28.266174
2026-10-29 05:00:00,639.15,671.79047,32.64044,32.64044
2026-10-29 06:00:00,711.39,700.5941,-10.795898,10.795898
2026-10-29 07:00:00,673.0,717.124,44.124023,44.124023
2026-10-29 08:00:00,674.38,707.9104,33.530396,33.530396
2026-10-29 09:00:00,608.82,674.27167,65.45166,65.45166
2026-10-29 10:00:00,603.3,612.6995,9.399536,9.399536
2026-10-29 11:00:00,567.39,569.2957,1.9057007,1.9057007
2026-10-29 12:00:00,511.40002,542.9555,31.555481,31.555481
2026-10-29 13:00:00,524.3,538.8556,14.555603,14.555603
2026-10-29 14:00:00,581.05,561.4039,-19.646118,19.646118
2026-10-29 15:00:00,563.92004,607.9212,44.00116,44.00116
2026-10-29 16:00:00,615.88,676.21075,60.33075,60.33075
2026-10-29 17:00:00,685.66003,746.0542,60.394165,60.394165
2026-10-29 18:00:00,756.24,789.51807,33.278076,33.278076
2026-10-29 19:00:00,724.31,800.24756,75.93756,75.93756
2026-10-29 20:00:00,689.84,783.1864,93.346375,93.346375
2026-10-29 21:00:00,707.81,749.23615,41.426147,41.426147
2026-10-29 22:00:00,687.39,708.85785,21.467834,21.467834
2026-10-29 23:00:00,668.15,669.9216,1.7715454,1.7715454
2026-10-30 00:00:00,626.88,631.4415,4.5615234,4.5615234
2026-10-30 01:00:00,596.65,630.8012,34.151184,34.151184
2026-10-30 02:00:00,636.7,630.9459,-5.7540894,5.7540894
2026-10-30 03:00:00,642.77,632.9225,-9.847534,9.847534
2026-10-30 04:00:00,619.09,641.2937,22.203674,22.203674
2026-10-30 05:00:00,666.98,669.1252,2.1452026,2.1452026
2026-10-30 06:00:00,637.99,699.789,61.79901,61.79901
2026-10-30 07:00:00,720.23,714.1787,-6.0512695,6.0512695
2026-10-30 08:00:00,657.71,709.09796,51.38794,51.38794
2026-10-30 09:00:00,586.26,671.4226,85.1626,85.1626
2026-10-30 10:00:00,573.38,601.1576,27.777588,27.777588
2026-10-30 11:00:00,566.01,564.2756,-1.734436,1.734436
2026-10-30 12:00:00,561.84,543.80615,-18.033875,18.033875
2026-10-30 13:00:00,548.23,541.6755,-6.5545044,6.5545044
2026-10-30 14:00:00,506.46002,560.39874,53.93872,53.93872
2026-10-30 15:00:00,551.91003,601.2935,49.383484,49.383484
2026-10-30 16:00:00,601.72003,671.1428,69.42279,69.42279
2026-10-30 17:00:00,678.8,741.0234,62.22339,62.22339
2026-10-30 18:00:00,705.89,785.6855,79.79547,79.79547
2026-10-30 19:00:00,740.51,798.8283,58.3183,58.3183
2026-10-30 20:00:00,750.29004,786.09784,35.8078,35.8078
2026-10-30 21:00:00,701.1,759.54755,58.44757,58.44757
2026-10-30 22:00:00,697.6,725.5923,27.99231,27.99231
2026-10-30 23:00:00,639.35004,683.62396,44.273926,44.273926
2026-10-31 00:00:00,537.19,577.6066,40.416626,40.416626
2026-10-31 01:00:00,532.79004,539.69293,6.902893,6.902893
2026-10-31 02:00:00,522.47003,556.1166,33.646545,33.646545
2026-10-31 03:00:00,518.60004,556.0699,37.46985,37.46985
2026-10-31 04:00:00,555.3,560.1345,4.8345337,4.8345337
2026-10-31 05:00:00,563.14,570.2867,7.1466675,7.1466675
2026-10-31 06:00:00,563.67004,589.4885,25.818481,25.818481
2026-10-31 07:00:00,552.01,608.8114,56.80139,56.80139
2026-10-31 08:00:00,564.03,596.51056,32.48053,32.48053
2026-10-31 09:00:00,485.87003,559.3641,73.49405,73.49405
2026-10-31 10:00:00,480.36002,506.1445,25.784485,25.784485
2026-10-31 11:00:00,434.28003,468.52548,34.245453,34.245453
2026-10-31 12:00:00,404.34003,451.03815,46.69812,46.69812
2026-10-31 13:00:00,428.69003,444.1867,15.496674,15.496674
2026-10-31 14:00:00,438.26,458.2206,19.960602,19.960602
2026-10-31 15:00:00,476.62,493.64688,17.026886,17.026886
2026-10-31 16:00:00,516.1,551.8815,35.781494,35.781494
2026-10-31 17:00:00,585.45,616.70557,31.255554,31.255554
2026-10-31 18:00:00,638.05,672.681,34.631042,34.631042
2026-10-31 19:00:00,626.15,688.5026,62.3526,62.3526
2026-10-31 20:00:00,618.29004,670.8022,52.512146,52.512146
2026-10-31 21:00:00,590.83,634.95886,44.128845,44.128845
2026-10-31 22:00:00,596.98,599.74115,2.7611694,2.7611694
2026-10-31 23:00:00,551.06,568.5067,17.446716,17.446716
2026-11-01 00:00:00,495.7,581.4081,85.70807,85.70807
2026-11-01 01:00:00,475.26,572.908,97.64801,97.64801
2026-11-01 02:00:00,542.31,556.40234,14.092346,14.092346
2026-11-01 03:00:00,523.36,549.3853,26.02533,26.02533
2026-11-01 04:00:00,561.22003,548.94666,-12.273376,12.273376
2026-11-01 05:00:00,571.59,553.5796,-18.010437,18.010437
2026-11-01 06:00:00,559.13,565.09155,5.961548,5.961548
2026-11-01 07:00:00,566.94,577.0066,10.066589,10.066589
2026-11-01 08:00:00,583.48,575.82715,-7.652832,7.652832
2026-11-01 09:00:00,514.4,559.0375,44.63745,44.63745
2026-11-01 10:00:00,483.31,514.23706,30.927063,30.927063
2026-11-01 11:00:00,460.69,471.9535,11.263489,11.263489
2026-11-01 12:00:00,410.34003,449.3177,38.97766,38.97766
2026-11-01 13:00:00,464.44,437.28198,-27.15802,27.15802
2026-11-01 14:00:00,443.92004,450.28125,6.361206,6.361206
2026-11-01 15:00:00,432.72003,485.08337,52.363342,52.363342
2026-11-01 16:00:00,520.57,543.45374,22.883728,22.883728
2026-11-01 17:00:00,588.81,610.51733,21.707336,21.707336
2026-11-01 18:00:00,641.9,660.08154,18.181519,18.181519
2026-11-01 19:00:00,612.5,681.47577,68.97577,68.97577
2026-11-01 20:00:00,629.76,659.6452,29.885193,29.885193
2026-11-01 21:00:00,593.66003,628.1526,34.492554,34.492554
2026-11-01 22:00:00,553.47003,582.0804,28.610352,28.610352
2026-11-01 23:00:00,541.63,582.2555,40.62549,40.62549
2026-11-02 00:00:00,632.5,642.0187,9.518677,9.518677
2026-11-02 01:00:00,652.65,655.9241,3.2740479,3.2740479
2026-11-02 02:00:00,628.22003,639.6915,11.471497,11.471497
2026-11-02 03:00:00,632.88,638.9105,6.0305176,6.0305176
2026-11-02 04:00:00,640.87,649.30396,8.43396,8.43396
2026-11-02 05:00:00,689.84,670.76056,-19.079468,19.079468
2026-11-02 06:00:00,648.25,698.5431,50.29309,50.29309
2026-11-02 07:00:00,712.22003,712.39624,0.1762085,0.1762085
2026-11-02 08:00:00,676.84,709.63275,32.792725,32.792725
2026-11-02 09:00:00,639.2,679.1692,39.969177,39.969177
2026-11-02 10:00:00,602.51,623.3211,20.811096,20.811096
2026-11-02 11:00:00,582.31,576.01056,-6.2994385,6.2994385
2026-11-02 12:00:00,540.9,548.80347,7.9034424,7.9034424
2026-11-02 13:00:00,545.76,540.97876,-4.78125,4.78125
2026-11-02 14:00:00,538.54004,559.1796,20.639587,20.639587
2026-11-02 15:00:00,593.53,596.08887,2.558838,2.558838
2026-11-02 16:00:00,617.63,661.4285,43.798523,43.798523
2026-11-02 17:00:00,632.35004,734.10504,101.755005,101.755005
2026-11-02 18:00:00,730.0,782.39197,52.391968,52.391968
2026-11-02 19:00:00,799.44,786.3566,-13.083374,13.083374
2026-11-02 20:00:00,767.45,784.23694,16.786926,16.786926
2026-11-02 21:00:00,723.71,751.2783,27.568298,27.568298
2026-11-02 22:00:00,658.66003,717.15955,58.49951,58.49951
2026-11-02 23:00:00,667.88,679.6885,11.808472,11.808472
2026-11-03 00:00:00,619.93,645.52954,25.599548,25.599548
2026-11-03 01:00:00,581.34,633.83624,52.496216,52.496216
2026-11-03 02:00:00,617.06,630.96063,13.900635,13.900635
2026-11-03 03:00:00,594.94,633.2174,38.277405,38.277405
2026-11-03 04:00:00,626.47003,640.686,14.215942,14.215942
2026-11-03 05:00:00,698.46,664.75354,-33.706482,33.706482
2026-11-03 06:00:00,651.43,692.77814,41.348145,41.348145
2026-11-03 07:00:00,693.35,712.5395,19.189514,19.189514
2026-11-03 08:00:00,639.19,711.28015,72.09015,72.09015
2026-11-03 09:00:00,614.59,687.51794,72.92792,72.92792
2026-11-03 10:00:00,575.39,625.2593,49.869263,49.869263
2026-11-03 11:00:00,518.79004,571.68085,52.89081,52.89081
2026-11-03 12:00:00,520.91003,541.9691,21.059082,21.059082
2026-11-03 13:00:00,519.67004,534.46277,14.792725,14.792725
2026-11-03 14:00:00,543.99,554.17993,10.189941,10.189941
2026-11-03 15:00:00,574.67,596.5948,21.924805,21.924805
2026-11-03 16:00:00,579.68,663.9408,84.2608,84.2608
2026-11-03 17:00:00,643.86,735.0968,91.23682,91.23682
2026-11-03 18:00:00,728.76,779.76196,51.001953,51.001953
2026-11-03 19:00:00,754.64,792.4947,37.854675,37.854675
2026-11-03 20:00:00,670.91003,774.97186,104.06183,104.06183
2026-11-03 21:00:00,715.24,741.35986,26.119873,26.119873
2026-11-03 22:00:00,637.57,703.4669,65.89691,65.89691
2026-11-03 23:00:00,650.33,665.0161,14.686096,14.686096
2026-11-04 00:00:00,614.15,635.9778,21.827759,21.827759
2026-11-04 01:00:00,637.92,629.52124,-8.398743,8.398743
2026-11-04 02:00:00,656.26,632.3484,-23.911621,23.911621
2026-11-04 03:00:00,628.53,633.2789,4.7488403,4.7488403
2026-11-04 04:00:00,638.49,641.401,2.9110107,2.9110107
2026-11-04 05:00:00,603.37,666.7525,63.382507,63.382507
2026-11-04 06:00:00,664.65,691.5205,26.870483,26.870483
2026-11-04 07:00:00,665.56,706.1969,40.6369,40.6369
2026-11-04 08:00:00,663.43,700.9186,37.488586,37.488586
2026-11-04 09:00:00,646.13,668.74316,22.61316,22.61316
2026-11-04 10:00:00,589.92,612.4466,22.526611,22.526611
2026-11-04 11:00:00,540.91003,569.66077,28.750732,28.750732
2026-11-04 12:00:00,575.54004,542.102,-33.43805,33.43805
2026-11-04 13:00:00,562.96,540.3746,-22.58545,22.58545
2026-11-04 14:00:00,546.36,564.2499,17.889893,17.889893
2026-11-04 15:00:00,554.63,609.8323,55.20227,55.20227
2026-11-04 16:00:00,601.46,673.8612,72.401184,72.401184
2026-11-04 17:00:00,699.76,739.8915,40.13147,40.13147
2026-11-04 18:00:00,732.23,784.5204,52.290405,52.290405
2026-11-04 19:00:00,771.55,794.0868,22.536804,22.536804
2026-11-04 20:00:00,705.86,774.2333,68.37329,68.37329
2026-11-04 21:00:00,705.93,738.9055,32.975525,32.975525
2026-11-04 22:00:00,646.71,695.1731,48.463074,48.463074
2026-11-04 23:00:00,648.48,654.7347,6.2546997,6.2546997
2026-11-05 00:00:00,624.81,627.7526,2.942627,2.942627
2026-11-05 01:00:00,625.24,628.7485,3.508484,3.508484
2026-11-05 02:00:00,611.91003,629.0238,17.11377,17.11377
2026-11-05 03:00:00,597.04004,631.3288,34.288757,34.288757
2026-11-05 04:00:00,629.32,635.8481,6.528076,6.528076
2026-11-05 05:00:00,664.61,655.6598,-8.950195,8.950195
2026-11-05 06:00:00,618.99,685.90356,66.913574,66.913574
2026-11-05 07:00:00,703.88,703.282,-0.59802246,0.59802246
2026-11-05 08:00:00,675.09,702.7,27.609985,27.609985
2026-11-05 09:00:00,625.4,673.07263,47.672607,47.672607
2026-11-05 10:00:00,590.25,617.2791,27.029114,27.029114
2026-11-05 11:00:00,574.03,571.02716,-3.0028687,3.0028687
2026-11-05 12:00:00,555.48,543.4864,-11.993591,11.993591
2026-11-05 13:00:00,515.12,539.56586,24.445862,24.445862
2026-11-05 14:00:00,598.22003,559.45654,-38.76349,38.76349
2026-11-05 15:00:00,587.36,605.7854,18.425415,18.425415
2026-11-05 16:00:00,621.31,680.5897,59.279724,59.279724
2026-11-05 17:00:00,660.38,747.99536,87.61536,87.61536
2026-11-05 18:00:00,720.84,786.08826,65.24823,65.24823
2026-11-05 19:00:00,704.53,798.2438,93.713745,93.713745
2026-11-05 20:00:00,762.4,781.4459,19.045898,19.045898
2026-11-05 21:00:00,699.86,750.1188,50.25879,50.25879
2026-11-05 22:00:00,657.38,707.5875,50.20752,50.20752
2026-11-05 23:00:00,654.60004,665.2705,10.670471,10.670471
2026-11-06 00:00:00,620.52,629.7943,9.274292,9.274292
2026-11-06 01:00:00,582.46,626.8473,44.387268,44.387268
2026-11-06 02:00:00,622.76,629.10016,6.340149,6.340149
2026-11-06 03:00:00,603.29004,630.0808,26.790771,26.790771
2026-11-06 04:00:00,628.23,635.53406,7.304077,7.304077
2026-11-06 05:00:00,683.29004,651.6451,-31.644958,31.644958
2026-11-06 06:00:00,679.73,683.8822,4.1522217,4.1522217
2026-11-06 07:00:00,698.02,703.85706,5.837036,5.837036
2026-11-06 08:00:00,690.2,705.448,15.247986,15.247986
2026-11-06 09:00:00,654.05,677.32263,23.272644,23.272644
2026-11-06 10:00:00,612.33,615.309,2.979004,2.979004
2026-11-06 11:00:00,579.21,569.09204,-10.117981,10.117981
2026-11-06 12:00:00,549.77,543.292,-6.4780273,6.4780273
2026-11-06 13:00:00,553.94,537.0058,-16.934204,16.934204
2026-11-06 14:00:00,528.30005,556.9338,28.633728,28.633728
2026-11-06 15:00:00,557.06,597.89264,40.83264,40.83264
2026-11-06 16:00:00,625.26,661.4307,36.170715,36.170715
2026-11-06 17:00:00,685.57,734.25366,48.683655,48.683655
2026-11-06 18:00:00,711.54,774.9286,63.38861,63.38861
2026-11-06 19:00:00,737.03,791.25397,54.223938,54.223938
2026-11-06 20:00:00,719.74,777.51184,57.77185,57.77185
2026-11-06 21:00:00,726.4,748.6869,22.286865,22.286865
2026-11-06 22:00:00,658.76,710.3492,51.589172,51.589172
2026-11-06 23:00:00,626.82,659.5433,32.723267,32.723267
2026-11-07 00:00:00,481.28003,543.08124,61.80121,61.80121
2026-11-07 01:00:00,477.27002,522.9692,45.699158,45.699158
2026-11-07 02:00:00,478.68,540.08453,61.40454,61.40454
2026-11-07 03:00:00,517.41003,545.53284,28.122803,28.122803
2026-11-07 04:00:00,493.98,554.2013,60.221283,60.221283
2026-11-07 05:00:00,503.97003,567.3028,63.332764,63.332764
2026-11-07 06:00:00,519.27,588.3261,69.05609,69.05609
2026-11-07 07:00:00,570.72003,608.7492,38.029175,38.029175
2026-11-07 08:00:00,494.84003,600.64923,105.809204,105.809204
2026-11-07 09:00:00,501.15002,558.2724,57.122375,57.122375
2026-11-07 10:00:00,506.23,508.71957,2.489563,2.489563
2026-11-07 11:00:00,465.97003,473.2278,7.257782,7.257782
2026-11-07 12:00:00,391.95,453.29205,61.34204,61.34204
2026-11-07 13:00:00,448.80002,440.0696,-8.730408,8.730408
2026-11-07 14:00:00,420.99,453.45398,32.46399,32.46399
2026-11-07 15:00:00,442.68002,488.39252,45.712494,45.712494
2026-11-07 16:00:00,518.4,549.5121,31.11206,31.11206
2026-11-07 17:00:00,561.47003,612.45337,50.983337,50.983337
2026-11-07 18:00:00,582.21,668.74286,86.53284,86.53284
2026-11-07 19:00:00,614.17,689.25195,75.08197,75.08197
2026-11-07 20:00:00,605.67,671.4463,65.776306,65.776306
2026-11-07 21:00:00,619.97003,633.66455,13.694519,13.694519
2026-11-07 22:00:00,538.48,599.2417,60.76172,60.76172
2026-11-07 23:00:00,520.01,571.27496,51.264954,51.264954
2026-11-08 00:00:00,489.79,558.8445,69.054474,69.054474
2026-11-08 01:00:00,490.47003,559.64984,69.17981,69.17981
2026-11-08 02:00:00,515.15,553.3649,38.214905,38.214905
2026-11-08 03:00:00,538.16003,550.3028,12.142761,12.142761
2026-11-08 04:00:00,503.31,552.0005,48.69049,48.69049
2026-11-08 05:00:00,485.93002,556.9844,71.05435,71.05435
2026-11-08 06:00:00,559.89,562.54834,2.6583252,2.6583252
2026-11-08 07:00:00,526.28,572.7806,46.50055,46.50055
2026-11-08 08:00:00,555.62,572.0509,16.430908,16.430908
2026-11-08 09:00:00,517.26,554.38306,37.123047,37.123047
2026-11-08 10:00:00,461.04,510.1952,49.15518,49.15518
2026-11-08 11:00:00,464.03003,470.3098,6.279785,6.279785
2026-11-08 12:00:00,427.82,449.61328,21.793274,21.793274
2026-11-08 13:00:00,386.36002,438.10406,51.74405,51.74405
2026-11-08 14:00:00,394.03003,449.47534,55.445312,55.445312
2026-11-08 15:00:00,470.94,483.65253,12.712524,12.712524
2026-11-08 16:00:00,540.54004,545.6942,5.154175,5.154175
2026-11-08 17:00:00,542.21,613.63434,71.42432,71.42432
2026-11-08 18:00:00,606.68,660.9892,54.309204,54.309204
2026-11-08 19:00:00,606.0,678.7395,72.7395,72.7395
2026-11-08 20:00:00,619.14,659.03174,39.891724,39.891724
2026-11-08 21:00:00,580.18,625.6148,45.434814,45.434814
2026-11-08 22:00:00,559.88,576.2613,16.381287,16.381287
2026-11-08 23:00:00,512.95,579.1267,66.1767,66.1767
2026-11-09 00:00:00,597.93,635.1082,37.178223,37.178223
2026-11-09 01:00:00,604.4,650.93616,46.536133,46.536133
2026-11-09 02:00:00,607.04004,636.33307,29.29303,29.29303
2026-11-09 03:00:00,625.66003,631.632,5.971985,5.971985
2026-11-09 04:00:00,640.68,641.63416,0.9541626,0.9541626
2026-11-09 05:00:00,654.82,662.9387,8.118713,8.118713
2026-11-09 06:00:00,648.42,691.1075,42.6875,42.6875
2026-11-09 07:00:00,701.86,706.1655,4.305542,4.305542
2026-11-09 08:00:00,675.31,706.97705,31.667053,31.667053
2026-11-09 09:00:00,666.15,680.225,14.074951,14.074951
2026-11-09 10:00:00,606.10004,629.2631,23.163086,23.163086
2026-11-09 11:00:00,509.73,578.82404,69.094025,69.094025
2026-11-09 12:00:00,500.23,548.21265,47.982635,47.982635
2026-11-09 13:00:00,578.08,538.7842,-39.295837,39.295837
2026-11-09 14:00:00,566.42004,557.2993,-9.120728,9.120728
2026-11-09 15:00:00,567.12,599.6311,32.51111,32.51111
2026-11-09 16:00:00,661.49,671.0039,9.513916,9.513916
2026-11-09 17:00:00,630.15,738.37427,108.22424,108.22424
2026-11-09 18:00:00,704.34,780.1602,75.82019,75.82019
2026-11-09 19:00:00,742.48,788.41125,45.931274,45.931274
2026-11-09 20:00:00,721.15,773.0997,51.949646,51.949646
2026-11-09 21:00:00,713.91003,738.5234,24.613342,24.613342
2026-11-09 22:00:00,696.8,702.10486,5.3048706,5.3048706
2026-11-09 23:00:00,652.0,664.893,12.893005,12.893005
2026-11-10 00:00:00,574.0,634.6969,60.6969,60.6969
2026-11-10 01:00:00,652.68,625.6625,-27.017517,27.017517
2026-11-10 02:00:00,609.15,629.99536,20.845337,20.845337
2026-11-10 03:00:00,609.87,632.8892,23.019226,23.019226
2026-11-10 04:00:00,589.55,642.0501,52.500122,52.500122
2026-11-10 05:00:00,649.11,662.3574,13.247437,13.247437
2026-11-10 06:00:00,632.44,687.89734,55.457336,55.457336
2026-11-10 07:00:00,664.31,700.3352,36.025208,36.025208
2026-11-10 08:00:00,646.38,695.4237,49.0437,49.0437
2026-11-10 09:00:00,626.7,665.48987,38.789856,38.789856
2026-11-10 10:00:00,583.46,611.26996,27.809937,27.809937
2026-11-10 11:00:00,509.94,569.83716,59.897156,59.897156
2026-11-10 12:00:00,534.48,541.2459,6.76593,6.76593
2026-11-10 13:00:00,539.67004,535.43024,-4.239807,4.239807
2026-11-10 14:00:00,536.23,555.3829,19.152893,19.152893
2026-11-10 15:00:00,630.61,599.77386,-30.83612,30.83612
2026-11-10 16:00:00,588.97003,674.8839,85.91388,85.91388
2026-11-10 17:00:00,683.73,740.8005,57.070496,57.070496
2026-11-10 18:00:00,735.76,783.3383,47.57831,47.57831
2026-11-10 19:00:00,716.95,790.39703,73.44702,73.44702
2026-11-10 20:00:00,738.18,771.7887,33.608704,33.608704
2026-11-10 21:00:00,668.97003,738.00256,69.03253,69.03253
2026-11-10 22:00:00,649.38,698.1749,48.79492,48.79492
2026-11-10 23:00:00,641.44,656.685,15.244995,15.244995
2026-11-11 00:00:00,597.65,626.34076,28.690735,28.690735
2026-11-11 01:00:00,607.81,623.00543,15.195435,15.195435
2026-11-11 02:00:00,573.07,625.65607,52.58606,52.58606
2026-11-11 03:00:00,651.79004,629.2477,-22.542358,22.542358
2026-11-11 04:00:00,636.47003,633.6331,-2.836914,2.836914
2026-11-11 05:00:00,650.03,659.86285,9.832825,9.832825
2026-11-11 06:00:00,661.47003,688.91296,27.442932,27.442932
2026-11-11 07:00:00,642.59,704.3679,61.777893,61.777893
2026-11-11 08:00:00,697.7,699.428,1.7279663,1.7279663
2026-11-11 09:00:00,645.57,670.3578,24.78778,24.78778
2026-11-11 10:00:00,559.81,613.9728,54.16278,54.16278
2026-11-11 11:00:00,530.64,570.2431,39.60309,39.60309
2026-11-11 12:00:00,545.53,543.23553,-2.2944946,2.2944946
2026-11-11 13:00:00,535.41003,537.8713,2.4612427,2.4612427
2026-11-11 14:00:00,548.85004,557.45703,8.606995,8.606995
2026-11-11 15:00:00,522.47003,600.79407,78.324036,78.324036
2026-11-11 16:00:00,615.17,667.43695,52.266968,52.266968
2026-11-11 17:00:00,652.06,735.4276,83.367615,83.367615
2026-11-11 18:00:00,690.64,779.166,88.526,88.526
2026-11-11 19:00:00,725.28,790.3721,65.09204,65.09204
2026-11-11 20:00:00,708.82,767.0277,58.207703,58.207703
2026-11-11 21:00:00,644.5,733.3386,88.83862,88.83862
2026-11-11 22:00:00,657.91003,694.7365,36.826477,36.826477
2026-11-11 23:00:00,652.98,655.619,2.639038,2.639038
2026-11-12 00:00:00,625.51,628.72107,3.2110596,3.2110596
2026-11-12 01:00:00,631.99,629.5258,-2.4641724,2.4641724
2026-11-12 02:00:00,597.44,629.75195,32.31195,32.31195
2026-11-12 03:00:00,605.03,632.3954,27.365356,27.365356
2026-11-12 04:00:00,599.72003,636.1418,36.421753,36.421753
2026-11-12 05:00:00,597.96,658.0327,60.072693,60.072693
2026-11-12 06:00:00,679.16003,686.7175,7.557495,7.557495
2026-11-12 07:00:00,671.9,705.8956,33.995605,33.995605
2026-11-12 08:00:00,665.55,703.32117,37.77118,37.77118
2026-11-12 09:00:00,669.83,671.8827,2.0526733,2.0526733
2026-11-12 10:00:00,588.38,611.1957,22.815674,22.815674
2026-11-12 11:00:00,571.11,566.957,-4.153015,4.153015
2026-11-12 12:00:00,518.07,543.22986,25.159851,25.159851
2026-11-12 13:00:00,564.55,539.35205,-25.197937,25.197937
2026-11-12 14:00:00,567.72003,560.8903,-6.829712,6.829712
2026-11-12 15:00:00,528.35004,605.4007,77.05066,77.05066
2026-11-12 16:00:00,595.06,670.80005,75.74005,75.74005
2026-11-12 17:00:00,664.71,738.93726,74.227234,74.227234
2026-11-12 18:00:00,702.09,784.2282,82.13818,82.13818
2026-11-12 19:00:00,753.28,796.96216,43.68213,43.68213
2026-11-12 20:00:00,748.39,780.53864,32.14862,32.14862
2026-11-12 21:00:00,675.08,748.7569,73.67688,73.67688
2026-11-12 22:00:00,649.34,707.7515,58.4115,58.4115
2026-11-12 23:00:00,640.93,663.2108,22.280823,22.280823
2026-11-13 00:00:00,651.64,620.8359,-30.804138,30.804138
2026-11-13 01:00:00,631.98,619.1751,-12.804871,12.804871
2026-11-13 02:00:00,609.72003,625.2976,15.577576,15.577576
2026-11-13 03:00:00,604.24,627.71576,23.475769,23.475769
2026-11-13 04:00:00,635.48,632.22974,-3.2502441,3.2502441
2026-11-13 05:00:00,649.86,648.2396,-1.6203613,1.6203613
2026-11-13 06:00:00,674.78,680.7133,5.9332886,5.9332886
2026-11-13 07:00:00,651.8,702.4018,50.601807,50.601807
2026-11-13 08:00:00,668.33,704.7863,36.4563,36.4563
2026-11-13 09:00:00,643.0,679.6867,36.686707,36.686707
2026-11-13 10:00:00,582.52,616.94507,34.42505,34.42505
2026-11-13 11:00:00,576.24,569.9368,-6.3031616,6.3031616
2026-11-13 12:00:00,558.55,544.2024,-14.347595,14.347595
2026-11-13 13:00:00,529.8,537.6348,7.834839,7.834839
2026-11-13 14:00:00,553.12,555.4598,2.3397827,2.3397827
2026-11-13 15:00:00,538.3,595.00037,56.70038,56.70038
2026-11-13 16:00:00,618.47003,662.0847,43.614685,43.614685
2026-11-13 17:00:00,706.15,735.4646,29.314575,29.314575
2026-11-13 18:00:00,744.48,780.1944,35.714417,35.714417
2026-11-13 19:00:00,685.84,793.0492,107.20917,107.20917
2026-11-13 20:00:00,711.66003,779.2944,67.63434,67.63434
2026-11-13 21:00:00,694.32,749.8742,55.5542,55.5542
2026-11-13 22:00:00,603.54004,708.833,105.29297,105.29297
2026-11-13 23:00:00,639.46,651.4639,12.003906,12.003906
2026-11-14 00:00:00,459.02002,527.2333,68.21326,68.21326
2026-11-14 01:00:00,489.04,522.3409,33.300873,33.300873
2026-11-14 02:00:00,494.83002,537.90173,43.071716,43.071716
2026-11-14 03:00:00,489.95,543.26575,53.315735,53.315735
2026-11-14 04:00:00,510.77002,550.82965,40.05963,40.05963
2026-11-14 05:00:00,486.44,564.246,77.80597,77.80597
2026-11-14 06:00:00,575.38,583.72546,8.345459,8.345459
2026-11-14 07:00:00,565.24,603.13245,37.892456,37.892456
2026-11-14 08:00:00,570.9,600.23737,29.337341,29.337341
2026-11-14 09:00:00,562.07,568.17487,6.1048584,6.1048584
2026-11-14 10:00:00,522.06,518.40894,-3.651062,3.651062
2026-11-14 11:00:00,449.15002,476.7055,27.555481,27.555481
2026-11-14 12:00:00,440.73,452.4474,11.717377,11.717377
2026-11-14 13:00:00,466.10004,440.27777,-25.822266,25.822266
2026-11-14 14:00:00,404.41003,453.98883,49.578796,49.578796
2026-11-14 15:00:00,455.11002,486.25317,31.143158,31.143158
2026-11-14 16:00:00,483.44,544.2544,60.814392,60.814392
2026-11-14 17:00:00,552.83,606.6926,53.86261,53.86261
2026-11-14 18:00:00,593.02,661.4851,68.46509,68.46509
2026-11-14 19:00:00,620.02,682.3883,62.368286,62.368286
2026-11-14 20:00:00,626.67,663.289,36.61902,36.61902
2026-11-14 21:00:00,560.03,628.8199,68.789856,68.789856
2026-11-14 22:00:00,574.74,593.8228,19.082825,19.082825
2026-11-14 23:00:00,525.08,557.49207,32.41205,32.41205
2026-11-15 00:00:00,492.86002,564.4281,71.568085,71.568085
2026-11-15 01:00:00,490.23004,564.3613,74.13129,74.13129
2026-11-15 02:00:00,499.97003,554.2954,54.32538,54.32538
2026-11-15 03:00:00,491.90002,546.0023,54.102295,54.102295
2026-11-15 04:00:00,489.32,545.8401,56.52008,56.52008
2026-11-15 05:00:00,525.86,550.434,24.574036,24.574036
2026-11-15 06:00:00,554.43,562.1196,7.689636,7.689636
2026-11-15 07:00:00,578.74,573.0006,-5.73938,5.73938
2026-11-15 08:00:00,596.21,570.8392,-25.37085,25.37085
2026-11-15 09:00:00,531.45,554.7683,23.318298,23.318298
2026-11-15 10:00:00,464.30002,512.96497,48.664948,48.664948
2026-11-15 11:00:00,443.89,470.8726,26.982574,26.982574
2026-11-15 12:00:00,478.55002,448.63455,-29.915466,29.915466
2026-11-15 13:00:00,473.86002,438.54034,-35.31967,35.31967
2026-11-15 14:00:00,454.19,451.4426,-2.747406,2.747406
2026-11-15 15:00:00,502.2,490.03778,-12.162231,12.162231
2026-11-15 16:00:00,510.46002,553.393,42.932983,42.932983
2026-11-15 17:00:00,574.23,615.8865,41.656494,41.656494
2026-11-15 18:00:00,615.99,656.5288,40.53882,40.53882
2026-11-15 19:00:00,642.36,672.9103,30.550293,30.550293
2026-11-15 20:00:00,634.2,652.3646,18.164612,18.164612
2026-11-15 21:00:00,553.11,621.96466,68.854675,68.854675
2026-11-15 22:00:00,528.30005,569.28534,40.98529,40.98529
2026-11-15 23:00:00,523.76,593.75226,69.99225,69.99225
2026-11-16 00:00:00,604.99,648.9123,43.922302,43.922302
2026-11-16 01:00:00,588.28,654.3902,66.11017,66.11017
2026-11-16 02:00:00,580.89,630.5879,49.697876,49.697876
2026-11-16 03:00:00,605.67,629.6546,23.98462,23.98462
2026-11-16 04:00:00,610.53,636.47614,25.946106,25.946106
2026-11-16 05:00:00,654.39,654.32605,-0.063964844,0.063964844
2026-11-16 06:00:00,692.97003,687.22064,-5.7493896,5.7493896
2026-11-16 07:00:00,660.02,707.2566,47.236572,47.236572
2026-11-16 08:00:00,685.61,702.60876,16.99878,16.99878
2026-11-16 09:00:00,605.82,674.46497,68.64496,68.64496
2026-11-16 10:00:00,640.82,615.72614,-25.093872,25.093872
2026-11-16 11:00:00,549.57,570.98724,21.417236,21.417236
2026-11-16 12:00:00,537.18,543.3699,6.1898804,6.1898804
2026-11-16 13:00:00,534.58,537.1555,2.5755005,2.5755005
2026-11-16 14:00:00,564.61,555.59717,-9.012817,9.012817
2026-11-16 15:00:00,581.23,595.97235,14.742371,14.742371
2026-11-16 16:00:00,588.76,662.0942,73.33417,73.33417
2026-11-16 17:00:00,660.2,732.8253,72.625305,72.625305
2026-11-16 18:00:00,718.43,780.4292,61.999207,61.999207
2026-11-16 19:00:00,706.35,789.4661,83.11615,83.11615
2026-11-16 20:00:00,716.11,777.8187,61.70874,61.70874
2026-11-16 21:00:00,661.44,745.922,84.481995,84.481995
2026-11-16 22:00:00,669.53,703.6243,34.0943,34.0943
2026-11-16 23:00:00,616.18,662.7691,46.58911,46.58911
2026-11-17 00:00:00,631.28,633.10986,1.829834,1.829834
2026-11-17 01:00:00,601.68,627.10266,25.422668,25.422668
2026-11-17 02:00:00,594.9,628.58966,33.689636,33.689636
2026-11-17 03:00:00,597.58,630.11505,32.535034,32.535034
2026-11-17 04:00:00,660.84,634.6447,-26.195312,26.195312
2026-11-17 05:00:00,652.64,659.6817,7.041687,7.041687
2026-11-17 06:00:00,665.89,688.3457,22.455688,22.455688
2026-11-17 07:00:00,717.88,704.3991,-13.480896,13.480896
2026-11-17 08:00:00,725.35,700.2988,-25.051147,25.051147
2026-11-17 09:00:00,636.25,673.7045,37.45453,37.45453
2026-11-17 10:00:00,600.22003,618.6246,18.404541,18.404541
2026-11-17 11:00:00,537.72003,572.28296,34.562927,34.562927
2026-11-17 12:00:00,561.81,543.76276,-18.047241,18.047241
2026-11-17 13:00:00,512.42004,539.9683,27.548279,27.548279
2026-11-17 14:00:00,560.86,558.70074,-2.1592407,2.1592407
2026-11-17 15:00:00,581.23,605.4193,24.189331,24.189331
2026-11-17 16:00:00,628.33,675.20557,46.87555,46.87555
2026-11-17 17:00:00,649.09,741.6224,92.53235,92.53235
2026-11-17 18:00:00,752.07,780.59186,28.52185,28.52185
2026-11-17 19:00:00,781.71,789.9032,8.193176,8.193176
2026-11-17 20:00:00,736.81,773.9298,37.119812,37.119812
2026-11-17 21:00:00,711.87,742.2443,30.374329,30.374329
2026-11-17 22:00:00,621.51,702.10077,80.59076,80.59076
2026-11-17 23:00:00,617.5,661.73224,44.23224,44.23224
2026-11-18 00:00:00,645.06,629.9807,-15.079285,15.079285
2026-11-18 01:00:00,640.89,626.3527,-14.5372925,14.5372925
2026-11-18 02:00:00,623.48,628.83844,5.3584595,5.3584595
2026-11-18 03:00:00,607.57,630.95844,23.388428,23.388428
2026-11-18 04:00:00,623.04004,634.8885,11.84845,11.84845
2026-11-18 05:00:00,650.16003,657.36725,7.2072144,7.2072144
2026-11-18 06:00:00,685.76,688.265,2.505005,2.505005
2026-11-18 07:00:00,685.44,709.31024,23.87024,23.87024
2026-11-18 08:00:00,640.89,708.51764,67.627625,67.627625
2026-11-18 09:00:00,647.10004,678.45874,31.358704,31.358704
2026-11-18 10:00:00,575.9,619.67316,43.773132,43.773132
2026-11-18 11:00:00,583.17,572.6944,-10.475586,10.475586
2026-11-18 12:00:00,553.52,545.74646,-7.7735596,7.7735596
2026-11-18 13:00:00,546.86,537.5534,-9.30658,9.30658
2026-11-18 14:00:00,544.89,556.1525,11.262512,11.262512
2026-11-18 15:00:00,582.57,597.186,14.615967,14.615967
2026-11-18 16:00:00,578.67004,668.6437,89.97363,89.97363
2026-11-18 17:00:00,648.62,739.49475,90.874756,90.874756
2026-11-18 18:00:00,706.54004,781.1153,74.57526,74.57526
2026-11-18 19:00:00,724.23,788.89154,64.66156,64.66156
2026-11-18 20:00:00,724.78,773.27734,48.497314,48.497314
2026-11-18 21:00:00,673.15,740.7482,67.598206,67.598206
2026-11-18 22:00:00,626.23,702.5247,76.29474,76.29474
2026-11-18 23:00:00,590.45,660.7122,70.26221,70.26221
2026-11-19 00:00:00,581.61,628.5644,46.954407,46.954407
2026-11-19 01:00:00,627.52,624.95306,-2.5669556,2.5669556
2026-11-19 02:00:00,607.60004,626.4811,18.881042,18.881042
2026-11-19 03:00:00,631.4,630.9857,-0.41430664,0.41430664
2026-11-19 04:00:00,618.44,636.7586,18.318604,18.318604
2026-11-19 05:00:00,636.88,662.2294,25.349365,25.349365
2026-11-19 06:00:00,674.17,692.98883,18.818848,18.818848
2026-11-19 07:00:00,695.83,709.0507,13.220703,13.220703
2026-11-19 08:00:00,694.02,704.6769,10.65686,10.65686
2026-11-19 09:00:00,644.88,674.8547,29.97467,29.97467
2026-11-19 10:00:00,579.88,617.62836,37.748352,37.748352
2026-11-19 11:00:00,524.57,570.75586,46.185852,46.185852
2026-11-19 12:00:00,543.13,542.2809,-0.8491211,0.8491211
2026-11-19 13:00:00,518.7,536.64294,17.942932,17.942932
2026-11-19 14:00:00,564.7,556.72296,-7.977051,7.977051
2026-11-19 15:00:00,557.48,600.8013,43.32129,43.32129
2026-11-19 16:00:00,560.39,668.3146,107.92456,107.92456
2026-11-19 17:00:00,651.64,735.6131,83.97308,83.97308
2026-11-19 18:00:00,735.22003,779.2016,43.981567,43.981567
2026-11-19 19:00:00,724.75,789.2699,64.5199,64.5199
2026-11-19 20:00:00,719.79004,775.30457,55.514526,55.514526
2026-11-19 21:00:00,692.79,743.0841,50.29413,50.29413
2026-11-19 22:00:00,629.43,702.52655,73.09656,73.09656
2026-11-19 23:00:00,592.85004,657.42017,64.57013,64.57013
2026-11-20 00:00:00,609.03,618.33026,9.300232,9.300232
2026-11-20 01:00:00,602.14,616.21454,14.074524,14.074524
2026-11-20 02:00:00,624.25,621.3706,-2.8793945,2.8793945
2026-11-20 03:00:00,613.32,627.8833,14.563293,14.563293
2026-11-20 04:00:00,561.82,633.1953,71.375305,71.375305
2026-11-20 05:00:00,659.09,651.79254,-7.2974854,7.2974854
2026-11-20 06:00:00,689.91003,685.3646,-4.54541,4.54541
2026-11-20 07:00:00,683.47003,705.20264,21.732605,21.732605
2026-11-20 08:00:00,654.49,703.9414,49.451416,49.451416
2026-11-20 09:00:00,626.53,677.2644,50.734375,50.734375
2026-11-20 10:00:00,584.75,618.5904,33.840393,33.840393
2026-11-20 11:00:00,575.34,571.7663,-3.5737305,3.5737305
2026-11-20 12:00:00,556.65,544.83044,-11.81958,11.81958
2026-11-20 13:00:00,543.65,538.0853,-5.5646973,5.5646973
2026-11-20 14:00:00,502.30002,556.16846,53.86844,53.86844
2026-11-20 15:00:00,531.62,593.98596,62.365967,62.365967
2026-11-20 16:00:00,653.75,662.0652,8.315186,8.315186
2026-11-20 17:00:00,674.55,733.96533,59.415344,59.415344
2026-11-20 18:00:00,94.58008,777.05536,682.4753,682.4753
2026-11-20 19:00:00,772.03,765.0815,-6.9485474,6.9485474
2026-11-20 20:00:00,751.79004,750.4718,-1.3182373,1.3182373
2026-11-20 21:00:00,693.54004,721.9816,28.44159,28.44159
2026-11-20 22:00:00,639.39,685.1027,45.712708,45.712708
2026-11-20 23:00:00,634.67,632.5251,-2.1448975,2.1448975
2026-11-21 00:00:00,485.94,519.0647,33.124695,33.124695
2026-11-21 01:00:00,504.2,524.3959,20.195862,20.195862
2026-11-21 02:00:00,504.34003,540.0647,35.72467,35.72467
2026-11-21 03:00:00,541.93,544.9803,3.050293,3.050293
2026-11-21 04:00:00,515.15,550.66675,35.516724,35.516724
2026-11-21 05:00:00,532.36,559.73303,27.373047,27.373047
2026-11-21 06:00:00,562.34,574.4918,12.151794,12.151794
2026-11-21 07:00:00,580.65,593.9531,13.303101,13.303101
2026-11-21 08:00:00,533.09,594.9154,61.82538,61.82538
2026-11-21 09:00:00,553.73,568.0804,14.350403,14.350403
2026-11-21 10:00:00,499.86002,522.07056,22.21054,22.21054
2026-11-21 11:00:00,424.74,478.4364,53.69641,53.69641
2026-11-21 12:00:00,382.21002,454.37476,72.164734,72.164734
2026-11-21 13:00:00,390.06,439.5335,49.47351,49.47351
2026-11-21 14:00:00,459.48,450.81064,-8.669373,8.669373
2026-11-21 15:00:00,468.91003,483.33813,14.428101,14.428101
2026-11-21 16:00:00,514.67,542.29675,27.62677,27.62677
2026-11-21 17:00:00,570.38,608.11945,37.73944,37.73944
2026-11-21 18:00:00,624.49,658.61597,34.125977,34.125977
2026-11-21 19:00:00,591.68,681.80585,90.125854,90.125854
2026-11-21 20:00:00,582.03,664.4146,82.38458,82.38458
2026-11-21 21:00:00,580.95,627.6917,46.7417,46.7417
2026-11-21 22:00:00,512.8,592.3869,79.586914,79.586914
2026-11-21 23:00:00,492.81,567.1773,74.36731,74.36731
2026-11-22 00:00:00,527.80005,597.85834,70.05829,70.05829
2026-11-22 01:00:00,516.09,582.402,66.31195,66.31195
2026-11-22 02:00:00,441.86002,560.3018,118.4418,118.4418
2026-11-22 03:00:00,481.7,544.7738,63.07379,63.07379
2026-11-22 04:00:00,504.02002,543.88654,39.866516,39.866516
2026-11-22 05:00:00,498.96002,549.7755,50.81549,50.81549
2026-11-22 06:00:00,571.19,563.7985,-7.3914795,7.3914795
2026-11-22 07:00:00,522.61,575.4189,52.8089,52.8089
2026-11-22 08:00:00,556.32,574.1195,17.7995,17.7995
2026-11-22 09:00:00,535.61,554.3205,18.71051,18.71051
2026-11-22 10:00:00,494.44,515.62085,21.180847,21.180847
2026-11-22 11:00:00,441.88,469.3709,27.490906,27.490906
2026-11-22 12:00:00,385.23,447.34256,62.11255,62.11255
2026-11-22 13:00:00,435.56,435.7795,0.21951294,0.21951294
2026-11-22 14:00:00,419.43002,448.8457,29.41568,29.41568
2026-11-22 15:00:00,449.44,484.45294,35.01294,35.01294
2026-11-22 16:00:00,468.42,543.6897,75.269684,75.269684
2026-11-22 17:00:00,560.68,606.14905,45.469055,45.469055
2026-11-22 18:00:00,616.04004,646.868,30.827942,30.827942
2026-11-22 19:00:00,625.35004,663.8938,38.543762,38.543762
2026-11-22 20:00:00,559.79004,651.84454,92.054504,92.054504
2026-11-22 21:00:00,595.91003,622.395,26.484985,26.484985
2026-11-22 22:00:00,549.52,576.4333,26.913269,26.913269
2026-11-22 23:00:00,530.83,581.2125,50.382507,50.382507
2026-11-23 00:00:00,599.56,631.03064,31.470642,31.470642
2026-11-23 01:00:00,606.06,643.25476,37.194763,37.194763
2026-11-23 02:00:00,603.64,629.2644,25.62439,25.62439
2026-11-23 03:00:00,614.99,629.9788,14.988831,14.988831
2026-11-23 04:00:00,591.66003,636.13007,44.47003,44.47003
2026-11-23 05:00:00,630.57,658.5585,27.988464,27.988464
2026-11-23 06:00:00,676.81,686.4338,9.623779,9.623779
2026-11-23 07:00:00,670.1,704.0542,33.954224,33.954224
2026-11-23 08:00:00,686.11,700.8612,14.751221,14.751221
2026-11-23 09:00:00,685.87,677.66644,-8.203552,8.203552
2026-11-23 10:00:00,595.02,629.42426,34.404236,34.404236
2026-11-23 11:00:00,556.42004,580.8402,24.420166,24.420166
2026-11-23 12:00:00,597.35004,548.15295,-49.197083,49.197083
2026-11-23 13:00:00,556.14,539.6846,-16.455444,16.455444
2026-11-23 14:00:00,589.83,558.8793,-30.950745,30.950745
2026-11-23 15:00:00,578.38,602.5434,24.163391,24.163391
2026-11-23 16:00:00,596.78,674.9565,78.17645,78.17645
2026-11-23 17:00:00,692.1,738.62006,46.52008,46.52008
2026-11-23 18:00:00,703.48,778.7563,75.276306,75.276306
2026-11-23 19:00:00,784.25,787.44946,3.199463,3.199463
2026-11-23 20:00:00,735.18,770.07574,34.895752,34.895752
2026-11-23 21:00:00,647.44,736.8548,89.414795,89.414795
2026-11-23 22:00:00,653.64,700.50287,46.862854,46.862854
2026-11-23 23:00:00,640.05,663.10925,23.059265,23.059265
2026-11-24 00:00:00,590.12,633.34717,43.227173,43.227173
2026-11-24 01:00:00,620.8,626.3414,5.541382,5.541382
2026-11-24 02:00:00,596.38,629.71356,33.333557,33.333557
2026-11-24 03:00:00,637.72003,631.91925,-5.8007812,5.8007812
2026-11-24 04:00:00,601.08,639.31287,38.23285,38.23285
2026-11-24 05:00:00,664.28,662.0226,-2.2574463,2.2574463
2026-11-24 06:00:00,667.03,690.08075,23.05072,23.05072
2026-11-24 07:00:00,656.86,708.82416,51.964172,51.964172
2026-11-24 08:00:00,641.39,700.5717,59.1817,59.1817
2026-11-24 09:00:00,625.09,667.0734,41.9834,41.9834
2026-11-24 10:00:00,563.95,610.23413,46.28412,46.28412
2026-11-24 11:00:00,558.75,567.1242,8.374207,8.374207
2026-11-24 12:00:00,502.28003,542.7217,40.44165,40.44165
2026-11-24 13:00:00,508.55002,536.2324,27.682404,27.682404
2026-11-24 14:00:00,546.36,554.2546,7.8945923,7.8945923
2026-11-24 15:00:00,588.58,596.1666,7.586609,7.586609
2026-11-24 16:00:00,587.22003,667.2382,80.01819,80.01819
2026-11-24 17:00:00,661.17,733.5851,72.4151,72.4151
2026-11-24 18:00:00,706.41003,777.02795,70.61792,70.61792
2026-11-24 19:00:00,742.9,783.4106,40.51056,40.51056
2026-11-24 20:00:00,702.17,764.2639,62.093933,62.093933
2026-11-24 21:00:00,661.17,727.05566,65.88568,65.88568
2026-11-24 22:00:00,651.48,687.0025,35.522522,35.522522
2026-11-24 23:00:00,611.02,649.62524,38.605225,38.605225
2026-11-25 00:00:00,593.25,622.4497,29.199707,29.199707
2026-11-25 01:00:00,644.36,620.20325,-24.156738,24.156738
2026-11-25 02:00:00,583.41003,625.05505,41.64502,41.64502
2026-11-25 03:00:00,615.88,629.8848,14.004822,14.004822
2026-11-25 04:00:00,624.63,632.0063,7.3762817,7.3762817
2026-11-25 05:00:00,630.7,653.5007,22.80066,22.80066
2026-11-25 06:00:00,684.56,682.27924,-2.2807617,2.2807617
2026-11-25 07:00:00,653.91003,699.3909,45.480896,45.480896
2026-11-25 08:00:00,653.63,695.989,42.35901,42.35901
2026-11-25 09:00:00,630.24,667.7003,37.460327,37.460327
2026-11-25 10:00:00,626.14,615.9462,-10.193787,10.193787
2026-11-25 11:00:00,558.97003,573.78235,14.812317,14.812317
2026-11-25 12:00:00,513.93,544.58325,30.65326,30.65326
2026-11-25 13:00:00,549.22003,537.7443,-11.475708,11.475708
2026-11-25 14:00:00,534.57,556.9743,22.404297,22.404297
2026-11-25 15:00:00,551.24,602.2262,50.986206,50.986206
2026-11-25 16:00:00,633.42,672.0981,38.6781,38.6781
2026-11-25 17:00:00,692.1,745.541,53.44104,53.44104
2026-11-25 18:00:00,698.14,787.4593,89.319275,89.319275
2026-11-25 19:00:00,743.11,795.46814,52.358154,52.358154
2026-11-25 20:00:00,684.62,778.23224,93.61224,93.61224
2026-11-25 21:00:00,698.19,742.7595,44.56952,44.56952
2026-11-25 22:00:00,662.9,701.62274,38.722717,38.722717
2026-11-25 23:00:00,624.02,660.4859,36.46588,36.46588
2026-11-26 00:00:00,599.60004,630.5605,30.96045,30.96045
2026-11-26 01:00:00,613.0,626.5664,13.566406,13.566406
2026-11-26 02:00:00,601.31,626.43506,25.125061,25.125061
2026-11-26 03:00:00,639.29004,628.5225,-10.767517,10.767517
2026-11-26 04:00:00,654.26,632.6399,-21.620117,21.620117
2026-11-26 05:00:00,645.28,655.7842,10.50415,10.50415
2026-11-26 06:00:00,682.51,686.8046,4.2946167,4.2946167
2026-11-26 07:00:00,662.14,704.8584,42.718384,42.718384
2026-11-26 08:00:00,674.41003,702.80554,28.395508,28.395508
2026-11-26 09:00:00,656.26,675.5625,19.30249,19.30249
2026-11-26 10:00:00,571.61,625.94086,54.33087,54.33087
2026-11-26 11:00:00,598.39,577.60175,-20.788269,20.788269
2026-11-26 12:00:00,601.98,548.5534,-53.426575,53.426575
2026-11-26 13:00:00,537.47003,539.40985,1.9398193,1.9398193
2026-11-26 14:00:00,582.60004,554.7004,-27.899658,27.899658
2026-11-26 15:00:00,552.0,595.47186,43.471863,43.471863
2026-11-26 16:00:00,545.53,662.3106,116.78058,116.78058
2026-11-26 17:00:00,654.65,727.4629,72.81287,72.81287
2026-11-26 18:00:00,694.03,769.85455,75.824524,75.824524
2026-11-26 19:00:00,739.25,782.68884,43.438843,43.438843
2026-11-26 20:00:00,691.65,767.5614,75.91138,75.91138
2026-11-26 21:00:00,699.72003,728.7707,29.05066,29.05066
2026-11-26 22:00:00,673.37,686.4466,13.076599,13.076599
2026-11-26 23:00:00,579.0,643.78015,64.78015,64.78015
2026-11-27 00:00:00,580.48,602.2788,21.798828,21.798828
2026-11-27 01:00:00,577.8,614.0385,36.238525,36.238525
2026-11-27 02:00:00,552.62,621.86505,69.245056,69.245056
2026-11-27 03:00:00,630.59,624.7485,-5.8415527,5.8415527
2026-11-27 04:00:00,597.33,630.96893,33.638916,33.638916
2026-11-27 05:00:00,646.47003,648.779,2.30896,2.30896
2026-11-27 06:00:00,651.26,682.0691,30.809082,30.809082
2026-11-27 07:00:00,651.74,703.4037,51.663696,51.663696
2026-11-27 08:00:00,664.74,701.9241,37.184082,37.184082
2026-11-27 09:00:00,624.4,676.23535,51.835327,51.835327
2026-11-27 10:00:00,591.8,616.3981,24.598083,24.598083
2026-11-27 11:00:00,552.96,570.9951,18.035095,18.035095
2026-11-27 12:00:00,566.02,543.1857,-22.83429,22.83429
2026-11-27 13:00:00,544.29004,537.1381,-7.1519165,7.1519165
2026-11-27 14:00:00,551.07,556.80707,5.7370605,5.7370605
2026-11-27 15:00:00,552.24,599.58844,47.34845,47.34845
2026-11-27 16:00:00,608.03,671.6767,63.646667,63.646667
2026-11-27 17:00:00,675.14,736.27637,61.136353,61.136353
2026-11-27 18:00:00,708.92,775.72986,66.809875,66.809875
2026-11-27 19:00:00,755.1,784.9826,29.88263,29.88263
2026-11-27 20:00:00,720.06,766.9597,46.89972,46.89972
2026-11-27 21:00:00,683.42,734.01416,50.594177,50.594177
2026-11-27 22:00:00,626.13,692.80597,66.675964,66.675964
2026-11-27 23:00:00,601.33,637.34326,36.013245,36.013245
2026-11-28 00:00:00,473.65002,513.0299,39.379883,39.379883
2026-11-28 01:00:00,495.43,519.3858,23.95581,23.95581
2026-11-28 02:00:00,507.2,539.8048,32.604797,32.604797
2026-11-28 03:00:00,491.72003,542.3835,50.663452,50.663452
2026-11-28 04:00:00,492.22003,546.71265,54.492615,54.492615
2026-11-28 05:00:00,525.04004,558.477,33.43695,33.43695
2026-11-28 06:00:00,583.73,581.76276,-1.9672241,1.9672241
2026-11-28 07:00:00,539.75,603.7171,63.967102,63.967102
2026-11-28 08:00:00,564.22003,599.46747,35.247437,35.247437
2026-11-28 09:00:00,523.35,569.1162,45.766235,45.766235
2026-11-28 10:00:00,452.31003,518.87726,66.56723,66.56723
2026-11-28 11:00:00,457.53003,472.48096,14.950928,14.950928
2026-11-28 12:00:00,458.48004,451.43488,-7.045166,7.045166
2026-11-28 13:00:00,422.52002,439.88995,17.369934,17.369934
2026-11-28 14:00:00,446.34003,453.02927,6.6892395,6.6892395
2026-11-28 15:00:00,469.30002,490.18945,20.889435,20.889435
2026-11-28 16:00:00,515.54004,550.70734,35.167297,35.167297
2026-11-28 17:00:00,522.06,614.80023,92.740234,92.740234
2026-11-28 18:00:00,617.35004,660.9493,43.599243,43.599243
2026-11-28 19:00:00,630.43,678.4978,48.06781,48.06781
2026-11-28 20:00:00,596.18,657.5767,61.39673,61.39673
2026-11-28 21:00:00,546.56,623.54974,76.989746,76.989746
2026-11-28 22:00:00,584.09,586.22217,2.132141,2.132141
2026-11-28 23:00:00,536.91003,556.76105,19.851013,19.851013
2026-11-29 00:00:00,513.18,577.9045,64.72449,64.72449
2026-11-29 01:00:00,523.13,572.2879,49.157898,49.157898
2026-11-29 02:00:00,531.13,564.5308,33.400818,33.400818
2026-11-29 03:00:00,495.48,555.4786,59.998566,59.998566
2026-11-29 04:00:00,540.64,551.2061,10.566101,10.566101
2026-11-29 05:00:00,512.79004,553.35297,40.562927,40.562927
2026-11-29 06:00:00,539.47003,558.63855,19.168518,19.168518
2026-11-29 07:00:00,565.49,569.5732,4.083191,4.083191
2026-11-29 08:00:00,523.29004,571.77637,48.48633,48.48633
2026-11-29 09:00:00,549.93,554.1155,4.185486,4.185486
2026-11-29 10:00:00,473.63,512.95325,39.323242,39.323242
2026-11-29 11:00:00,444.14,470.92722,26.7872,26.7872
2026-11-29 12:00:00,437.24002,448.16544,10.925415,10.925415
2026-11-29 13:00:00,401.68,438.52234,36.842346,36.842346
2026-11-29 14:00:00,399.23,449.9894,50.7594,50.7594
2026-11-29 15:00:00,429.67,484.7253,55.055298,55.055298
2026-11-29 16:00:00,503.74,545.7937,42.05371,42.05371
2026-11-29 17:00:00,512.3,611.7041,99.40411,99.40411
2026-11-29 18:00:00,585.95,653.81683,67.86682,67.86682
2026-11-29 19:00:00,594.76,668.7916,74.03162,74.03162
2026-11-29 20:00:00,600.89,647.49255,46.60254,46.60254
2026-11-29 21:00:00,567.42004,619.7036,52.28357,52.28357
2026-11-29 22:00:00,531.41003,576.547,45.136963,45.136963
2026-11-29 23:00:00,502.45,586.8118,84.36182,84.36182
2026-11-30 00:00:00,624.63,640.5535,15.923523,15.923523
2026-11-30 01:00:00,613.43,651.4734,38.043396,38.043396
2026-11-30 02:00:00,626.54004,629.7152,3.175171,3.175171
2026-11-30 03:00:00,610.92,630.9848,20.06482,20.06482
2026-11-30 04:00:00,633.98,636.6071,2.6271362,2.6271362
2026-11-30 05:00:00,615.31,648.5641,33.25409,33.25409
2026-11-30 06:00:00,658.97003,678.2147,19.24469,19.24469
2026-11-30 07:00:00,709.19,698.43695,-10.753052,10.753052
2026-11-30 08:00:00,685.54,699.55194,14.011963,14.011963
2026-11-30 09:00:00,658.3,677.26105,18.96106,18.96106
2026-11-30 10:00:00,598.81,631.84094,33.030945,33.030945
2026-11-30 11:00:00,537.34,584.0073,46.667297,46.667297
2026-11-30 12:00:00,533.34,549.0763,15.736267,15.736267
2026-11-30 13:00:00,499.32,537.57654,38.25653,38.25653
2026-11-30 14:00:00,555.31,553.6959,-1.6140747,1.6140747
2026-11-30 15:00:00,588.57,593.541,4.9710083,4.9710083
2026-11-30 16:00:00,607.63,659.39496,51.764954,51.764954
2026-11-30 17:00:00,627.82,725.03217,97.21216,97.21216
2026-11-30 18:00:00,660.92,770.61145,109.69147,109.69147
2026-11-30 19:00:00,751.68,779.2407,27.56073,27.56073
2026-11-30 20:00:00,722.37,762.71124,40.341248,40.341248
2026-11-30 21:00:00,670.16003,731.56506,61.40503,61.40503
2026-11-30 22:00:00,661.28,696.506,35.225952,35.225952
2026-11-30 23:00:00,609.83,657.512,47.682007,47.682007
2026-12-01 00:00:00,595.3,627.8131,32.513123,32.513123
2026-12-01 01:00:00,663.2,623.3225,-39.877502,39.877502
2026-12-01 02:00:00,599.3,628.6,29.299988,29.299988
2026-12-01 03:00:00,550.23,630.7607,80.5307,80.5307
2026-12-01 04:00:00,610.49,636.4595,25.969482,25.969482
2026-12-01 05:00:00,603.36,657.0021,53.64209,53.64209
2026-12-01 06:00:00,639.04004,680.6437,41.603638,41.603638
2026-12-01 07:00:00,661.16003,698.6135,37.45349,37.45349
2026-12-01 08:00:00,642.83,695.0521,52.222107,52.222107
2026-12-01 09:00:00,670.02,664.65045,-5.369568,5.369568
2026-12-01 10:00:00,590.81,612.0199,21.2099,21.2099
2026-12-01 11:00:00,593.06,572.9452,-20.114807,20.114807
2026-12-01 12:00:00,505.09003,546.8679,41.777893,41.777893
2026-12-01 13:00:00,534.94,537.0635,2.1234741,2.1234741
2026-12-01 14:00:00,551.12,557.9101,6.7901,6.7901
2026-12-01 15:00:00,535.94,598.6258,62.68579,62.68579
2026-12-01 16:00:00,602.15,665.89923,63.749207,63.749207
2026-12-01 17:00:00,666.34,731.8342,65.4942,65.4942
2026-12-01 18:00:00,707.97,774.00964,66.03967,66.03967
2026-12-01 19:00:00,755.31,779.46814,24.158142,24.158142
2026-12-01 20:00:00,743.37,760.04,16.669983,16.669983
2026-12-01 21:00:00,716.53,726.6625,10.132446,10.132446
2026-12-01 22:00:00,683.53,688.5838,5.053772,5.053772
2026-12-01 23:00:00,616.34,650.37274,34.032715,34.032715
2026-12-02 00:00:00,612.08,622.2418,10.161804,10.161804
2026-12-02 01:00:00,603.78,620.9822,17.202148,17.202148
2026-12-02 02:00:00,625.51,624.5351,-0.97491455,0.97491455
2026-12-02 03:00:00,649.37,629.70337,-19.666626,19.666626
2026-12-02 04:00:00,643.16003,632.29266,-10.867371,10.867371
2026-12-02 05:00:00,664.65,649.87225,-14.777771,14.777771
2026-12-02 06:00:00,645.92,681.58136,35.661377,35.661377
2026-12-02 07:00:00,683.42,698.8783,15.458313,15.458313
2026-12-02 08:00:00,693.38,700.52454,7.1445312,7.1445312
2026-12-02 09:00:00,630.12,676.5263,46.40631,46.40631
2026-12-02 10:00:00,554.19,624.99524,70.80524,70.80524
2026-12-02 11:00:00,606.49,576.7174,-29.772583,29.772583
2026-12-02 12:00:00,514.59,547.7543,33.164246,33.164246
2026-12-02 13:00:00,514.35004,539.53815,25.18811,25.18811
2026-12-02 14:00:00,508.62,557.905,49.285034,49.285034
2026-12-02 15:00:00,575.79004,598.65375,22.863708,22.863708
2026-12-02 16:00:00,600.09,661.27,61.179993,61.179993
2026-12-02 17:00:00,686.9,728.85803,41.958008,41.958008
2026-12-02 18:00:00,732.19,773.9774,41.787415,41.787415
2026-12-02 19:00:00,725.07,788.06793,62.997925,62.997925
2026-12-02 20:00:00,702.75,770.8927,68.1427,68.1427
2026-12-02 21:00:00,733.49,739.5359,6.0458984,6.0458984
2026-12-02 22:00:00,652.24,702.05304,49.81305,49.81305
2026-12-02 23:00:00,661.29,662.2455,0.9555054,0.9555054
2026-12-03 00:00:00,622.77,629.06506,6.295044,6.295044
2026-12-03 01:00:00,628.24,622.90466,-5.335327,5.335327
2026-12-03 02:00:00,589.95,626.0227,36.072693,36.072693
2026-12-03 03:00:00,612.2,629.5277,17.327698,17.327698
2026-12-03 04:00:00,644.68,631.9017,-12.77832,12.77832
2026-12-03 05:00:00,606.69,648.2503,41.560303,41.560303
2026-12-03 06:00:00,655.3,675.8046,20.504639,20.504639
2026-12-03 07:00:00,688.47003,694.17737,5.7073364,5.7073364
2026-12-03 08:00:00,649.65,697.3572,47.707153,47.707153
2026-12-03 09:00:00,588.56,672.807,84.24701,84.24701
2026-12-03 10:00:00,626.04004,622.4072,-3.6328125,3.6328125
2026-12-03 11:00:00,552.94,576.322,23.382019,23.382019
2026-12-03 12:00:00,565.49,546.31067,-19.179321,19.179321
2026-12-03 13:00:00,553.06,540.07983,-12.980164,12.980164
2026-12-03 14:00:00,553.10004,552.3068,-0.7932129,0.7932129
2026-12-03 15:00:00,559.27,596.32355,37.053528,37.053528
2026-12-03 16:00:00,575.88,677.7065,101.82648,101.82648
2026-12-03 17:00:00,668.37,749.1423,80.77228,80.77228
2026-12-03 18:00:00,728.63,797.67456,69.044556,69.044556
2026-12-03 19:00:00,725.02,802.5764,77.5564,77.5564
2026-12-03 20:00:00,727.7,778.6012,50.901184,50.901184
2026-12-03 21:00:00,692.83,737.81354,44.98352,44.98352
2026-12-03 22:00:00,644.53,692.97046,48.44043,48.44043
2026-12-03 23:00:00,624.92,643.98474,19.064758,19.064758
2026-12-04 00:00:00,597.08,572.78284,-24.29718,24.29718
2026-12-04 01:00:00,610.78,604.84143,-5.9385986,5.9385986
2026-12-04 02:00:00,616.46,617.5224,1.0623779,1.0623779
2026-12-04 03:00:00,542.34,623.9536,81.61359,81.61359
2026-12-04 04:00:00,604.23,627.87604,23.646057,23.646057
2026-12-04 05:00:00,673.91003,635.85974,-38.050293,38.050293
2026-12-04 06:00:00,649.74,669.5418,19.801819,19.801819
2026-12-04 07:00:00,701.25,694.5057,-6.7443237,6.7443237
2026-12-04 08:00:00,659.07,700.19305,41.123047,41.123047
2026-12-04 09:00:00,664.49,676.4573,11.967285,11.967285
2026-12-04 10:00:00,602.29004,623.69543,21.405396,21.405396
2026-12-04 11:00:00,576.05,576.04175,-0.008239746,0.008239746
2026-12-04 12:00:00,557.58,548.6235,-8.956543,8.956543
2026-12-04 13:00:00,505.19,539.91705,34.72705,34.72705
2026-12-04 14:00:00,569.32,556.7363,-12.583679,12.583679
2026-12-04 15:00:00,563.48,596.40265,32.92267,32.92267
2026-12-04 16:00:00,638.93,664.00946,25.079468,25.079468
2026-12-04 17:00:00,652.84,734.08826,81.24823,81.24823
2026-12-04 18:00:00,730.56,776.5219,45.961914,45.961914
2026-12-04 19:00:00,723.22,787.11914,63.89917,63.89917
2026-12-04 20:00:00,709.28,772.3388,63.058777,63.058777
2026-12-04 21:00:00,694.66003,740.51776,45.857727,45.857727
2026-12-04 22:00:00,623.84,698.1323,74.2923,74.2923
2026-12-04 23:00:00,619.64,636.88855,17.248535,17.248535
2026-12-05 00:00:00,531.18,515.6342,-15.545776,15.545776
2026-12-05 01:00:00,501.59003,519.8643,18.274292,18.274292
2026-12-05 02:00:00,495.97003,535.5321,39.562073,39.562073
2026-12-05 03:00:00,540.74,542.38477,1.6447754,1.6447754
2026-12-05 04:00:00,504.42,551.0608,46.640778,46.640778
2026-12-05 05:00:00,545.72003,563.3614,17.641357,17.641357
2026-12-05 06:00:00,557.13,580.20703,23.077026,23.077026
2026-12-05 07:00:00,615.88,601.8107,-14.069275,14.069275
2026-12-05 08:00:00,582.92,601.1325,18.212524,18.212524
2026-12-05 09:00:00,542.75,575.54,32.789978,32.789978
2026-12-05 10:00:00,443.87,531.45056,87.58057,87.58057
2026-12-05 11:00:00,433.47003,481.83057,48.360535,48.360535
2026-12-05 12:00:00,472.48,453.07715,-19.402863,19.402863
2026-12-05 13:00:00,461.10004,441.01172,-20.088318,20.088318
2026-12-05 14:00:00,411.74,453.09088,41.35089,41.35089
2026-12-05 15:00:00,466.91003,486.13525,19.22522,19.22522
2026-12-05 16:00:00,483.29,543.5445,60.254486,60.254486
2026-12-05 17:00:00,565.57,608.42676,42.85675,42.85675
2026-12-05 18:00:00,573.89,657.74634,83.85632,83.85632
2026-12-05 19:00:00,612.01,673.1863,61.17627,61.17627
2026-12-05 20:00:00,626.5,653.25256,26.752563,26.752563
2026-12-05 21:00:00,564.71,622.1159,57.405884,57.405884
2026-12-05 22:00:00,541.41003,584.9103,43.500244,43.500244
2026-12-05 23:00:00,538.87,552.2312,13.361206,13.361206
2026-12-06 00:00:00,520.53,570.7096,50.179565,50.179565
2026-12-06 01:00:00,487.25,566.29004,79.04004,79.04004
2026-12-06 02:00:00,478.72003,551.9288,73.20874,73.20874
2026-12-06 03:00:00,494.54,543.7621,49.222076,49.222076
2026-12-06 04:00:00,495.01,545.7992,50.789185,50.789185
2026-12-06 05:00:00,492.37003,548.8765,56.5065,56.5065
2026-12-06 06:00:00,574.42,555.5529,-18.867065,18.867065
2026-12-06 07:00:00,528.26,567.73816,39.47815,39.47815
2026-12-06 08:00:00,561.29004,567.8875,6.597473,6.597473
2026-12-06 09:00:00,533.47003,554.9848,21.51477,21.51477
2026-12-06 10:00:00,468.25,516.8146,48.564575,48.564575
2026-12-06 11:00:00,477.26,473.12347,-4.1365356,4.1365356
2026-12-06 12:00:00,457.30002,449.41602,-7.8840027,7.8840027
2026-12-06 13:00:00,417.37,436.85797,19.487976,19.487976
2026-12-06 14:00:00,431.88,447.06995,15.189941,15.189941
2026-12-06 15:00:00,471.34003,486.05627,14.716248,14.716248
2026-12-06 16:00:00,490.76,545.35236,54.592346,54.592346
2026-12-06 17:00:00,578.39,609.3633,30.973267,30.973267
2026-12-06 18:00:00,605.98,649.2345,43.254517,43.254517
2026-12-06 19:00:00,622.3,661.26117,38.96118,38.96118
2026-12-06 20:00:00,596.94,645.6023,48.662292,48.662292
2026-12-06 21:00:00,561.31,614.8103,53.500305,53.500305
2026-12-06 22:00:00,531.93,562.3877,30.457703,30.457703
2026-12-06 23:00:00,500.39,587.5044,87.11438,87.11438
2026-12-07 00:00:00,651.69,643.21924,-8.470764,8.470764
2026-12-07 01:00:00,604.85004,654.3582,49.50818,49.50818
2026-12-07 02:00:00,594.4,633.01416,38.614136,38.614136
2026-12-07 03:00:00,622.06,630.2489,8.188904,8.188904
2026-12-07 04:00:00,652.71,636.076,-16.634033,16.634033
2026-12-07 05:00:00,607.39,654.2654,46.875366,46.875366
2026-12-07 06:00:00,664.49,686.934,22.44403,22.44403
2026-12-07 07:00:00,672.89,705.15424,32.26422,32.26422
2026-12-07 08:00:00,637.46,701.93915,64.479126,64.479126
2026-12-07 09:00:00,601.37,678.3253,76.95532,76.95532
2026-12-07 10:00:00,566.84,629.66174,62.821716,62.821716
2026-12-07 11:00:00,559.68,578.81433,19.134338,19.134338
2026-12-07 12:00:00,505.07,550.05914,44.989136,44.989136
2026-12-07 13:00:00,523.46,538.07166,14.611633,14.611633
2026-12-07 14:00:00,542.48,553.7719,11.291931,11.291931
2026-12-07 15:00:00,545.33,592.2268,46.89679,46.89679
2026-12-07 16:00:00,631.23,652.3735,21.143494,21.143494
2026-12-07 17:00:00,668.39,722.9617,54.571655,54.571655
2026-12-07 18:00:00,704.73,773.0407,68.31073,68.31073
2026-12-07 19:00:00,724.92,787.98846,63.06848,63.06848
2026-12-07 20:00:00,727.75,772.9887,45.23871,45.23871
2026-12-07 21:00:00,658.9,738.43304,79.53302,79.53302
2026-12-07 22:00:00,618.29004,698.787,80.49695,80.49695
2026-12-07 23:00:00,583.65,657.5486,73.89856,73.89856
2026-12-08 00:00:00,509.96002,625.81586,115.855835,115.855835
2026-12-08 01:00:00,486.2,587.9839,101.783875,101.783875
2026-12-08 02:00:00,450.69,543.0558,92.36578,92.36578
2026-12-08 03:00:00,547.3,534.1724,-13.127563,13.127563
2026-12-08 04:00:00,571.97003,544.4552,-27.514832,27.514832
2026-12-08 05:00:00,530.64,557.4797,26.83966,26.83966
2026-12-08 06:00:00,611.55,572.47906,-39.070923,39.070923
2026-12-08 07:00:00,579.26,593.8231,14.56311,14.56311
2026-12-08 08:00:00,592.72003,595.3687,2.6486816,2.6486816
2026-12-08 09:00:00,557.65,579.01373,21.363708,21.363708
2026-12-08 10:00:00,490.27002,543.19775,52.927734,52.927734
2026-12-08 11:00:00,438.63,488.5728,49.94281,49.94281
2026-12-08 12:00:00,424.79004,452.55762,27.767578,27.767578
2026-12-08 13:00:00,393.14,439.12952,45.989502,45.989502
2026-12-08 14:00:00,405.49002,465.90347,60.413452,60.413452
2026-12-08 15:00:00,439.93,518.7792,78.84918,78.84918
2026-12-08 16:00:00,539.74,582.3087,42.568726,42.568726
2026-12-08 17:00:00,581.07,633.745,52.674988,52.674988
2026-12-08 18:00:00,579.39,675.74896,96.35895,96.35895
2026-12-08 19:00:00,641.96,686.4719,44.5119,44.5119
2026-12-08 20:00:00,630.56,669.1947,38.634705,38.634705
2026-12-08 21:00:00,560.26,637.0314,76.77136,76.77136
2026-12-08 22:00:00,525.03,602.648,77.61798,77.61798
2026-12-08 23:00:00,531.22003,567.021,35.800964,35.800964
2026-12-09 00:00:00,602.09,558.36847,-43.721558,43.721558
2026-12-09 01:00:00,586.61,597.03986,10.429871,10.429871
2026-12-09 02:00:00,609.01,609.3536,0.3435669,0.3435669
2026-12-09 03:00:00,609.15,619.4083,10.258301,10.258301
2026-12-09 04:00:00,616.09,627.99347,11.903442,11.903442
2026-12-09 05:00:00,588.06,646.1564,58.096375,58.096375
2026-12-09 06:00:00,685.79,676.75415,-9.035828,9.035828
2026-12-09 07:00:00,683.15,695.56226,12.412231,12.412231
2026-12-09 08:00:00,710.9,694.3065,-16.593506,16.593506
2026-12-09 09:00:00,653.63,674.6647,21.034668,21.034668
2026-12-09 10:00:00,614.45,625.4535,11.003479,11.003479
2026-12-09 11:00:00,569.58,576.8811,7.3010864,7.3010864
2026-12-09 12:00:00,503.52002,547.42804,43.90802,43.90802
2026-12-09 13:00:00,555.23,534.97485,-20.255127,20.255127
2026-12-09 14:00:00,543.73,551.8356,8.105591,8.105591
2026-12-09 15:00:00,559.62,591.3086,31.688599,31.688599
2026-12-09 16:00:00,589.21,662.45953,73.24951,73.24951
2026-12-09 17:00:00,657.77,730.65466,72.88464,72.88464
2026-12-09 18:00:00,657.24,773.0921,115.85211,115.85211
2026-12-09 19:00:00,748.22003,779.6451,31.425049,31.425049
2026-12-09 20:00:00,720.49,764.6546,44.16461,44.16461
2026-12-09 21:00:00,701.9,729.2176,27.317566,27.317566
2026-12-09 22:00:00,630.3,689.76373,59.463745,59.463745
2026-12-09 23:00:00,620.26,647.1989,26.938904,26.938904
2026-12-10 00:00:00,615.23,618.43353,3.2035522,3.2035522
2026-12-10 01:00:00,618.60004,618.9159,0.31585693,0.31585693
2026-12-10 02:00:00,613.82,624.7858,10.96582,10.96582
2026-12-10 03:00:00,600.55,629.3932,28.8432,28.8432
2026-12-10 04:00:00,618.18,631.79706,13.617065,13.617065
2026-12-10 05:00:00,627.10004,652.0889,24.988892,24.988892
2026-12-10 06:00:00,635.35004,683.72125,48.371216,48.371216
2026-12-10 07:00:00,672.71,702.7702,30.06018,30.06018
2026-12-10 08:00:00,671.22003,702.697,31.47699,31.47699
2026-12-10 09:00:00,633.46,679.6574,46.197388,46.197388
2026-12-10 10:00:00,584.3,626.5476,42.24762,42.24762
2026-12-10 11:00:00,575.26,578.6219,3.3618774,3.3618774
2026-12-10 12:00:00,548.38,550.8021,2.4221191,2.4221191
2026-12-10 13:00:00,515.92004,541.3388,25.418762,25.418762
2026-12-10 14:00:00,585.75,556.45746,-29.292542,29.292542
2026-12-10 15:00:00,559.5,599.6033,40.10327,40.10327
2026-12-10 16:00:00,587.78,670.1182,82.338196,82.338196
2026-12-10 17:00:00,633.47003,737.273,103.80298,103.80298
2026-12-10 18:00:00,726.53,775.94727,49.417236,49.417236
2026-12-10 19:00:00,736.2,784.6749,48.474915,48.474915
2026-12-10 20:00:00,721.53,768.46326,46.933228,46.933228
2026-12-10 21:00:00,719.03,734.9265,15.896484,15.896484
2026-12-10 22:00:00,630.9,696.9109,66.010864,66.010864
2026-12-10 23:00:00,629.46,654.15356,24.693542,24.693542
2026-12-11 00:00:00,625.63,620.76135,-4.8686523,4.8686523
2026-12-11 01:00:00,597.08,616.14954,19.069519,19.069519
2026-12-11 02:00:00,621.11,619.8076,-1.3023682,1.3023682
2026-12-11 03:00:00,633.48,626.5725,-6.9074707,6.9074707
2026-12-11 04:00:00,636.0,630.7551,-5.244873,5.244873
2026-12-11 05:00:00,667.87,646.12805,-21.741943,21.741943
2026-12-11 06:00:00,699.75,681.2155,-18.534485,18.534485
2026-12-11 07:00:00,691.99,707.8319,15.841919,15.841919
2026-12-11 08:00:00,648.60004,713.67596,65.07593,65.07593
2026-12-11 09:00:00,718.86,690.96356,-27.896423,27.896423
2026-12-11 10:00:00,567.44,636.2386,68.798584,68.798584
2026-12-11 11:00:00,539.29004,580.3363,41.046265,41.046265
2026-12-11 12:00:00,561.86,546.1455,-15.714478,15.714478
2026-12-11 13:00:00,541.65,539.7922,-1.8578491,1.8578491
2026-12-11 14:00:00,552.51,558.9419,6.431885,6.431885
2026-12-11 15:00:00,583.31,603.2222,19.912231,19.912231
2026-12-11 16:00:00,612.4,669.5148,57.114746,57.114746
2026-12-11 17:00:00,638.69,730.9474,92.257385,92.257385
2026-12-11 18:00:00,728.49,769.94965,41.459656,41.459656
2026-12-11 19:00:00,733.97,778.73694,44.766968,44.766968
2026-12-11 20:00:00,729.48,764.16394,34.68396,34.68396
2026-12-11 21:00:00,687.44,734.81464,47.374634,47.374634
2026-12-11 22:00:00,626.33,695.57196,69.24194,69.24194
2026-12-11 23:00:00,645.25,640.44867,-4.8013306,4.8013306
2026-12-12 00:00:00,465.67,511.45575,45.785736,45.785736
2026-12-12 01:00:00,509.57,511.57355,2.00354,2.00354
2026-12-12 02:00:00,557.12,532.8864,-24.233582,24.233582
2026-12-12 03:00:00,494.18002,542.48846,48.30844,48.30844
2026-12-12 04:00:00,491.47003,547.9774,56.507385,56.507385
2026-12-12 05:00:00,531.47003,559.1791,27.709045,27.709045
2026-12-12 06:00:00,551.09,577.738,26.64795,26.64795
2026-12-12 07:00:00,560.34,599.0446,38.70459,38.70459
2026-12-12 08:00:00,551.04004,599.29645,48.25641,48.25641
2026-12-12 09:00:00,503.44,571.397,67.95697,67.95697
2026-12-12 10:00:00,451.92,525.8082,73.888214,73.888214
2026-12-12 11:00:00,411.86002,482.34906,70.489044,70.489044
2026-12-12 12:00:00,443.60004,454.97876,11.378723,11.378723
2026-12-12 13:00:00,444.42,441.65222,-2.7677917,2.7677917
2026-12-12 14:00:00,445.74002,452.80322,7.063202,7.063202
2026-12-12 15:00:00,467.57,487.03473,19.464722,19.464722
2026-12-12 16:00:00,490.18,543.78235,53.602356,53.602356
2026-12-12 17:00:00,565.55,605.2241,39.674133,39.674133
2026-12-12 18:00:00,550.97003,657.24554,106.27551,106.27551
2026-12-12 19:00:00,606.79004,673.18164,66.3916,66.3916
2026-12-12 20:00:00,565.5,657.17914,91.67914,91.67914
2026-12-12 21:00:00,574.56,626.806,52.246033,52.246033
2026-12-12 22:00:00,536.89,590.88257,53.992554,53.992554
2026-12-12 23:00:00,562.27,553.4806,-8.789429,8.789429
2026-12-13 00:00:00,526.31,562.24414,35.934143,35.934143
2026-12-13 01:00:00,507.34,558.7002,51.3602,51.3602
2026-12-13 02:00:00,486.79,549.04846,62.258453,62.258453
2026-12-13 03:00:00,471.99,543.20764,71.21765,71.21765
2026-12-13 04:00:00,558.59,543.23486,-15.355164,15.355164
2026-12-13 05:00:00,522.94,549.78674,26.84674,26.84674
2026-12-13 06:00:00,561.47003,557.21173,-4.258301,4.258301
2026-12-13 07:00:00,539.41003,569.72626,30.316223,30.316223
2026-12-13 08:00:00,599.28,567.8722,-31.407837,31.407837
2026-12-13 09:00:00,517.2,557.19025,39.990234,39.990234
2026-12-13 10:00:00,463.33002,520.82166,57.49164,57.49164
2026-12-13 11:00:00,452.69,476.89807,24.208069,24.208069
2026-12-13 12:00:00,462.99002,450.5431,-12.44693,12.44693
2026-12-13 13:00:00,413.38,437.70377,24.323761,24.323761
2026-12-13 14:00:00,435.81,450.34576,14.535767,14.535767
2026-12-13 15:00:00,475.75,486.84723,11.097229,11.097229
2026-12-13 16:00:00,510.1,551.2395,41.139496,41.139496
2026-12-13 17:00:00,531.2,612.4926,81.2926,81.2926
2026-12-13 18:00:00,632.72003,650.03406,17.314026,17.314026
2026-12-13 19:00:00,618.92,663.7646,44.844604,44.844604
2026-12-13 20:00:00,578.45,648.45374,70.00372,70.00372
2026-12-13 21:00:00,608.0,617.83356,9.833557,9.833557
2026-12-13 22:00:00,552.04004,564.5718,12.531738,12.531738
2026-12-13 23:00:00,521.0,579.0381,58.038086,58.038086
2026-12-14 00:00:00,648.19,634.201,-13.989014,13.989014
2026-12-14 01:00:00,642.51,650.7082,8.198181,8.198181
2026-12-14 02:00:00,582.89,633.08154,50.19153,50.19153
2026-12-14 03:00:00,612.49,630.6892,18.199219,18.199219
2026-12-14 04:00:00,585.05,635.49347,50.44348,50.44348
2026-12-14 05:00:00,637.69,651.81824,14.128235,14.128235
2026-12-14 06:00:00,675.05,678.7486,3.6986084,3.6986084
2026-12-14 07:00:00,651.93,695.513,43.583008,43.583008
2026-12-14 08:00:00,690.71,699.13916,8.429138,8.429138
2026-12-14 09:00:00,617.93,679.82654,61.896545,61.896545
2026-12-14 10:00:00,611.74,632.73895,20.998962,20.998962
2026-12-14 11:00:00,604.13,582.7684,-21.361633,21.361633
2026-12-14 12:00:00,556.73,552.78033,-3.949646,3.949646
2026-12-14 13:00:00,524.88,541.07886,16.198853,16.198853
2026-12-14 14:00:00,569.33,556.074,-13.2560425,13.2560425
2026-12-14 15:00:00,571.81,593.7086,21.89862,21.89862
2026-12-14 16:00:00,575.41003,664.0483,88.638245,88.638245
2026-12-14 17:00:00,636.08,730.0022,93.92218,93.92218
2026-12-14 18:00:00,714.5,772.5174,58.017395,58.017395
2026-12-14 19:00:00,767.54,780.1199,12.579895,12.579895
2026-12-14 20:00:00,705.84,762.0406,56.20056,56.20056
2026-12-14 21:00:00,696.36,727.33936,30.97937,30.97937
2026-12-14 22:00:00,635.68,689.0698,53.38983,53.38983
2026-12-14 23:00:00,639.51,649.36,9.849976,9.849976
2026-12-15 00:00:00,572.32,623.71027,51.39026,51.39026
2026-12-15 01:00:00,634.74,620.1415,-14.598511,14.598511
2026-12-15 02:00:00,637.5,625.15607,-12.343933,12.343933
2026-12-15 03:00:00,604.53,629.6054,25.075378,25.075378
2026-12-15 04:00:00,651.52,633.32635,-18.193665,18.193665
2026-12-15 05:00:00,571.68,656.4834,84.803406,84.803406
2026-12-15 06:00:00,648.60004,682.7534,34.15338,34.15338
2026-12-15 07:00:00,697.38,700.919,3.5390015,3.5390015
2026-12-15 08:00:00,663.33,697.09973,33.769714,33.769714
2026-12-15 09:00:00,581.44,668.01025,86.57025,86.57025
2026-12-15 10:00:00,581.66003,613.0664,31.406372,31.406372
2026-12-15 11:00:00,528.01,569.53284,41.522827,41.522827
2026-12-15 12:00:00,569.2,541.4012,-27.798828,27.798828
2026-12-15 13:00:00,489.45,536.4586,47.008606,47.008606
2026-12-15 14:00:00,546.93,556.26074,9.3307495,9.3307495
2026-12-15 15:00:00,500.66003,598.47437,97.81433,97.81433
2026-12-15 16:00:00,602.08,658.27545,56.195435,56.195435
2026-12-15 17:00:00,629.25,726.65027,97.40027,97.40027
2026-12-15 18:00:00,705.6,773.2041,67.604126,67.604126
2026-12-15 19:00:00,699.95,786.287,86.336975,86.336975
2026-12-15 20:00:00,700.39,760.65076,60.260742,60.260742
2026-12-15 21:00:00,686.54004,726.80414,40.2641,40.2641
2026-12-15 22:00:00,666.39,687.445,21.054993,21.054993
2026-12-15 23:00:00,622.46,649.4835,27.023499,27.023499
2026-12-16 00:00:00,609.05,622.77344,13.72345,13.72345
2026-12-16 01:00:00,629.41003,620.0397,-9.370361,9.370361
2026-12-16 02:00:00,584.94,623.46466,38.52466,38.52466
2026-12-16 03:00:00,625.9,628.4179,2.5178833,2.5178833
2026-12-16 04:00:00,612.68,631.0153,18.335327,18.335327
2026-12-16 05:00:00,683.82,648.3263,-35.493713,35.493713
2026-12-16 06:00:00,641.91003,678.5683,36.658264,36.658264
2026-12-16 07:00:00,639.05,697.7769,58.72693,58.72693
2026-12-16 08:00:00,660.33,697.69763,37.367615,37.367615
2026-12-16 09:00:00,618.81,672.9457,54.13568,54.13568
2026-12-16 10:00:00,614.11,618.8075,4.69751,4.69751
2026-12-16 11:00:00,544.62,576.5362,31.916199,31.916199
2026-12-16 12:00:00,543.68,549.6215,5.9415283,5.9415283
2026-12-16 13:00:00,563.45,541.0183,-22.431702,22.431702
2026-12-16 14:00:00,584.79004,560.03894,-24.751099,24.751099
2026-12-16 15:00:00,583.04004,600.9378,17.897766,17.897766
2026-12-16 16:00:00,596.13,674.3308,78.200806,78.200806
2026-12-16 17:00:00,651.09,739.1852,88.09515,88.09515
2026-12-16 18:00:00,701.73,776.59735,74.86737,74.86737
2026-12-16 19:00:00,692.16003,785.3714,93.211365,93.211365
2026-12-16 20:00:00,748.35,766.15204,17.802063,17.802063
2026-12-16 21:00:00,700.21,743.5568,43.3468,43.3468
2026-12-16 22:00:00,643.01,707.53827,64.52826,64.52826
2026-12-16 23:00:00,600.43,667.49054,67.06055,67.06055
2026-12-17 00:00:00,577.1,631.5507,54.450745,54.450745
2026-12-17 01:00:00,615.98,623.3473,7.3673096,7.3673096
2026-12-17 02:00:00,640.36,625.7949,-14.565063,14.565063
2026-12-17 03:00:00,565.86,630.5504,64.69043,64.69043
2026-12-17 04:00:00,618.34,630.46045,12.120422,12.120422
2026-12-17 05:00:00,601.63,646.6986,45.068604,45.068604
2026-12-17 06:00:00,637.57,675.1157,37.545715,37.545715
2026-12-17 07:00:00,669.47003,695.0966,25.626587,25.626587
2026-12-17 08:00:00,705.61,695.39124,-10.21875,10.21875
2026-12-17 09:00:00,632.83,672.76105,39.93103,39.93103
2026-12-17 10:00:00,622.18,617.4552,-4.7247925,4.7247925
2026-12-17 11:00:00,540.86,572.7383,31.878296,31.878296
2026-12-17 12:00:00,547.03,541.60114,-5.428894,5.428894
2026-12-17 13:00:00,530.32,534.19025,3.8702393,3.8702393
2026-12-17 14:00:00,593.43,550.5149,-42.9151,42.9151
2026-12-17 15:00:00,575.15,592.0354,16.885376,16.885376
2026-12-17 16:00:00,620.96,659.1409,38.18091,38.18091
2026-12-17 17:00:00,667.32,726.37573,59.055725,59.055725
2026-12-17 18:00:00,699.05,772.5338,73.483826,73.483826
2026-12-17 19:00:00,694.49,783.6523,89.16229,89.16229
2026-12-17 20:00:00,707.22,766.4873,59.267334,59.267334
2026-12-17 21:00:00,696.74,732.62115,35.881165,35.881165
2026-12-17 22:00:00,642.25,695.6969,53.4469,53.4469
2026-12-17 23:00:00,628.45,650.8273,22.377258,22.377258
2026-12-18 00:00:00,598.54004,614.00037,15.460327,15.460327
2026-12-18 01:00:00,602.03,608.06885,6.0388184,6.0388184
2026-12-18 02:00:00,584.88,616.5199,31.639893,31.639893
2026-12-18 03:00:00,628.16003,623.4254,-4.734619,4.734619
2026-12-18 04:00:00,631.64,629.7085,-1.9315186,1.9315186
2026-12-18 05:00:00,669.91003,647.8285,-22.081543,22.081543
2026-12-18 06:00:00,641.44,680.6415,39.201477,39.201477
2026-12-18 07:00:00,730.23,701.4478,-28.782166,28.782166
2026-12-18 08:00:00,661.52,702.418,40.89801,40.89801
2026-12-18 09:00:00,586.95,678.3849,91.434875,91.434875
2026-12-18 10:00:00,612.72003,624.7162,11.996155,11.996155
2026-12-18 11:00:00,579.62,575.02856,-4.5914307,4.5914307
2026-12-18 12:00:00,512.78,547.18835,34.408325,34.408325
2026-12-18 13:00:00,501.30002,537.99524,36.69522,36.69522
2026-12-18 14:00:00,484.43,555.2525,70.82251,70.82251
2026-12-18 15:00:00,533.68,595.65607,61.976074,61.976074
2026-12-18 16:00:00,592.2,657.98395,65.783936,65.783936
2026-12-18 17:00:00,679.08,725.37006,46.29004,46.29004
2026-12-18 18:00:00,715.57,770.7098,55.13977,55.13977
2026-12-18 19:00:00,732.83,782.6604,49.830383,49.830383
2026-12-18 20:00:00,699.28,767.1163,67.83624,67.83624
2026-12-18 21:00:00,679.1,731.8081,52.70813,52.70813
2026-12-18 22:00:00,661.24,694.69763,33.45764,33.45764
2026-12-18 23:00:00,638.22003,642.7826,4.562561,4.562561
2026-12-19 00:00:00,493.10004,521.90967,28.809631,28.809631
2026-12-19 01:00:00,518.60004,521.83923,3.2391968,3.2391968
2026-12-19 02:00:00,467.10004,537.954,70.85394,70.85394
2026-12-19 03:00:00,480.04,543.7553,63.7153,63.7153
2026-12-19 04:00:00,530.11,547.28455,17.17456,17.17456
2026-12-19 05:00:00,513.05,557.34546,44.29547,44.29547
2026-12-19 06:00:00,550.48,574.2687,23.788696,23.788696
2026-12-19 07:00:00,564.58,593.9104,29.330383,29.330383
2026-12-19 08:00:00,572.38,598.8441,26.464111,26.464111
2026-12-19 09:00:00,521.05005,577.36707,56.317017,56.317017
2026-12-19 10:00:00,523.79004,532.83734,9.047302,9.047302
2026-12-19 11:00:00,438.16003,487.08948,48.929443,48.929443
2026-12-19 12:00:00,444.12,455.65448,11.534485,11.534485
2026-12-19 13:00:00,375.12003,444.02484,68.904816,68.904816
2026-12-19 14:00:00,410.16,453.8188,43.658783,43.658783
2026-12-19 15:00:00,438.92,486.08087,47.16086,47.16086
2026-12-19 16:00:00,492.38,541.1934,48.813416,48.813416
2026-12-19 17:00:00,506.63,603.8211,97.1911,97.1911
2026-12-19 18:00:00,600.74,651.37427,50.634277,50.634277
2026-12-19 19:00:00,577.57,674.21655,96.646545,96.646545
2026-12-19 20:00:00,577.62,658.8527,81.23273,81.23273
2026-12-19 21:00:00,535.7,627.13995,91.43994,91.43994
2026-12-19 22:00:00,535.96,592.0083,56.04828,56.04828
2026-12-19 23:00:00,493.66003,561.04407,67.38403,67.38403
2026-12-20 00:00:00,496.81,566.60504,69.795044,69.795044
2026-12-20 01:00:00,461.75,557.5228,95.77283,95.77283
2026-12-20 02:00:00,460.13,545.6046,85.47461,85.47461
2026-12-20 03:00:00,489.75,543.0635,53.313477,53.313477
2026-12-20 04:00:00,542.62,545.0479,2.4279175,2.4279175
2026-12-20 05:00:00,496.92,550.3165,53.396515,53.396515
2026-12-20 06:00:00,553.08,558.7705,5.6904907,5.6904907
2026-12-20 07:00:00,564.31,569.2584,4.9484253,4.9484253
2026-12-20 08:00:00,576.94,567.00476,-9.935242,9.935242
2026-12-20 09:00:00,501.90002,555.41174,53.51172,53.51172
2026-12-20 10:00:00,486.03003,517.85864,31.828613,31.828613
2026-12-20 11:00:00,470.80002,477.3587,6.5586853,6.5586853
2026-12-20 12:00:00,447.99002,452.50586,4.5158386,4.5158386
2026-12-20 13:00:00,416.57,437.65656,21.086548,21.086548
2026-12-20 14:00:00,443.95,448.77014,4.8201294,4.8201294
2026-12-20 15:00:00,448.49002,484.7918,36.30179,36.30179
2026-12-20 16:00:00,513.27,542.74915,29.479126,29.479126
2026-12-20 17:00:00,500.24002,607.38885,107.148834,107.148834
2026-12-20 18:00:00,627.55,646.51215,18.962158,18.962158
2026-12-20 19:00:00,592.68,661.44556,68.765564,68.765564
2026-12-20 20:00:00,598.57,648.6865,50.116516,50.116516
2026-12-20 21:00:00,592.93,620.1526,27.222595,27.222595
2026-12-20 22:00:00,556.18,570.57495,14.3949585,14.3949585
2026-12-20 23:00:00,484.5,573.2222,88.72223,88.72223
2026-12-21 00:00:00,605.68,631.4892,25.809204,25.809204
2026-12-21 01:00:00,631.31,647.46466,16.154663,16.154663
2026-12-21 02:00:00,618.21,631.25995,13.049927,13.049927
2026-12-21 03:00:00,579.91003,630.2022,50.292175,50.292175
2026-12-21 04:00:00,610.8,636.0917,25.291687,25.291687
2026-12-21 05:00:00,647.01,651.1186,4.1085815,4.1085815
2026-12-21 06:00:00,655.76,677.57904,21.81903,21.81903
2026-12-21 07:00:00,669.12,694.9058,25.785828,25.785828
2026-12-21 08:00:00,676.53,695.31934,18.789307,18.789307
2026-12-21 09:00:00,683.72003,676.62286,-7.097168,7.097168
2026-12-21 10:00:00,600.79004,638.2345,37.444458,37.444458
2026-12-21 11:00:00,521.52,589.944,68.42395,68.42395
2026-12-21 12:00:00,506.35,554.163,47.81302,47.81302
2026-12-21 13:00:00,550.87,540.57245,-10.297546,10.297546
2026-12-21 14:00:00,545.33,555.75494,10.424927,10.424927
2026-12-21 15:00:00,565.09,593.04254,27.952515,27.952515
2026-12-21 16:00:00,624.05,655.01935,30.96936,30.96936
2026-12-21 17:00:00,692.19,727.202,35.012024,35.012024
2026-12-21 18:00:00,731.09,769.547,38.45697,38.45697
2026-12-21 19:00:00,722.72003,783.46564,60.745605,60.745605
2026-12-21 20:00:00,710.04004,769.4711,59.43109,59.43109
2026-12-21 21:00:00,691.07,735.6794,44.609375,44.609375
2026-12-21 22:00:00,600.59,697.13214,96.542114,96.542114
2026-12-21 23:00:00,667.35004,656.4752,-10.874817,10.874817
2026-12-22 00:00:00,593.18,626.1526,32.972595,32.972595
2026-12-22 01:00:00,583.22003,621.628,38.40796,38.40796
2026-12-22 02:00:00,613.95,626.5685,12.618469,12.618469
2026-12-22 03:00:00,595.42,629.57355,34.153564,34.153564
2026-12-22 04:00:00,661.09,631.79724,-29.292786,29.292786
2026-12-22 05:00:00,640.04004,654.3115,14.271484,14.271484
2026-12-22 06:00:00,656.31,684.02966,27.719666,27.719666
2026-12-22 07:00:00,703.36,702.1316,-1.2283936,1.2283936
2026-12-22 08:00:00,633.35004,702.0039,68.65387,68.65387
2026-12-22 09:00:00,634.99,671.73517,36.74518,36.74518
2026-12-22 10:00:00,604.10004,617.5205,13.420471,13.420471
2026-12-22 11:00:00,550.22003,575.0609,24.840881,24.840881
2026-12-22 12:00:00,501.28003,546.15967,44.87964,44.87964
2026-12-22 13:00:00,525.99,538.98157,12.991577,12.991577
2026-12-22 14:00:00,517.92004,559.8847,41.96466,41.96466
2026-12-22 15:00:00,562.67004,603.3405,40.67047,40.67047
2026-12-22 16:00:00,621.91003,674.2911,52.381042,52.381042
2026-12-22 17:00:00,693.12,739.8832,46.763184,46.763184
2026-12-22 18:00:00,722.98,779.24994,56.26996,56.26996
2026-12-22 19:00:00,716.95,784.79895,67.84894,67.84894
2026-12-22 20:00:00,702.59,762.7466,60.156555,60.156555
2026-12-22 21:00:00,698.9,731.30334,32.40332,32.40332
2026-12-22 22:00:00,641.15,694.60736,53.457336,53.457336
2026-12-22 23:00:00,621.82,655.1538,33.3338,33.3338
2026-12-23 00:00:00,627.21,624.28613,-2.9238892,2.9238892
2026-12-23 01:00:00,621.83,622.664,0.8339844,0.8339844
2026-12-23 02:00:00,582.95,625.8951,42.94507,42.94507
2026-12-23 03:00:00,599.86,629.92773,30.067749,30.067749
2026-12-23 04:00:00,656.96,631.4915,-25.468506,25.468506
2026-12-23 05:00:00,644.77,649.1301,4.3601074,4.3601074
2026-12-23 06:00:00,692.93,678.4069,-14.523071,14.523071
2026-12-23 07:00:00,630.37,699.72345,69.353455,69.353455
2026-12-23 08:00:00,659.48,699.14636,39.66638,39.66638
2026-12-23 09:00:00,641.23,672.96576,31.735779,31.735779
2026-12-23 10:00:00,609.43,618.3514,8.921387,8.921387
2026-12-23 11:00:00,587.29004,573.58673,-13.703308,13.703308
2026-12-23 12:00:00,519.89,546.38086,26.490845,26.490845
2026-12-23 13:00:00,528.88,539.4954,10.6154175,10.6154175
2026-12-23 14:00:00,541.54004,558.4447,16.904663,16.904663
2026-12-23 15:00:00,588.2,600.9956,12.795593,12.795593
2026-12-23 16:00:00,567.32,671.2632,103.94318,103.94318
2026-12-23 17:00:00,604.48,737.61523,133.13525,133.13525
2026-12-23 18:00:00,705.28,774.76843,69.4884,69.4884
2026-12-23 19:00:00,726.19,782.56274,56.37274,56.37274
2026-12-23 20:00:00,719.02,764.99536,45.97534,45.97534
2026-12-23 21:00:00,670.9,733.32385,62.42383,62.42383
2026-12-23 22:00:00,668.53,693.52844,24.998413,24.998413
2026-12-23 23:00:00,636.74,651.5184,14.778381,14.778381
2026-12-24 00:00:00,599.21,622.3035,23.093506,23.093506
2026-12-24 01:00:00,604.63,618.1133,13.483276,13.483276
2026-12-24 02:00:00,570.35004,621.62744,51.277405,51.277405
2026-12-24 03:00:00,665.3,625.69086,-39.60913,39.60913
2026-12-24 04:00:00,613.75,629.97064,16.220642,16.220642
2026-12-24 05:00:00,650.9,648.18994,-2.710083,2.710083
2026-12-24 06:00:00,656.95,679.32904,22.379028,22.379028
2026-12-24 07:00:00,684.64,697.1942,12.554199,12.554199
2026-12-24 08:00:00,675.04004,698.2971,23.25708,23.25708
2026-12-24 09:00:00,602.88,679.36066,76.48065,76.48065
2026-12-24 10:00:00,607.12,630.5672,23.447205,23.447205
2026-12-24 11:00:00,551.36,580.33856,28.978577,28.978577
2026-12-24 12:00:00,571.42,548.1283,-23.291687,23.291687
2026-12-24 13:00:00,536.9,538.87335,1.9733276,1.9733276
2026-12-24 14:00:00,542.11,553.8148,11.704834,11.704834
2026-12-24 15:00:00,598.64,592.56824,-6.0717773,6.0717773
2026-12-24 16:00:00,632.12,659.6397,27.519714,27.519714
2026-12-24 17:00:00,637.82,728.3921,90.57208,90.57208
2026-12-24 18:00:00,698.09,775.085,76.994995,76.994995
2026-12-24 19:00:00,692.75,783.808,91.05798,91.05798
2026-12-24 20:00:00,710.18,763.72284,53.542847,53.542847
2026-12-24 21:00:00,689.29,730.3661,41.07611,41.07611
2026-12-24 22:00:00,630.94,690.365,59.424988,59.424988
2026-12-24 23:00:00,622.12,647.6998,25.579834,25.579834
2026-12-25 00:00:00,546.44,611.66095,65.22095,65.22095
2026-12-25 01:00:00,509.38,543.42334,34.043335,34.043335
2026-12-25 02:00:00,507.1,524.91925,17.819244,17.819244
2026-12-25 03:00:00,513.82,525.7894,11.969421,11.969421
2026-12-25 04:00:00,529.99,535.5848,5.5947876,5.5947876
2026-12-25 05:00:00,489.38,550.93494,61.55493,61.55493
2026-12-25 06:00:00,565.03,571.2377,6.2076416,6.2076416
2026-12-25 07:00:00,567.24,593.3002,26.06018,26.06018
2026-12-25 08:00:00,580.12,591.2551,11.135132,11.135132
2026-12-25 09:00:00,529.37,571.9849,42.61493,42.61493
2026-12-25 10:00:00,536.4,540.62744,4.227417,4.227417
2026-12-25 11:00:00,466.67,490.71585,24.045837,24.045837
2026-12-25 12:00:00,476.42,446.57785,-29.842163,29.842163
2026-12-25 13:00:00,406.40002,431.5387,25.138672,25.138672
2026-12-25 14:00:00,458.12,456.27896,-1.8410339,1.8410339
2026-12-25 15:00:00,506.92,513.336,6.415985,6.415985
2026-12-25 16:00:00,464.63,586.32587,121.69586,121.69586
2026-12-25 17:00:00,600.63,633.48865,32.858643,32.858643
2026-12-25 18:00:00,638.19,665.2014,27.011414,27.011414
2026-12-25 19:00:00,624.56,674.8367,50.276672,50.276672
2026-12-25 20:00:00,615.06,657.20215,42.14215,42.14215
2026-12-25 21:00:00,606.19,627.8638,21.673767,21.673767
2026-12-25 22:00:00,583.52,588.4199,4.8999023,4.8999023
2026-12-25 23:00:00,496.41003,552.609,56.198975,56.198975
2026-12-26 00:00:00,515.34,557.394,42.053955,42.053955
2026-12-26 01:00:00,466.76,548.16766,81.40765,81.40765
2026-12-26 02:00:00,505.32,540.3352,35.015198,35.015198
2026-12-26 03:00:00,463.09003,542.42914,79.33911,79.33911
2026-12-26 04:00:00,482.67,546.38,63.70999,63.70999
2026-12-26 05:00:00,578.22003,555.81976,-22.400269,22.400269
2026-12-26 06:00:00,567.39,573.6557,6.265686,6.265686
2026-12-26 07:00:00,522.27,595.25745,72.98743,72.98743
2026-12-26 08:00:00,538.19,592.0199,53.829895,53.829895
2026-12-26 09:00:00,512.0,575.1641,63.164124,63.164124
2026-12-26 10:00:00,475.48,538.00696,62.526947,62.526947
2026-12-26 11:00:00,446.30002,490.61993,44.319916,44.319916
2026-12-26 12:00:00,389.58002,459.28247,69.70245,69.70245
2026-12-26 13:00:00,395.93002,440.19034,44.260315,44.260315
2026-12-26 14:00:00,435.29004,446.9493,11.659271,11.659271
2026-12-26 15:00:00,437.91003,476.7603,38.85028,38.85028
2026-12-26 16:00:00,543.17004,531.31915,-11.850891,11.850891
2026-12-26 17:00:00,525.58,599.39307,73.81305,73.81305
2026-12-26 18:00:00,594.64,640.3606,45.72058,45.72058
2026-12-26 19:00:00,623.56,656.3736,32.8136,32.8136
2026-12-26 20:00:00,590.5,643.9128,53.41278,53.41278
2026-12-26 21:00:00,558.35004,618.9924,60.642334,60.642334
2026-12-26 22:00:00,557.59,578.6196,21.029602,21.029602
2026-12-26 23:00:00,499.95,571.2329,71.2829,71.2829
2026-12-27 00:00:00,513.31,616.9087,103.598694,103.598694
2026-12-27 01:00:00,494.35004,591.16626,96.81622,96.81622
2026-12-27 02:00:00,517.42004,563.29663,45.876587,45.876587
2026-12-27 03:00:00,470.84003,554.2273,83.38727,83.38727
2026-12-27 04:00:00,507.69,544.37976,36.68976,36.68976
2026-12-27 05:00:00,511.16,549.94586,38.78586,38.78586
2026-12-27 06:00:00,588.05,557.95166,-30.098328,30.098328
2026-12-27 07:00:00,574.36,570.2636,-4.0963745,4.0963745
2026-12-27 08:00:00,543.65,572.0851,28.435059,28.435059
2026-12-27 09:00:00,507.86002,556.1263,48.266266,48.266266
2026-12-27 10:00:00,456.05002,522.73883,66.68881,66.68881
2026-12-27 11:00:00,428.23,479.06787,50.83786,50.83786
2026-12-27 12:00:00,438.22003,451.32385,13.103821,13.103821
2026-12-27 13:00:00,487.13,437.95782,-49.17218,49.17218
2026-12-27 14:00:00,437.07,450.74658,13.676575,13.676575
2026-12-27 15:00:00,401.25,485.81372,84.56372,84.56372
2026-12-27 16:00:00,524.4,542.14075,17.740723,17.740723
2026-12-27 17:00:00,560.14,612.7902,52.650208,52.650208
2026-12-27 18:00:00,579.81,648.18976,68.37976,68.37976
2026-12-27 19:00:00,625.41003,657.5014,32.09137,32.09137
2026-12-27 20:00:00,610.82,641.44507,30.625061,30.625061
2026-12-27 21:00:00,584.13,612.3027,28.172668,28.172668
2026-12-27 22:00:00,507.29,563.7657,56.475677,56.475677
2026-12-27 23:00:00,526.36,587.3667,61.006714,61.006714
2026-12-28 00:00:00,569.22003,636.5219,67.30188,67.30188
2026-12-28 01:00:00,579.76,645.7303,65.970276,65.970276
2026-12-28 02:00:00,608.8,627.7694,18.969421,18.969421
2026-12-28 03:00:00,595.23,627.9296,32.699646,32.699646
2026-12-28 04:00:00,609.92,634.4997,24.579712,24.579712
2026-12-28 05:00:00,641.15,651.9362,10.786194,10.786194
2026-12-28 06:00:00,658.07,681.3322,23.262207,23.262207
2026-12-28 07:00:00,642.66003,699.9235,57.26349,57.26349
2026-12-28 08:00:00,669.43,697.4723,28.042297,28.042297
2026-12-28 09:00:00,642.65,674.42957,31.779541,31.779541
2026-12-28 10:00:00,595.93,627.301,31.371033,31.371033
2026-12-28 11:00:00,605.54004,581.639,-23.901062,23.901062
2026-12-28 12:00:00,536.96,554.0973,17.137268,17.137268
2026-12-28 13:00:00,586.57,541.6345,-44.935486,44.935486
2026-12-28 14:00:00,493.98,558.13654,64.156525,64.156525
2026-12-28 15:00:00,581.66003,595.0223,13.362244,13.362244
2026-12-28 16:00:00,605.38,661.1828,55.802795,55.802795
2026-12-28 17:00:00,639.60004,727.9929,88.39288,88.39288
2026-12-28 18:00:00,748.88,772.371,23.490967,23.490967
2026-12-28 19:00:00,688.04004,783.8922,95.85217,95.85217
2026-12-28 20:00:00,737.43,767.941,30.510986,30.510986
2026-12-28 21:00:00,694.03,735.4687,41.43866,41.43866
2026-12-28 22:00:00,657.59,696.6445,39.054443,39.054443
2026-12-28 23:00:00,614.94,657.3309,42.39087,42.39087
2026-12-29 00:00:00,636.86,626.06445,-10.795532,10.795532
2026-12-29 01:00:00,611.97003,622.1523,10.182251,10.182251
2026-12-29 02:00:00,624.74,625.8132,1.0731812,1.0731812
2026-12-29 03:00:00,571.65,629.581,57.93097,57.93097
2026-12-29 04:00:00,599.73,631.805,32.075012,32.075012
2026-12-29 05:00:00,634.78,651.0287,16.248657,16.248657
2026-12-29 06:00:00,675.93,679.66785,3.737854,3.737854
2026-12-29 07:00:00,625.23,700.0367,74.8067,74.8067
2026-12-29 08:00:00,632.2,696.62585,64.42584,64.42584
2026-12-29 09:00:00,650.91003,668.59753,17.6875,17.6875
2026-12-29 10:00:00,581.7,619.49084,37.790833,37.790833
2026-12-29 11:00:00,552.43,574.3228,21.892822,21.892822
2026-12-29 12:00:00,550.32,545.35486,-4.965149,4.965149
2026-12-29 13:00:00,564.45,538.28973,-26.160278,26.160278
2026-12-29 14:00:00,508.59003,557.5353,48.94525,48.94525
2026-12-29 15:00:00,544.62,597.24243,52.622437,52.622437
2026-12-29 16:00:00,589.57,661.44934,71.87933,71.87933
2026-12-29 17:00:00,677.28,725.0099,47.72986,47.72986
2026-12-29 18:00:00,683.02,771.6414,88.6214,88.6214
2026-12-29 19:00:00,725.85,781.33386,55.483887,55.483887
2026-12-29 20:00:00,685.06,767.2865,82.2265,82.2265
2026-12-29 21:00:00,692.16003,733.8887,41.728638,41.728638
2026-12-29 22:00:00,665.58,695.6325,30.05249,30.05249
2026-12-29 23:00:00,619.24,653.1926,33.952637,33.952637
2026-12-30 00:00:00,589.76,623.2514,33.491394,33.491394
2026-12-30 01:00:00,593.73,620.0059,26.27594,26.27594
2026-12-30 02:00:00,601.68,622.9053,21.22528,21.22528
2026-12-30 03:00:00,631.9,629.0373,-2.862732,2.862732
2026-12-30 04:00:00,617.45,630.88104,13.43103,13.43103
2026-12-30 05:00:00,658.33,645.4894,-12.840637,12.840637
2026-12-30 06:00:00,653.18,676.9098,23.729797,23.729797
2026-12-30 07:00:00,669.82,700.81757,30.997559,30.997559
2026-12-30 08:00:00,718.33,701.46454,-16.865479,16.865479
2026-12-30 09:00:00,634.52,675.2555,40.735474,40.735474
2026-12-30 10:00:00,576.05,619.6429,43.592896,43.592896
2026-12-30 11:00:00,543.43,574.4174,30.987427,30.987427
2026-12-30 12:00:00,552.2,544.6406,-7.559387,7.559387
2026-12-30 13:00:00,539.35004,537.38446,-1.9655762,1.9655762
2026-12-30 14:00:00,541.76,555.5549,13.794861,13.794861
2026-12-30 15:00:00,561.63,596.8283,35.198303,35.198303
2026-12-30 16:00:00,619.11,660.92737,41.817383,41.817383
2026-12-30 17:00:00,686.51,729.1719,42.661865,42.661865
2026-12-30 18:00:00,721.27,777.3255,56.05548,56.05548
2026-12-30 19:00:00,721.21,788.44257,67.232544,67.232544
2026-12-30 20:00:00,697.88,768.301,70.42102,70.42102
2026-12-30 21:00:00,698.82,732.421,33.601013,33.601013
2026-12-30 22:00:00,617.54004,693.8592,76.31915,76.31915
2026-12-30 23:00:00,624.19,652.3439,28.15387,28.15387
2026-12-31 00:00:00,588.75,623.5838,34.8338,34.8338
2026-12-31 01:00:00,589.72003,622.4796,32.759583,32.759583
2026-12-31 02:00:00,623.97003,625.5645,1.5944824,1.5944824
2026-12-31 03:00:00,608.96,629.02765,20.067627,20.067627
2026-12-31 04:00:00,644.13,632.3467,-11.783325,11.783325
2026-12-31 05:00:00,624.63,653.19916,28.569153,28.569153
2026-12-31 06:00:00,673.69,685.17346,11.483459,11.483459
2026-12-31 07:00:00,635.65,705.2407,69.5907,69.5907
2026-12-31 08:00:00,685.18,704.3674,19.187378,19.187378
2026-12-31 09:00:00,609.36,679.4523,70.092285,70.092285
2026-12-31 10:00:00,585.97003,625.03,39.059998,39.059998
2026-12-31 11:00:00,568.72003,576.8745,8.15448,8.15448
2026-12-31 12:00:00,499.69,547.41235,47.72235,47.72235
2026-12-31 13:00:00,551.62,538.8366,-12.783386,12.783386
2026-12-31 14:00:00,537.09,557.08545,19.995422,19.995422
2026-12-31 15:00:00,542.85004,597.10144,54.251404,54.251404
2026-12-31 16:00:00,608.39,663.7513,55.361267,55.361267
2026-12-31 17:00:00,664.63,731.5179,66.88788,66.88788
2026-12-31 18:00:00,755.52,773.4383,17.918274,17.918274
2026-12-31 19:00:00,693.28,786.5556,93.27557,93.27557
2026-12-31 20:00:00,699.02,769.0605,70.04047,70.04047
2026-12-31 21:00:00,706.51,734.76935,28.259338,28.259338
2026-12-31 22:00:00,644.4,694.9228,50.522766,50.522766
2026-12-31 23:00:00,635.14,649.20105,14.061035,14.061035
